Reading,Lux,Anomaly,Smoothed Lux
1,81.67,False,81.67
2,81.67,False,81.67
3,81.67,False,81.67
4,81.67,False,81.67
5,81.67,False,81.67
6,81.67,False,81.67
7,81.67,False,81.67
8,81.67,False,81.67
9,81.67,False,81.67
10,81.67,False,81.67
11,81.67,False,81.67
12,81.67,False,81.67
13,81.67,False,81.67
14,81.67,False,81.67
15,81.67,False,81.67
16,81.67,False,81.67
17,81.67,False,81.67
18,81.67,False,81.67
19,81.67,False,81.67
20,81.67,False,81.67
21,81.67,False,81.67
22,81.67,False,81.67
23,81.67,False,81.67
24,81.67,False,81.67
25,81.67,False,81.67
26,81.67,False,81.67
27,81.67,False,81.67
28,81.67,False,81.67
29,81.67,False,81.67
30,83.33,False,82.002
31,83.33,False,82.334
32,83.33,False,82.66600000000001
33,83.33,False,82.998
34,83.33,False,83.33
35,83.33,False,83.33
36,83.33,False,83.33
37,83.33,False,83.33
38,83.33,False,83.33
39,83.33,False,83.33
40,83.33,False,83.33
41,83.33,False,83.33
42,83.33,False,83.33
43,83.33,False,83.33
44,83.33,False,83.33
45,83.33,False,83.33
46,83.33,False,83.33
47,83.33,False,83.33
48,83.33,False,83.33
49,83.33,False,83.33
50,83.33,False,83.33
51,83.33,False,83.33
52,83.33,False,83.33
53,83.33,False,83.33
54,83.33,False,83.33
55,83.33,False,83.33
56,83.33,False,83.33
57,83.33,False,83.33
58,83.33,False,83.33
59,83.33,False,83.33
60,83.33,False,83.33
61,85.83,False,83.83
62,85.83,False,84.33
63,85.83,False,84.83
64,85.83,False,85.33
65,85.83,False,85.83
66,85.83,False,85.83
67,85.83,False,85.83
68,85.83,False,85.83
69,85.83,False,85.83
70,85.83,False,85.83
71,85.83,False,85.83
72,85.83,False,85.83
73,85.83,False,85.83
74,85.83,False,85.83
75,85.83,False,85.83
76,85.83,False,85.83
77,85.83,False,85.83
78,85.83,False,85.83
79,85.83,False,85.83
80,85.83,False,85.83
81,85.83,False,85.83
82,85.83,False,85.83
83,85.83,False,85.83
84,85.83,False,85.83
85,85.83,False,85.83
86,85.83,False,85.83
87,85.83,False,85.83
88,85.83,False,85.83
89,85.83,False,85.83
90,85.83,False,85.83
91,86.67,False,85.998
92,86.67,False,86.16600000000001
93,86.67,False,86.33399999999999
94,86.67,False,86.502
95,86.67,False,86.67
96,86.67,False,86.67
97,86.67,False,86.67
98,86.67,False,86.67
99,86.67,False,86.67
100,86.67,False,86.67
101,86.67,False,86.67
102,86.67,False,86.67
103,86.67,False,86.67
104,86.67,False,86.67
105,86.67,False,86.67
106,86.67,False,86.67
107,86.67,False,86.67
108,86.67,False,86.67
109,86.67,False,86.67
110,86.67,False,86.67
111,86.67,False,86.67
112,86.67,False,86.67
113,86.67,False,86.67
114,86.67,False,86.67
115,86.67,False,86.67
116,86.67,False,86.67
117,86.67,False,86.67
118,86.67,False,86.67
119,86.67,False,86.67
120,86.67,False,86.67
121,86.67,False,86.67
122,87.5,False,86.836
123,87.5,False,87.002
124,87.5,False,87.16799999999999
125,87.5,False,87.33399999999999
126,87.5,False,87.5
127,87.5,False,87.5
128,87.5,False,87.5
129,87.5,False,87.5
130,87.5,False,87.5
131,87.5,False,87.5
132,87.5,False,87.5
133,87.5,False,87.5
134,87.5,False,87.5
135,87.5,False,87.5
136,87.5,False,87.5
137,87.5,False,87.5
138,87.5,False,87.5
139,87.5,False,87.5
140,87.5,False,87.5
141,87.5,False,87.5
142,87.5,False,87.5
143,87.5,False,87.5
144,87.5,False,87.5
145,87.5,False,87.5
146,87.5,False,87.5
147,87.5,False,87.5
148,87.5,False,87.5
149,87.5,False,87.5
150,87.5,False,87.5
151,87.5,False,87.5
152,88.33,False,87.66600000000001
153,88.33,False,87.83200000000001
154,88.33,False,87.998
155,88.33,False,88.164
156,88.33,False,88.33
157,88.33,False,88.33
158,88.33,False,88.33
159,88.33,False,88.33
160,88.33,False,88.33
161,88.33,False,88.33
162,88.33,False,88.33
163,88.33,False,88.33
164,88.33,False,88.33
165,88.33,False,88.33
166,88.33,False,88.33
167,88.33,False,88.33
168,88.33,False,88.33
169,88.33,False,88.33
170,88.33,False,88.33
171,88.33,False,88.33
172,88.33,False,88.33
173,88.33,False,88.33
174,88.33,False,88.33
175,88.33,False,88.33
176,88.33,False,88.33
177,88.33,False,88.33
178,88.33,False,88.33
179,88.33,False,88.33
180,88.33,False,88.33
181,88.33,False,88.33
182,88.33,False,88.33
183,88.33,False,88.33
184,88.33,False,88.33
185,88.33,False,88.33
186,88.33,False,88.33
187,88.33,False,88.33
188,88.33,False,88.33
189,88.33,False,88.33
190,88.33,False,88.33
191,88.33,False,88.33
192,88.33,False,88.33
193,88.33,False,88.33
194,88.33,False,88.33
195,88.33,False,88.33
196,88.33,False,88.33
197,88.33,False,88.33
198,88.33,False,88.33
199,88.33,False,88.33
200,88.33,False,88.33
201,88.33,False,88.33
202,88.33,False,88.33
203,88.33,False,88.33
204,88.33,False,88.33
205,88.33,False,88.33
206,88.33,False,88.33
207,88.33,False,88.33
208,88.33,False,88.33
209,88.33,False,88.33
210,88.33,False,88.33
211,88.33,False,88.33
212,88.33,False,88.33
213,88.33,False,88.33
214,88.33,False,88.33
215,88.33,False,88.33
216,88.33,False,88.33
217,88.33,False,88.33
218,88.33,False,88.33
219,88.33,False,88.33
220,88.33,False,88.33
221,88.33,False,88.33
222,88.33,False,88.33
223,88.33,False,88.33
224,88.33,False,88.33
225,88.33,False,88.33
226,88.33,False,88.33
227,88.33,False,88.33
228,88.33,False,88.33
229,88.33,False,88.33
230,88.33,False,88.33
231,88.33,False,88.33
232,88.33,False,88.33
233,88.33,False,88.33
234,88.33,False,88.33
235,88.33,False,88.33
236,88.33,False,88.33
237,88.33,False,88.33
238,88.33,False,88.33
239,88.33,False,88.33
240,88.33,False,88.33
241,88.33,False,88.33
242,88.33,False,88.33
243,88.33,False,88.33
244,87.5,False,88.164
245,87.5,False,87.998
246,87.5,False,87.832
247,87.5,False,87.666
248,87.5,False,87.5
249,87.5,False,87.5
250,87.5,False,87.5
251,87.5,False,87.5
252,87.5,False,87.5
253,87.5,False,87.5
254,87.5,False,87.5
255,87.5,False,87.5
256,87.5,False,87.5
257,87.5,False,87.5
258,87.5,False,87.5
259,87.5,False,87.5
260,87.5,False,87.5
261,87.5,False,87.5
262,87.5,False,87.5
263,87.5,False,87.5
264,87.5,False,87.5
265,86.67,False,87.334
266,86.67,False,87.168
267,86.67,False,87.002
268,86.67,False,86.836
269,86.67,False,86.67
270,86.67,False,86.67
271,86.67,False,86.67
272,86.67,False,86.67
273,86.67,False,86.67
274,86.67,False,86.67
275,86.67,False,86.67
276,86.67,False,86.67
277,86.67,False,86.67
278,86.67,False,86.67
279,86.67,False,86.67
280,86.67,False,86.67
281,86.67,False,86.67
282,86.67,False,86.67
283,86.67,False,86.67
284,86.67,False,86.67
285,86.67,False,86.67
286,86.67,False,86.67
287,86.67,False,86.67
288,86.67,False,86.67
289,86.67,False,86.67
290,86.67,False,86.67
291,86.67,False,86.67
292,86.67,False,86.67
293,86.67,False,86.67
294,86.67,False,86.67
295,85.83,False,86.502
296,85.83,False,86.334
297,85.83,False,86.16600000000001
298,85.83,False,85.998
299,85.83,False,85.83
300,85.83,False,85.83
301,85.83,False,85.83
302,85.83,False,85.83
303,85.83,False,85.83
304,85.83,False,85.83
305,85.83,False,85.83
306,85.83,False,85.83
307,85.83,False,85.83
308,85.83,False,85.83
309,85.83,False,85.83
310,85.83,False,85.83
311,85.83,False,85.83
312,85.83,False,85.83
313,85.83,False,85.83
314,85.83,False,85.83
315,85.83,False,85.83
316,85.83,False,85.83
317,85.83,False,85.83
318,85.83,False,85.83
319,85.83,False,85.83
320,85.83,False,85.83
321,85.83,False,85.83
322,85.83,False,85.83
323,85.83,False,85.83
324,85.83,False,85.83
325,85.83,False,85.83
326,85.83,False,85.83
327,85.83,False,85.83
328,85.83,False,85.83
329,85.83,False,85.83
330,85.83,False,85.83
331,85.83,False,85.83
332,85.83,False,85.83
333,85.83,False,85.83
334,85.83,False,85.83
335,85.83,False,85.83
336,85.83,False,85.83
337,85.83,False,85.83
338,85.83,False,85.83
339,85.83,False,85.83
340,85.83,False,85.83
341,85.83,False,85.83
342,85.83,False,85.83
343,85.83,False,85.83
344,85.83,False,85.83
345,85.83,False,85.83
346,85.83,False,85.83
347,85.83,False,85.83
348,85.83,False,85.83
349,85.83,False,85.83
350,85.83,False,85.83
351,85.83,False,85.83
352,85.83,False,85.83
353,85.83,False,85.83
354,85.83,False,85.83
355,85.83,False,85.83
356,85.83,False,85.83
357,85.83,False,85.83
358,85.83,False,85.83
359,85.83,False,85.83
360,85.83,False,85.83
361,85.83,False,85.83
362,85.83,False,85.83
363,85.83,False,85.83
364,85.83,False,85.83
365,85.83,False,85.83
366,85.83,False,85.83
367,85.83,False,85.83
368,85.83,False,85.83
369,85.83,False,85.83
370,85.83,False,85.83
371,85.83,False,85.83
372,85.83,False,85.83
373,85.83,False,85.83
374,85.83,False,85.83
375,85.83,False,85.83
376,85.83,False,85.83
377,85.83,False,85.83
378,85.83,False,85.83
379,85.83,False,85.83
380,85.83,False,85.83
381,85.83,False,85.83
382,85.83,False,85.83
383,85.83,False,85.83
384,85.83,False,85.83
385,85.83,False,85.83
386,85.83,False,85.83
387,85.83,False,85.83
388,85.83,False,85.83
389,85.83,False,85.83
390,85.83,False,85.83
391,85.83,False,85.83
392,85.83,False,85.83
393,85.83,False,85.83
394,85.83,False,85.83
395,85.83,False,85.83
396,85.83,False,85.83
397,85.83,False,85.83
398,85.83,False,85.83
399,85.83,False,85.83
400,85.83,False,85.83
401,85.83,False,85.83
402,85.83,False,85.83
403,85.83,False,85.83
404,85.83,False,85.83
405,85.83,False,85.83
406,85.83,False,85.83
407,85.83,False,85.83
408,85.83,False,85.83
409,85.83,False,85.83
410,85.83,False,85.83
411,85.83,False,85.83
412,85.83,False,85.83
413,85.83,False,85.83
414,85.83,False,85.83
415,85.83,False,85.83
416,85.83,False,85.83
417,85.83,False,85.83
418,85.83,False,85.83
419,85.83,False,85.83
420,85.83,False,85.83
421,85.83,False,85.83
422,85.83,False,85.83
423,85.83,False,85.83
424,85.83,False,85.83
425,85.83,False,85.83
426,85.83,False,85.83
427,85.83,False,85.83
428,85.83,False,85.83
429,85.83,False,85.83
430,85.83,False,85.83
431,85.83,False,85.83
432,85.83,False,85.83
433,85.83,False,85.83
434,85.83,False,85.83
435,85.83,False,85.83
436,85.83,False,85.83
437,85.83,False,85.83
438,85.83,False,85.83
439,85.83,False,85.83
440,85.83,False,85.83
441,85.83,False,85.83
442,85.83,False,85.83
443,85.83,False,85.83
444,85.83,False,85.83
445,85.83,False,85.83
446,85.83,False,85.83
447,85.83,False,85.83
448,85.83,False,85.83
449,85.83,False,85.83
450,85.83,False,85.83
451,85.83,False,85.83
452,85.83,False,85.83
453,85.83,False,85.83
454,85.83,False,85.83
455,85.83,False,85.83
456,85.83,False,85.83
457,85.83,False,85.83
458,85.83,False,85.83
459,85.83,False,85.83
460,85.83,False,85.83
461,85.83,False,85.83
462,85.83,False,85.83
463,85.83,False,85.83
464,85.83,False,85.83
465,85.83,False,85.83
466,85.83,False,85.83
467,85.83,False,85.83
468,85.83,False,85.83
469,85.83,False,85.83
470,85.83,False,85.83
471,85.83,False,85.83
472,85.83,False,85.83
473,85.83,False,85.83
474,85.83,False,85.83
475,85.83,False,85.83
476,85.83,False,85.83
477,85.83,False,85.83
478,85.83,False,85.83
479,85.83,False,85.83
480,85.83,False,85.83
481,85.83,False,85.83
482,85.83,False,85.83
483,85.83,False,85.83
484,85.83,False,85.83
485,85.83,False,85.83
486,85.83,False,85.83
487,85.83,False,85.83
488,85.83,False,85.83
489,85.83,False,85.83
490,85.83,False,85.83
491,85.83,False,85.83
492,85.83,False,85.83
493,85.83,False,85.83
494,85.83,False,85.83
495,85.83,False,85.83
496,85.83,False,85.83
497,85.83,False,85.83
498,85.83,False,85.83
499,85.83,False,85.83
500,85.83,False,85.83
501,85.83,False,85.83
502,85.83,False,85.83
503,85.83,False,85.83
504,85.83,False,85.83
505,85.83,False,85.83
506,85.83,False,85.83
507,85.83,False,85.83
508,85.83,False,85.83
509,87.5,False,86.164
510,87.5,False,86.498
511,87.5,False,86.832
512,87.5,False,87.166
513,90.0,False,88.0
514,90.0,False,88.5
515,90.0,False,89.0
516,90.0,False,89.5
517,90.0,False,90.0
518,90.0,False,90.0
519,90.0,False,90.0
520,90.0,False,90.0
521,90.0,False,90.0
522,90.0,False,90.0
523,90.0,False,90.0
524,90.0,False,90.0
525,90.0,False,90.0
526,90.0,False,90.0
527,90.0,False,90.0
528,90.0,False,90.0
529,90.0,False,90.0
530,91.67,False,90.334
531,91.67,False,90.668
532,91.67,False,91.002
533,91.67,False,91.336
534,91.67,False,91.67
535,91.67,False,91.67
536,91.67,False,91.67
537,91.67,False,91.67
538,91.67,False,91.67
539,91.67,False,91.67
540,91.67,False,91.67
541,91.67,False,91.67
542,91.67,False,91.67
543,91.67,False,91.67
544,91.67,False,91.67
545,91.67,False,91.67
546,91.67,False,91.67
547,91.67,False,91.67
548,91.67,False,91.67
549,91.67,False,91.67
550,91.67,False,91.67
551,91.67,False,91.67
552,91.67,False,91.67
553,91.67,False,91.67
554,91.67,False,91.67
555,91.67,False,91.67
556,91.67,False,91.67
557,91.67,False,91.67
558,91.67,False,91.67
559,91.67,False,91.67
560,91.67,False,91.67
561,92.5,False,91.83600000000001
562,92.5,False,92.002
563,92.5,False,92.168
564,92.5,False,92.33399999999999
565,92.5,False,92.5
566,92.5,False,92.5
567,92.5,False,92.5
568,92.5,False,92.5
569,92.5,False,92.5
570,92.5,False,92.5
571,92.5,False,92.5
572,92.5,False,92.5
573,92.5,False,92.5
574,92.5,False,92.5
575,92.5,False,92.5
576,92.5,False,92.5
577,92.5,False,92.5
578,92.5,False,92.5
579,92.5,False,92.5
580,92.5,False,92.5
581,92.5,False,92.5
582,92.5,False,92.5
583,92.5,False,92.5
584,92.5,False,92.5
585,92.5,False,92.5
586,92.5,False,92.5
587,92.5,False,92.5
588,92.5,False,92.5
589,92.5,False,92.5
590,92.5,False,92.5
591,90.83,False,92.16600000000001
592,90.83,False,91.83200000000001
593,90.83,False,91.49799999999999
594,90.83,False,91.16400000000002
595,90.83,False,90.83
596,90.83,False,90.83
597,90.83,False,90.83
598,90.83,False,90.83
599,90.83,False,90.83
600,90.83,False,90.83
601,90.83,False,90.83
602,90.83,False,90.83
603,90.83,False,90.83
604,90.83,False,90.83
605,90.83,False,90.83
606,90.83,False,90.83
607,90.83,False,90.83
608,90.83,False,90.83
609,90.83,False,90.83
610,90.83,False,90.83
611,90.83,False,90.83
612,90.83,False,90.83
613,90.83,False,90.83
614,90.83,False,90.83
615,90.83,False,90.83
616,90.83,False,90.83
617,90.83,False,90.83
618,90.83,False,90.83
619,90.83,False,90.83
620,90.83,False,90.83
621,90.83,False,90.83
622,89.17,False,90.498
623,89.17,False,90.166
624,89.17,False,89.83399999999999
625,89.17,False,89.502
626,89.17,False,89.17
627,89.17,False,89.17
628,89.17,False,89.17
629,89.17,False,89.17
630,89.17,False,89.17
631,89.17,False,89.17
632,89.17,False,89.17
633,89.17,False,89.17
634,89.17,False,89.17
635,89.17,False,89.17
636,89.17,False,89.17
637,89.17,False,89.17
638,89.17,False,89.17
639,89.17,False,89.17
640,89.17,False,89.17
641,89.17,False,89.17
642,89.17,False,89.17
643,89.17,False,89.17
644,89.17,False,89.17
645,89.17,False,89.17
646,89.17,False,89.17
647,89.17,False,89.17
648,89.17,False,89.17
649,89.17,False,89.17
650,89.17,False,89.17
651,89.17,False,89.17
652,89.17,False,89.17
653,89.17,False,89.17
654,89.17,False,89.17
655,89.17,False,89.17
656,89.17,False,89.17
657,89.17,False,89.17
658,89.17,False,89.17
659,89.17,False,89.17
660,89.17,False,89.17
661,89.17,False,89.17
662,89.17,False,89.17
663,89.17,False,89.17
664,89.17,False,89.17
665,89.17,False,89.17
666,89.17,False,89.17
667,89.17,False,89.17
668,89.17,False,89.17
669,89.17,False,89.17
670,89.17,False,89.17
671,89.17,False,89.17
672,89.17,False,89.17
673,89.17,False,89.17
674,89.17,False,89.17
675,89.17,False,89.17
676,89.17,False,89.17
677,89.17,False,89.17
678,89.17,False,89.17
679,89.17,False,89.17
680,89.17,False,89.17
681,89.17,False,89.17
682,89.17,False,89.17
683,88.33,False,89.002
684,88.33,False,88.83399999999999
685,88.33,False,88.66600000000001
686,88.33,False,88.498
687,88.33,False,88.33
688,88.33,False,88.33
689,88.33,False,88.33
690,88.33,False,88.33
691,88.33,False,88.33
692,88.33,False,88.33
693,88.33,False,88.33
694,88.33,False,88.33
695,88.33,False,88.33
696,88.33,False,88.33
697,88.33,False,88.33
698,88.33,False,88.33
699,88.33,False,88.33
700,88.33,False,88.33
701,88.33,False,88.33
702,88.33,False,88.33
703,88.33,False,88.33
704,88.33,False,88.33
705,88.33,False,88.33
706,88.33,False,88.33
707,88.33,False,88.33
708,88.33,False,88.33
709,88.33,False,88.33
710,88.33,False,88.33
711,88.33,False,88.33
712,88.33,False,88.33
713,88.33,False,88.33
714,88.33,False,88.33
715,88.33,False,88.33
716,88.33,False,88.33
717,88.33,False,88.33
718,88.33,False,88.33
719,88.33,False,88.33
720,88.33,False,88.33
721,88.33,False,88.33
722,88.33,False,88.33
723,88.33,False,88.33
724,88.33,False,88.33
725,88.33,False,88.33
726,88.33,False,88.33
727,88.33,False,88.33
728,88.33,False,88.33
729,88.33,False,88.33
730,88.33,False,88.33
731,88.33,False,88.33
732,88.33,False,88.33
733,88.33,False,88.33
734,88.33,False,88.33
735,88.33,False,88.33
736,88.33,False,88.33
737,88.33,False,88.33
738,88.33,False,88.33
739,88.33,False,88.33
740,88.33,False,88.33
741,88.33,False,88.33
742,88.33,False,88.33
743,88.33,False,88.33
744,89.17,False,88.498
745,89.17,False,88.666
746,89.17,False,88.83399999999999
747,89.17,False,89.002
748,89.17,False,89.17
749,89.17,False,89.17
750,89.17,False,89.17
751,89.17,False,89.17
752,89.17,False,89.17
753,89.17,False,89.17
754,89.17,False,89.17
755,89.17,False,89.17
756,89.17,False,89.17
757,89.17,False,89.17
758,89.17,False,89.17
759,89.17,False,89.17
760,89.17,False,89.17
761,89.17,False,89.17
762,89.17,False,89.17
763,89.17,False,89.17
764,89.17,False,89.17
765,89.17,False,89.17
766,89.17,False,89.17
767,89.17,False,89.17
768,89.17,False,89.17
769,90.0,False,89.336
770,90.0,False,89.502
771,90.0,False,89.668
772,90.0,False,89.834
773,90.0,False,90.0
774,90.0,False,90.0
775,90.0,False,90.0
776,90.0,False,90.0
777,90.0,False,90.0
778,90.0,False,90.0
779,90.0,False,90.0
780,90.0,False,90.0
781,90.0,False,90.0
782,90.0,False,90.0
783,90.0,False,90.0
784,90.0,False,90.0
785,90.0,False,90.0
786,90.0,False,90.0
787,90.0,False,90.0
788,90.0,False,90.0
789,90.0,False,90.0
790,90.0,False,90.0
791,90.0,False,90.0
792,90.0,False,90.0
793,90.0,False,90.0
794,90.0,False,90.0
795,90.0,False,90.0
796,90.0,False,90.0
797,90.0,False,90.0
798,90.0,False,90.0
799,90.0,False,90.0
800,90.0,False,90.0
801,90.0,False,90.0
802,90.0,False,90.0
803,90.0,False,90.0
804,90.0,False,90.0
805,90.0,False,90.0
806,90.0,False,90.0
807,90.0,False,90.0
808,90.0,False,90.0
809,90.0,False,90.0
810,90.0,False,90.0
811,90.0,False,90.0
812,90.0,False,90.0
813,90.0,False,90.0
814,90.0,False,90.0
815,90.0,False,90.0
816,90.0,False,90.0
817,90.0,False,90.0
818,90.0,False,90.0
819,90.0,False,90.0
820,90.0,False,90.0
821,90.0,False,90.0
822,90.0,False,90.0
823,90.0,False,90.0
824,90.0,False,90.0
825,90.0,False,90.0
826,90.83,False,90.166
827,90.83,False,90.332
828,90.83,False,90.498
829,90.83,False,90.664
830,90.83,False,90.83
831,90.83,False,90.83
832,90.83,False,90.83
833,90.83,False,90.83
834,90.83,False,90.83
835,90.83,False,90.83
836,90.83,False,90.83
837,90.83,False,90.83
838,90.83,False,90.83
839,90.83,False,90.83
840,90.83,False,90.83
841,90.83,False,90.83
842,90.83,False,90.83
843,90.83,False,90.83
844,90.83,False,90.83
845,90.83,False,90.83
846,90.83,False,90.83
847,90.83,False,90.83
848,90.83,False,90.83
849,90.83,False,90.83
850,90.83,False,90.83
851,90.83,False,90.83
852,90.83,False,90.83
853,90.83,False,90.83
854,90.83,False,90.83
855,90.83,False,90.83
856,90.83,False,90.83
857,91.67,False,90.998
858,91.67,False,91.166
859,91.67,False,91.334
860,91.67,False,91.50200000000001
861,91.67,False,91.67
862,91.67,False,91.67
863,91.67,False,91.67
864,91.67,False,91.67
865,91.67,False,91.67
866,91.67,False,91.67
867,91.67,False,91.67
868,91.67,False,91.67
869,91.67,False,91.67
870,91.67,False,91.67
871,91.67,False,91.67
872,91.67,False,91.67
873,91.67,False,91.67
874,91.67,False,91.67
875,91.67,False,91.67
876,91.67,False,91.67
877,91.67,False,91.67
878,91.67,False,91.67
879,91.67,False,91.67
880,91.67,False,91.67
881,91.67,False,91.67
882,91.67,False,91.67
883,91.67,False,91.67
884,91.67,False,91.67
885,91.67,False,91.67
886,91.67,False,91.67
887,91.67,False,91.67
888,90.83,False,91.502
889,90.83,False,91.33399999999999
890,90.83,False,91.16600000000001
891,90.83,False,90.998
892,90.83,False,90.83
893,90.83,False,90.83
894,90.83,False,90.83
895,90.83,False,90.83
896,90.83,False,90.83
897,90.83,False,90.83
898,90.83,False,90.83
899,90.83,False,90.83
900,90.83,False,90.83
901,90.83,False,90.83
902,90.83,False,90.83
903,90.83,False,90.83
904,90.83,False,90.83
905,90.83,False,90.83
906,90.83,False,90.83
907,90.83,False,90.83
908,90.83,False,90.83
909,90.83,False,90.83
910,90.83,False,90.83
911,90.83,False,90.83
912,90.83,False,90.83
913,90.83,False,90.83
914,90.83,False,90.83
915,90.83,False,90.83
916,90.83,False,90.83
917,90.83,False,90.83
918,88.33,False,90.33
919,88.33,False,89.83
920,88.33,False,89.33
921,88.33,False,88.83
922,88.33,False,88.33
923,88.33,False,88.33
924,88.33,False,88.33
925,88.33,False,88.33
926,88.33,False,88.33
927,88.33,False,88.33
928,88.33,False,88.33
929,88.33,False,88.33
930,88.33,False,88.33
931,88.33,False,88.33
932,88.33,False,88.33
933,88.33,False,88.33
934,88.33,False,88.33
935,88.33,False,88.33
936,88.33,False,88.33
937,88.33,False,88.33
938,88.33,False,88.33
939,88.33,False,88.33
940,88.33,False,88.33
941,88.33,False,88.33
942,88.33,False,88.33
943,88.33,False,88.33
944,88.33,False,88.33
945,88.33,False,88.33
946,88.33,False,88.33
947,88.33,False,88.33
948,88.33,False,88.33
949,85.0,False,87.664
950,85.0,False,86.998
951,85.0,False,86.332
952,85.0,False,85.666
953,85.0,False,85.0
954,85.0,False,85.0
955,85.0,False,85.0
956,85.0,False,85.0
957,85.0,False,85.0
958,85.0,False,85.0
959,85.0,False,85.0
960,85.0,False,85.0
961,85.0,False,85.0
962,85.0,False,85.0
963,85.0,False,85.0
964,85.0,False,85.0
965,85.0,False,85.0
966,85.0,False,85.0
967,85.0,False,85.0
968,85.0,False,85.0
969,85.0,False,85.0
970,85.0,False,85.0
971,85.0,False,85.0
972,85.0,False,85.0
973,85.0,False,85.0
974,85.0,False,85.0
975,85.0,False,85.0
976,85.0,False,85.0
977,85.0,False,85.0
978,85.0,False,85.0
979,82.5,False,84.5
980,82.5,False,84.0
981,82.5,False,83.5
982,82.5,False,83.0
983,82.5,False,82.5
984,82.5,False,82.5
985,82.5,False,82.5
986,82.5,False,82.5
987,82.5,False,82.5
988,82.5,False,82.5
989,82.5,False,82.5
990,82.5,False,82.5
991,82.5,False,82.5
992,82.5,False,82.5
993,82.5,False,82.5
994,82.5,False,82.5
995,82.5,False,82.5
996,82.5,False,82.5
997,82.5,False,82.5
998,82.5,False,82.5
999,82.5,False,82.5
1000,82.5,False,82.5
1001,82.5,False,82.5
1002,82.5,False,82.5
1003,82.5,False,82.5
1004,82.5,False,82.5
1005,82.5,False,82.5
1006,82.5,False,82.5
1007,82.5,False,82.5
1008,82.5,False,82.5
1009,82.5,False,82.5
1010,83.33,False,82.66600000000001
1011,83.33,False,82.83200000000001
1012,83.33,False,82.998
1013,83.33,False,83.164
1014,83.33,False,83.33
1015,83.33,False,83.33
1016,83.33,False,83.33
1017,83.33,False,83.33
1018,83.33,False,83.33
1019,83.33,False,83.33
1020,83.33,False,83.33
1021,83.33,False,83.33
1022,83.33,False,83.33
1023,83.33,False,83.33
1024,83.33,False,83.33
1025,85.0,False,83.664
1026,85.0,False,83.998
1027,85.0,False,84.332
1028,85.0,False,84.666
1029,85.0,False,85.0
1030,85.0,False,85.0
1031,84.17,False,84.834
1032,84.17,False,84.668
1033,84.17,False,84.502
1034,84.17,False,84.336
1035,84.17,False,84.17
1036,84.17,False,84.17
1037,84.17,False,84.17
1038,84.17,False,84.17
1039,84.17,False,84.17
1040,84.17,False,84.17
1041,84.17,False,84.17
1042,84.17,False,84.17
1043,84.17,False,84.17
1044,84.17,False,84.17
1045,84.17,False,84.17
1046,84.17,False,84.17
1047,84.17,False,84.17
1048,84.17,False,84.17
1049,84.17,False,84.17
1050,84.17,False,84.17
1051,84.17,False,84.17
1052,84.17,False,84.17
1053,84.17,False,84.17
1054,84.17,False,84.17
1055,84.17,False,84.17
1056,84.17,False,84.17
1057,84.17,False,84.17
1058,84.17,False,84.17
1059,84.17,False,84.17
1060,84.17,False,84.17
1061,80.83,False,83.50200000000001
1062,80.83,False,82.834
1063,80.83,False,82.166
1064,80.83,False,81.498
1065,80.83,False,80.83
1066,80.83,False,80.83
1067,80.83,False,80.83
1068,80.83,False,80.83
1069,80.83,False,80.83
1070,80.83,False,80.83
1071,80.83,False,80.83
1072,80.83,False,80.83
1073,80.83,False,80.83
1074,80.83,False,80.83
1075,80.83,False,80.83
1076,80.83,False,80.83
1077,80.83,False,80.83
1078,80.83,False,80.83
1079,80.83,False,80.83
1080,80.83,False,80.83
1081,80.83,False,80.83
1082,80.83,False,80.83
1083,80.83,False,80.83
1084,80.83,False,80.83
1085,80.83,False,80.83
1086,80.83,False,80.83
1087,80.83,False,80.83
1088,80.83,False,80.83
1089,80.83,False,80.83
1090,80.83,False,80.83
1091,80.83,False,80.83
1092,79.17,False,80.498
1093,79.17,False,80.166
1094,79.17,False,79.83399999999999
1095,79.17,False,79.502
1096,79.17,False,79.17
1097,79.17,False,79.17
1098,79.17,False,79.17
1099,79.17,False,79.17
1100,79.17,False,79.17
1101,79.17,False,79.17
1102,79.17,False,79.17
1103,79.17,False,79.17
1104,79.17,False,79.17
1105,79.17,False,79.17
1106,79.17,False,79.17
1107,79.17,False,79.17
1108,79.17,False,79.17
1109,79.17,False,79.17
1110,79.17,False,79.17
1111,79.17,False,79.17
1112,79.17,False,79.17
1113,79.17,False,79.17
1114,79.17,False,79.17
1115,79.17,False,79.17
1116,79.17,False,79.17
1117,79.17,False,79.17
1118,79.17,False,79.17
1119,79.17,False,79.17
1120,79.17,False,79.17
1121,79.17,False,79.17
1122,79.17,False,79.17
1123,80.0,False,79.33600000000001
1124,80.0,False,79.502
1125,80.0,False,79.668
1126,80.0,False,79.83399999999999
1127,80.0,False,80.0
1128,80.0,False,80.0
1129,80.0,False,80.0
1130,80.0,False,80.0
1131,80.0,False,80.0
1132,80.0,False,80.0
1133,80.0,False,80.0
1134,80.0,False,80.0
1135,80.0,False,80.0
1136,80.0,False,80.0
1137,80.0,False,80.0
1138,80.0,False,80.0
1139,80.0,False,80.0
1140,80.0,False,80.0
1141,80.0,False,80.0
1142,80.0,False,80.0
1143,80.0,False,80.0
1144,80.0,False,80.0
1145,80.0,False,80.0
1146,80.0,False,80.0
1147,80.0,False,80.0
1148,80.0,False,80.0
1149,80.0,False,80.0
1150,80.0,False,80.0
1151,80.0,False,80.0
1152,80.0,False,80.0
1153,81.67,False,80.334
1154,81.67,False,80.66799999999999
1155,81.67,False,81.00200000000001
1156,81.67,False,81.33599999999998
1157,81.67,False,81.67
1158,81.67,False,81.67
1159,81.67,False,81.67
1160,81.67,False,81.67
1161,81.67,False,81.67
1162,81.67,False,81.67
1163,81.67,False,81.67
1164,81.67,False,81.67
1165,81.67,False,81.67
1166,81.67,False,81.67
1167,81.67,False,81.67
1168,81.67,False,81.67
1169,81.67,False,81.67
1170,81.67,False,81.67
1171,81.67,False,81.67
1172,81.67,False,81.67
1173,81.67,False,81.67
1174,81.67,False,81.67
1175,81.67,False,81.67
1176,81.67,False,81.67
1177,81.67,False,81.67
1178,81.67,False,81.67
1179,81.67,False,81.67
1180,81.67,False,81.67
1181,81.67,False,81.67
1182,81.67,False,81.67
1183,81.67,False,81.67
1184,82.5,False,81.836
1185,82.5,False,82.002
1186,82.5,False,82.168
1187,82.5,False,82.334
1188,82.5,False,82.5
1189,82.5,False,82.5
1190,82.5,False,82.5
1191,82.5,False,82.5
1192,82.5,False,82.5
1193,82.5,False,82.5
1194,82.5,False,82.5
1195,82.5,False,82.5
1196,82.5,False,82.5
1197,82.5,False,82.5
1198,82.5,False,82.5
1199,82.5,False,82.5
1200,82.5,False,82.5
1201,82.5,False,82.5
1202,82.5,False,82.5
1203,82.5,False,82.5
1204,82.5,False,82.5
1205,82.5,False,82.5
1206,82.5,False,82.5
1207,82.5,False,82.5
1208,82.5,False,82.5
1209,82.5,False,82.5
1210,82.5,False,82.5
1211,82.5,False,82.5
1212,82.5,False,82.5
1213,82.5,False,82.5
1214,82.5,False,82.5
1215,82.5,False,82.5
1216,82.5,False,82.5
1217,82.5,False,82.5
1218,82.5,False,82.5
1219,82.5,False,82.5
1220,82.5,False,82.5
1221,82.5,False,82.5
1222,82.5,False,82.5
1223,82.5,False,82.5
1224,82.5,False,82.5
1225,82.5,False,82.5
1226,82.5,False,82.5
1227,82.5,False,82.5
1228,82.5,False,82.5
1229,82.5,False,82.5
1230,82.5,False,82.5
1231,82.5,False,82.5
1232,82.5,False,82.5
1233,82.5,False,82.5
1234,82.5,False,82.5
1235,82.5,False,82.5
1236,82.5,False,82.5
1237,82.5,False,82.5
1238,82.5,False,82.5
1239,82.5,False,82.5
1240,82.5,False,82.5
1241,82.5,False,82.5
1242,82.5,False,82.5
1243,82.5,False,82.5
1244,82.5,False,82.5
1245,77.5,False,81.5
1246,77.5,False,80.5
1247,77.5,False,79.5
1248,77.5,False,78.5
1249,77.5,False,77.5
1250,77.5,False,77.5
1251,77.5,False,77.5
1252,77.5,False,77.5
1253,77.5,False,77.5
1254,77.5,False,77.5
1255,77.5,False,77.5
1256,77.5,False,77.5
1257,77.5,False,77.5
1258,77.5,False,77.5
1259,77.5,False,77.5
1260,77.5,False,77.5
1261,77.5,False,77.5
1262,77.5,False,77.5
1263,77.5,False,77.5
1264,77.5,False,77.5
1265,77.5,False,77.5
1266,77.5,False,77.5
1267,77.5,False,77.5
1268,77.5,False,77.5
1269,77.5,False,77.5
1270,77.5,False,77.5
1271,77.5,False,77.5
1272,77.5,False,77.5
1273,77.5,False,77.5
1274,77.5,False,77.5
1275,73.33,False,76.666
1276,73.33,False,75.832
1277,73.33,False,74.998
1278,73.33,False,74.164
1279,73.33,False,73.33
1280,73.33,False,73.33
1281,71.67,False,72.998
1282,71.67,False,72.666
1283,71.67,False,72.33399999999999
1284,71.67,False,72.002
1285,71.67,False,71.67
1286,71.67,False,71.67
1287,71.67,False,71.67
1288,71.67,False,71.67
1289,71.67,False,71.67
1290,71.67,False,71.67
1291,71.67,False,71.67
1292,71.67,False,71.67
1293,71.67,False,71.67
1294,71.67,False,71.67
1295,71.67,False,71.67
1296,70.0,False,71.33600000000001
1297,70.0,False,71.002
1298,70.0,False,70.668
1299,70.0,False,70.33399999999999
1300,70.0,False,70.0
1301,70.0,False,70.0
1302,70.0,False,70.0
1303,70.0,False,70.0
1304,70.0,False,70.0
1305,70.0,False,70.0
1306,70.0,False,70.0
1307,70.0,False,70.0
1308,70.0,False,70.0
1309,70.0,False,70.0
1310,70.0,False,70.0
1311,70.0,False,70.0
1312,70.0,False,70.0
1313,70.0,False,70.0
1314,70.0,False,70.0
1315,70.0,False,70.0
1316,70.0,False,70.0
1317,70.0,False,70.0
1318,70.0,False,70.0
1319,70.0,False,70.0
1320,70.0,False,70.0
1321,70.0,False,70.0
1322,70.0,False,70.0
1323,70.0,False,70.0
1324,70.0,False,70.0
1325,70.0,False,70.0
1326,70.83,False,70.16600000000001
1327,70.83,False,70.33200000000001
1328,70.83,False,70.49799999999999
1329,70.83,False,70.66400000000002
1330,70.83,False,70.83
1331,70.83,False,70.83
1332,70.83,False,70.83
1333,70.83,False,70.83
1334,70.83,False,70.83
1335,70.83,False,70.83
1336,70.83,False,70.83
1337,70.83,False,70.83
1338,70.83,False,70.83
1339,70.83,False,70.83
1340,70.83,False,70.83
1341,70.83,False,70.83
1342,70.83,False,70.83
1343,70.83,False,70.83
1344,70.83,False,70.83
1345,70.83,False,70.83
1346,70.83,False,70.83
1347,70.83,False,70.83
1348,70.83,False,70.83
1349,70.83,False,70.83
1350,70.83,False,70.83
1351,70.83,False,70.83
1352,70.83,False,70.83
1353,70.83,False,70.83
1354,70.83,False,70.83
1355,70.83,False,70.83
1356,70.83,False,70.83
1357,71.67,False,70.998
1358,71.67,False,71.166
1359,71.67,False,71.33399999999999
1360,71.67,False,71.502
1361,71.67,False,71.67
1362,71.67,False,71.67
1363,71.67,False,71.67
1364,71.67,False,71.67
1365,71.67,False,71.67
1366,71.67,False,71.67
1367,71.67,False,71.67
1368,71.67,False,71.67
1369,71.67,False,71.67
1370,71.67,False,71.67
1371,71.67,False,71.67
1372,71.67,False,71.67
1373,71.67,False,71.67
1374,71.67,False,71.67
1375,71.67,False,71.67
1376,71.67,False,71.67
1377,71.67,False,71.67
1378,71.67,False,71.67
1379,71.67,False,71.67
1380,71.67,False,71.67
1381,71.67,False,71.67
1382,71.67,False,71.67
1383,71.67,False,71.67
1384,71.67,False,71.67
1385,71.67,False,71.67
1386,71.67,False,71.67
1387,71.67,False,71.67
1388,71.67,False,71.67
1389,71.67,False,71.67
1390,71.67,False,71.67
1391,71.67,False,71.67
1392,71.67,False,71.67
1393,71.67,False,71.67
1394,71.67,False,71.67
1395,71.67,False,71.67
1396,71.67,False,71.67
1397,71.67,False,71.67
1398,71.67,False,71.67
1399,71.67,False,71.67
1400,71.67,False,71.67
1401,71.67,False,71.67
1402,71.67,False,71.67
1403,71.67,False,71.67
1404,71.67,False,71.67
1405,71.67,False,71.67
1406,71.67,False,71.67
1407,71.67,False,71.67
1408,71.67,False,71.67
1409,71.67,False,71.67
1410,71.67,False,71.67
1411,71.67,False,71.67
1412,71.67,False,71.67
1413,71.67,False,71.67
1414,71.67,False,71.67
1415,71.67,False,71.67
1416,71.67,False,71.67
1417,71.67,False,71.67
1418,73.33,False,72.002
1419,73.33,False,72.33399999999999
1420,73.33,False,72.66600000000001
1421,73.33,False,72.998
1422,73.33,False,73.33
1423,73.33,False,73.33
1424,73.33,False,73.33
1425,73.33,False,73.33
1426,73.33,False,73.33
1427,73.33,False,73.33
1428,73.33,False,73.33
1429,73.33,False,73.33
1430,73.33,False,73.33
1431,73.33,False,73.33
1432,73.33,False,73.33
1433,73.33,False,73.33
1434,73.33,False,73.33
1435,73.33,False,73.33
1436,73.33,False,73.33
1437,73.33,False,73.33
1438,73.33,False,73.33
1439,73.33,False,73.33
1440,73.33,False,73.33
1441,73.33,False,73.33
1442,73.33,False,73.33
1443,73.33,False,73.33
1444,73.33,False,73.33
1445,73.33,False,73.33
1446,73.33,False,73.33
1447,73.33,False,73.33
1448,73.33,False,73.33
1449,76.67,False,73.998
1450,76.67,False,74.666
1451,76.67,False,75.334
1452,76.67,False,76.00200000000001
1453,76.67,False,76.67
1454,76.67,False,76.67
1455,76.67,False,76.67
1456,76.67,False,76.67
1457,76.67,False,76.67
1458,76.67,False,76.67
1459,76.67,False,76.67
1460,76.67,False,76.67
1461,76.67,False,76.67
1462,76.67,False,76.67
1463,76.67,False,76.67
1464,76.67,False,76.67
1465,76.67,False,76.67
1466,76.67,False,76.67
1467,76.67,False,76.67
1468,76.67,False,76.67
1469,76.67,False,76.67
1470,76.67,False,76.67
1471,76.67,False,76.67
1472,76.67,False,76.67
1473,76.67,False,76.67
1474,76.67,False,76.67
1475,76.67,False,76.67
1476,76.67,False,76.67
1477,76.67,False,76.67
1478,76.67,False,76.67
1479,78.33,False,77.002
1480,78.33,False,77.334
1481,78.33,False,77.666
1482,78.33,False,77.99799999999999
1483,78.33,False,78.33
1484,78.33,False,78.33
1485,78.33,False,78.33
1486,78.33,False,78.33
1487,78.33,False,78.33
1488,78.33,False,78.33
1489,78.33,False,78.33
1490,78.33,False,78.33
1491,78.33,False,78.33
1492,78.33,False,78.33
1493,78.33,False,78.33
1494,78.33,False,78.33
1495,78.33,False,78.33
1496,78.33,False,78.33
1497,78.33,False,78.33
1498,78.33,False,78.33
1499,78.33,False,78.33
1500,78.33,False,78.33
1501,78.33,False,78.33
1502,78.33,False,78.33
1503,78.33,False,78.33
1504,78.33,False,78.33
1505,78.33,False,78.33
1506,78.33,False,78.33
1507,78.33,False,78.33
1508,78.33,False,78.33
1509,78.33,False,78.33
1510,78.33,False,78.33
1511,78.33,False,78.33
1512,78.33,False,78.33
1513,78.33,False,78.33
1514,78.33,False,78.33
1515,78.33,False,78.33
1516,78.33,False,78.33
1517,78.33,False,78.33
1518,78.33,False,78.33
1519,78.33,False,78.33
1520,78.33,False,78.33
1521,78.33,False,78.33
1522,78.33,False,78.33
1523,78.33,False,78.33
1524,78.33,False,78.33
1525,78.33,False,78.33
1526,78.33,False,78.33
1527,78.33,False,78.33
1528,78.33,False,78.33
1529,78.33,False,78.33
1530,78.33,False,78.33
1531,78.33,False,78.33
1532,78.33,False,78.33
1533,78.33,False,78.33
1534,78.33,False,78.33
1535,78.33,False,78.33
1536,78.33,False,78.33
1537,79.17,False,78.498
1538,79.17,False,78.666
1539,79.17,False,78.834
1540,79.17,False,79.00200000000001
1541,79.17,False,79.17
1542,79.17,False,79.17
1543,79.17,False,79.17
1544,79.17,False,79.17
1545,79.17,False,79.17
1546,79.17,False,79.17
1547,79.17,False,79.17
1548,79.17,False,79.17
1549,79.17,False,79.17
1550,79.17,False,79.17
1551,79.17,False,79.17
1552,79.17,False,79.17
1553,79.17,False,79.17
1554,79.17,False,79.17
1555,79.17,False,79.17
1556,79.17,False,79.17
1557,79.17,False,79.17
1558,79.17,False,79.17
1559,79.17,False,79.17
1560,79.17,False,79.17
1561,77.5,False,78.836
1562,77.5,False,78.502
1563,77.5,False,78.168
1564,77.5,False,77.834
1565,77.5,False,77.5
1566,77.5,False,77.5
1567,77.5,False,77.5
1568,77.5,False,77.5
1569,77.5,False,77.5
1570,77.5,False,77.5
1571,77.5,False,77.5
1572,77.5,False,77.5
1573,77.5,False,77.5
1574,77.5,False,77.5
1575,77.5,False,77.5
1576,77.5,False,77.5
1577,77.5,False,77.5
1578,77.5,False,77.5
1579,77.5,False,77.5
1580,77.5,False,77.5
1581,77.5,False,77.5
1582,77.5,False,77.5
1583,77.5,False,77.5
1584,77.5,False,77.5
1585,77.5,False,77.5
1586,77.5,False,77.5
1587,77.5,False,77.5
1588,77.5,False,77.5
1589,77.5,False,77.5
1590,77.5,False,77.5
1591,72.5,False,76.5
1592,72.5,False,75.5
1593,72.5,False,74.5
1594,72.5,False,73.5
1595,72.5,False,72.5
1596,72.5,False,72.5
1597,72.5,False,72.5
1598,72.5,False,72.5
1599,72.5,False,72.5
1600,72.5,False,72.5
1601,72.5,False,72.5
1602,72.5,False,72.5
1603,72.5,False,72.5
1604,72.5,False,72.5
1605,72.5,False,72.5
1606,72.5,False,72.5
1607,72.5,False,72.5
1608,72.5,False,72.5
1609,72.5,False,72.5
1610,72.5,False,72.5
1611,72.5,False,72.5
1612,72.5,False,72.5
1613,72.5,False,72.5
1614,72.5,False,72.5
1615,72.5,False,72.5
1616,72.5,False,72.5
1617,72.5,False,72.5
1618,72.5,False,72.5
1619,72.5,False,72.5
1620,72.5,False,72.5
1621,72.5,False,72.5
1622,68.33,False,71.666
1623,68.33,False,70.832
1624,68.33,False,69.998
1625,68.33,False,69.164
1626,68.33,False,68.33
1627,68.33,False,68.33
1628,68.33,False,68.33
1629,68.33,False,68.33
1630,68.33,False,68.33
1631,68.33,False,68.33
1632,68.33,False,68.33
1633,68.33,False,68.33
1634,68.33,False,68.33
1635,68.33,False,68.33
1636,68.33,False,68.33
1637,68.33,False,68.33
1638,68.33,False,68.33
1639,68.33,False,68.33
1640,68.33,False,68.33
1641,68.33,False,68.33
1642,68.33,False,68.33
1643,68.33,False,68.33
1644,68.33,False,68.33
1645,68.33,False,68.33
1646,68.33,False,68.33
1647,68.33,False,68.33
1648,68.33,False,68.33
1649,68.33,False,68.33
1650,68.33,False,68.33
1651,68.33,False,68.33
1652,68.33,False,68.33
1653,68.33,False,68.33
1654,68.33,False,68.33
1655,68.33,False,68.33
1656,68.33,False,68.33
1657,68.33,False,68.33
1658,68.33,False,68.33
1659,68.33,False,68.33
1660,68.33,False,68.33
1661,68.33,False,68.33
1662,68.33,False,68.33
1663,68.33,False,68.33
1664,68.33,False,68.33
1665,68.33,False,68.33
1666,68.33,False,68.33
1667,68.33,False,68.33
1668,68.33,False,68.33
1669,68.33,False,68.33
1670,68.33,False,68.33
1671,68.33,False,68.33
1672,68.33,False,68.33
1673,68.33,False,68.33
1674,68.33,False,68.33
1675,68.33,False,68.33
1676,68.33,False,68.33
1677,68.33,False,68.33
1678,68.33,False,68.33
1679,68.33,False,68.33
1680,68.33,False,68.33
1681,68.33,False,68.33
1682,68.33,False,68.33
1683,67.5,False,68.164
1684,67.5,False,67.998
1685,67.5,False,67.832
1686,67.5,False,67.666
1687,67.5,False,67.5
1688,67.5,False,67.5
1689,67.5,False,67.5
1690,67.5,False,67.5
1691,67.5,False,67.5
1692,67.5,False,67.5
1693,67.5,False,67.5
1694,67.5,False,67.5
1695,67.5,False,67.5
1696,67.5,False,67.5
1697,67.5,False,67.5
1698,67.5,False,67.5
1699,67.5,False,67.5
1700,67.5,False,67.5
1701,67.5,False,67.5
1702,67.5,False,67.5
1703,67.5,False,67.5
1704,67.5,False,67.5
1705,67.5,False,67.5
1706,67.5,False,67.5
1707,67.5,False,67.5
1708,67.5,False,67.5
1709,67.5,False,67.5
1710,67.5,False,67.5
1711,67.5,False,67.5
1712,67.5,False,67.5
1713,67.5,False,67.5
1714,67.5,False,67.5
1715,67.5,False,67.5
1716,67.5,False,67.5
1717,67.5,False,67.5
1718,67.5,False,67.5
1719,67.5,False,67.5
1720,67.5,False,67.5
1721,67.5,False,67.5
1722,67.5,False,67.5
1723,67.5,False,67.5
1724,67.5,False,67.5
1725,67.5,False,67.5
1726,67.5,False,67.5
1727,67.5,False,67.5
1728,67.5,False,67.5
1729,67.5,False,67.5
1730,67.5,False,67.5
1731,67.5,False,67.5
1732,67.5,False,67.5
1733,67.5,False,67.5
1734,67.5,False,67.5
1735,67.5,False,67.5
1736,67.5,False,67.5
1737,67.5,False,67.5
1738,67.5,False,67.5
1739,67.5,False,67.5
1740,67.5,False,67.5
1741,67.5,False,67.5
1742,67.5,False,67.5
1743,67.5,False,67.5
1744,67.5,False,67.5
1745,67.5,False,67.5
1746,67.5,False,67.5
1747,67.5,False,67.5
1748,67.5,False,67.5
1749,67.5,False,67.5
1750,67.5,False,67.5
1751,67.5,False,67.5
1752,67.5,False,67.5
1753,67.5,False,67.5
1754,67.5,False,67.5
1755,67.5,False,67.5
1756,67.5,False,67.5
1757,67.5,False,67.5
1758,67.5,False,67.5
1759,67.5,False,67.5
1760,67.5,False,67.5
1761,67.5,False,67.5
1762,67.5,False,67.5
1763,67.5,False,67.5
1764,67.5,False,67.5
1765,67.5,False,67.5
1766,67.5,False,67.5
1767,67.5,False,67.5
1768,67.5,False,67.5
1769,67.5,False,67.5
1770,67.5,False,67.5
1771,67.5,False,67.5
1772,67.5,False,67.5
1773,67.5,False,67.5
1774,67.5,False,67.5
1775,67.5,False,67.5
1776,67.5,False,67.5
1777,67.5,False,67.5
1778,67.5,False,67.5
1779,67.5,False,67.5
1780,67.5,False,67.5
1781,67.5,False,67.5
1782,67.5,False,67.5
1783,67.5,False,67.5
1784,67.5,False,67.5
1785,67.5,False,67.5
1786,67.5,False,67.5
1787,67.5,False,67.5
1788,67.5,False,67.5
1789,67.5,False,67.5
1790,67.5,False,67.5
1791,67.5,False,67.5
1792,67.5,False,67.5
1793,68.33,False,67.666
1794,68.33,False,67.832
1795,70.0,False,68.332
1796,70.0,False,68.832
1797,70.0,False,69.332
1798,70.0,False,69.66600000000001
1799,70.0,False,70.0
1800,70.0,False,70.0
1801,70.0,False,70.0
1802,70.0,False,70.0
1803,70.0,False,70.0
1804,70.0,False,70.0
1805,70.0,False,70.0
1806,70.0,False,70.0
1807,70.0,False,70.0
1808,70.0,False,70.0
1809,70.0,False,70.0
1810,70.0,False,70.0
1811,70.0,False,70.0
1812,70.0,False,70.0
1813,70.0,False,70.0
1814,70.0,False,70.0
1815,70.0,False,70.0
1816,70.0,False,70.0
1817,70.0,False,70.0
1818,70.0,False,70.0
1819,70.0,False,70.0
1820,70.0,False,70.0
1821,70.0,False,70.0
1822,70.0,False,70.0
1823,70.0,False,70.0
1824,70.0,False,70.0
1825,70.0,False,70.0
1826,70.0,False,70.0
1827,70.0,False,70.0
1828,70.0,False,70.0
1829,70.0,False,70.0
1830,70.0,False,70.0
1831,70.0,False,70.0
1832,70.0,False,70.0
1833,70.0,False,70.0
1834,70.0,False,70.0
1835,70.0,False,70.0
1836,70.0,False,70.0
1837,70.0,False,70.0
1838,70.0,False,70.0
1839,70.0,False,70.0
1840,70.0,False,70.0
1841,70.0,False,70.0
1842,70.0,False,70.0
1843,70.0,False,70.0
1844,70.0,False,70.0
1845,70.0,False,70.0
1846,70.0,False,70.0
1847,70.0,False,70.0
1848,70.0,False,70.0
1849,70.0,False,70.0
1850,70.0,False,70.0
1851,70.0,False,70.0
1852,70.0,False,70.0
1853,70.0,False,70.0
1854,70.0,False,70.0
1855,70.0,False,70.0
1856,69.17,False,69.83399999999999
1857,69.17,False,69.66799999999999
1858,69.17,False,69.50200000000001
1859,69.17,False,69.33599999999998
1860,69.17,False,69.17
1861,69.17,False,69.17
1862,69.17,False,69.17
1863,69.17,False,69.17
1864,69.17,False,69.17
1865,69.17,False,69.17
1866,69.17,False,69.17
1867,69.17,False,69.17
1868,69.17,False,69.17
1869,69.17,False,69.17
1870,69.17,False,69.17
1871,69.17,False,69.17
1872,69.17,False,69.17
1873,69.17,False,69.17
1874,69.17,False,69.17
1875,69.17,False,69.17
1876,69.17,False,69.17
1877,69.17,False,69.17
1878,69.17,False,69.17
1879,69.17,False,69.17
1880,69.17,False,69.17
1881,69.17,False,69.17
1882,69.17,False,69.17
1883,69.17,False,69.17
1884,69.17,False,69.17
1885,69.17,False,69.17
1886,69.17,False,69.17
1887,69.17,False,69.17
1888,69.17,False,69.17
1889,69.17,False,69.17
1890,69.17,False,69.17
1891,69.17,False,69.17
1892,69.17,False,69.17
1893,69.17,False,69.17
1894,69.17,False,69.17
1895,69.17,False,69.17
1896,69.17,False,69.17
1897,69.17,False,69.17
1898,69.17,False,69.17
1899,69.17,False,69.17
1900,69.17,False,69.17
1901,69.17,False,69.17
1902,69.17,False,69.17
1903,69.17,False,69.17
1904,69.17,False,69.17
1905,69.17,False,69.17
1906,69.17,False,69.17
1907,69.17,False,69.17
1908,69.17,False,69.17
1909,69.17,False,69.17
1910,69.17,False,69.17
1911,69.17,False,69.17
1912,69.17,False,69.17
1913,69.17,False,69.17
1914,69.17,False,69.17
1915,69.17,False,69.17
1916,69.17,False,69.17
1917,68.33,False,69.002
1918,68.33,False,68.834
1919,68.33,False,68.666
1920,68.33,False,68.49799999999999
1921,68.33,False,68.33
1922,68.33,False,68.33
1923,68.33,False,68.33
1924,68.33,False,68.33
1925,68.33,False,68.33
1926,68.33,False,68.33
1927,68.33,False,68.33
1928,68.33,False,68.33
1929,68.33,False,68.33
1930,68.33,False,68.33
1931,68.33,False,68.33
1932,68.33,False,68.33
1933,68.33,False,68.33
1934,68.33,False,68.33
1935,68.33,False,68.33
1936,68.33,False,68.33
1937,68.33,False,68.33
1938,68.33,False,68.33
1939,68.33,False,68.33
1940,68.33,False,68.33
1941,68.33,False,68.33
1942,68.33,False,68.33
1943,68.33,False,68.33
1944,68.33,False,68.33
1945,68.33,False,68.33
1946,68.33,False,68.33
1947,71.67,False,68.998
1948,71.67,False,69.666
1949,71.67,False,70.334
1950,71.67,False,71.00200000000001
1951,71.67,False,71.67
1952,71.67,False,71.67
1953,71.67,False,71.67
1954,71.67,False,71.67
1955,71.67,False,71.67
1956,71.67,False,71.67
1957,71.67,False,71.67
1958,71.67,False,71.67
1959,71.67,False,71.67
1960,71.67,False,71.67
1961,71.67,False,71.67
1962,71.67,False,71.67
1963,71.67,False,71.67
1964,71.67,False,71.67
1965,71.67,False,71.67
1966,71.67,False,71.67
1967,71.67,False,71.67
1968,71.67,False,71.67
1969,71.67,False,71.67
1970,71.67,False,71.67
1971,71.67,False,71.67
1972,71.67,False,71.67
1973,71.67,False,71.67
1974,71.67,False,71.67
1975,71.67,False,71.67
1976,71.67,False,71.67
1977,71.67,False,71.67
1978,81.67,False,73.67
1979,81.67,False,75.67
1980,81.67,False,77.67
1981,81.67,False,79.67
1982,81.67,False,81.67
1983,81.67,False,81.67
1984,81.67,False,81.67
1985,81.67,False,81.67
1986,81.67,False,81.67
1987,81.67,False,81.67
1988,81.67,False,81.67
1989,81.67,False,81.67
1990,81.67,False,81.67
1991,81.67,False,81.67
1992,81.67,False,81.67
1993,81.67,False,81.67
1994,81.67,False,81.67
1995,81.67,False,81.67
1996,81.67,False,81.67
1997,81.67,False,81.67
1998,81.67,False,81.67
1999,81.67,False,81.67
2000,81.67,False,81.67
2001,81.67,False,81.67
2002,81.67,False,81.67
2003,81.67,False,81.67
2004,81.67,False,81.67
2005,81.67,False,81.67
2006,81.67,False,81.67
2007,81.67,False,81.67
2008,109.17,False,87.17
2009,109.17,False,92.67
2010,109.17,False,98.17
2011,109.17,False,103.67
2012,109.17,False,109.17
2013,109.17,False,109.17
2014,109.17,False,109.17
2015,109.17,False,109.17
2016,109.17,False,109.17
2017,109.17,False,109.17
2018,109.17,False,109.17
2019,109.17,False,109.17
2020,109.17,False,109.17
2021,109.17,False,109.17
2022,109.17,False,109.17
2023,109.17,False,109.17
2024,109.17,False,109.17
2025,109.17,False,109.17
2026,109.17,False,109.17
2027,109.17,False,109.17
2028,109.17,False,109.17
2029,109.17,False,109.17
2030,109.17,False,109.17
2031,109.17,False,109.17
2032,109.17,False,109.17
2033,109.17,False,109.17
2034,109.17,False,109.17
2035,109.17,False,109.17
2036,109.17,False,109.17
2037,109.17,False,109.17
2038,109.17,False,109.17
2058,135.83,False,114.502
2059,135.83,False,119.83400000000002
2060,135.83,False,125.16600000000001
2061,135.83,False,130.49800000000002
2062,135.83,False,135.83
2063,135.83,False,135.83
2064,135.83,False,135.83
2065,135.83,False,135.83
2066,135.83,False,135.83
2067,135.83,False,135.83
2068,135.83,False,135.83
2069,135.83,False,135.83
2070,135.83,False,135.83
2071,135.83,False,135.83
2072,135.83,False,135.83
2073,135.83,False,135.83
2074,135.83,False,135.83
2075,135.83,False,135.83
2076,135.83,False,135.83
2077,135.83,False,135.83
2078,135.83,False,135.83
2079,135.83,False,135.83
2080,135.83,False,135.83
2081,135.83,False,135.83
2082,135.83,False,135.83
2083,135.83,False,135.83
2084,135.83,False,135.83
2085,135.83,False,135.83
2086,135.83,False,135.83
2087,135.83,False,135.83
2088,135.83,False,135.83
2089,93.33,False,127.33000000000001
2090,93.33,False,118.83
2091,93.33,False,110.33
2092,93.33,False,101.83
2093,93.33,False,93.33
2094,93.33,False,93.33
2095,93.33,False,93.33
2096,93.33,False,93.33
2097,93.33,False,93.33
2098,93.33,False,93.33
2099,93.33,False,93.33
2100,93.33,False,93.33
2101,93.33,False,93.33
2102,93.33,False,93.33
2103,93.33,False,93.33
2104,93.33,False,93.33
2105,93.33,False,93.33
2106,93.33,False,93.33
2107,93.33,False,93.33
2108,93.33,False,93.33
2109,93.33,False,93.33
2110,93.33,False,93.33
2111,93.33,False,93.33
2112,93.33,False,93.33
2113,93.33,False,93.33
2114,93.33,False,93.33
2115,93.33,False,93.33
2116,93.33,False,93.33
2117,93.33,False,93.33
2118,93.33,False,93.33
2119,70.0,False,88.66399999999999
2120,70.0,False,83.998
2121,70.0,False,79.332
2122,70.0,False,74.66600000000001
2123,70.0,False,70.0
2124,70.0,False,70.0
2125,70.0,False,70.0
2126,70.0,False,70.0
2127,70.0,False,70.0
2128,70.0,False,70.0
2129,70.0,False,70.0
2130,70.0,False,70.0
2131,70.0,False,70.0
2132,70.0,False,70.0
2133,70.0,False,70.0
2134,70.0,False,70.0
2135,70.0,False,70.0
2136,70.0,False,70.0
2137,70.0,False,70.0
2138,70.0,False,70.0
2139,70.0,False,70.0
2140,70.0,False,70.0
2141,70.0,False,70.0
2142,70.0,False,70.0
2143,70.0,False,70.0
2144,70.0,False,70.0
2145,70.0,False,70.0
2146,70.0,False,70.0
2147,70.0,False,70.0
2148,70.0,False,70.0
2149,70.0,False,70.0
2150,62.5,False,68.5
2151,62.5,False,67.0
2152,62.5,False,65.5
2153,62.5,False,64.0
2154,62.5,False,62.5
2155,62.5,False,62.5
2156,62.5,False,62.5
2157,62.5,False,62.5
2158,62.5,False,62.5
2159,62.5,False,62.5
2160,62.5,False,62.5
2161,62.5,False,62.5
2162,62.5,False,62.5
2163,62.5,False,62.5
2164,62.5,False,62.5
2165,62.5,False,62.5
2166,62.5,False,62.5
2167,62.5,False,62.5
2168,62.5,False,62.5
2169,62.5,False,62.5
2170,62.5,False,62.5
2171,62.5,False,62.5
2172,62.5,False,62.5
2173,62.5,False,62.5
2174,62.5,False,62.5
2175,62.5,False,62.5
2176,62.5,False,62.5
2177,62.5,False,62.5
2178,62.5,False,62.5
2179,62.5,False,62.5
2180,61.67,False,62.334
2181,61.67,False,62.168000000000006
2182,61.67,False,62.001999999999995
2183,61.67,False,61.836
2184,61.67,False,61.67
2185,61.67,False,61.67
2186,61.67,False,61.67
2187,61.67,False,61.67
2188,61.67,False,61.67
2189,61.67,False,61.67
2190,61.67,False,61.67
2191,61.67,False,61.67
2192,61.67,False,61.67
2193,61.67,False,61.67
2194,61.67,False,61.67
2195,61.67,False,61.67
2196,61.67,False,61.67
2197,61.67,False,61.67
2198,61.67,False,61.67
2199,61.67,False,61.67
2200,61.67,False,61.67
2201,61.67,False,61.67
2202,61.67,False,61.67
2203,61.67,False,61.67
2204,61.67,False,61.67
2205,61.67,False,61.67
2206,61.67,False,61.67
2207,61.67,False,61.67
2208,61.67,False,61.67
2209,61.67,False,61.67
2210,61.67,False,61.67
2211,62.5,False,61.836
2212,62.5,False,62.001999999999995
2213,62.5,False,62.16799999999999
2214,62.5,False,62.334
2215,62.5,False,62.5
2216,62.5,False,62.5
2217,62.5,False,62.5
2218,62.5,False,62.5
2219,62.5,False,62.5
2220,62.5,False,62.5
2221,62.5,False,62.5
2222,62.5,False,62.5
2223,62.5,False,62.5
2224,62.5,False,62.5
2225,62.5,False,62.5
2226,62.5,False,62.5
2227,62.5,False,62.5
2228,62.5,False,62.5
2229,62.5,False,62.5
2230,62.5,False,62.5
2231,62.5,False,62.5
2232,62.5,False,62.5
2233,62.5,False,62.5
2234,62.5,False,62.5
2235,62.5,False,62.5
2236,62.5,False,62.5
2237,62.5,False,62.5
2238,62.5,False,62.5
2239,62.5,False,62.5
2240,62.5,False,62.5
2241,63.33,False,62.666
2242,63.33,False,62.831999999999994
2243,63.33,False,62.998000000000005
2244,63.33,False,63.164
2245,63.33,False,63.33
2246,63.33,False,63.33
2247,63.33,False,63.33
2248,63.33,False,63.33
2249,63.33,False,63.33
2250,63.33,False,63.33
2251,63.33,False,63.33
2252,63.33,False,63.33
2253,63.33,False,63.33
2254,63.33,False,63.33
2255,63.33,False,63.33
2256,63.33,False,63.33
2257,63.33,False,63.33
2258,63.33,False,63.33
2259,63.33,False,63.33
2260,63.33,False,63.33
2261,63.33,False,63.33
2262,63.33,False,63.33
2263,63.33,False,63.33
2264,63.33,False,63.33
2265,63.33,False,63.33
2266,63.33,False,63.33
2267,63.33,False,63.33
2268,63.33,False,63.33
2269,63.33,False,63.33
2270,63.33,False,63.33
2271,62.5,False,63.164
2272,62.5,False,62.998000000000005
2273,62.5,False,62.83200000000001
2274,62.5,False,62.666
2275,62.5,False,62.5
2276,62.5,False,62.5
2277,62.5,False,62.5
2278,62.5,False,62.5
2279,62.5,False,62.5
2280,62.5,False,62.5
2281,62.5,False,62.5
2282,62.5,False,62.5
2283,62.5,False,62.5
2284,62.5,False,62.5
2285,62.5,False,62.5
2286,62.5,False,62.5
2287,62.5,False,62.5
2288,62.5,False,62.5
2289,62.5,False,62.5
2290,62.5,False,62.5
2291,62.5,False,62.5
2292,62.5,False,62.5
2293,62.5,False,62.5
2294,62.5,False,62.5
2295,62.5,False,62.5
2296,62.5,False,62.5
2297,62.5,False,62.5
2298,62.5,False,62.5
2299,62.5,False,62.5
2300,62.5,False,62.5
2301,62.5,False,62.5
2302,63.33,False,62.66600000000001
2303,63.33,False,62.83200000000001
2304,63.33,False,62.998000000000005
2305,63.33,False,63.164
2306,63.33,False,63.33
2307,63.33,False,63.33
2308,63.33,False,63.33
2309,63.33,False,63.33
2310,63.33,False,63.33
2311,63.33,False,63.33
2312,63.33,False,63.33
2313,63.33,False,63.33
2314,63.33,False,63.33
2315,63.33,False,63.33
2316,63.33,False,63.33
2317,63.33,False,63.33
2318,63.33,False,63.33
2319,63.33,False,63.33
2320,63.33,False,63.33
2321,63.33,False,63.33
2322,63.33,False,63.33
2323,63.33,False,63.33
2324,63.33,False,63.33
2325,63.33,False,63.33
2326,63.33,False,63.33
2327,63.33,False,63.33
2328,63.33,False,63.33
2329,63.33,False,63.33
2330,63.33,False,63.33
2331,63.33,False,63.33
2332,63.33,False,63.33
2333,63.33,False,63.33
2334,63.33,False,63.33
2335,63.33,False,63.33
2336,63.33,False,63.33
2337,63.33,False,63.33
2338,63.33,False,63.33
2339,63.33,False,63.33
2340,63.33,False,63.33
2341,63.33,False,63.33
2342,63.33,False,63.33
2343,63.33,False,63.33
2344,63.33,False,63.33
2345,63.33,False,63.33
2346,63.33,False,63.33
2347,63.33,False,63.33
2348,63.33,False,63.33
2349,63.33,False,63.33
2350,63.33,False,63.33
2351,63.33,False,63.33
2352,63.33,False,63.33
2353,63.33,False,63.33
2354,63.33,False,63.33
2355,63.33,False,63.33
2356,63.33,False,63.33
2357,63.33,False,63.33
2358,63.33,False,63.33
2359,63.33,False,63.33
2360,63.33,False,63.33
2361,63.33,False,63.33
2362,63.33,False,63.33
2363,63.33,False,63.33
2364,63.33,False,63.33
2365,63.33,False,63.33
2366,63.33,False,63.33
2367,63.33,False,63.33
2368,63.33,False,63.33
2369,63.33,False,63.33
2370,63.33,False,63.33
2371,63.33,False,63.33
2372,63.33,False,63.33
2373,63.33,False,63.33
2374,63.33,False,63.33
2375,63.33,False,63.33
2376,63.33,False,63.33
2377,63.33,False,63.33
2378,63.33,False,63.33
2379,63.33,False,63.33
2380,63.33,False,63.33
2381,63.33,False,63.33
2382,63.33,False,63.33
2383,63.33,False,63.33
2384,63.33,False,63.33
2385,63.33,False,63.33
2386,63.33,False,63.33
2387,63.33,False,63.33
2388,63.33,False,63.33
2389,63.33,False,63.33
2390,63.33,False,63.33
2391,63.33,False,63.33
2392,63.33,False,63.33
2393,63.33,False,63.33
2394,63.33,False,63.33
2395,63.33,False,63.33
2396,63.33,False,63.33
2397,63.33,False,63.33
2398,63.33,False,63.33
2399,63.33,False,63.33
2400,63.33,False,63.33
2401,63.33,False,63.33
2402,63.33,False,63.33
2403,63.33,False,63.33
2404,63.33,False,63.33
2405,63.33,False,63.33
2406,63.33,False,63.33
2407,63.33,False,63.33
2408,63.33,False,63.33
2409,63.33,False,63.33
2410,63.33,False,63.33
2411,63.33,False,63.33
2412,63.33,False,63.33
2413,63.33,False,63.33
2414,63.33,False,63.33
2415,63.33,False,63.33
2416,63.33,False,63.33
2417,63.33,False,63.33
2418,63.33,False,63.33
2419,63.33,False,63.33
2420,63.33,False,63.33
2421,63.33,False,63.33
2422,63.33,False,63.33
2423,63.33,False,63.33
2424,63.33,False,63.33
2425,63.33,False,63.33
2426,63.33,False,63.33
2427,63.33,False,63.33
2428,63.33,False,63.33
2429,63.33,False,63.33
2430,63.33,False,63.33
2431,63.33,False,63.33
2432,63.33,False,63.33
2433,63.33,False,63.33
2434,63.33,False,63.33
2435,63.33,False,63.33
2436,63.33,False,63.33
2437,63.33,False,63.33
2438,63.33,False,63.33
2439,63.33,False,63.33
2440,63.33,False,63.33
2441,63.33,False,63.33
2442,63.33,False,63.33
2443,63.33,False,63.33
2444,63.33,False,63.33
2445,63.33,False,63.33
2446,63.33,False,63.33
2447,63.33,False,63.33
2448,63.33,False,63.33
2449,63.33,False,63.33
2450,63.33,False,63.33
2451,63.33,False,63.33
2452,63.33,False,63.33
2453,63.33,False,63.33
2454,63.33,False,63.33
2455,63.33,False,63.33
2456,63.33,False,63.33
2457,63.33,False,63.33
2458,63.33,False,63.33
2459,63.33,False,63.33
2460,63.33,False,63.33
2461,63.33,False,63.33
2462,63.33,False,63.33
2463,63.33,False,63.33
2464,63.33,False,63.33
2465,63.33,False,63.33
2466,63.33,False,63.33
2467,63.33,False,63.33
2468,63.33,False,63.33
2469,63.33,False,63.33
2470,63.33,False,63.33
2471,63.33,False,63.33
2472,63.33,False,63.33
2473,63.33,False,63.33
2474,63.33,False,63.33
2475,63.33,False,63.33
2476,63.33,False,63.33
2477,63.33,False,63.33
2478,63.33,False,63.33
2479,63.33,False,63.33
2480,63.33,False,63.33
2481,63.33,False,63.33
2482,63.33,False,63.33
2483,63.33,False,63.33
2484,63.33,False,63.33
2485,63.33,False,63.33
2486,63.33,False,63.33
2487,63.33,False,63.33
2488,63.33,False,63.33
2489,63.33,False,63.33
2490,63.33,False,63.33
2491,63.33,False,63.33
2492,63.33,False,63.33
2493,63.33,False,63.33
2494,63.33,False,63.33
2495,63.33,False,63.33
2496,63.33,False,63.33
2497,63.33,False,63.33
2498,63.33,False,63.33
2499,63.33,False,63.33
2500,63.33,False,63.33
2501,63.33,False,63.33
2502,63.33,False,63.33
2503,63.33,False,63.33
2504,63.33,False,63.33
2505,63.33,False,63.33
2506,63.33,False,63.33
2507,63.33,False,63.33
2508,63.33,False,63.33
2509,63.33,False,63.33
2510,63.33,False,63.33
2511,63.33,False,63.33
2512,63.33,False,63.33
2513,63.33,False,63.33
2514,63.33,False,63.33
2515,63.33,False,63.33
2516,63.33,False,63.33
2517,63.33,False,63.33
2518,63.33,False,63.33
2519,63.33,False,63.33
2520,63.33,False,63.33
2521,63.33,False,63.33
2522,63.33,False,63.33
2523,63.33,False,63.33
2524,63.33,False,63.33
2525,63.33,False,63.33
2526,63.33,False,63.33
2527,63.33,False,63.33
2528,63.33,False,63.33
2529,63.33,False,63.33
2530,63.33,False,63.33
2531,63.33,False,63.33
2532,63.33,False,63.33
2533,63.33,False,63.33
2534,63.33,False,63.33
2535,63.33,False,63.33
2536,63.33,False,63.33
2537,63.33,False,63.33
2538,63.33,False,63.33
2539,63.33,False,63.33
2540,63.33,False,63.33
2541,63.33,False,63.33
2542,63.33,False,63.33
2543,63.33,False,63.33
2544,63.33,False,63.33
2545,63.33,False,63.33
2546,63.33,False,63.33
2547,63.33,False,63.33
2548,63.33,False,63.33
2549,63.33,False,63.33
2550,63.33,False,63.33
2551,63.33,False,63.33
2552,63.33,False,63.33
2553,63.33,False,63.33
2554,63.33,False,63.33
2555,63.33,False,63.33
2556,63.33,False,63.33
2557,63.33,False,63.33
2558,63.33,False,63.33
2559,63.33,False,63.33
2560,63.33,False,63.33
2561,63.33,False,63.33
2562,63.33,False,63.33
2563,63.33,False,63.33
2564,63.33,False,63.33
2565,63.33,False,63.33
2566,63.33,False,63.33
2567,63.33,False,63.33
2568,63.33,False,63.33
2569,63.33,False,63.33
2570,63.33,False,63.33
2571,63.33,False,63.33
2572,63.33,False,63.33
2573,63.33,False,63.33
2574,63.33,False,63.33
2575,63.33,False,63.33
2576,63.33,False,63.33
2577,63.33,False,63.33
2578,63.33,False,63.33
2579,63.33,False,63.33
2580,63.33,False,63.33
2581,63.33,False,63.33
2582,63.33,False,63.33
2583,63.33,False,63.33
2584,63.33,False,63.33
2585,63.33,False,63.33
2586,63.33,False,63.33
2587,63.33,False,63.33
2588,63.33,False,63.33
2589,63.33,False,63.33
2590,63.33,False,63.33
2591,63.33,False,63.33
2592,63.33,False,63.33
2593,63.33,False,63.33
2594,63.33,False,63.33
2595,63.33,False,63.33
2596,63.33,False,63.33
2597,63.33,False,63.33
2598,63.33,False,63.33
2599,63.33,False,63.33
2600,63.33,False,63.33
2601,63.33,False,63.33
2602,63.33,False,63.33
2603,63.33,False,63.33
2604,63.33,False,63.33
2605,63.33,False,63.33
2606,63.33,False,63.33
2607,63.33,False,63.33
2608,63.33,False,63.33
2609,63.33,False,63.33
2610,63.33,False,63.33
2611,63.33,False,63.33
2612,63.33,False,63.33
2613,63.33,False,63.33
2614,63.33,False,63.33
2615,63.33,False,63.33
2616,63.33,False,63.33
2617,63.33,False,63.33
2618,63.33,False,63.33
2619,63.33,False,63.33
2620,63.33,False,63.33
2621,63.33,False,63.33
2622,63.33,False,63.33
2623,63.33,False,63.33
2624,63.33,False,63.33
2625,63.33,False,63.33
2626,63.33,False,63.33
2627,63.33,False,63.33
2628,63.33,False,63.33
2629,63.33,False,63.33
2630,63.33,False,63.33
2631,63.33,False,63.33
2632,63.33,False,63.33
2633,63.33,False,63.33
2634,63.33,False,63.33
2635,63.33,False,63.33
2636,63.33,False,63.33
2637,63.33,False,63.33
2638,63.33,False,63.33
2639,63.33,False,63.33
2640,63.33,False,63.33
2641,63.33,False,63.33
2642,63.33,False,63.33
2643,63.33,False,63.33
2644,63.33,False,63.33
2645,63.33,False,63.33
2646,63.33,False,63.33
2647,63.33,False,63.33
2648,63.33,False,63.33
2649,63.33,False,63.33
2650,63.33,False,63.33
2651,63.33,False,63.33
2652,63.33,False,63.33
2653,63.33,False,63.33
2654,63.33,False,63.33
2655,63.33,False,63.33
2656,63.33,False,63.33
2657,63.33,False,63.33
2658,63.33,False,63.33
2659,63.33,False,63.33
2660,63.33,False,63.33
2661,63.33,False,63.33
2662,63.33,False,63.33
2663,63.33,False,63.33
2664,63.33,False,63.33
2665,63.33,False,63.33
2666,63.33,False,63.33
2667,63.33,False,63.33
2668,63.33,False,63.33
2669,63.33,False,63.33
2670,63.33,False,63.33
2671,63.33,False,63.33
2672,63.33,False,63.33
2673,63.33,False,63.33
2674,63.33,False,63.33
2675,63.33,False,63.33
2676,63.33,False,63.33
2677,63.33,False,63.33
2678,63.33,False,63.33
2679,63.33,False,63.33
2680,63.33,False,63.33
2681,63.33,False,63.33
2682,63.33,False,63.33
2683,63.33,False,63.33
2684,63.33,False,63.33
2685,63.33,False,63.33
2686,63.33,False,63.33
2687,63.33,False,63.33
2688,63.33,False,63.33
2689,63.33,False,63.33
2690,63.33,False,63.33
2691,63.33,False,63.33
2692,63.33,False,63.33
2693,63.33,False,63.33
2694,63.33,False,63.33
2695,63.33,False,63.33
2696,63.33,False,63.33
2697,63.33,False,63.33
2698,63.33,False,63.33
2699,63.33,False,63.33
2700,63.33,False,63.33
2701,63.33,False,63.33
2702,63.33,False,63.33
2703,63.33,False,63.33
2704,63.33,False,63.33
2705,63.33,False,63.33
2706,63.33,False,63.33
2707,63.33,False,63.33
2708,63.33,False,63.33
2709,63.33,False,63.33
2710,63.33,False,63.33
2711,63.33,False,63.33
2712,63.33,False,63.33
2713,63.33,False,63.33
2714,63.33,False,63.33
2715,63.33,False,63.33
2716,63.33,False,63.33
2717,63.33,False,63.33
2718,63.33,False,63.33
2719,63.33,False,63.33
2720,63.33,False,63.33
2721,63.33,False,63.33
2722,63.33,False,63.33
2723,63.33,False,63.33
2724,63.33,False,63.33
2725,63.33,False,63.33
2726,63.33,False,63.33
2727,63.33,False,63.33
2728,63.33,False,63.33
2729,63.33,False,63.33
2730,63.33,False,63.33
2731,63.33,False,63.33
2732,63.33,False,63.33
2733,63.33,False,63.33
2734,63.33,False,63.33
2735,63.33,False,63.33
2736,63.33,False,63.33
2737,63.33,False,63.33
2738,63.33,False,63.33
2739,63.33,False,63.33
2740,63.33,False,63.33
2741,63.33,False,63.33
2742,63.33,False,63.33
2743,63.33,False,63.33
2744,63.33,False,63.33
2745,63.33,False,63.33
2746,63.33,False,63.33
2747,63.33,False,63.33
2748,63.33,False,63.33
2749,63.33,False,63.33
2750,63.33,False,63.33
2751,63.33,False,63.33
2752,63.33,False,63.33
2753,63.33,False,63.33
2754,63.33,False,63.33
2755,63.33,False,63.33
2756,63.33,False,63.33
2757,63.33,False,63.33
2758,63.33,False,63.33
2759,63.33,False,63.33
2760,63.33,False,63.33
2761,63.33,False,63.33
2762,63.33,False,63.33
2763,63.33,False,63.33
2764,63.33,False,63.33
2765,63.33,False,63.33
2766,63.33,False,63.33
2767,63.33,False,63.33
2768,63.33,False,63.33
2769,63.33,False,63.33
2770,63.33,False,63.33
2771,63.33,False,63.33
2772,63.33,False,63.33
2773,63.33,False,63.33
2774,63.33,False,63.33
2775,63.33,False,63.33
2776,63.33,False,63.33
2777,63.33,False,63.33
2778,63.33,False,63.33
2779,63.33,False,63.33
2780,63.33,False,63.33
2781,63.33,False,63.33
2782,63.33,False,63.33
2783,63.33,False,63.33
2784,63.33,False,63.33
2785,63.33,False,63.33
2786,63.33,False,63.33
2787,63.33,False,63.33
2788,63.33,False,63.33
2789,63.33,False,63.33
2790,63.33,False,63.33
2791,63.33,False,63.33
2792,63.33,False,63.33
2793,63.33,False,63.33
2794,63.33,False,63.33
2795,63.33,False,63.33
2796,63.33,False,63.33
2797,63.33,False,63.33
2798,63.33,False,63.33
2799,63.33,False,63.33
2800,63.33,False,63.33
2801,63.33,False,63.33
2802,63.33,False,63.33
2803,63.33,False,63.33
2804,63.33,False,63.33
2805,63.33,False,63.33
2806,63.33,False,63.33
2807,63.33,False,63.33
2808,63.33,False,63.33
2809,63.33,False,63.33
2810,63.33,False,63.33
2811,63.33,False,63.33
2812,63.33,False,63.33
2813,63.33,False,63.33
2814,63.33,False,63.33
2815,63.33,False,63.33
2816,63.33,False,63.33
2817,63.33,False,63.33
2818,63.33,False,63.33
2819,63.33,False,63.33
2820,63.33,False,63.33
2821,63.33,False,63.33
2822,63.33,False,63.33
2823,63.33,False,63.33
2824,63.33,False,63.33
2825,63.33,False,63.33
2826,63.33,False,63.33
2827,63.33,False,63.33
2828,63.33,False,63.33
2829,63.33,False,63.33
2830,63.33,False,63.33
2831,63.33,False,63.33
2832,63.33,False,63.33
2833,63.33,False,63.33
2834,63.33,False,63.33
2835,63.33,False,63.33
2836,63.33,False,63.33
2837,63.33,False,63.33
2838,63.33,False,63.33
2839,63.33,False,63.33
2840,63.33,False,63.33
2841,63.33,False,63.33
2842,63.33,False,63.33
2843,63.33,False,63.33
2844,63.33,False,63.33
2845,63.33,False,63.33
2846,63.33,False,63.33
2847,63.33,False,63.33
2848,63.33,False,63.33
2849,63.33,False,63.33
2850,63.33,False,63.33
2851,63.33,False,63.33
2852,63.33,False,63.33
2853,63.33,False,63.33
2854,63.33,False,63.33
2855,63.33,False,63.33
2856,63.33,False,63.33
2857,63.33,False,63.33
2858,63.33,False,63.33
2859,63.33,False,63.33
2860,63.33,False,63.33
2861,63.33,False,63.33
2862,63.33,False,63.33
2863,63.33,False,63.33
2864,63.33,False,63.33
2865,63.33,False,63.33
2866,63.33,False,63.33
2867,63.33,False,63.33
2868,63.33,False,63.33
2869,63.33,False,63.33
2870,63.33,False,63.33
2871,63.33,False,63.33
2872,63.33,False,63.33
2873,63.33,False,63.33
2874,63.33,False,63.33
2875,63.33,False,63.33
2876,63.33,False,63.33
2877,63.33,False,63.33
2878,63.33,False,63.33
2879,63.33,False,63.33
2880,63.33,False,63.33
2881,63.33,False,63.33
2882,63.33,False,63.33
2883,63.33,False,63.33
2884,63.33,False,63.33
2885,63.33,False,63.33
2886,63.33,False,63.33
2887,63.33,False,63.33
2888,63.33,False,63.33
2889,63.33,False,63.33
2890,63.33,False,63.33
2891,63.33,False,63.33
2892,63.33,False,63.33
2893,63.33,False,63.33
2894,63.33,False,63.33
2895,63.33,False,63.33
2896,63.33,False,63.33
2897,63.33,False,63.33
2898,63.33,False,63.33
2899,63.33,False,63.33
2900,63.33,False,63.33
2901,63.33,False,63.33
2902,63.33,False,63.33
2903,63.33,False,63.33
2904,63.33,False,63.33
2905,63.33,False,63.33
2906,63.33,False,63.33
2907,63.33,False,63.33
2908,63.33,False,63.33
2909,63.33,False,63.33
2910,63.33,False,63.33
2911,63.33,False,63.33
2912,63.33,False,63.33
2913,63.33,False,63.33
2914,63.33,False,63.33
2915,63.33,False,63.33
2916,63.33,False,63.33
2917,63.33,False,63.33
2918,63.33,False,63.33
2919,63.33,False,63.33
2920,63.33,False,63.33
2921,63.33,False,63.33
2922,63.33,False,63.33
2923,63.33,False,63.33
2924,63.33,False,63.33
2925,63.33,False,63.33
2926,63.33,False,63.33
2927,63.33,False,63.33
2928,63.33,False,63.33
2929,63.33,False,63.33
2930,63.33,False,63.33
2931,63.33,False,63.33
2932,63.33,False,63.33
2933,63.33,False,63.33
2934,63.33,False,63.33
2935,63.33,False,63.33
2936,63.33,False,63.33
2937,63.33,False,63.33
2938,63.33,False,63.33
2939,63.33,False,63.33
2940,63.33,False,63.33
2941,63.33,False,63.33
2942,63.33,False,63.33
2943,63.33,False,63.33
2944,63.33,False,63.33
2945,63.33,False,63.33
2946,63.33,False,63.33
2947,63.33,False,63.33
2948,63.33,False,63.33
2949,63.33,False,63.33
2950,63.33,False,63.33
2951,63.33,False,63.33
2952,63.33,False,63.33
2953,63.33,False,63.33
2954,63.33,False,63.33
2955,63.33,False,63.33
2956,63.33,False,63.33
2957,63.33,False,63.33
2958,63.33,False,63.33
2959,63.33,False,63.33
2960,63.33,False,63.33
2961,63.33,False,63.33
2962,63.33,False,63.33
2963,63.33,False,63.33
2964,63.33,False,63.33
2965,63.33,False,63.33
2966,63.33,False,63.33
2967,63.33,False,63.33
2968,63.33,False,63.33
2969,63.33,False,63.33
2970,63.33,False,63.33
2971,63.33,False,63.33
2972,63.33,False,63.33
2973,63.33,False,63.33
2974,63.33,False,63.33
2975,63.33,False,63.33
2976,63.33,False,63.33
2977,63.33,False,63.33
2978,63.33,False,63.33
2979,63.33,False,63.33
2980,63.33,False,63.33
2981,63.33,False,63.33
2982,63.33,False,63.33
2983,63.33,False,63.33
2984,63.33,False,63.33
2985,63.33,False,63.33
2986,63.33,False,63.33
2987,63.33,False,63.33
2988,63.33,False,63.33
2989,63.33,False,63.33
2990,63.33,False,63.33
2991,63.33,False,63.33
2992,63.33,False,63.33
2993,63.33,False,63.33
2994,63.33,False,63.33
2995,63.33,False,63.33
2996,63.33,False,63.33
2997,63.33,False,63.33
2998,63.33,False,63.33
2999,63.33,False,63.33
3000,63.33,False,63.33
3001,63.33,False,63.33
3002,63.33,False,63.33
3003,63.33,False,63.33
3004,63.33,False,63.33
3005,63.33,False,63.33
3006,63.33,False,63.33
3007,63.33,False,63.33
3008,63.33,False,63.33
3009,63.33,False,63.33
3010,63.33,False,63.33
3011,63.33,False,63.33
3012,63.33,False,63.33
3013,63.33,False,63.33
3014,63.33,False,63.33
3015,63.33,False,63.33
3016,63.33,False,63.33
3017,63.33,False,63.33
3018,63.33,False,63.33
3019,63.33,False,63.33
3020,63.33,False,63.33
3021,63.33,False,63.33
3022,63.33,False,63.33
3023,63.33,False,63.33
3024,63.33,False,63.33
3025,63.33,False,63.33
3026,63.33,False,63.33
3027,63.33,False,63.33
3028,63.33,False,63.33
3029,63.33,False,63.33
3030,63.33,False,63.33
3031,63.33,False,63.33
3032,63.33,False,63.33
3033,63.33,False,63.33
3034,63.33,False,63.33
3035,63.33,False,63.33
3036,63.33,False,63.33
3037,63.33,False,63.33
3038,63.33,False,63.33
3039,63.33,False,63.33
3040,63.33,False,63.33
3041,63.33,False,63.33
3042,63.33,False,63.33
3043,63.33,False,63.33
3044,63.33,False,63.33
3045,63.33,False,63.33
3046,63.33,False,63.33
3047,63.33,False,63.33
3048,63.33,False,63.33
3049,63.33,False,63.33
3050,63.33,False,63.33
3051,63.33,False,63.33
3052,63.33,False,63.33
3053,63.33,False,63.33
3054,63.33,False,63.33
3055,63.33,False,63.33
3056,63.33,False,63.33
3057,63.33,False,63.33
3058,63.33,False,63.33
3059,63.33,False,63.33
3060,63.33,False,63.33
3061,64.17,False,63.498000000000005
3062,64.17,False,63.66600000000001
3063,64.17,False,63.834
3064,64.17,False,64.002
3065,64.17,False,64.17
3066,64.17,False,64.17
3067,64.17,False,64.17
3068,64.17,False,64.17
3069,64.17,False,64.17
3070,64.17,False,64.17
3071,64.17,False,64.17
3072,64.17,False,64.17
3073,65.0,False,64.33600000000001
3074,65.0,False,64.502
3075,65.0,False,64.668
3076,65.0,False,64.83399999999999
3077,65.0,False,65.0
3078,65.0,False,65.0
3079,65.0,False,65.0
3080,65.0,False,65.0
3081,65.0,False,65.0
3082,65.0,False,65.0
3083,65.0,False,65.0
3084,65.0,False,65.0
3085,65.0,False,65.0
3086,65.0,False,65.0
3087,65.0,False,65.0
3088,65.0,False,65.0
3089,65.0,False,65.0
3090,65.0,False,65.0
3091,65.0,False,65.0
3092,65.0,False,65.0
3093,65.0,False,65.0
3094,65.0,False,65.0
3095,65.0,False,65.0
3096,65.0,False,65.0
3097,65.0,False,65.0
3098,65.0,False,65.0
3099,65.0,False,65.0
3100,65.0,False,65.0
3101,65.0,False,65.0
3102,65.0,False,65.0
3103,65.0,False,65.0
3104,65.0,False,65.0
3105,65.0,False,65.0
3106,65.0,False,65.0
3107,65.0,False,65.0
3108,65.0,False,65.0
3109,65.0,False,65.0
3110,65.0,False,65.0
3111,65.0,False,65.0
3112,65.0,False,65.0
3113,65.0,False,65.0
3114,65.0,False,65.0
3115,65.0,False,65.0
3116,65.0,False,65.0
3117,65.0,False,65.0
3118,65.0,False,65.0
3119,65.0,False,65.0
3120,65.0,False,65.0
3121,65.0,False,65.0
3122,65.0,False,65.0
3123,65.0,False,65.0
3124,65.0,False,65.0
3125,65.0,False,65.0
3126,65.0,False,65.0
3127,65.0,False,65.0
3128,65.0,False,65.0
3129,65.0,False,65.0
3130,65.0,False,65.0
3131,65.0,False,65.0
3132,65.0,False,65.0
3133,65.0,False,65.0
3134,65.0,False,65.0
3135,65.0,False,65.0
3136,65.0,False,65.0
3137,65.0,False,65.0
3138,65.0,False,65.0
3139,65.0,False,65.0
3140,65.0,False,65.0
3141,65.0,False,65.0
3142,65.0,False,65.0
3143,40.83,False,60.16600000000001
3144,40.83,False,55.331999999999994
3145,40.83,False,50.498000000000005
3146,40.83,False,45.664
3147,40.83,False,40.83
3148,40.83,False,40.83
3149,40.83,False,40.83
3150,40.83,False,40.83
3151,40.83,False,40.83
3152,40.83,False,40.83
3153,40.83,False,40.83
3154,40.83,False,40.83
3155,40.83,False,40.83
3156,40.83,False,40.83
3157,40.83,False,40.83
3158,40.83,False,40.83
3159,40.83,False,40.83
3160,40.83,False,40.83
3161,40.83,False,40.83
3162,40.83,False,40.83
3163,40.83,False,40.83
3164,40.83,False,40.83
3165,40.83,False,40.83
3166,40.83,False,40.83
3167,40.83,False,40.83
3168,40.83,False,40.83
3169,40.83,False,40.83
3170,40.83,False,40.83
3171,40.83,False,40.83
3172,40.83,False,40.83
3173,30.83,False,38.83
3174,30.83,False,36.83
3175,30.83,False,34.83
3176,30.83,False,32.83
3177,30.83,False,30.83
3178,30.83,False,30.83
3179,30.83,False,30.83
3180,30.83,False,30.83
3181,30.83,False,30.83
3182,30.83,False,30.83
3183,30.83,False,30.83
3184,30.83,False,30.83
3185,30.83,False,30.83
3186,30.83,False,30.83
3187,30.83,False,30.83
3188,30.83,False,30.83
3189,30.83,False,30.83
3190,30.83,False,30.83
3191,30.83,False,30.83
3192,30.83,False,30.83
3193,30.83,False,30.83
3194,30.83,False,30.83
3195,30.83,False,30.83
3196,30.83,False,30.83
3197,30.83,False,30.83
3198,30.83,False,30.83
3199,30.83,False,30.83
3200,30.83,False,30.83
3201,30.83,False,30.83
3202,30.83,False,30.83
3203,30.83,False,30.83
3204,30.83,False,30.83
3205,30.83,False,30.83
3206,30.83,False,30.83
3207,30.83,False,30.83
3208,30.83,False,30.83
3209,30.83,False,30.83
3210,30.83,False,30.83
3211,30.83,False,30.83
3212,30.83,False,30.83
3213,30.83,False,30.83
3214,30.83,False,30.83
3215,30.83,False,30.83
3216,30.83,False,30.83
3217,30.83,False,30.83
3218,30.83,False,30.83
3219,30.83,False,30.83
3220,30.83,False,30.83
3221,30.83,False,30.83
3222,30.83,False,30.83
3223,30.83,False,30.83
3224,30.83,False,30.83
3225,30.83,False,30.83
3226,30.83,False,30.83
3227,30.83,False,30.83
3228,30.83,False,30.83
3229,30.83,False,30.83
3230,30.83,False,30.83
3231,30.83,False,30.83
3232,30.83,False,30.83
3233,30.83,False,30.83
3234,30.83,False,30.83
3235,30.83,False,30.83
3236,30.83,False,30.83
3237,30.83,False,30.83
3238,30.83,False,30.83
3239,30.83,False,30.83
3240,30.83,False,30.83
3241,30.83,False,30.83
3242,30.83,False,30.83
3243,30.83,False,30.83
3244,30.83,False,30.83
3245,30.83,False,30.83
3246,30.83,False,30.83
3247,30.83,False,30.83
3248,30.83,False,30.83
3249,30.83,False,30.83
3250,30.83,False,30.83
3251,30.83,False,30.83
3252,30.83,False,30.83
3253,30.83,False,30.83
3254,30.83,False,30.83
3255,30.83,False,30.83
3256,30.83,False,30.83
3257,30.83,False,30.83
3258,30.83,False,30.83
3259,30.83,False,30.83
3260,30.83,False,30.83
3261,30.83,False,30.83
3262,30.83,False,30.83
3263,30.83,False,30.83
3264,30.83,False,30.83
3265,31.67,False,30.998
3266,31.67,False,31.165999999999997
3267,31.67,False,31.334000000000003
3268,31.67,False,31.502
3269,31.67,False,31.67
3270,31.67,False,31.67
3271,31.67,False,31.67
3272,31.67,False,31.67
3273,31.67,False,31.67
3274,31.67,False,31.67
3275,31.67,False,31.67
3276,31.67,False,31.67
3277,31.67,False,31.67
3278,31.67,False,31.67
3279,31.67,False,31.67
3280,31.67,False,31.67
3281,31.67,False,31.67
3282,31.67,False,31.67
3283,31.67,False,31.67
3284,31.67,False,31.67
3285,31.67,False,31.67
3286,31.67,False,31.67
3287,31.67,False,31.67
3288,31.67,False,31.67
3289,31.67,False,31.67
3290,31.67,False,31.67
3291,31.67,False,31.67
3292,31.67,False,31.67
3293,31.67,False,31.67
3294,31.67,False,31.67
3295,31.67,False,31.67
3296,31.67,False,31.67
3297,31.67,False,31.67
3298,31.67,False,31.67
3299,31.67,False,31.67
3300,31.67,False,31.67
3301,31.67,False,31.67
3302,31.67,False,31.67
3303,31.67,False,31.67
3304,31.67,False,31.67
3305,31.67,False,31.67
3306,31.67,False,31.67
3307,31.67,False,31.67
3308,31.67,False,31.67
3309,31.67,False,31.67
3310,31.67,False,31.67
3311,31.67,False,31.67
3312,31.67,False,31.67
3313,31.67,False,31.67
3314,31.67,False,31.67
3315,31.67,False,31.67
3316,31.67,False,31.67
3317,31.67,False,31.67
3318,31.67,False,31.67
3319,31.67,False,31.67
3320,31.67,False,31.67
3321,31.67,False,31.67
3322,31.67,False,31.67
3323,31.67,False,31.67
3324,31.67,False,31.67
3325,31.67,False,31.67
3326,31.67,False,31.67
3327,31.67,False,31.67
3328,31.67,False,31.67
3329,31.67,False,31.67
3330,31.67,False,31.67
3331,31.67,False,31.67
3332,31.67,False,31.67
3333,31.67,False,31.67
3334,31.67,False,31.67
3335,31.67,False,31.67
3336,31.67,False,31.67
3337,31.67,False,31.67
3338,31.67,False,31.67
3339,31.67,False,31.67
3340,31.67,False,31.67
3341,31.67,False,31.67
3342,31.67,False,31.67
3343,31.67,False,31.67
3344,31.67,False,31.67
3345,31.67,False,31.67
3346,31.67,False,31.67
3347,31.67,False,31.67
3348,31.67,False,31.67
3349,31.67,False,31.67
3350,31.67,False,31.67
3351,31.67,False,31.67
3352,31.67,False,31.67
3353,31.67,False,31.67
3354,31.67,False,31.67
3355,31.67,False,31.67
3356,31.67,False,31.67
3357,31.67,False,31.67
3358,31.67,False,31.67
3359,31.67,False,31.67
3360,31.67,False,31.67
3361,31.67,False,31.67
3362,31.67,False,31.67
3363,31.67,False,31.67
3364,31.67,False,31.67
3365,31.67,False,31.67
3366,31.67,False,31.67
3367,31.67,False,31.67
3368,31.67,False,31.67
3369,31.67,False,31.67
3370,31.67,False,31.67
3371,31.67,False,31.67
3372,31.67,False,31.67
3373,31.67,False,31.67
3374,31.67,False,31.67
3375,31.67,False,31.67
3376,31.67,False,31.67
3377,31.67,False,31.67
3378,31.67,False,31.67
3379,31.67,False,31.67
3380,31.67,False,31.67
3381,31.67,False,31.67
3382,31.67,False,31.67
3383,31.67,False,31.67
3384,31.67,False,31.67
3385,31.67,False,31.67
3386,31.67,False,31.67
3387,31.67,False,31.67
3388,31.67,False,31.67
3389,31.67,False,31.67
3390,31.67,False,31.67
3391,31.67,False,31.67
3392,31.67,False,31.67
3393,31.67,False,31.67
3394,31.67,False,31.67
3395,31.67,False,31.67
3396,31.67,False,31.67
3397,31.67,False,31.67
3398,31.67,False,31.67
3399,31.67,False,31.67
3400,31.67,False,31.67
3401,31.67,False,31.67
3402,31.67,False,31.67
3403,31.67,False,31.67
3404,31.67,False,31.67
3405,31.67,False,31.67
3406,31.67,False,31.67
3407,31.67,False,31.67
3408,54.17,False,36.17
3409,54.17,False,40.67
3410,54.17,False,45.17
3411,54.17,False,49.67
3412,54.17,False,54.17
3413,54.17,False,54.17
3414,54.17,False,54.17
3415,54.17,False,54.17
3416,54.17,False,54.17
3417,54.17,False,54.17
3418,54.17,False,54.17
3419,54.17,False,54.17
3420,54.17,False,54.17
3421,54.17,False,54.17
3422,54.17,False,54.17
3423,54.17,False,54.17
3424,54.17,False,54.17
3425,54.17,False,54.17
3426,54.17,False,54.17
3427,54.17,False,54.17
3428,54.17,False,54.17
3429,54.17,False,54.17
3430,54.17,False,54.17
3431,54.17,False,54.17
3432,54.17,False,54.17
3433,54.17,False,54.17
3434,54.17,False,54.17
3435,54.17,False,54.17
3436,54.17,False,54.17
3437,54.17,False,54.17
3438,75.0,False,58.336
3439,75.0,False,62.501999999999995
3440,75.0,False,66.668
3441,75.0,False,70.834
3442,75.0,False,75.0
3443,75.0,False,75.0
3444,75.0,False,75.0
3445,75.0,False,75.0
3446,75.0,False,75.0
3447,75.0,False,75.0
3448,75.0,False,75.0
3449,75.0,False,75.0
3450,75.0,False,75.0
3451,75.0,False,75.0
3452,75.0,False,75.0
3453,75.0,False,75.0
3454,75.0,False,75.0
3455,75.0,False,75.0
3456,75.0,False,75.0
3457,75.0,False,75.0
3458,75.0,False,75.0
3459,75.0,False,75.0
3460,75.0,False,75.0
3461,75.0,False,75.0
3462,75.0,False,75.0
3463,75.0,False,75.0
3464,75.0,False,75.0
3465,75.0,False,75.0
3466,75.0,False,75.0
3467,75.0,False,75.0
3468,75.0,False,75.0
3469,93.33,False,78.666
3470,93.33,False,82.332
3471,93.33,False,85.998
3472,93.33,False,89.664
3473,93.33,False,93.33
3474,93.33,False,93.33
3475,93.33,False,93.33
3476,93.33,False,93.33
3477,93.33,False,93.33
3478,93.33,False,93.33
3479,93.33,False,93.33
3480,93.33,False,93.33
3481,93.33,False,93.33
3482,93.33,False,93.33
3483,93.33,False,93.33
3484,93.33,False,93.33
3485,93.33,False,93.33
3486,93.33,False,93.33
3487,93.33,False,93.33
3488,93.33,False,93.33
3489,93.33,False,93.33
3490,93.33,False,93.33
3491,93.33,False,93.33
3492,93.33,False,93.33
3493,93.33,False,93.33
3494,93.33,False,93.33
3495,93.33,False,93.33
3496,93.33,False,93.33
3497,93.33,False,93.33
3498,93.33,False,93.33
3499,93.33,False,93.33
3500,110.83,False,96.83
3501,110.83,False,100.33
3502,110.83,False,103.83
3503,110.83,False,107.33
3504,110.83,False,110.83
3505,110.83,False,110.83
3506,110.83,False,110.83
3507,110.83,False,110.83
3508,110.83,False,110.83
3509,110.83,False,110.83
3510,110.83,False,110.83
3511,110.83,False,110.83
3512,110.83,False,110.83
3513,110.83,False,110.83
3514,110.83,False,110.83
3515,110.83,False,110.83
3516,110.83,False,110.83
3517,110.83,False,110.83
3518,110.83,False,110.83
3519,110.83,False,110.83
3520,110.83,False,110.83
3521,110.83,False,110.83
3522,110.83,False,110.83
3523,110.83,False,110.83
3524,110.83,False,110.83
3525,110.83,False,110.83
3526,110.83,False,110.83
3527,110.83,False,110.83
3528,110.83,False,110.83
3529,110.83,False,110.83
3530,118.33,False,112.33
3531,118.33,False,113.83
3532,118.33,False,115.33
3533,118.33,False,116.83
3534,118.33,False,118.33
3535,118.33,False,118.33
3536,118.33,False,118.33
3537,118.33,False,118.33
3538,118.33,False,118.33
3539,118.33,False,118.33
3540,118.33,False,118.33
3541,118.33,False,118.33
3542,118.33,False,118.33
3543,118.33,False,118.33
3544,118.33,False,118.33
3545,118.33,False,118.33
3546,118.33,False,118.33
3547,118.33,False,118.33
3548,118.33,False,118.33
3549,118.33,False,118.33
3550,118.33,False,118.33
3551,118.33,False,118.33
3552,118.33,False,118.33
3553,118.33,False,118.33
3554,118.33,False,118.33
3555,118.33,False,118.33
3556,118.33,False,118.33
3557,118.33,False,118.33
3558,118.33,False,118.33
3559,118.33,False,118.33
3560,120.83,False,118.83
3561,120.83,False,119.33
3562,120.83,False,119.83
3563,120.83,False,120.33
3564,120.83,False,120.83
3565,120.83,False,120.83
3566,120.83,False,120.83
3567,120.83,False,120.83
3568,120.83,False,120.83
3569,120.83,False,120.83
3570,120.83,False,120.83
3571,120.83,False,120.83
3572,120.83,False,120.83
3573,120.83,False,120.83
3574,120.83,False,120.83
3575,120.83,False,120.83
3576,120.83,False,120.83
3577,120.83,False,120.83
3578,120.83,False,120.83
3579,120.83,False,120.83
3580,120.83,False,120.83
3581,120.83,False,120.83
3582,120.83,False,120.83
3583,120.83,False,120.83
3584,120.83,False,120.83
3585,125.0,False,121.66399999999999
3586,125.0,False,122.498
3587,125.0,False,123.332
3588,125.0,False,124.16599999999998
3589,125.0,False,125.0
3590,125.0,False,125.0
3591,125.0,False,125.0
3592,125.0,False,125.0
3593,125.0,False,125.0
3594,125.0,False,125.0
3595,125.0,False,125.0
3596,125.0,False,125.0
3597,125.0,False,125.0
3598,125.0,False,125.0
3599,125.0,False,125.0
3600,125.0,False,125.0
3601,125.0,False,125.0
3602,125.0,False,125.0
3603,125.0,False,125.0
3604,125.0,False,125.0
3605,125.0,False,125.0
3606,125.0,False,125.0
3607,125.0,False,125.0
3608,125.0,False,125.0
3609,118.33,False,123.66600000000001
3610,118.33,False,122.332
3611,118.33,False,120.998
3612,118.33,False,119.66399999999999
3613,118.33,False,118.33
3614,118.33,False,118.33
3615,118.33,False,118.33
3616,118.33,False,118.33
3617,118.33,False,118.33
3618,118.33,False,118.33
3619,118.33,False,118.33
3620,118.33,False,118.33
3621,118.33,False,118.33
3622,118.33,False,118.33
3623,118.33,False,118.33
3624,118.33,False,118.33
3625,118.33,False,118.33
3626,118.33,False,118.33
3627,118.33,False,118.33
3628,118.33,False,118.33
3629,118.33,False,118.33
3630,118.33,False,118.33
3631,118.33,False,118.33
3632,118.33,False,118.33
3633,118.33,False,118.33
3634,118.33,False,118.33
3635,118.33,False,118.33
3636,118.33,False,118.33
3637,118.33,False,118.33
3638,118.33,False,118.33
3639,118.33,False,118.33
3640,113.33,False,117.33
3641,113.33,False,116.33
3642,113.33,False,115.33
3643,113.33,False,114.33
3644,113.33,False,113.33
3645,113.33,False,113.33
3646,113.33,False,113.33
3647,113.33,False,113.33
3648,113.33,False,113.33
3649,113.33,False,113.33
3650,113.33,False,113.33
3651,113.33,False,113.33
3652,113.33,False,113.33
3653,113.33,False,113.33
3654,113.33,False,113.33
3655,113.33,False,113.33
3656,113.33,False,113.33
3657,113.33,False,113.33
3658,113.33,False,113.33
3659,113.33,False,113.33
3660,113.33,False,113.33
3661,113.33,False,113.33
3662,113.33,False,113.33
3663,113.33,False,113.33
3664,113.33,False,113.33
3665,113.33,False,113.33
3666,113.33,False,113.33
3667,113.33,False,113.33
3668,113.33,False,113.33
3669,113.33,False,113.33
3670,110.0,False,112.66400000000002
3671,110.0,False,111.998
3672,110.0,False,111.332
3673,110.0,False,110.66600000000001
3674,110.0,False,110.0
3675,110.0,False,110.0
3676,110.0,False,110.0
3677,110.0,False,110.0
3678,110.0,False,110.0
3679,110.0,False,110.0
3680,110.0,False,110.0
3681,110.0,False,110.0
3682,110.0,False,110.0
3683,110.0,False,110.0
3684,110.0,False,110.0
3685,110.0,False,110.0
3686,110.0,False,110.0
3687,110.0,False,110.0
3688,110.0,False,110.0
3689,110.0,False,110.0
3690,110.0,False,110.0
3691,110.0,False,110.0
3692,110.0,False,110.0
3693,110.0,False,110.0
3694,110.0,False,110.0
3695,110.0,False,110.0
3696,110.0,False,110.0
3697,110.0,False,110.0
3698,110.0,False,110.0
3699,110.0,False,110.0
3700,110.0,False,110.0
3701,108.33,False,109.66600000000001
3702,108.33,False,109.332
3703,108.33,False,108.998
3704,108.33,False,108.66400000000002
3705,108.33,False,108.33
3706,108.33,False,108.33
3707,108.33,False,108.33
3708,108.33,False,108.33
3709,108.33,False,108.33
3710,108.33,False,108.33
3711,108.33,False,108.33
3712,108.33,False,108.33
3713,108.33,False,108.33
3714,108.33,False,108.33
3715,108.33,False,108.33
3716,108.33,False,108.33
3717,108.33,False,108.33
3718,108.33,False,108.33
3719,108.33,False,108.33
3720,108.33,False,108.33
3721,108.33,False,108.33
3722,108.33,False,108.33
3723,108.33,False,108.33
3724,108.33,False,108.33
3725,108.33,False,108.33
3726,108.33,False,108.33
3727,108.33,False,108.33
3728,108.33,False,108.33
3729,108.33,False,108.33
3730,108.33,False,108.33
3731,108.33,False,108.33
3732,108.33,False,108.33
3733,108.33,False,108.33
3734,108.33,False,108.33
3735,108.33,False,108.33
3736,108.33,False,108.33
3737,108.33,False,108.33
3738,108.33,False,108.33
3739,108.33,False,108.33
3740,108.33,False,108.33
3741,108.33,False,108.33
3742,108.33,False,108.33
3743,108.33,False,108.33
3744,108.33,False,108.33
3745,108.33,False,108.33
3746,108.33,False,108.33
3747,108.33,False,108.33
3748,108.33,False,108.33
3749,108.33,False,108.33
3750,108.33,False,108.33
3751,108.33,False,108.33
3752,108.33,False,108.33
3753,108.33,False,108.33
3754,108.33,False,108.33
3755,108.33,False,108.33
3756,108.33,False,108.33
3757,108.33,False,108.33
3758,108.33,False,108.33
3759,108.33,False,108.33
3760,108.33,False,108.33
3761,107.5,False,108.16400000000002
3762,107.5,False,107.998
3763,107.5,False,107.832
3764,107.5,False,107.66600000000001
3765,107.5,False,107.5
3766,107.5,False,107.5
3767,107.5,False,107.5
3768,107.5,False,107.5
3769,107.5,False,107.5
3770,107.5,False,107.5
3771,107.5,False,107.5
3772,107.5,False,107.5
3773,107.5,False,107.5
3774,107.5,False,107.5
3775,107.5,False,107.5
3776,107.5,False,107.5
3777,107.5,False,107.5
3778,107.5,False,107.5
3779,107.5,False,107.5
3780,107.5,False,107.5
3781,107.5,False,107.5
3782,107.5,False,107.5
3783,107.5,False,107.5
3784,107.5,False,107.5
3785,107.5,False,107.5
3786,107.5,False,107.5
3787,107.5,False,107.5
3788,107.5,False,107.5
3789,107.5,False,107.5
3790,107.5,False,107.5
3791,107.5,False,107.5
3792,106.67,False,107.33400000000002
3793,106.67,False,107.168
3794,106.67,False,107.002
3795,106.67,False,106.83600000000001
3796,106.67,False,106.67
3797,106.67,False,106.67
3798,106.67,False,106.67
3799,106.67,False,106.67
3800,106.67,False,106.67
3801,106.67,False,106.67
3802,106.67,False,106.67
3803,106.67,False,106.67
3804,106.67,False,106.67
3805,106.67,False,106.67
3806,106.67,False,106.67
3807,106.67,False,106.67
3808,106.67,False,106.67
3809,106.67,False,106.67
3810,106.67,False,106.67
3811,106.67,False,106.67
3812,106.67,False,106.67
3813,106.67,False,106.67
3814,106.67,False,106.67
3815,106.67,False,106.67
3816,106.67,False,106.67
3817,106.67,False,106.67
3818,106.67,False,106.67
3819,106.67,False,106.67
3820,106.67,False,106.67
3821,106.67,False,106.67
3822,106.67,False,106.67
3823,106.67,False,106.67
3824,106.67,False,106.67
3825,106.67,False,106.67
3826,106.67,False,106.67
3827,106.67,False,106.67
3828,106.67,False,106.67
3829,106.67,False,106.67
3830,106.67,False,106.67
3831,106.67,False,106.67
3832,106.67,False,106.67
3833,106.67,False,106.67
3834,106.67,False,106.67
3835,106.67,False,106.67
3836,106.67,False,106.67
3837,106.67,False,106.67
3838,106.67,False,106.67
3839,106.67,False,106.67
3840,106.67,False,106.67
3841,105.0,False,106.33600000000001
3842,105.0,False,106.002
3843,105.0,False,105.668
3844,105.0,False,105.33400000000002
3845,105.0,False,105.0
3846,105.0,False,105.0
3847,105.0,False,105.0
3848,105.0,False,105.0
3849,105.0,False,105.0
3850,105.0,False,105.0
3851,105.0,False,105.0
3852,105.0,False,105.0
3853,105.0,False,105.0
3854,105.0,False,105.0
3855,105.0,False,105.0
3856,105.0,False,105.0
3857,105.0,False,105.0
3858,105.0,False,105.0
3859,105.0,False,105.0
3860,105.0,False,105.0
3861,105.0,False,105.0
3862,105.0,False,105.0
3863,105.0,False,105.0
3864,105.0,False,105.0
3865,105.0,False,105.0
3866,105.0,False,105.0
3867,105.0,False,105.0
3868,104.17,False,104.83399999999999
3869,104.17,False,104.668
3870,104.17,False,104.502
3871,104.17,False,104.33600000000001
3872,104.17,False,104.17
3873,104.17,False,104.17
3874,104.17,False,104.17
3875,104.17,False,104.17
3876,104.17,False,104.17
3877,104.17,False,104.17
3878,104.17,False,104.17
3879,104.17,False,104.17
3880,104.17,False,104.17
3881,104.17,False,104.17
3882,104.17,False,104.17
3883,104.17,False,104.17
3884,104.17,False,104.17
3885,104.17,False,104.17
3886,104.17,False,104.17
3887,104.17,False,104.17
3888,104.17,False,104.17
3889,104.17,False,104.17
3890,104.17,False,104.17
3891,104.17,False,104.17
3892,104.17,False,104.17
3893,104.17,False,104.17
3894,104.17,False,104.17
3895,104.17,False,104.17
3896,104.17,False,104.17
3897,104.17,False,104.17
3898,104.17,False,104.17
3899,104.17,False,104.17
3900,104.17,False,104.17
3901,104.17,False,104.17
3902,104.17,False,104.17
3903,104.17,False,104.17
3904,104.17,False,104.17
3905,104.17,False,104.17
3906,104.17,False,104.17
3907,104.17,False,104.17
3908,104.17,False,104.17
3909,104.17,False,104.17
3910,104.17,False,104.17
3911,104.17,False,104.17
3912,104.17,False,104.17
3913,104.17,False,104.17
3914,104.17,False,104.17
3915,104.17,False,104.17
3916,104.17,False,104.17
3917,104.17,False,104.17
3918,104.17,False,104.17
3919,104.17,False,104.17
3920,104.17,False,104.17
3921,104.17,False,104.17
3922,104.17,False,104.17
3923,104.17,False,104.17
3924,104.17,False,104.17
3925,104.17,False,104.17
3926,104.17,False,104.17
3927,104.17,False,104.17
3928,104.17,False,104.17
3929,104.17,False,104.17
3930,104.17,False,104.17
3931,104.17,False,104.17
3932,104.17,False,104.17
3933,104.17,False,104.17
3934,104.17,False,104.17
3935,104.17,False,104.17
3936,104.17,False,104.17
3937,104.17,False,104.17
3938,104.17,False,104.17
3939,104.17,False,104.17
3940,104.17,False,104.17
3941,104.17,False,104.17
3942,104.17,False,104.17
3943,104.17,False,104.17
3944,104.17,False,104.17
3945,104.17,False,104.17
3946,104.17,False,104.17
3947,104.17,False,104.17
3948,104.17,False,104.17
3949,104.17,False,104.17
3950,104.17,False,104.17
3951,104.17,False,104.17
3952,104.17,False,104.17
3953,104.17,False,104.17
3954,104.17,False,104.17
3955,104.17,False,104.17
3956,104.17,False,104.17
3957,104.17,False,104.17
3958,104.17,False,104.17
3959,104.17,False,104.17
3960,103.33,False,104.002
3961,103.33,False,103.83399999999999
3962,103.33,False,103.66600000000001
3963,103.33,False,103.498
3964,103.33,False,103.33
3965,103.33,False,103.33
3966,103.33,False,103.33
3967,103.33,False,103.33
3968,103.33,False,103.33
3969,103.33,False,103.33
3970,103.33,False,103.33
3971,103.33,False,103.33
3972,103.33,False,103.33
3973,103.33,False,103.33
3974,103.33,False,103.33
3975,103.33,False,103.33
3976,103.33,False,103.33
3977,103.33,False,103.33
3978,103.33,False,103.33
3979,103.33,False,103.33
3980,103.33,False,103.33
3981,103.33,False,103.33
3982,103.33,False,103.33
3983,103.33,False,103.33
3984,103.33,False,103.33
3985,103.33,False,103.33
3986,103.33,False,103.33
3987,103.33,False,103.33
3988,103.33,False,103.33
3989,103.33,False,103.33
3990,103.33,False,103.33
3991,100.83,False,102.83
3992,100.83,False,102.33
3993,100.83,False,101.83
3994,100.83,False,101.33
3995,100.83,False,100.83
3996,100.83,False,100.83
3997,100.83,False,100.83
3998,100.83,False,100.83
3999,100.83,False,100.83
4000,100.83,False,100.83
4001,100.83,False,100.83
4002,100.83,False,100.83
4003,100.83,False,100.83
4004,100.83,False,100.83
4005,100.83,False,100.83
4006,100.83,False,100.83
4007,100.83,False,100.83
4008,100.83,False,100.83
4009,100.83,False,100.83
4010,100.83,False,100.83
4011,100.83,False,100.83
4012,100.83,False,100.83
4013,100.83,False,100.83
4014,100.83,False,100.83
4015,100.83,False,100.83
4016,100.83,False,100.83
4017,100.83,False,100.83
4018,100.83,False,100.83
4019,100.83,False,100.83
4020,100.83,False,100.83
4021,98.33,False,100.33
4022,98.33,False,99.83
4023,98.33,False,99.33
4024,98.33,False,98.83
4025,98.33,False,98.33
4026,98.33,False,98.33
4027,98.33,False,98.33
4028,98.33,False,98.33
4029,98.33,False,98.33
4030,98.33,False,98.33
4031,98.33,False,98.33
4032,98.33,False,98.33
4033,98.33,False,98.33
4034,98.33,False,98.33
4035,98.33,False,98.33
4036,98.33,False,98.33
4037,98.33,False,98.33
4038,98.33,False,98.33
4039,98.33,False,98.33
4040,98.33,False,98.33
4041,98.33,False,98.33
4042,98.33,False,98.33
4043,98.33,False,98.33
4044,98.33,False,98.33
4045,98.33,False,98.33
4046,98.33,False,98.33
4047,98.33,False,98.33
4048,98.33,False,98.33
4049,98.33,False,98.33
4050,98.33,False,98.33
4051,98.33,False,98.33
4052,93.33,False,97.33
4053,93.33,False,96.33
4054,93.33,False,95.33
4055,93.33,False,94.33
4056,93.33,False,93.33
4057,93.33,False,93.33
4058,93.33,False,93.33
4059,93.33,False,93.33
4060,93.33,False,93.33
4061,93.33,False,93.33
4062,93.33,False,93.33
4063,93.33,False,93.33
4064,93.33,False,93.33
4065,93.33,False,93.33
4066,93.33,False,93.33
4067,93.33,False,93.33
4068,93.33,False,93.33
4069,93.33,False,93.33
4070,93.33,False,93.33
4071,93.33,False,93.33
4072,93.33,False,93.33
4073,93.33,False,93.33
4074,93.33,False,93.33
4075,93.33,False,93.33
4076,93.33,False,93.33
4077,93.33,False,93.33
4078,93.33,False,93.33
4079,93.33,False,93.33
4080,93.33,False,93.33
4081,93.33,False,93.33
4082,32.5,False,81.16399999999999
4083,32.5,False,68.998
4084,32.5,False,56.831999999999994
4085,32.5,False,44.666000000000004
4086,32.5,False,32.5
4087,32.5,False,32.5
4088,32.5,False,32.5
4089,32.5,False,32.5
4090,32.5,False,32.5
4091,32.5,False,32.5
4092,32.5,False,32.5
4093,32.5,False,32.5
4094,32.5,False,32.5
4095,32.5,False,32.5
4096,32.5,False,32.5
4097,31.67,False,32.334
4098,31.67,False,32.168
4099,31.67,False,32.001999999999995
4100,31.67,False,31.836000000000002
4101,31.67,False,31.67
4102,31.67,False,31.67
4103,31.67,False,31.67
4104,31.67,False,31.67
4105,31.67,False,31.67
4106,31.67,False,31.67
4107,31.67,False,31.67
4108,31.67,False,31.67
4109,31.67,False,31.67
4110,31.67,False,31.67
4111,31.67,False,31.67
4112,31.67,False,31.67
4113,31.67,False,31.67
4114,31.67,False,31.67
4115,31.67,False,31.67
4116,31.67,False,31.67
4117,31.67,False,31.67
4118,31.67,False,31.67
4119,31.67,False,31.67
4120,31.67,False,31.67
4121,31.67,False,31.67
4122,31.67,False,31.67
4123,31.67,False,31.67
4124,31.67,False,31.67
4125,31.67,False,31.67
4126,31.67,False,31.67
4127,31.67,False,31.67
4128,31.67,False,31.67
4129,32.5,False,31.836000000000002
4130,32.5,False,32.001999999999995
4131,32.5,False,32.16799999999999
4132,32.5,False,32.334
4133,32.5,False,32.5
4134,32.5,False,32.5
4135,32.5,False,32.5
4136,32.5,False,32.5
4137,32.5,False,32.5
4138,32.5,False,32.5
4139,32.5,False,32.5
4140,32.5,False,32.5
4141,32.5,False,32.5
4142,32.5,False,32.5
4143,32.5,False,32.5
4144,32.5,False,32.5
4145,32.5,False,32.5
4146,32.5,False,32.5
4147,32.5,False,32.5
4148,32.5,False,32.5
4149,32.5,False,32.5
4150,32.5,False,32.5
4151,32.5,False,32.5
4152,32.5,False,32.5
4153,32.5,False,32.5
4154,32.5,False,32.5
4155,32.5,False,32.5
4156,32.5,False,32.5
4157,32.5,False,32.5
4158,32.5,False,32.5
4159,32.5,False,32.5
4160,31.67,False,32.333999999999996
4161,31.67,False,32.168000000000006
4162,31.67,False,32.002
4163,31.67,False,31.836000000000002
4164,31.67,False,31.67
4165,31.67,False,31.67
4166,31.67,False,31.67
4167,31.67,False,31.67
4168,31.67,False,31.67
4169,31.67,False,31.67
4170,31.67,False,31.67
4171,31.67,False,31.67
4172,31.67,False,31.67
4173,31.67,False,31.67
4174,31.67,False,31.67
4175,31.67,False,31.67
4176,31.67,False,31.67
4177,31.67,False,31.67
4178,31.67,False,31.67
4179,31.67,False,31.67
4180,31.67,False,31.67
4181,31.67,False,31.67
4182,31.67,False,31.67
4183,31.67,False,31.67
4184,31.67,False,31.67
4185,31.67,False,31.67
4186,31.67,False,31.67
4187,31.67,False,31.67
4188,31.67,False,31.67
4189,31.67,False,31.67
4190,30.83,False,31.502
4191,30.83,False,31.334000000000003
4192,30.83,False,31.165999999999997
4193,30.83,False,30.998
4194,30.83,False,30.83
4195,30.83,False,30.83
4196,30.83,False,30.83
4197,30.83,False,30.83
4198,30.83,False,30.83
4199,30.83,False,30.83
4200,30.83,False,30.83
4201,30.83,False,30.83
4202,30.83,False,30.83
4203,30.83,False,30.83
4204,30.83,False,30.83
4205,30.83,False,30.83
4206,30.83,False,30.83
4207,30.83,False,30.83
4208,30.83,False,30.83
4209,30.83,False,30.83
4210,30.83,False,30.83
4211,30.83,False,30.83
4212,30.83,False,30.83
4213,30.83,False,30.83
4214,30.83,False,30.83
4215,30.83,False,30.83
4216,30.83,False,30.83
4217,30.83,False,30.83
4218,30.83,False,30.83
4219,30.83,False,30.83
4220,30.83,False,30.83
4221,30.83,False,30.83
4222,30.83,False,30.83
4223,30.83,False,30.83
4224,30.83,False,30.83
4225,30.83,False,30.83
4226,30.83,False,30.83
4227,30.83,False,30.83
4228,30.83,False,30.83
4229,30.83,False,30.83
4230,30.83,False,30.83
4231,30.83,False,30.83
4232,30.83,False,30.83
4233,30.83,False,30.83
4234,30.83,False,30.83
4235,30.83,False,30.83
4236,30.83,False,30.83
4237,30.83,False,30.83
4238,30.83,False,30.83
4239,30.83,False,30.83
4240,30.83,False,30.83
4241,30.83,False,30.83
4242,30.83,False,30.83
4243,30.83,False,30.83
4244,30.83,False,30.83
4245,30.83,False,30.83
4246,30.83,False,30.83
4247,30.83,False,30.83
4248,30.83,False,30.83
4249,30.83,False,30.83
4250,30.83,False,30.83
4251,30.83,False,30.83
4252,31.67,False,30.998
4253,31.67,False,31.165999999999997
4254,31.67,False,31.334000000000003
4255,31.67,False,31.502
4256,31.67,False,31.67
4257,31.67,False,31.67
4258,31.67,False,31.67
4259,31.67,False,31.67
4260,31.67,False,31.67
4261,31.67,False,31.67
4262,31.67,False,31.67
4263,31.67,False,31.67
4264,31.67,False,31.67
4265,31.67,False,31.67
4266,31.67,False,31.67
4267,31.67,False,31.67
4268,31.67,False,31.67
4269,31.67,False,31.67
4270,31.67,False,31.67
4271,31.67,False,31.67
4272,31.67,False,31.67
4273,31.67,False,31.67
4274,31.67,False,31.67
4275,31.67,False,31.67
4276,31.67,False,31.67
4277,31.67,False,31.67
4278,31.67,False,31.67
4279,31.67,False,31.67
4280,31.67,False,31.67
4281,31.67,False,31.67
4282,30.0,False,31.336000000000002
4283,30.0,False,31.002
4284,30.0,False,30.668
4285,30.0,False,30.334000000000003
4286,30.0,False,30.0
4287,30.0,False,30.0
4288,30.0,False,30.0
4289,30.0,False,30.0
4290,30.0,False,30.0
4291,30.0,False,30.0
4292,30.0,False,30.0
4293,30.0,False,30.0
4294,30.0,False,30.0
4295,30.0,False,30.0
4296,30.0,False,30.0
4297,30.0,False,30.0
4298,30.0,False,30.0
4299,30.0,False,30.0
4300,30.0,False,30.0
4301,30.0,False,30.0
4302,30.0,False,30.0
4303,30.0,False,30.0
4304,30.0,False,30.0
4305,30.0,False,30.0
4306,30.0,False,30.0
4307,30.0,False,30.0
4308,30.0,False,30.0
4309,30.0,False,30.0
4310,30.0,False,30.0
4311,30.0,False,30.0
4312,30.0,False,30.0
4313,30.83,False,30.165999999999997
4314,30.83,False,30.332
4315,30.83,False,30.498
4316,30.83,False,30.663999999999998
4317,30.83,False,30.83
4318,30.83,False,30.83
4319,30.83,False,30.83
4320,30.83,False,30.83
4321,30.83,False,30.83
4322,30.83,False,30.83
4323,30.83,False,30.83
4324,30.83,False,30.83
4325,30.83,False,30.83
4326,30.83,False,30.83
4327,30.83,False,30.83
4328,30.83,False,30.83
4329,30.83,False,30.83
4330,30.83,False,30.83
4331,30.83,False,30.83
4332,30.83,False,30.83
4333,30.83,False,30.83
4334,30.83,False,30.83
4335,30.83,False,30.83
4336,30.83,False,30.83
4337,30.83,False,30.83
4338,30.83,False,30.83
4339,30.83,False,30.83
4340,30.83,False,30.83
4341,30.83,False,30.83
4342,30.83,False,30.83
4343,31.67,False,30.998
4344,31.67,False,31.165999999999997
4345,31.67,False,31.334000000000003
4346,31.67,False,31.502
4347,31.67,False,31.67
4348,31.67,False,31.67
4349,31.67,False,31.67
4350,31.67,False,31.67
4351,31.67,False,31.67
4352,31.67,False,31.67
4353,31.67,False,31.67
4354,31.67,False,31.67
4355,31.67,False,31.67
4356,31.67,False,31.67
4357,31.67,False,31.67
4358,31.67,False,31.67
4359,31.67,False,31.67
4360,31.67,False,31.67
4361,31.67,False,31.67
4362,31.67,False,31.67
4363,31.67,False,31.67
4364,30.83,False,31.502
4365,30.83,False,31.334000000000003
4366,30.83,False,31.165999999999997
4367,30.83,False,30.998
4368,30.83,False,30.83
4369,30.83,False,30.83
4370,30.83,False,30.83
4371,30.83,False,30.83
4372,30.83,False,30.83
4373,30.83,False,30.83
4374,30.83,False,30.83
4375,30.83,False,30.83
4376,30.83,False,30.83
4377,30.83,False,30.83
4378,30.83,False,30.83
4379,30.83,False,30.83
4380,30.83,False,30.83
4381,30.83,False,30.83
4382,30.83,False,30.83
4383,30.83,False,30.83
4384,30.83,False,30.83
4385,30.83,False,30.83
4386,30.83,False,30.83
4387,30.83,False,30.83
4388,30.83,False,30.83
4389,30.83,False,30.83
4390,30.83,False,30.83
4391,30.83,False,30.83
4392,30.83,False,30.83
4393,30.83,False,30.83
4394,30.83,False,30.83
4395,30.83,False,30.83
4396,30.83,False,30.83
4397,30.83,False,30.83
4398,30.83,False,30.83
4399,30.83,False,30.83
4400,30.83,False,30.83
4401,30.83,False,30.83
4402,30.83,False,30.83
4403,30.83,False,30.83
4404,30.83,False,30.83
4405,30.83,False,30.83
4406,30.83,False,30.83
4407,30.83,False,30.83
4408,30.83,False,30.83
4409,30.83,False,30.83
4410,30.83,False,30.83
4411,30.83,False,30.83
4412,30.83,False,30.83
4413,30.83,False,30.83
4414,30.83,False,30.83
4415,30.83,False,30.83
4416,30.83,False,30.83
4417,30.83,False,30.83
4418,30.83,False,30.83
4419,30.83,False,30.83
4420,30.83,False,30.83
4421,30.83,False,30.83
4422,30.83,False,30.83
4423,30.83,False,30.83
4424,30.83,False,30.83
4425,30.0,False,30.663999999999998
4426,30.0,False,30.498
4427,30.0,False,30.332
4428,30.0,False,30.165999999999997
4429,30.0,False,30.0
4430,30.0,False,30.0
4431,30.0,False,30.0
4432,30.0,False,30.0
4433,30.0,False,30.0
4434,30.0,False,30.0
4435,30.0,False,30.0
4436,30.0,False,30.0
4437,30.0,False,30.0
4438,30.0,False,30.0
4439,30.0,False,30.0
4440,30.0,False,30.0
4441,30.0,False,30.0
4442,30.0,False,30.0
4443,30.0,False,30.0
4444,30.0,False,30.0
4445,30.0,False,30.0
4446,30.0,False,30.0
4447,30.0,False,30.0
4448,30.0,False,30.0
4449,30.0,False,30.0
4450,30.0,False,30.0
4451,30.0,False,30.0
4452,30.0,False,30.0
4453,30.0,False,30.0
4454,30.0,False,30.0
4455,30.0,False,30.0
4456,30.0,False,30.0
4457,30.0,False,30.0
4458,30.0,False,30.0
4459,30.0,False,30.0
4460,30.0,False,30.0
4461,30.0,False,30.0
4462,30.0,False,30.0
4463,30.0,False,30.0
4464,30.0,False,30.0
4465,30.0,False,30.0
4466,30.0,False,30.0
4467,30.0,False,30.0
4468,30.0,False,30.0
4469,30.0,False,30.0
4470,30.0,False,30.0
4471,30.0,False,30.0
4472,30.0,False,30.0
4473,30.0,False,30.0
4474,30.0,False,30.0
4475,30.0,False,30.0
4476,30.0,False,30.0
4477,30.0,False,30.0
4478,30.0,False,30.0
4479,30.0,False,30.0
4480,30.0,False,30.0
4481,30.0,False,30.0
4482,30.0,False,30.0
4483,30.0,False,30.0
4484,30.0,False,30.0
4485,30.0,False,30.0
4486,30.0,False,30.0
4487,30.0,False,30.0
4488,30.0,False,30.0
4489,30.0,False,30.0
4490,30.0,False,30.0
4491,30.0,False,30.0
4492,30.0,False,30.0
4493,30.0,False,30.0
4494,30.0,False,30.0
4495,30.0,False,30.0
4496,30.0,False,30.0
4497,30.0,False,30.0
4498,30.0,False,30.0
4499,30.0,False,30.0
4500,30.0,False,30.0
4501,30.0,False,30.0
4502,30.0,False,30.0
4503,30.0,False,30.0
4504,30.0,False,30.0
4505,30.0,False,30.0
4506,30.0,False,30.0
4507,30.0,False,30.0
4508,30.0,False,30.0
4509,30.0,False,30.0
4510,30.0,False,30.0
4511,30.0,False,30.0
4512,30.0,False,30.0
4513,30.0,False,30.0
4514,30.0,False,30.0
4515,30.0,False,30.0
4516,30.0,False,30.0
4517,30.0,False,30.0
4518,30.0,False,30.0
4519,30.0,False,30.0
4520,30.0,False,30.0
4521,30.0,False,30.0
4522,30.0,False,30.0
4523,30.0,False,30.0
4524,30.0,False,30.0
4525,30.0,False,30.0
4526,30.0,False,30.0
4527,30.0,False,30.0
4528,30.0,False,30.0
4529,30.0,False,30.0
4530,30.0,False,30.0
4531,30.0,False,30.0
4532,30.0,False,30.0
4533,30.0,False,30.0
4534,30.0,False,30.0
4535,30.0,False,30.0
4536,30.0,False,30.0
4537,30.0,False,30.0
4538,30.0,False,30.0
4539,30.0,False,30.0
4540,30.0,False,30.0
4541,30.0,False,30.0
4542,30.0,False,30.0
4543,30.0,False,30.0
4544,30.0,False,30.0
4545,30.0,False,30.0
4546,30.0,False,30.0
4547,30.0,False,30.0
4548,30.0,False,30.0
4549,30.0,False,30.0
4550,30.0,False,30.0
4551,30.0,False,30.0
4552,30.0,False,30.0
4553,30.0,False,30.0
4554,30.0,False,30.0
4555,30.0,False,30.0
4556,30.0,False,30.0
4557,30.0,False,30.0
4558,30.0,False,30.0
4559,30.0,False,30.0
4560,30.0,False,30.0
4561,30.0,False,30.0
4562,30.0,False,30.0
4563,30.0,False,30.0
4564,30.0,False,30.0
4565,30.0,False,30.0
4566,30.0,False,30.0
4567,30.0,False,30.0
4568,30.0,False,30.0
4569,30.0,False,30.0
4570,30.0,False,30.0
4571,30.0,False,30.0
4572,30.0,False,30.0
4573,30.0,False,30.0
4574,30.0,False,30.0
4575,30.0,False,30.0
4576,30.0,False,30.0
4577,30.0,False,30.0
4578,30.0,False,30.0
4579,30.0,False,30.0
4580,30.0,False,30.0
4581,30.0,False,30.0
4582,30.0,False,30.0
4583,30.0,False,30.0
4584,30.0,False,30.0
4585,30.0,False,30.0
4586,30.0,False,30.0
4587,30.0,False,30.0
4588,30.0,False,30.0
4589,30.0,False,30.0
4590,30.0,False,30.0
4591,30.0,False,30.0
4592,30.0,False,30.0
4593,30.0,False,30.0
4594,30.0,False,30.0
4595,30.0,False,30.0
4596,30.0,False,30.0
4597,30.0,False,30.0
4598,30.0,False,30.0
4599,30.0,False,30.0
4600,30.0,False,30.0
4601,30.0,False,30.0
4602,30.0,False,30.0
4603,30.0,False,30.0
4604,30.0,False,30.0
4605,30.0,False,30.0
4606,30.0,False,30.0
4607,30.0,False,30.0
4608,30.0,False,30.0
4609,30.0,False,30.0
4610,30.0,False,30.0
4611,30.0,False,30.0
4612,30.0,False,30.0
4613,30.0,False,30.0
4614,30.0,False,30.0
4615,30.0,False,30.0
4616,30.0,False,30.0
4617,30.0,False,30.0
4618,30.0,False,30.0
4619,30.0,False,30.0
4620,30.0,False,30.0
4621,30.0,False,30.0
4622,30.0,False,30.0
4623,30.0,False,30.0
4624,30.0,False,30.0
4625,30.0,False,30.0
4626,30.0,False,30.0
4627,30.0,False,30.0
4628,30.0,False,30.0
4629,30.0,False,30.0
4630,29.17,False,29.834000000000003
4631,29.17,False,29.668
4632,29.17,False,29.502
4633,29.17,False,29.336000000000002
4634,29.17,False,29.17
4635,29.17,False,29.17
4636,29.17,False,29.17
4637,29.17,False,29.17
4638,29.17,False,29.17
4639,29.17,False,29.17
4640,29.17,False,29.17
4641,29.17,False,29.17
4642,29.17,False,29.17
4643,29.17,False,29.17
4644,29.17,False,29.17
4645,29.17,False,29.17
4646,29.17,False,29.17
4647,29.17,False,29.17
4648,29.17,False,29.17
4649,29.17,False,29.17
4650,29.17,False,29.17
4651,29.17,False,29.17
4652,29.17,False,29.17
4653,29.17,False,29.17
4654,29.17,False,29.17
4655,29.17,False,29.17
4656,29.17,False,29.17
4657,29.17,False,29.17
4658,29.17,False,29.17
4659,29.17,False,29.17
4660,29.17,False,29.17
4661,29.17,False,29.17
4662,29.17,False,29.17
4663,29.17,False,29.17
4664,29.17,False,29.17
4665,29.17,False,29.17
4666,29.17,False,29.17
4667,29.17,False,29.17
4668,29.17,False,29.17
4669,29.17,False,29.17
4670,29.17,False,29.17
4671,29.17,False,29.17
4672,29.17,False,29.17
4673,29.17,False,29.17
4674,29.17,False,29.17
4675,29.17,False,29.17
4676,29.17,False,29.17
4677,29.17,False,29.17
4678,29.17,False,29.17
4679,29.17,False,29.17
4680,29.17,False,29.17
4681,29.17,False,29.17
4682,29.17,False,29.17
4683,29.17,False,29.17
4684,29.17,False,29.17
4685,29.17,False,29.17
4686,29.17,False,29.17
4687,29.17,False,29.17
4688,29.17,False,29.17
4689,29.17,False,29.17
4690,29.17,False,29.17
4691,29.17,False,29.17
4692,29.17,False,29.17
4693,29.17,False,29.17
4694,29.17,False,29.17
4695,29.17,False,29.17
4696,29.17,False,29.17
4697,29.17,False,29.17
4698,29.17,False,29.17
4699,29.17,False,29.17
4700,29.17,False,29.17
4701,29.17,False,29.17
4702,29.17,False,29.17
4703,29.17,False,29.17
4704,29.17,False,29.17
4705,29.17,False,29.17
4706,29.17,False,29.17
4707,29.17,False,29.17
4708,29.17,False,29.17
4709,29.17,False,29.17
4710,29.17,False,29.17
4711,29.17,False,29.17
4712,29.17,False,29.17
4713,29.17,False,29.17
4714,29.17,False,29.17
4715,29.17,False,29.17
4716,29.17,False,29.17
4717,29.17,False,29.17
4718,29.17,False,29.17
4719,29.17,False,29.17
4720,29.17,False,29.17
4721,29.17,False,29.17
4722,40.0,False,31.336000000000002
4723,40.0,False,33.501999999999995
4724,40.0,False,35.66799999999999
4725,40.0,False,37.834
4726,40.0,False,40.0
4727,40.0,False,40.0
4728,40.0,False,40.0
4729,40.0,False,40.0
4730,40.0,False,40.0
4731,40.0,False,40.0
4732,40.0,False,40.0
4733,40.0,False,40.0
4734,40.0,False,40.0
4735,40.0,False,40.0
4736,40.0,False,40.0
4737,40.0,False,40.0
4738,40.0,False,40.0
4739,40.0,False,40.0
4740,40.0,False,40.0
4741,40.0,False,40.0
4742,40.0,False,40.0
4743,40.0,False,40.0
4744,40.0,False,40.0
4745,40.0,False,40.0
4746,40.0,False,40.0
4747,40.0,False,40.0
4748,40.0,False,40.0
4749,40.0,False,40.0
4750,40.0,False,40.0
4751,40.0,False,40.0
4752,64.17,False,44.833999999999996
4753,64.17,False,49.668000000000006
4754,64.17,False,54.501999999999995
4755,64.17,False,59.336
4756,64.17,False,64.17
4757,64.17,False,64.17
4758,64.17,False,64.17
4759,64.17,False,64.17
4760,64.17,False,64.17
4761,64.17,False,64.17
4762,64.17,False,64.17
4763,64.17,False,64.17
4764,64.17,False,64.17
4765,64.17,False,64.17
4766,64.17,False,64.17
4767,64.17,False,64.17
4768,64.17,False,64.17
4769,64.17,False,64.17
4770,64.17,False,64.17
4771,64.17,False,64.17
4772,64.17,False,64.17
4773,64.17,False,64.17
4774,64.17,False,64.17
4775,64.17,False,64.17
4776,64.17,False,64.17
4777,64.17,False,64.17
4778,64.17,False,64.17
4779,64.17,False,64.17
4780,64.17,False,64.17
4781,64.17,False,64.17
4782,64.17,False,64.17
4783,61.67,False,63.67
4784,61.67,False,63.17
4785,61.67,False,62.67
4786,61.67,False,62.17
4787,61.67,False,61.67
4788,61.67,False,61.67
4789,61.67,False,61.67
4790,61.67,False,61.67
4791,61.67,False,61.67
4792,61.67,False,61.67
4793,61.67,False,61.67
4794,61.67,False,61.67
4795,61.67,False,61.67
4796,61.67,False,61.67
4797,61.67,False,61.67
4798,61.67,False,61.67
4799,61.67,False,61.67
4800,61.67,False,61.67
4801,61.67,False,61.67
4802,61.67,False,61.67
4803,61.67,False,61.67
4804,61.67,False,61.67
4805,61.67,False,61.67
4806,61.67,False,61.67
4807,61.67,False,61.67
4808,61.67,False,61.67
4809,61.67,False,61.67
4810,61.67,False,61.67
4811,61.67,False,61.67
4812,61.67,False,61.67
4813,75.0,False,64.336
4814,75.0,False,67.002
4815,75.0,False,69.668
4816,75.0,False,72.334
4817,75.0,False,75.0
4818,75.0,False,75.0
4819,75.0,False,75.0
4820,75.0,False,75.0
4821,75.0,False,75.0
4822,75.0,False,75.0
4823,75.0,False,75.0
4824,75.0,False,75.0
4825,75.0,False,75.0
4826,75.0,False,75.0
4827,75.0,False,75.0
4828,75.0,False,75.0
4829,75.0,False,75.0
4830,75.0,False,75.0
4831,75.0,False,75.0
4832,75.0,False,75.0
4833,75.0,False,75.0
4834,75.0,False,75.0
4835,75.0,False,75.0
4836,75.0,False,75.0
4837,75.0,False,75.0
4838,75.0,False,75.0
4839,75.0,False,75.0
4840,75.0,False,75.0
4841,75.0,False,75.0
4842,75.0,False,75.0
4843,75.0,False,75.0
4844,83.33,False,76.666
4845,83.33,False,78.332
4846,83.33,False,79.998
4847,83.33,False,81.664
4848,83.33,False,83.33
4849,83.33,False,83.33
4850,83.33,False,83.33
4851,83.33,False,83.33
4852,83.33,False,83.33
4853,83.33,False,83.33
4854,83.33,False,83.33
4855,83.33,False,83.33
4856,83.33,False,83.33
4857,83.33,False,83.33
4858,83.33,False,83.33
4859,83.33,False,83.33
4860,83.33,False,83.33
4861,83.33,False,83.33
4862,83.33,False,83.33
4863,83.33,False,83.33
4864,83.33,False,83.33
4865,98.33,False,86.33
4866,98.33,False,89.33
4867,98.33,False,92.33
4868,98.33,False,95.33
4869,98.33,False,98.33
4870,98.33,False,98.33
4871,98.33,False,98.33
4872,98.33,False,98.33
4873,98.33,False,98.33
4874,98.33,False,98.33
4875,98.33,False,98.33
4876,98.33,False,98.33
4877,98.33,False,98.33
4878,98.33,False,98.33
4879,98.33,False,98.33
4880,98.33,False,98.33
4881,98.33,False,98.33
4882,98.33,False,98.33
4883,98.33,False,98.33
4884,98.33,False,98.33
4885,98.33,False,98.33
4886,98.33,False,98.33
4887,98.33,False,98.33
4888,98.33,False,98.33
4889,98.33,False,98.33
4890,98.33,False,98.33
4891,98.33,False,98.33
4892,98.33,False,98.33
4893,98.33,False,98.33
4894,98.33,False,98.33
4895,98.33,False,98.33
4896,105.0,False,99.664
4897,105.0,False,100.998
4898,105.0,False,102.332
4899,105.0,False,103.66599999999998
4900,105.0,False,105.0
4901,105.0,False,105.0
4902,105.0,False,105.0
4903,105.0,False,105.0
4904,105.0,False,105.0
4905,105.0,False,105.0
4906,105.0,False,105.0
4907,105.0,False,105.0
4908,105.0,False,105.0
4909,105.0,False,105.0
4910,105.0,False,105.0
4911,105.0,False,105.0
4912,105.0,False,105.0
4913,105.0,False,105.0
4914,105.0,False,105.0
4915,105.0,False,105.0
4916,105.0,False,105.0
4917,105.0,False,105.0
4918,105.0,False,105.0
4919,105.0,False,105.0
4920,105.0,False,105.0
4921,105.0,False,105.0
4922,105.0,False,105.0
4923,105.0,False,105.0
4924,105.0,False,105.0
4925,105.0,False,105.0
4926,110.0,False,106.0
4927,110.0,False,107.0
4928,110.0,False,108.0
4929,110.0,False,109.0
4930,110.0,False,110.0
4931,110.0,False,110.0
4932,110.0,False,110.0
4933,110.0,False,110.0
4934,110.0,False,110.0
4935,110.0,False,110.0
4936,110.0,False,110.0
4937,110.0,False,110.0
4938,110.0,False,110.0
4939,110.0,False,110.0
4940,110.0,False,110.0
4941,110.0,False,110.0
4942,110.0,False,110.0
4943,110.0,False,110.0
4944,110.0,False,110.0
4945,110.0,False,110.0
4946,110.0,False,110.0
4947,110.0,False,110.0
4948,110.0,False,110.0
4949,110.0,False,110.0
4950,110.0,False,110.0
4951,110.0,False,110.0
4952,110.0,False,110.0
4953,110.0,False,110.0
4954,110.0,False,110.0
4955,110.0,False,110.0
4956,112.5,False,110.5
4957,112.5,False,111.0
4958,112.5,False,111.5
4959,112.5,False,112.0
4960,112.5,False,112.5
4961,112.5,False,112.5
4962,112.5,False,112.5
4963,112.5,False,112.5
4964,112.5,False,112.5
4965,112.5,False,112.5
4966,112.5,False,112.5
4967,112.5,False,112.5
4968,112.5,False,112.5
4969,112.5,False,112.5
4970,112.5,False,112.5
4971,112.5,False,112.5
4972,112.5,False,112.5
4973,112.5,False,112.5
4974,112.5,False,112.5
4975,112.5,False,112.5
4976,112.5,False,112.5
4977,112.5,False,112.5
4978,112.5,False,112.5
4979,112.5,False,112.5
4980,112.5,False,112.5
4981,112.5,False,112.5
4982,112.5,False,112.5
4983,112.5,False,112.5
4984,112.5,False,112.5
4985,112.5,False,112.5
4986,112.5,False,112.5
4987,113.33,False,112.66600000000001
4988,113.33,False,112.832
4989,113.33,False,112.998
4990,113.33,False,113.16399999999999
4991,113.33,False,113.33
4992,113.33,False,113.33
4993,113.33,False,113.33
4994,113.33,False,113.33
4995,113.33,False,113.33
4996,113.33,False,113.33
4997,113.33,False,113.33
4998,113.33,False,113.33
4999,113.33,False,113.33
5000,113.33,False,113.33
5001,113.33,False,113.33
5002,113.33,False,113.33
5003,113.33,False,113.33
5004,113.33,False,113.33
5005,113.33,False,113.33
5006,113.33,False,113.33
5007,113.33,False,113.33
5008,113.33,False,113.33
5009,113.33,False,113.33
5010,113.33,False,113.33
5011,113.33,False,113.33
5012,113.33,False,113.33
5013,113.33,False,113.33
5014,113.33,False,113.33
5015,113.33,False,113.33
5016,113.33,False,113.33
5017,111.67,False,112.998
5018,111.67,False,112.66599999999998
5019,111.67,False,112.33399999999999
5020,111.67,False,112.002
5021,111.67,False,111.67
5022,111.67,False,111.67
5023,111.67,False,111.67
5024,111.67,False,111.67
5025,111.67,False,111.67
5026,111.67,False,111.67
5027,111.67,False,111.67
5028,111.67,False,111.67
5029,111.67,False,111.67
5030,111.67,False,111.67
5031,111.67,False,111.67
5032,111.67,False,111.67
5033,111.67,False,111.67
5034,111.67,False,111.67
5035,111.67,False,111.67
5036,111.67,False,111.67
5037,111.67,False,111.67
5038,111.67,False,111.67
5039,111.67,False,111.67
5040,111.67,False,111.67
5041,111.67,False,111.67
5042,111.67,False,111.67
5043,111.67,False,111.67
5044,111.67,False,111.67
5045,111.67,False,111.67
5046,111.67,False,111.67
5047,111.67,False,111.67
5048,110.83,False,111.502
5049,110.83,False,111.33400000000002
5050,110.83,False,111.16600000000001
5051,110.83,False,110.998
5052,110.83,False,110.83
5053,110.83,False,110.83
5054,110.83,False,110.83
5055,110.83,False,110.83
5056,110.83,False,110.83
5057,110.83,False,110.83
5058,110.83,False,110.83
5059,110.83,False,110.83
5060,110.83,False,110.83
5061,110.83,False,110.83
5062,110.83,False,110.83
5063,110.83,False,110.83
5064,110.83,False,110.83
5065,110.83,False,110.83
5066,110.83,False,110.83
5067,110.83,False,110.83
5068,110.83,False,110.83
5069,110.83,False,110.83
5070,110.83,False,110.83
5071,110.83,False,110.83
5072,110.83,False,110.83
5073,110.83,False,110.83
5074,110.83,False,110.83
5075,110.83,False,110.83
5076,110.83,False,110.83
5077,110.83,False,110.83
5078,110.83,False,110.83
5079,110.83,False,110.83
5080,110.83,False,110.83
5081,110.83,False,110.83
5082,110.83,False,110.83
5083,110.83,False,110.83
5084,110.83,False,110.83
5085,110.83,False,110.83
5086,110.83,False,110.83
5087,110.83,False,110.83
5088,110.83,False,110.83
5089,110.83,False,110.83
5090,110.83,False,110.83
5091,110.83,False,110.83
5092,110.83,False,110.83
5093,110.83,False,110.83
5094,110.83,False,110.83
5095,110.83,False,110.83
5096,110.83,False,110.83
5097,110.83,False,110.83
5098,110.83,False,110.83
5099,110.83,False,110.83
5100,110.83,False,110.83
5101,110.83,False,110.83
5102,110.83,False,110.83
5103,110.83,False,110.83
5104,110.83,False,110.83
5105,110.83,False,110.83
5106,110.83,False,110.83
5107,110.83,False,110.83
5108,109.17,False,110.498
5109,109.17,False,110.16600000000001
5110,109.17,False,109.83400000000002
5111,109.17,False,109.502
5112,109.17,False,109.17
5113,109.17,False,109.17
5114,109.17,False,109.17
5115,109.17,False,109.17
5116,109.17,False,109.17
5117,109.17,False,109.17
5118,109.17,False,109.17
5119,109.17,False,109.17
5120,109.17,False,109.17
5121,110.0,False,109.33600000000001
5122,110.0,False,109.502
5123,110.83,False,109.83399999999999
5124,110.83,False,110.16599999999998
5125,110.83,False,110.498
5126,110.83,False,110.66400000000002
5127,110.83,False,110.83
5128,110.83,False,110.83
5129,110.83,False,110.83
5130,110.83,False,110.83
5131,110.83,False,110.83
5132,110.83,False,110.83
5133,110.83,False,110.83
5134,110.83,False,110.83
5135,110.83,False,110.83
5136,110.83,False,110.83
5137,110.83,False,110.83
5138,110.83,False,110.83
5139,110.83,False,110.83
5140,110.83,False,110.83
5141,110.83,False,110.83
5142,110.83,False,110.83
5143,110.83,False,110.83
5144,110.83,False,110.83
5145,110.83,False,110.83
5146,110.83,False,110.83
5147,110.83,False,110.83
5148,110.83,False,110.83
5149,110.83,False,110.83
5150,110.83,False,110.83
5151,110.83,False,110.83
5152,110.83,False,110.83
5153,107.5,False,110.16399999999999
5154,107.5,False,109.498
5155,107.5,False,108.832
5156,107.5,False,108.16599999999998
5157,107.5,False,107.5
5158,107.5,False,107.5
5159,107.5,False,107.5
5160,107.5,False,107.5
5161,107.5,False,107.5
5162,107.5,False,107.5
5163,107.5,False,107.5
5164,107.5,False,107.5
5165,107.5,False,107.5
5166,107.5,False,107.5
5167,107.5,False,107.5
5168,107.5,False,107.5
5169,107.5,False,107.5
5170,107.5,False,107.5
5171,107.5,False,107.5
5172,107.5,False,107.5
5173,107.5,False,107.5
5174,107.5,False,107.5
5175,107.5,False,107.5
5176,107.5,False,107.5
5177,107.5,False,107.5
5178,107.5,False,107.5
5179,107.5,False,107.5
5180,107.5,False,107.5
5181,107.5,False,107.5
5182,107.5,False,107.5
5183,107.5,False,107.5
5184,104.17,False,106.83399999999999
5185,104.17,False,106.168
5186,104.17,False,105.502
5187,104.17,False,104.83600000000001
5188,104.17,False,104.17
5189,104.17,False,104.17
5190,104.17,False,104.17
5191,104.17,False,104.17
5192,104.17,False,104.17
5193,104.17,False,104.17
5194,104.17,False,104.17
5195,104.17,False,104.17
5196,104.17,False,104.17
5197,104.17,False,104.17
5198,104.17,False,104.17
5199,104.17,False,104.17
5200,104.17,False,104.17
5201,104.17,False,104.17
5202,104.17,False,104.17
5203,104.17,False,104.17
5204,104.17,False,104.17
5205,104.17,False,104.17
5206,104.17,False,104.17
5207,104.17,False,104.17
5208,104.17,False,104.17
5209,104.17,False,104.17
5210,104.17,False,104.17
5211,104.17,False,104.17
5212,104.17,False,104.17
5213,104.17,False,104.17
5214,104.17,False,104.17
5215,102.5,False,103.83600000000001
5216,102.5,False,103.502
5217,102.5,False,103.168
5218,102.5,False,102.83400000000002
5219,102.5,False,102.5
5220,102.5,False,102.5
5221,102.5,False,102.5
5222,102.5,False,102.5
5223,102.5,False,102.5
5224,102.5,False,102.5
5225,102.5,False,102.5
5226,102.5,False,102.5
5227,102.5,False,102.5
5228,102.5,False,102.5
5229,102.5,False,102.5
5230,102.5,False,102.5
5231,102.5,False,102.5
5232,102.5,False,102.5
5233,102.5,False,102.5
5234,102.5,False,102.5
5235,102.5,False,102.5
5236,102.5,False,102.5
5237,102.5,False,102.5
5238,102.5,False,102.5
5239,102.5,False,102.5
5240,102.5,False,102.5
5241,102.5,False,102.5
5242,102.5,False,102.5
5243,102.5,False,102.5
5244,102.5,False,102.5
5245,102.5,False,102.5
5246,100.83,False,102.16600000000001
5247,100.83,False,101.83200000000001
5248,100.83,False,101.498
5249,100.83,False,101.164
5250,100.83,False,100.83
5251,100.83,False,100.83
5252,100.83,False,100.83
5253,100.83,False,100.83
5254,100.83,False,100.83
5255,100.83,False,100.83
5256,100.83,False,100.83
5257,100.83,False,100.83
5258,100.83,False,100.83
5259,100.83,False,100.83
5260,100.83,False,100.83
5261,100.83,False,100.83
5262,100.83,False,100.83
5263,100.83,False,100.83
5264,100.83,False,100.83
5265,100.83,False,100.83
5266,100.83,False,100.83
5267,100.83,False,100.83
5268,100.83,False,100.83
5269,100.83,False,100.83
5270,100.83,False,100.83
5271,100.83,False,100.83
5272,100.83,False,100.83
5273,100.83,False,100.83
5274,100.83,False,100.83
5275,100.83,False,100.83
5276,100.0,False,100.664
5277,100.0,False,100.498
5278,100.0,False,100.33200000000001
5279,100.0,False,100.16600000000001
5280,100.0,False,100.0
5281,100.0,False,100.0
5282,100.0,False,100.0
5283,100.0,False,100.0
5284,100.0,False,100.0
5285,100.0,False,100.0
5286,100.0,False,100.0
5287,100.0,False,100.0
5288,100.0,False,100.0
5289,100.0,False,100.0
5290,100.0,False,100.0
5291,100.0,False,100.0
5292,100.0,False,100.0
5293,100.0,False,100.0
5294,100.0,False,100.0
5295,100.0,False,100.0
5296,100.0,False,100.0
5297,100.0,False,100.0
5298,100.0,False,100.0
5299,100.0,False,100.0
5300,100.0,False,100.0
5301,100.0,False,100.0
5302,100.0,False,100.0
5303,100.0,False,100.0
5304,100.0,False,100.0
5305,100.0,False,100.0
5306,100.0,False,100.0
5307,99.17,False,99.83399999999999
5308,99.17,False,99.66799999999999
5309,99.17,False,99.502
5310,99.17,False,99.336
5311,99.17,False,99.17
5312,99.17,False,99.17
5313,99.17,False,99.17
5314,99.17,False,99.17
5315,99.17,False,99.17
5316,99.17,False,99.17
5317,99.17,False,99.17
5318,99.17,False,99.17
5319,99.17,False,99.17
5320,99.17,False,99.17
5321,99.17,False,99.17
5322,99.17,False,99.17
5323,99.17,False,99.17
5324,99.17,False,99.17
5325,99.17,False,99.17
5326,99.17,False,99.17
5327,99.17,False,99.17
5328,99.17,False,99.17
5329,99.17,False,99.17
5330,99.17,False,99.17
5331,99.17,False,99.17
5332,99.17,False,99.17
5333,99.17,False,99.17
5334,99.17,False,99.17
5335,99.17,False,99.17
5336,99.17,False,99.17
5337,99.17,False,99.17
5338,97.5,False,98.836
5339,97.5,False,98.502
5340,97.5,False,98.168
5341,97.5,False,97.834
5342,97.5,False,97.5
5343,97.5,False,97.5
5344,97.5,False,97.5
5345,97.5,False,97.5
5346,97.5,False,97.5
5347,97.5,False,97.5
5348,97.5,False,97.5
5349,97.5,False,97.5
5350,97.5,False,97.5
5351,97.5,False,97.5
5352,97.5,False,97.5
5353,97.5,False,97.5
5354,97.5,False,97.5
5355,97.5,False,97.5
5356,97.5,False,97.5
5357,97.5,False,97.5
5358,97.5,False,97.5
5359,97.5,False,97.5
5360,97.5,False,97.5
5361,97.5,False,97.5
5362,97.5,False,97.5
5363,97.5,False,97.5
5364,97.5,False,97.5
5365,97.5,False,97.5
5366,97.5,False,97.5
5367,97.5,False,97.5
5368,97.5,False,97.5
5369,97.5,False,97.5
5370,97.5,False,97.5
5371,97.5,False,97.5
5372,97.5,False,97.5
5373,97.5,False,97.5
5374,97.5,False,97.5
5375,97.5,False,97.5
5376,97.5,False,97.5
5377,97.5,False,97.5
5378,97.5,False,97.5
5379,97.5,False,97.5
5380,97.5,False,97.5
5381,97.5,False,97.5
5382,97.5,False,97.5
5383,97.5,False,97.5
5384,97.5,False,97.5
5385,97.5,False,97.5
5386,97.5,False,97.5
5387,97.5,False,97.5
5388,97.5,False,97.5
5389,97.5,False,97.5
5390,97.5,False,97.5
5391,97.5,False,97.5
5392,97.5,False,97.5
5393,97.5,False,97.5
5394,97.5,False,97.5
5395,97.5,False,97.5
5396,97.5,False,97.5
5397,97.5,False,97.5
5398,97.5,False,97.5
5399,97.5,False,97.5
5400,97.5,False,97.5
5401,97.5,False,97.5
5402,97.5,False,97.5
5403,97.5,False,97.5
5404,97.5,False,97.5
5405,97.5,False,97.5
5406,97.5,False,97.5
5407,97.5,False,97.5
5408,97.5,False,97.5
5409,97.5,False,97.5
5410,97.5,False,97.5
5411,97.5,False,97.5
5412,97.5,False,97.5
5413,97.5,False,97.5
5414,97.5,False,97.5
5415,97.5,False,97.5
5416,97.5,False,97.5
5417,97.5,False,97.5
5418,97.5,False,97.5
5419,97.5,False,97.5
5420,97.5,False,97.5
5421,97.5,False,97.5
5422,97.5,False,97.5
5423,97.5,False,97.5
5424,97.5,False,97.5
5425,97.5,False,97.5
5426,97.5,False,97.5
5427,97.5,False,97.5
5428,97.5,False,97.5
5429,97.5,False,97.5
5430,97.5,False,97.5
5431,97.5,False,97.5
5432,97.5,False,97.5
5433,97.5,False,97.5
5434,97.5,False,97.5
5435,97.5,False,97.5
5436,97.5,False,97.5
5437,97.5,False,97.5
5438,97.5,False,97.5
5439,97.5,False,97.5
5440,97.5,False,97.5
5441,97.5,False,97.5
5442,97.5,False,97.5
5443,97.5,False,97.5
5444,97.5,False,97.5
5445,97.5,False,97.5
5446,100.83,False,98.166
5447,100.83,False,98.832
5448,100.83,False,99.498
5449,100.83,False,100.164
5450,100.83,False,100.83
5451,100.83,False,100.83
5452,100.83,False,100.83
5453,100.83,False,100.83
5454,100.83,False,100.83
5455,100.83,False,100.83
5456,100.83,False,100.83
5457,100.83,False,100.83
5458,100.83,False,100.83
5459,100.83,False,100.83
5460,100.83,False,100.83
5461,100.83,False,100.83
5462,100.83,False,100.83
5463,100.83,False,100.83
5464,100.83,False,100.83
5465,100.83,False,100.83
5466,100.83,False,100.83
5467,100.83,False,100.83
5468,100.83,False,100.83
5469,100.83,False,100.83
5470,100.83,False,100.83
5471,100.83,False,100.83
5472,100.83,False,100.83
5473,100.83,False,100.83
5474,100.83,False,100.83
5475,100.83,False,100.83
5476,100.83,False,100.83
5477,107.5,False,102.164
5478,107.5,False,103.498
5479,107.5,False,104.832
5480,107.5,False,106.16599999999998
5481,107.5,False,107.5
5482,107.5,False,107.5
5483,107.5,False,107.5
5484,107.5,False,107.5
5485,107.5,False,107.5
5486,107.5,False,107.5
5487,107.5,False,107.5
5488,107.5,False,107.5
5489,107.5,False,107.5
5490,107.5,False,107.5
5491,107.5,False,107.5
5492,107.5,False,107.5
5493,107.5,False,107.5
5494,107.5,False,107.5
5495,107.5,False,107.5
5496,107.5,False,107.5
5497,107.5,False,107.5
5498,107.5,False,107.5
5499,107.5,False,107.5
5500,107.5,False,107.5
5501,107.5,False,107.5
5502,107.5,False,107.5
5503,107.5,False,107.5
5504,107.5,False,107.5
5505,107.5,False,107.5
5506,107.5,False,107.5
5507,101.67,False,106.33399999999999
5508,101.67,False,105.168
5509,101.67,False,104.002
5510,101.67,False,102.83599999999998
5511,101.67,False,101.67
5512,101.67,False,101.67
5513,101.67,False,101.67
5514,101.67,False,101.67
5515,101.67,False,101.67
5516,101.67,False,101.67
5517,101.67,False,101.67
5518,101.67,False,101.67
5519,101.67,False,101.67
5520,101.67,False,101.67
5521,101.67,False,101.67
5522,101.67,False,101.67
5523,101.67,False,101.67
5524,101.67,False,101.67
5525,101.67,False,101.67
5526,101.67,False,101.67
5527,101.67,False,101.67
5528,101.67,False,101.67
5529,101.67,False,101.67
5530,101.67,False,101.67
5531,101.67,False,101.67
5532,101.67,False,101.67
5533,101.67,False,101.67
5534,101.67,False,101.67
5535,101.67,False,101.67
5536,101.67,False,101.67
5537,101.67,False,101.67
5538,95.0,False,100.336
5539,95.0,False,99.002
5540,95.0,False,97.668
5541,95.0,False,96.334
5542,95.0,False,95.0
5543,95.0,False,95.0
5544,95.0,False,95.0
5545,95.0,False,95.0
5546,95.0,False,95.0
5547,95.0,False,95.0
5548,95.0,False,95.0
5549,95.0,False,95.0
5550,95.0,False,95.0
5551,95.0,False,95.0
5552,95.0,False,95.0
5553,95.0,False,95.0
5554,95.0,False,95.0
5555,95.0,False,95.0
5556,95.0,False,95.0
5557,95.0,False,95.0
5558,95.0,False,95.0
5559,95.0,False,95.0
5560,95.0,False,95.0
5561,95.0,False,95.0
5562,95.0,False,95.0
5563,95.0,False,95.0
5564,95.0,False,95.0
5565,95.0,False,95.0
5566,95.0,False,95.0
5567,95.0,False,95.0
5568,95.0,False,95.0
5569,89.17,False,93.834
5570,89.17,False,92.668
5571,89.17,False,91.502
5572,89.17,False,90.336
5573,89.17,False,89.17
5574,89.17,False,89.17
5575,89.17,False,89.17
5576,89.17,False,89.17
5577,89.17,False,89.17
5578,89.17,False,89.17
5579,89.17,False,89.17
5580,89.17,False,89.17
5581,89.17,False,89.17
5582,89.17,False,89.17
5583,89.17,False,89.17
5584,89.17,False,89.17
5585,89.17,False,89.17
5586,89.17,False,89.17
5587,89.17,False,89.17
5588,89.17,False,89.17
5589,89.17,False,89.17
5590,89.17,False,89.17
5591,89.17,False,89.17
5592,89.17,False,89.17
5593,89.17,False,89.17
5594,89.17,False,89.17
5595,89.17,False,89.17
5596,89.17,False,89.17
5597,89.17,False,89.17
5598,89.17,False,89.17
5599,89.17,False,89.17
5600,89.17,False,89.17
5601,89.17,False,89.17
5602,89.17,False,89.17
5603,89.17,False,89.17
5604,89.17,False,89.17
5605,89.17,False,89.17
5606,89.17,False,89.17
5607,89.17,False,89.17
5608,89.17,False,89.17
5609,89.17,False,89.17
5610,89.17,False,89.17
5611,89.17,False,89.17
5612,89.17,False,89.17
5613,89.17,False,89.17
5614,89.17,False,89.17
5615,89.17,False,89.17
5616,89.17,False,89.17
5617,89.17,False,89.17
5618,89.17,False,89.17
5619,89.17,False,89.17
5620,89.17,False,89.17
5621,89.17,False,89.17
5622,89.17,False,89.17
5623,89.17,False,89.17
5624,89.17,False,89.17
5625,89.17,False,89.17
5626,89.17,False,89.17
5627,89.17,False,89.17
5628,89.17,False,89.17
5629,89.17,False,89.17
5630,92.5,False,89.836
5631,92.5,False,90.502
5632,92.5,False,91.168
5633,79.17,False,89.168
5634,79.17,False,87.16799999999999
5635,79.17,False,84.502
5636,79.17,False,81.836
5637,79.17,False,79.17
5638,79.17,False,79.17
5639,79.17,False,79.17
5640,79.17,False,79.17
5641,79.17,False,79.17
5642,79.17,False,79.17
5643,79.17,False,79.17
5644,79.17,False,79.17
5645,79.17,False,79.17
5646,79.17,False,79.17
5647,79.17,False,79.17
5648,68.33,False,77.002
5649,68.33,False,74.83399999999999
5650,68.33,False,72.66600000000001
5651,68.33,False,70.498
5652,68.33,False,68.33
5653,68.33,False,68.33
5654,68.33,False,68.33
5655,68.33,False,68.33
5656,68.33,False,68.33
5657,68.33,False,68.33
5658,68.33,False,68.33
5659,68.33,False,68.33
5660,68.33,False,68.33
5661,68.33,False,68.33
5662,68.33,False,68.33
5663,68.33,False,68.33
5664,68.33,False,68.33
5665,68.33,False,68.33
5666,68.33,False,68.33
5667,68.33,False,68.33
5668,68.33,False,68.33
5669,68.33,False,68.33
5670,68.33,False,68.33
5671,68.33,False,68.33
5672,68.33,False,68.33
5673,68.33,False,68.33
5674,68.33,False,68.33
5675,68.33,False,68.33
5676,68.33,False,68.33
5677,68.33,False,68.33
5678,68.33,False,68.33
5679,60.0,False,66.664
5680,60.0,False,64.998
5681,60.0,False,63.33200000000001
5682,60.0,False,61.666
5683,60.0,False,60.0
5684,60.0,False,60.0
5685,60.0,False,60.0
5686,60.0,False,60.0
5687,60.0,False,60.0
5688,60.0,False,60.0
5689,60.0,False,60.0
5690,60.0,False,60.0
5691,60.0,False,60.0
5692,60.0,False,60.0
5693,60.0,False,60.0
5694,60.0,False,60.0
5695,60.0,False,60.0
5696,60.0,False,60.0
5697,60.0,False,60.0
5698,60.0,False,60.0
5699,60.0,False,60.0
5700,60.0,False,60.0
5701,60.0,False,60.0
5702,60.0,False,60.0
5703,60.0,False,60.0
5704,60.0,False,60.0
5705,60.0,False,60.0
5706,60.0,False,60.0
5707,60.0,False,60.0
5708,60.0,False,60.0
5709,60.0,False,60.0
5710,60.0,False,60.0
5711,60.0,False,60.0
5712,60.0,False,60.0
5713,60.0,False,60.0
5714,60.0,False,60.0
5715,60.0,False,60.0
5716,60.0,False,60.0
5717,60.0,False,60.0
5718,60.0,False,60.0
5719,60.0,False,60.0
5720,60.0,False,60.0
5721,60.0,False,60.0
5722,60.0,False,60.0
5723,60.0,False,60.0
5724,60.0,False,60.0
5725,60.0,False,60.0
5726,60.0,False,60.0
5727,60.0,False,60.0
5728,60.0,False,60.0
5729,60.0,False,60.0
5730,60.0,False,60.0
5731,60.0,False,60.0
5732,60.0,False,60.0
5733,60.0,False,60.0
5734,60.0,False,60.0
5735,60.0,False,60.0
5736,60.0,False,60.0
5737,60.0,False,60.0
5738,60.0,False,60.0
5739,60.0,False,60.0
5740,70.83,False,62.16600000000001
5741,70.83,False,64.33200000000001
5742,70.83,False,66.498
5743,70.83,False,68.664
5744,70.83,False,70.83
5745,70.83,False,70.83
5746,70.83,False,70.83
5747,70.83,False,70.83
5748,70.83,False,70.83
5749,70.83,False,70.83
5750,70.83,False,70.83
5751,70.83,False,70.83
5752,70.83,False,70.83
5753,70.83,False,70.83
5754,70.83,False,70.83
5755,70.83,False,70.83
5756,70.83,False,70.83
5757,70.83,False,70.83
5758,70.83,False,70.83
5759,70.83,False,70.83
5760,70.83,False,70.83
5761,70.83,False,70.83
5762,70.83,False,70.83
5763,70.83,False,70.83
5764,70.83,False,70.83
5765,70.83,False,70.83
5766,70.83,False,70.83
5767,70.83,False,70.83
5768,70.83,False,70.83
5769,70.83,False,70.83
5770,80.83,False,72.83
5771,80.83,False,74.83
5772,80.83,False,76.83
5773,80.83,False,78.83
5774,80.83,False,80.83
5775,80.83,False,80.83
5776,80.83,False,80.83
5777,80.83,False,80.83
5778,80.83,False,80.83
5779,80.83,False,80.83
5780,80.83,False,80.83
5781,80.83,False,80.83
5782,80.83,False,80.83
5783,80.83,False,80.83
5784,80.83,False,80.83
5785,80.83,False,80.83
5786,80.83,False,80.83
5787,80.83,False,80.83
5788,80.83,False,80.83
5789,80.83,False,80.83
5790,80.83,False,80.83
5791,80.83,False,80.83
5792,80.83,False,80.83
5793,80.83,False,80.83
5794,80.83,False,80.83
5795,80.83,False,80.83
5796,80.83,False,80.83
5797,80.83,False,80.83
5798,80.83,False,80.83
5799,80.83,False,80.83
5800,80.83,False,80.83
5801,84.17,False,81.49799999999999
5802,84.17,False,82.166
5803,84.17,False,82.834
5804,84.17,False,83.502
5805,84.17,False,84.17
5806,84.17,False,84.17
5807,84.17,False,84.17
5808,84.17,False,84.17
5809,84.17,False,84.17
5810,84.17,False,84.17
5811,84.17,False,84.17
5812,84.17,False,84.17
5813,84.17,False,84.17
5814,84.17,False,84.17
5815,84.17,False,84.17
5816,84.17,False,84.17
5817,84.17,False,84.17
5818,84.17,False,84.17
5819,84.17,False,84.17
5820,84.17,False,84.17
5821,84.17,False,84.17
5822,84.17,False,84.17
5823,84.17,False,84.17
5824,84.17,False,84.17
5825,84.17,False,84.17
5826,84.17,False,84.17
5827,84.17,False,84.17
5828,84.17,False,84.17
5829,84.17,False,84.17
5830,84.17,False,84.17
5831,84.17,False,84.17
5832,89.17,False,85.17
5833,89.17,False,86.17
5834,89.17,False,87.17
5835,89.17,False,88.17
5836,89.17,False,89.17
5837,89.17,False,89.17
5838,89.17,False,89.17
5839,89.17,False,89.17
5840,89.17,False,89.17
5841,89.17,False,89.17
5842,89.17,False,89.17
5843,89.17,False,89.17
5844,89.17,False,89.17
5845,89.17,False,89.17
5846,89.17,False,89.17
5847,89.17,False,89.17
5848,89.17,False,89.17
5849,89.17,False,89.17
5850,89.17,False,89.17
5851,89.17,False,89.17
5852,89.17,False,89.17
5853,89.17,False,89.17
5854,89.17,False,89.17
5855,89.17,False,89.17
5856,89.17,False,89.17
5857,89.17,False,89.17
5858,89.17,False,89.17
5859,89.17,False,89.17
5860,89.17,False,89.17
5861,89.17,False,89.17
5862,91.67,False,89.67
5863,91.67,False,90.17
5864,91.67,False,90.67
5865,91.67,False,91.17
5866,91.67,False,91.67
5867,91.67,False,91.67
5868,91.67,False,91.67
5869,91.67,False,91.67
5870,91.67,False,91.67
5871,91.67,False,91.67
5872,91.67,False,91.67
5873,91.67,False,91.67
5874,91.67,False,91.67
5875,91.67,False,91.67
5876,91.67,False,91.67
5877,91.67,False,91.67
5878,91.67,False,91.67
5879,91.67,False,91.67
5880,91.67,False,91.67
5881,91.67,False,91.67
5882,91.67,False,91.67
5883,91.67,False,91.67
5884,91.67,False,91.67
5885,91.67,False,91.67
5886,91.67,False,91.67
5887,91.67,False,91.67
5888,91.67,False,91.67
5889,95.83,False,92.50200000000001
5890,95.83,False,93.334
5891,95.83,False,94.166
5892,95.83,False,94.998
5893,95.83,False,95.83
5894,95.83,False,95.83
5895,95.83,False,95.83
5896,95.83,False,95.83
5897,95.83,False,95.83
5898,95.83,False,95.83
5899,95.83,False,95.83
5900,95.83,False,95.83
5901,95.83,False,95.83
5902,95.83,False,95.83
5903,95.83,False,95.83
5904,95.83,False,95.83
5905,95.83,False,95.83
5906,95.83,False,95.83
5907,95.83,False,95.83
5908,95.83,False,95.83
5909,95.83,False,95.83
5910,95.83,False,95.83
5911,95.83,False,95.83
5912,95.83,False,95.83
5913,95.83,False,95.83
5914,95.83,False,95.83
5915,95.83,False,95.83
5916,95.83,False,95.83
5917,95.83,False,95.83
5918,95.83,False,95.83
5919,95.83,False,95.83
5920,95.83,False,95.83
5921,95.83,False,95.83
5922,95.83,False,95.83
5923,95.83,False,95.83
5924,95.83,False,95.83
5925,95.83,False,95.83
5926,95.83,False,95.83
5927,95.83,False,95.83
5928,95.83,False,95.83
5929,95.83,False,95.83
5930,95.83,False,95.83
5931,95.83,False,95.83
5932,95.83,False,95.83
5933,95.83,False,95.83
5934,95.83,False,95.83
5935,95.83,False,95.83
5936,95.83,False,95.83
5937,95.83,False,95.83
5938,95.83,False,95.83
5939,95.83,False,95.83
5940,95.83,False,95.83
5941,95.83,False,95.83
5942,95.83,False,95.83
5943,95.83,False,95.83
5944,95.83,False,95.83
5945,95.83,False,95.83
5946,95.83,False,95.83
5947,95.83,False,95.83
5948,95.83,False,95.83
5949,95.83,False,95.83
5950,95.83,False,95.83
5951,95.83,False,95.83
5952,95.83,False,95.83
5953,95.83,False,95.83
5954,95.83,False,95.83
5955,95.83,False,95.83
5956,95.83,False,95.83
5957,95.83,False,95.83
5958,95.83,False,95.83
5959,95.83,False,95.83
5960,95.83,False,95.83
5961,95.83,False,95.83
5962,95.83,False,95.83
5963,95.83,False,95.83
5964,95.83,False,95.83
5965,95.83,False,95.83
5966,95.83,False,95.83
5967,95.83,False,95.83
5968,95.83,False,95.83
5969,95.83,False,95.83
5970,95.83,False,95.83
5971,95.83,False,95.83
5972,95.83,False,95.83
5973,95.83,False,95.83
5974,95.83,False,95.83
5975,94.17,False,95.498
5976,94.17,False,95.16600000000001
5977,94.17,False,94.83399999999999
5978,94.17,False,94.502
5979,94.17,False,94.17
5980,94.17,False,94.17
5981,94.17,False,94.17
5982,94.17,False,94.17
5983,94.17,False,94.17
5984,94.17,False,94.17
5985,94.17,False,94.17
5986,94.17,False,94.17
5987,94.17,False,94.17
5988,94.17,False,94.17
5989,94.17,False,94.17
5990,94.17,False,94.17
5991,94.17,False,94.17
5992,94.17,False,94.17
5993,94.17,False,94.17
5994,94.17,False,94.17
5995,94.17,False,94.17
5996,94.17,False,94.17
5997,94.17,False,94.17
5998,94.17,False,94.17
5999,94.17,False,94.17
6000,94.17,False,94.17
6001,94.17,False,94.17
6002,94.17,False,94.17
6003,94.17,False,94.17
6004,94.17,False,94.17
6005,94.17,False,94.17
6006,95.0,False,94.336
6007,95.0,False,94.502
6008,95.0,False,94.66799999999999
6009,95.0,False,94.83399999999999
6010,95.0,False,95.0
6011,95.0,False,95.0
6012,95.0,False,95.0
6013,95.0,False,95.0
6014,95.0,False,95.0
6015,95.0,False,95.0
6016,95.0,False,95.0
6017,95.0,False,95.0
6018,95.0,False,95.0
6019,95.0,False,95.0
6020,95.0,False,95.0
6021,95.0,False,95.0
6022,95.0,False,95.0
6023,95.0,False,95.0
6024,95.0,False,95.0
6025,95.0,False,95.0
6026,95.0,False,95.0
6027,95.0,False,95.0
6028,95.0,False,95.0
6029,95.0,False,95.0
6030,95.0,False,95.0
6031,95.0,False,95.0
6032,95.0,False,95.0
6033,95.0,False,95.0
6034,95.0,False,95.0
6035,95.0,False,95.0
6036,96.67,False,95.334
6037,96.67,False,95.668
6038,96.67,False,96.002
6039,96.67,False,96.336
6040,96.67,False,96.67
6041,96.67,False,96.67
6042,96.67,False,96.67
6043,96.67,False,96.67
6044,96.67,False,96.67
6045,96.67,False,96.67
6046,96.67,False,96.67
6047,96.67,False,96.67
6048,96.67,False,96.67
6049,96.67,False,96.67
6050,96.67,False,96.67
6051,96.67,False,96.67
6052,96.67,False,96.67
6053,96.67,False,96.67
6054,96.67,False,96.67
6055,96.67,False,96.67
6056,96.67,False,96.67
6057,96.67,False,96.67
6058,96.67,False,96.67
6059,96.67,False,96.67
6060,96.67,False,96.67
6061,96.67,False,96.67
6062,96.67,False,96.67
6063,96.67,False,96.67
6064,96.67,False,96.67
6065,96.67,False,96.67
6066,96.67,False,96.67
6067,94.17,False,96.17
6068,94.17,False,95.67
6069,94.17,False,95.17
6070,94.17,False,94.67
6071,94.17,False,94.17
6072,94.17,False,94.17
6073,94.17,False,94.17
6074,94.17,False,94.17
6075,94.17,False,94.17
6076,94.17,False,94.17
6077,94.17,False,94.17
6078,94.17,False,94.17
6079,94.17,False,94.17
6080,94.17,False,94.17
6081,94.17,False,94.17
6082,94.17,False,94.17
6083,94.17,False,94.17
6084,94.17,False,94.17
6085,94.17,False,94.17
6086,94.17,False,94.17
6087,94.17,False,94.17
6088,94.17,False,94.17
6089,94.17,False,94.17
6090,94.17,False,94.17
6091,94.17,False,94.17
6092,94.17,False,94.17
6093,94.17,False,94.17
6094,94.17,False,94.17
6095,94.17,False,94.17
6096,94.17,False,94.17
6097,94.17,False,94.17
6098,90.0,False,93.336
6099,90.0,False,92.502
6100,90.0,False,91.668
6101,90.0,False,90.834
6102,90.0,False,90.0
6103,90.0,False,90.0
6104,90.0,False,90.0
6105,90.0,False,90.0
6106,90.0,False,90.0
6107,90.0,False,90.0
6108,90.0,False,90.0
6109,90.0,False,90.0
6110,90.0,False,90.0
6111,90.0,False,90.0
6112,90.0,False,90.0
6113,90.0,False,90.0
6114,90.0,False,90.0
6115,90.0,False,90.0
6116,90.0,False,90.0
6117,90.0,False,90.0
6118,90.0,False,90.0
6119,90.0,False,90.0
6120,90.0,False,90.0
6121,90.0,False,90.0
6122,90.0,False,90.0
6123,90.0,False,90.0
6124,90.0,False,90.0
6125,90.0,False,90.0
6126,90.0,False,90.0
6127,90.0,False,90.0
6128,85.0,False,89.0
6129,85.0,False,88.0
6130,85.0,False,87.0
6131,85.0,False,86.0
6132,85.0,False,85.0
6133,85.0,False,85.0
6134,85.0,False,85.0
6135,85.0,False,85.0
6136,85.0,False,85.0
6137,85.0,False,85.0
6138,85.0,False,85.0
6139,85.0,False,85.0
6140,85.0,False,85.0
6141,85.0,False,85.0
6142,85.0,False,85.0
6143,85.0,False,85.0
6144,85.0,False,85.0
6145,84.17,False,84.83399999999999
6146,84.17,False,84.66799999999999
6147,84.17,False,84.502
6148,84.17,False,84.336
6149,88.33,False,85.002
6150,88.33,False,85.834
6151,88.33,False,86.66600000000001
6152,88.33,False,87.498
6153,88.33,False,88.33
6154,88.33,False,88.33
6155,88.33,False,88.33
6156,88.33,False,88.33
6157,88.33,False,88.33
6158,88.33,False,88.33
6159,88.33,False,88.33
6160,88.33,False,88.33
6161,88.33,False,88.33
6162,88.33,False,88.33
6163,88.33,False,88.33
6164,88.33,False,88.33
6165,88.33,False,88.33
6166,88.33,False,88.33
6167,88.33,False,88.33
6168,88.33,False,88.33
6169,88.33,False,88.33
6170,88.33,False,88.33
6171,88.33,False,88.33
6172,88.33,False,88.33
6173,88.33,False,88.33
6174,88.33,False,88.33
6175,88.33,False,88.33
6176,88.33,False,88.33
6177,88.33,False,88.33
6178,88.33,False,88.33
6179,88.33,False,88.33
6180,91.67,False,88.99799999999999
6181,91.67,False,89.666
6182,91.67,False,90.334
6183,91.67,False,91.002
6184,91.67,False,91.67
6185,91.67,False,91.67
6186,91.67,False,91.67
6187,91.67,False,91.67
6188,91.67,False,91.67
6189,91.67,False,91.67
6190,91.67,False,91.67
6191,91.67,False,91.67
6192,91.67,False,91.67
6193,91.67,False,91.67
6194,91.67,False,91.67
6195,91.67,False,91.67
6196,91.67,False,91.67
6197,91.67,False,91.67
6198,91.67,False,91.67
6199,91.67,False,91.67
6200,91.67,False,91.67
6201,91.67,False,91.67
6202,91.67,False,91.67
6203,91.67,False,91.67
6204,91.67,False,91.67
6205,91.67,False,91.67
6206,91.67,False,91.67
6207,91.67,False,91.67
6208,91.67,False,91.67
6209,91.67,False,91.67
6210,94.17,False,92.17
6211,94.17,False,92.67
6212,94.17,False,93.17
6213,94.17,False,93.67
6214,94.17,False,94.17
6215,94.17,False,94.17
6216,94.17,False,94.17
6217,94.17,False,94.17
6218,94.17,False,94.17
6219,94.17,False,94.17
6220,94.17,False,94.17
6221,94.17,False,94.17
6222,94.17,False,94.17
6223,94.17,False,94.17
6224,94.17,False,94.17
6225,94.17,False,94.17
6226,94.17,False,94.17
6227,94.17,False,94.17
6228,94.17,False,94.17
6229,94.17,False,94.17
6230,94.17,False,94.17
6231,94.17,False,94.17
6232,94.17,False,94.17
6233,94.17,False,94.17
6234,94.17,False,94.17
6235,94.17,False,94.17
6236,94.17,False,94.17
6237,94.17,False,94.17
6238,94.17,False,94.17
6239,94.17,False,94.17
6240,94.17,False,94.17
6241,95.0,False,94.336
6242,95.0,False,94.502
6243,95.0,False,94.66799999999999
6244,95.0,False,94.83399999999999
6245,95.0,False,95.0
6246,95.0,False,95.0
6247,95.0,False,95.0
6248,95.0,False,95.0
6249,95.0,False,95.0
6250,95.0,False,95.0
6251,95.0,False,95.0
6252,95.0,False,95.0
6253,95.0,False,95.0
6254,95.0,False,95.0
6255,95.0,False,95.0
6256,95.0,False,95.0
6257,95.0,False,95.0
6258,95.0,False,95.0
6259,95.0,False,95.0
6260,95.0,False,95.0
6261,95.0,False,95.0
6262,95.0,False,95.0
6263,95.0,False,95.0
6264,95.0,False,95.0
6265,95.0,False,95.0
6266,95.0,False,95.0
6267,95.0,False,95.0
6268,95.0,False,95.0
6269,95.0,False,95.0
6270,95.0,False,95.0
6271,95.0,False,95.0
6272,99.17,False,95.834
6273,99.17,False,96.668
6274,99.17,False,97.502
6275,99.17,False,98.336
6276,99.17,False,99.17
6277,99.17,False,99.17
6278,99.17,False,99.17
6279,99.17,False,99.17
6280,99.17,False,99.17
6281,99.17,False,99.17
6282,99.17,False,99.17
6283,99.17,False,99.17
6284,99.17,False,99.17
6285,99.17,False,99.17
6286,99.17,False,99.17
6287,99.17,False,99.17
6288,99.17,False,99.17
6289,99.17,False,99.17
6290,99.17,False,99.17
6291,99.17,False,99.17
6292,99.17,False,99.17
6293,99.17,False,99.17
6294,99.17,False,99.17
6295,99.17,False,99.17
6296,99.17,False,99.17
6297,99.17,False,99.17
6298,99.17,False,99.17
6299,99.17,False,99.17
6300,99.17,False,99.17
6301,99.17,False,99.17
6302,101.67,False,99.67
6303,101.67,False,100.17
6304,101.67,False,100.67
6305,101.67,False,101.17
6306,101.67,False,101.67
6307,101.67,False,101.67
6308,101.67,False,101.67
6309,101.67,False,101.67
6310,101.67,False,101.67
6311,101.67,False,101.67
6312,101.67,False,101.67
6313,101.67,False,101.67
6314,101.67,False,101.67
6315,101.67,False,101.67
6316,101.67,False,101.67
6317,101.67,False,101.67
6318,101.67,False,101.67
6319,101.67,False,101.67
6320,101.67,False,101.67
6321,101.67,False,101.67
6322,101.67,False,101.67
6323,101.67,False,101.67
6324,101.67,False,101.67
6325,101.67,False,101.67
6326,101.67,False,101.67
6327,101.67,False,101.67
6328,101.67,False,101.67
6329,101.67,False,101.67
6330,101.67,False,101.67
6331,101.67,False,101.67
6332,101.67,False,101.67
6333,103.33,False,102.002
6334,103.33,False,102.33399999999999
6335,103.33,False,102.66600000000001
6336,103.33,False,102.998
6337,103.33,False,103.33
6338,103.33,False,103.33
6339,103.33,False,103.33
6340,103.33,False,103.33
6341,103.33,False,103.33
6342,103.33,False,103.33
6343,103.33,False,103.33
6344,103.33,False,103.33
6345,103.33,False,103.33
6346,103.33,False,103.33
6347,103.33,False,103.33
6348,103.33,False,103.33
6349,103.33,False,103.33
6350,103.33,False,103.33
6351,103.33,False,103.33
6352,103.33,False,103.33
6353,103.33,False,103.33
6354,103.33,False,103.33
6355,103.33,False,103.33
6356,103.33,False,103.33
6357,103.33,False,103.33
6358,103.33,False,103.33
6359,103.33,False,103.33
6360,103.33,False,103.33
6361,103.33,False,103.33
6362,103.33,False,103.33
6363,103.33,False,103.33
6364,106.67,False,103.998
6365,106.67,False,104.66600000000001
6366,106.67,False,105.33400000000002
6367,106.67,False,106.002
6368,106.67,False,106.67
6369,106.67,False,106.67
6370,106.67,False,106.67
6371,106.67,False,106.67
6372,106.67,False,106.67
6373,106.67,False,106.67
6374,106.67,False,106.67
6375,106.67,False,106.67
6376,106.67,False,106.67
6377,106.67,False,106.67
6378,106.67,False,106.67
6379,106.67,False,106.67
6380,106.67,False,106.67
6381,106.67,False,106.67
6382,106.67,False,106.67
6383,106.67,False,106.67
6384,106.67,False,106.67
6385,106.67,False,106.67
6386,106.67,False,106.67
6387,106.67,False,106.67
6388,106.67,False,106.67
6389,106.67,False,106.67
6390,106.67,False,106.67
6391,106.67,False,106.67
6392,106.67,False,106.67
6393,106.67,False,106.67
6394,107.5,False,106.83600000000001
6395,107.5,False,107.002
6396,107.5,False,107.168
6397,107.5,False,107.33400000000002
6398,107.5,False,107.5
6399,107.5,False,107.5
6400,107.5,False,107.5
6401,107.5,False,107.5
6402,107.5,False,107.5
6403,107.5,False,107.5
6404,107.5,False,107.5
6405,107.5,False,107.5
6406,107.5,False,107.5
6407,107.5,False,107.5
6408,107.5,False,107.5
6409,107.5,False,107.5
6410,107.5,False,107.5
6411,107.5,False,107.5
6412,108.33,False,107.66600000000001
6413,108.33,False,107.832
6414,108.33,False,107.998
6415,108.33,False,108.16400000000002
6416,108.33,False,108.33
6417,108.33,False,108.33
6418,108.33,False,108.33
6419,108.33,False,108.33
6420,108.33,False,108.33
6421,108.33,False,108.33
6422,108.33,False,108.33
6423,108.33,False,108.33
6424,108.33,False,108.33
6425,108.33,False,108.33
6426,108.33,False,108.33
6427,108.33,False,108.33
6428,108.33,False,108.33
6429,108.33,False,108.33
6430,108.33,False,108.33
6431,108.33,False,108.33
6432,108.33,False,108.33
6433,108.33,False,108.33
6434,108.33,False,108.33
6435,108.33,False,108.33
6436,108.33,False,108.33
6437,108.33,False,108.33
6438,108.33,False,108.33
6439,108.33,False,108.33
6440,108.33,False,108.33
6441,108.33,False,108.33
6442,110.0,False,108.66399999999999
6443,110.0,False,108.998
6444,110.0,False,109.332
6445,110.0,False,109.66599999999998
6446,110.0,False,110.0
6447,110.0,False,110.0
6448,110.0,False,110.0
6449,110.0,False,110.0
6450,110.0,False,110.0
6451,110.0,False,110.0
6452,110.0,False,110.0
6453,110.0,False,110.0
6454,110.0,False,110.0
6455,110.0,False,110.0
6456,110.0,False,110.0
6457,110.0,False,110.0
6458,110.0,False,110.0
6459,110.0,False,110.0
6460,110.0,False,110.0
6461,110.0,False,110.0
6462,110.0,False,110.0
6463,110.0,False,110.0
6464,110.0,False,110.0
6465,110.0,False,110.0
6466,110.0,False,110.0
6467,110.0,False,110.0
6468,110.0,False,110.0
6469,110.0,False,110.0
6470,110.0,False,110.0
6471,110.0,False,110.0
6472,110.83,False,110.16599999999998
6473,110.83,False,110.332
6474,110.83,False,110.498
6475,110.83,False,110.66399999999999
6476,110.83,False,110.83
6477,110.83,False,110.83
6478,110.83,False,110.83
6479,110.83,False,110.83
6480,110.83,False,110.83
6481,110.83,False,110.83
6482,110.83,False,110.83
6483,110.83,False,110.83
6484,110.83,False,110.83
6485,110.83,False,110.83
6486,110.83,False,110.83
6487,110.83,False,110.83
6488,110.83,False,110.83
6489,110.83,False,110.83
6490,110.83,False,110.83
6491,110.83,False,110.83
6492,110.83,False,110.83
6493,110.83,False,110.83
6494,110.83,False,110.83
6495,110.83,False,110.83
6496,110.83,False,110.83
6497,110.83,False,110.83
6498,110.83,False,110.83
6499,110.83,False,110.83
6500,110.83,False,110.83
6501,110.83,False,110.83
6502,110.83,False,110.83
6503,112.5,False,111.16399999999999
6504,112.5,False,111.498
6505,112.5,False,111.832
6506,112.5,False,112.16600000000001
6507,112.5,False,112.5
6508,112.5,False,112.5
6509,112.5,False,112.5
6510,112.5,False,112.5
6511,112.5,False,112.5
6512,112.5,False,112.5
6513,112.5,False,112.5
6514,112.5,False,112.5
6515,112.5,False,112.5
6516,112.5,False,112.5
6517,112.5,False,112.5
6518,112.5,False,112.5
6519,112.5,False,112.5
6520,112.5,False,112.5
6521,112.5,False,112.5
6522,112.5,False,112.5
6523,112.5,False,112.5
6524,112.5,False,112.5
6525,112.5,False,112.5
6526,112.5,False,112.5
6527,112.5,False,112.5
6528,112.5,False,112.5
6529,112.5,False,112.5
6530,112.5,False,112.5
6531,112.5,False,112.5
6532,112.5,False,112.5
6533,114.17,False,112.83399999999999
6534,114.17,False,113.16799999999998
6535,114.17,False,113.502
6536,114.17,False,113.83599999999998
6537,114.17,False,114.17
6538,114.17,False,114.17
6539,114.17,False,114.17
6540,114.17,False,114.17
6541,114.17,False,114.17
6542,114.17,False,114.17
6543,114.17,False,114.17
6544,114.17,False,114.17
6545,114.17,False,114.17
6546,114.17,False,114.17
6547,114.17,False,114.17
6548,114.17,False,114.17
6549,114.17,False,114.17
6550,114.17,False,114.17
6551,114.17,False,114.17
6552,114.17,False,114.17
6553,114.17,False,114.17
6554,114.17,False,114.17
6555,114.17,False,114.17
6556,114.17,False,114.17
6557,114.17,False,114.17
6558,114.17,False,114.17
6559,114.17,False,114.17
6560,114.17,False,114.17
6561,114.17,False,114.17
6562,114.17,False,114.17
6563,114.17,False,114.17
6564,114.17,False,114.17
6565,114.17,False,114.17
6566,114.17,False,114.17
6567,114.17,False,114.17
6568,114.17,False,114.17
6569,114.17,False,114.17
6570,114.17,False,114.17
6571,114.17,False,114.17
6572,114.17,False,114.17
6573,114.17,False,114.17
6574,114.17,False,114.17
6575,114.17,False,114.17
6576,114.17,False,114.17
6577,114.17,False,114.17
6578,114.17,False,114.17
6579,114.17,False,114.17
6580,114.17,False,114.17
6581,114.17,False,114.17
6582,114.17,False,114.17
6583,114.17,False,114.17
6584,114.17,False,114.17
6585,114.17,False,114.17
6586,114.17,False,114.17
6587,114.17,False,114.17
6588,114.17,False,114.17
6589,114.17,False,114.17
6590,114.17,False,114.17
6591,114.17,False,114.17
6592,114.17,False,114.17
6593,114.17,False,114.17
6594,115.83,False,114.502
6595,115.83,False,114.83399999999999
6596,115.83,False,115.16599999999998
6597,115.83,False,115.498
6598,115.83,False,115.83
6599,115.83,False,115.83
6600,115.83,False,115.83
6601,115.83,False,115.83
6602,115.83,False,115.83
6603,115.83,False,115.83
6604,115.83,False,115.83
6605,115.83,False,115.83
6606,115.83,False,115.83
6607,115.83,False,115.83
6608,115.83,False,115.83
6609,115.83,False,115.83
6610,115.83,False,115.83
6611,115.83,False,115.83
6612,115.83,False,115.83
6613,115.83,False,115.83
6614,115.83,False,115.83
6615,115.83,False,115.83
6616,115.83,False,115.83
6617,115.83,False,115.83
6618,115.83,False,115.83
6619,115.83,False,115.83
6620,115.83,False,115.83
6621,115.83,False,115.83
6622,115.83,False,115.83
6623,115.83,False,115.83
6624,115.83,False,115.83
6625,121.67,False,116.998
6626,121.67,False,118.16600000000001
6627,121.67,False,119.33399999999999
6628,121.67,False,120.502
6629,121.67,False,121.67
6630,121.67,False,121.67
6631,121.67,False,121.67
6632,121.67,False,121.67
6633,121.67,False,121.67
6634,121.67,False,121.67
6635,121.67,False,121.67
6636,121.67,False,121.67
6637,121.67,False,121.67
6638,121.67,False,121.67
6639,121.67,False,121.67
6640,121.67,False,121.67
6641,121.67,False,121.67
6642,121.67,False,121.67
6643,121.67,False,121.67
6644,121.67,False,121.67
6645,121.67,False,121.67
6646,121.67,False,121.67
6647,121.67,False,121.67
6648,121.67,False,121.67
6649,121.67,False,121.67
6650,121.67,False,121.67
6651,121.67,False,121.67
6652,121.67,False,121.67
6653,121.67,False,121.67
6654,121.67,False,121.67
6655,122.5,False,121.83600000000001
6656,122.5,False,122.002
6657,120.0,False,121.668
6658,120.0,False,121.33399999999999
6659,120.0,False,121.0
6660,120.0,False,120.5
6661,120.0,False,120.0
6662,120.0,False,120.0
6663,120.0,False,120.0
6664,120.0,False,120.0
6665,120.0,False,120.0
6666,120.0,False,120.0
6667,120.0,False,120.0
6668,120.0,False,120.0
6669,119.17,False,119.83400000000002
6670,119.17,False,119.668
6671,119.17,False,119.502
6672,119.17,False,119.33600000000001
6673,119.17,False,119.17
6674,119.17,False,119.17
6675,119.17,False,119.17
6676,119.17,False,119.17
6677,119.17,False,119.17
6678,119.17,False,119.17
6679,119.17,False,119.17
6680,119.17,False,119.17
6681,119.17,False,119.17
6682,119.17,False,119.17
6683,119.17,False,119.17
6684,119.17,False,119.17
6685,119.17,False,119.17
6686,119.17,False,119.17
6687,119.17,False,119.17
6688,119.17,False,119.17
6689,119.17,False,119.17
6690,119.17,False,119.17
6691,119.17,False,119.17
6692,119.17,False,119.17
6693,119.17,False,119.17
6694,119.17,False,119.17
6695,119.17,False,119.17
6696,119.17,False,119.17
6697,119.17,False,119.17
6698,119.17,False,119.17
6699,119.17,False,119.17
6700,120.0,False,119.33599999999998
6701,120.0,False,119.502
6702,120.0,False,119.668
6703,120.0,False,119.83399999999999
6704,120.0,False,120.0
6705,120.0,False,120.0
6706,120.0,False,120.0
6707,120.0,False,120.0
6708,120.0,False,120.0
6709,120.0,False,120.0
6710,120.0,False,120.0
6711,120.0,False,120.0
6712,120.0,False,120.0
6713,120.0,False,120.0
6714,120.0,False,120.0
6715,120.0,False,120.0
6716,120.0,False,120.0
6717,120.0,False,120.0
6718,120.0,False,120.0
6719,120.0,False,120.0
6720,120.0,False,120.0
6721,120.0,False,120.0
6722,120.0,False,120.0
6723,120.0,False,120.0
6724,120.0,False,120.0
6725,120.0,False,120.0
6726,120.0,False,120.0
6727,120.0,False,120.0
6728,120.0,False,120.0
6729,120.0,False,120.0
6730,120.0,False,120.0
6731,120.0,False,120.0
6732,120.0,False,120.0
6733,120.0,False,120.0
6734,120.0,False,120.0
6735,120.0,False,120.0
6736,120.0,False,120.0
6737,120.0,False,120.0
6738,120.0,False,120.0
6739,120.0,False,120.0
6740,120.0,False,120.0
6741,120.0,False,120.0
6742,120.0,False,120.0
6743,120.0,False,120.0
6744,120.0,False,120.0
6745,120.0,False,120.0
6746,120.0,False,120.0
6747,120.0,False,120.0
6748,120.0,False,120.0
6749,120.0,False,120.0
6750,120.0,False,120.0
6751,120.0,False,120.0
6752,120.0,False,120.0
6753,120.0,False,120.0
6754,120.0,False,120.0
6755,120.0,False,120.0
6756,120.0,False,120.0
6757,120.0,False,120.0
6758,120.0,False,120.0
6759,120.0,False,120.0
6760,120.0,False,120.0
6761,120.0,False,120.0
6762,120.0,False,120.0
6763,120.0,False,120.0
6764,120.0,False,120.0
6765,120.0,False,120.0
6766,120.0,False,120.0
6767,120.0,False,120.0
6768,120.0,False,120.0
6769,120.0,False,120.0
6770,120.0,False,120.0
6771,120.0,False,120.0
6772,120.0,False,120.0
6773,120.0,False,120.0
6774,120.0,False,120.0
6775,120.0,False,120.0
6776,120.0,False,120.0
6777,120.0,False,120.0
6778,120.0,False,120.0
6779,120.0,False,120.0
6780,120.0,False,120.0
6781,120.0,False,120.0
6782,120.0,False,120.0
6783,120.0,False,120.0
6784,120.0,False,120.0
6785,120.0,False,120.0
6786,120.0,False,120.0
6787,120.0,False,120.0
6788,120.0,False,120.0
6789,120.0,False,120.0
6790,120.0,False,120.0
6791,119.17,False,119.83399999999999
6792,119.17,False,119.668
6793,119.17,False,119.502
6794,119.17,False,119.33599999999998
6795,119.17,False,119.17
6796,119.17,False,119.17
6797,119.17,False,119.17
6798,119.17,False,119.17
6799,119.17,False,119.17
6800,119.17,False,119.17
6801,119.17,False,119.17
6802,119.17,False,119.17
6803,119.17,False,119.17
6804,119.17,False,119.17
6805,119.17,False,119.17
6806,119.17,False,119.17
6807,119.17,False,119.17
6808,119.17,False,119.17
6809,119.17,False,119.17
6810,119.17,False,119.17
6811,119.17,False,119.17
6812,119.17,False,119.17
6813,119.17,False,119.17
6814,119.17,False,119.17
6815,119.17,False,119.17
6816,119.17,False,119.17
6817,119.17,False,119.17
6818,119.17,False,119.17
6819,119.17,False,119.17
6820,119.17,False,119.17
6821,117.5,False,118.83600000000001
6822,117.5,False,118.502
6823,117.5,False,118.168
6824,117.5,False,117.83400000000002
6825,117.5,False,117.5
6826,117.5,False,117.5
6827,117.5,False,117.5
6828,117.5,False,117.5
6829,117.5,False,117.5
6830,117.5,False,117.5
6831,117.5,False,117.5
6832,117.5,False,117.5
6833,117.5,False,117.5
6834,117.5,False,117.5
6835,117.5,False,117.5
6836,117.5,False,117.5
6837,117.5,False,117.5
6838,117.5,False,117.5
6839,117.5,False,117.5
6840,117.5,False,117.5
6841,117.5,False,117.5
6842,117.5,False,117.5
6843,117.5,False,117.5
6844,117.5,False,117.5
6845,117.5,False,117.5
6846,117.5,False,117.5
6847,117.5,False,117.5
6848,117.5,False,117.5
6849,117.5,False,117.5
6850,117.5,False,117.5
6851,117.5,False,117.5
6852,118.33,False,117.66600000000001
6853,118.33,False,117.832
6854,118.33,False,117.998
6855,118.33,False,118.16400000000002
6856,118.33,False,118.33
6857,118.33,False,118.33
6858,118.33,False,118.33
6859,118.33,False,118.33
6860,118.33,False,118.33
6861,118.33,False,118.33
6862,118.33,False,118.33
6863,118.33,False,118.33
6864,118.33,False,118.33
6865,118.33,False,118.33
6866,118.33,False,118.33
6867,118.33,False,118.33
6868,118.33,False,118.33
6869,118.33,False,118.33
6870,118.33,False,118.33
6871,118.33,False,118.33
6872,118.33,False,118.33
6873,118.33,False,118.33
6874,118.33,False,118.33
6875,118.33,False,118.33
6876,118.33,False,118.33
6877,118.33,False,118.33
6878,118.33,False,118.33
6879,118.33,False,118.33
6880,118.33,False,118.33
6881,118.33,False,118.33
6882,122.5,False,119.16399999999999
6883,122.5,False,119.998
6884,122.5,False,120.832
6885,122.5,False,121.66599999999998
6886,122.5,False,122.5
6887,122.5,False,122.5
6888,122.5,False,122.5
6889,122.5,False,122.5
6890,122.5,False,122.5
6891,122.5,False,122.5
6892,122.5,False,122.5
6893,122.5,False,122.5
6894,122.5,False,122.5
6895,122.5,False,122.5
6896,122.5,False,122.5
6897,122.5,False,122.5
6898,122.5,False,122.5
6899,122.5,False,122.5
6900,122.5,False,122.5
6901,122.5,False,122.5
6902,122.5,False,122.5
6903,122.5,False,122.5
6904,122.5,False,122.5
6905,122.5,False,122.5
6906,122.5,False,122.5
6907,122.5,False,122.5
6908,122.5,False,122.5
6909,122.5,False,122.5
6910,122.5,False,122.5
6911,122.5,False,122.5
6912,122.5,False,122.5
6913,122.5,False,122.5
6914,122.5,False,122.5
6915,122.5,False,122.5
6916,122.5,False,122.5
6917,122.5,False,122.5
6918,122.5,False,122.5
6919,122.5,False,122.5
6920,122.5,False,122.5
6921,122.5,False,122.5
6922,122.5,False,122.5
6923,122.5,False,122.5
6924,122.5,False,122.5
6925,122.5,False,122.5
6926,122.5,False,122.5
6927,119.17,False,121.83399999999999
6928,119.17,False,121.168
6929,119.17,False,120.502
6930,119.17,False,119.83599999999998
6931,119.17,False,119.17
6932,119.17,False,119.17
6933,119.17,False,119.17
6934,119.17,False,119.17
6935,119.17,False,119.17
6936,119.17,False,119.17
6937,119.17,False,119.17
6938,119.17,False,119.17
6939,119.17,False,119.17
6940,119.17,False,119.17
6941,119.17,False,119.17
6942,119.17,False,119.17
6943,119.17,False,119.17
6944,119.17,False,119.17
6945,119.17,False,119.17
6946,119.17,False,119.17
6947,119.17,False,119.17
6948,119.17,False,119.17
6949,119.17,False,119.17
6950,119.17,False,119.17
6951,119.17,False,119.17
6952,119.17,False,119.17
6953,119.17,False,119.17
6954,119.17,False,119.17
6955,119.17,False,119.17
6956,119.17,False,119.17
6957,118.33,False,119.002
6958,118.33,False,118.83399999999999
6959,118.33,False,118.66599999999998
6960,118.33,False,118.498
6961,118.33,False,118.33
6962,118.33,False,118.33
6963,118.33,False,118.33
6964,118.33,False,118.33
6965,118.33,False,118.33
6966,118.33,False,118.33
6967,118.33,False,118.33
6968,118.33,False,118.33
6969,118.33,False,118.33
6970,118.33,False,118.33
6971,118.33,False,118.33
6972,118.33,False,118.33
6973,118.33,False,118.33
6974,118.33,False,118.33
6975,118.33,False,118.33
6976,118.33,False,118.33
6977,118.33,False,118.33
6978,118.33,False,118.33
6979,118.33,False,118.33
6980,118.33,False,118.33
6981,118.33,False,118.33
6982,118.33,False,118.33
6983,118.33,False,118.33
6984,118.33,False,118.33
6985,118.33,False,118.33
6986,118.33,False,118.33
6987,118.33,False,118.33
6988,119.17,False,118.498
6989,119.17,False,118.66600000000001
6990,119.17,False,118.83399999999999
6991,119.17,False,119.002
6992,119.17,False,119.17
6993,119.17,False,119.17
6994,119.17,False,119.17
6995,119.17,False,119.17
6996,119.17,False,119.17
6997,119.17,False,119.17
6998,119.17,False,119.17
6999,119.17,False,119.17
7000,119.17,False,119.17
7001,119.17,False,119.17
7002,119.17,False,119.17
7003,119.17,False,119.17
7004,119.17,False,119.17
7005,119.17,False,119.17
7006,119.17,False,119.17
7007,119.17,False,119.17
7008,119.17,False,119.17
7009,119.17,False,119.17
7010,119.17,False,119.17
7011,119.17,False,119.17
7012,119.17,False,119.17
7013,119.17,False,119.17
7014,119.17,False,119.17
7015,119.17,False,119.17
7016,119.17,False,119.17
7017,119.17,False,119.17
7018,120.83,False,119.502
7019,120.83,False,119.83400000000002
7020,120.83,False,120.16600000000001
7021,120.83,False,120.498
7022,120.83,False,120.83
7023,120.83,False,120.83
7024,120.83,False,120.83
7025,120.83,False,120.83
7026,120.83,False,120.83
7027,120.83,False,120.83
7028,120.83,False,120.83
7029,120.83,False,120.83
7030,120.83,False,120.83
7031,120.83,False,120.83
7032,120.83,False,120.83
7033,120.83,False,120.83
7034,120.83,False,120.83
7035,120.83,False,120.83
7036,120.83,False,120.83
7037,120.83,False,120.83
7038,120.83,False,120.83
7039,120.83,False,120.83
7040,120.83,False,120.83
7041,120.83,False,120.83
7042,120.83,False,120.83
7043,120.83,False,120.83
7044,120.83,False,120.83
7045,120.83,False,120.83
7046,120.83,False,120.83
7047,120.83,False,120.83
7048,120.83,False,120.83
7049,118.33,False,120.33
7050,118.33,False,119.83
7051,118.33,False,119.33
7052,118.33,False,118.83
7053,118.33,False,118.33
7054,118.33,False,118.33
7055,118.33,False,118.33
7056,118.33,False,118.33
7057,118.33,False,118.33
7058,118.33,False,118.33
7059,118.33,False,118.33
7060,118.33,False,118.33
7061,118.33,False,118.33
7062,118.33,False,118.33
7063,118.33,False,118.33
7064,118.33,False,118.33
7065,118.33,False,118.33
7066,118.33,False,118.33
7067,118.33,False,118.33
7068,118.33,False,118.33
7069,118.33,False,118.33
7070,118.33,False,118.33
7071,118.33,False,118.33
7072,118.33,False,118.33
7073,118.33,False,118.33
7074,118.33,False,118.33
7075,118.33,False,118.33
7076,118.33,False,118.33
7077,118.33,False,118.33
7078,118.33,False,118.33
7079,120.0,False,118.66399999999999
7080,120.0,False,118.998
7081,120.0,False,119.332
7082,120.0,False,119.66599999999998
7083,120.0,False,120.0
7084,120.0,False,120.0
7085,120.0,False,120.0
7086,120.0,False,120.0
7087,120.0,False,120.0
7088,120.0,False,120.0
7089,120.0,False,120.0
7090,120.0,False,120.0
7091,120.0,False,120.0
7092,120.0,False,120.0
7093,120.0,False,120.0
7094,120.0,False,120.0
7095,120.0,False,120.0
7096,120.0,False,120.0
7097,120.0,False,120.0
7098,120.0,False,120.0
7099,120.0,False,120.0
7100,120.0,False,120.0
7101,120.0,False,120.0
7102,120.0,False,120.0
7103,120.0,False,120.0
7104,120.0,False,120.0
7105,120.0,False,120.0
7106,120.0,False,120.0
7107,120.0,False,120.0
7108,120.0,False,120.0
7109,120.0,False,120.0
7110,125.0,False,121.0
7111,125.0,False,122.0
7112,125.0,False,123.0
7113,125.0,False,124.0
7114,125.0,False,125.0
7115,125.0,False,125.0
7116,125.0,False,125.0
7117,125.0,False,125.0
7118,125.0,False,125.0
7119,125.0,False,125.0
7120,125.0,False,125.0
7121,125.0,False,125.0
7122,125.0,False,125.0
7123,125.0,False,125.0
7124,125.0,False,125.0
7125,125.0,False,125.0
7126,125.0,False,125.0
7127,125.0,False,125.0
7128,125.0,False,125.0
7129,125.0,False,125.0
7130,125.0,False,125.0
7131,125.0,False,125.0
7132,125.0,False,125.0
7133,125.0,False,125.0
7134,125.0,False,125.0
7135,125.0,False,125.0
7136,125.0,False,125.0
7137,125.0,False,125.0
7138,125.0,False,125.0
7139,125.0,False,125.0
7140,120.0,False,124.0
7141,120.0,False,123.0
7142,120.0,False,122.0
7143,120.0,False,121.0
7144,120.0,False,120.0
7145,120.0,False,120.0
7146,120.0,False,120.0
7147,120.0,False,120.0
7148,120.0,False,120.0
7149,120.0,False,120.0
7150,120.0,False,120.0
7151,120.0,False,120.0
7152,120.0,False,120.0
7153,120.0,False,120.0
7154,120.0,False,120.0
7155,120.0,False,120.0
7156,120.0,False,120.0
7157,120.0,False,120.0
7158,120.0,False,120.0
7159,120.0,False,120.0
7160,120.0,False,120.0
7161,120.0,False,120.0
7162,120.0,False,120.0
7163,120.0,False,120.0
7164,120.0,False,120.0
7165,120.0,False,120.0
7166,120.0,False,120.0
7167,120.0,False,120.0
7168,120.0,False,120.0
7169,110.0,False,118.0
7170,110.0,False,116.0
7171,110.0,False,114.0
7172,110.0,False,112.0
7173,110.0,False,110.0
7174,110.0,False,110.0
7175,110.0,False,110.0
7176,110.0,False,110.0
7177,110.0,False,110.0
7178,110.0,False,110.0
7179,110.0,False,110.0
7180,110.0,False,110.0
7181,110.0,False,110.0
7182,110.0,False,110.0
7183,110.0,False,110.0
7184,110.0,False,110.0
7185,105.0,False,109.0
7186,105.0,False,108.0
7187,105.0,False,107.0
7188,105.0,False,106.0
7189,105.0,False,105.0
7190,105.0,False,105.0
7191,105.0,False,105.0
7192,105.0,False,105.0
7193,105.0,False,105.0
7194,105.0,False,105.0
7195,105.0,False,105.0
7196,105.0,False,105.0
7197,105.0,False,105.0
7198,105.0,False,105.0
7199,105.0,False,105.0
7200,105.0,False,105.0
7201,105.0,False,105.0
7202,105.0,False,105.0
7203,105.0,False,105.0
7204,105.0,False,105.0
7205,105.0,False,105.0
7206,105.0,False,105.0
7207,105.0,False,105.0
7208,105.0,False,105.0
7209,105.0,False,105.0
7210,105.0,False,105.0
7211,105.0,False,105.0
7212,105.0,False,105.0
7213,105.0,False,105.0
7214,105.0,False,105.0
7215,105.0,False,105.0
7216,100.0,False,104.0
7217,100.0,False,103.0
7218,100.0,False,102.0
7219,100.0,False,101.0
7220,100.0,False,100.0
7221,100.0,False,100.0
7222,100.0,False,100.0
7223,100.0,False,100.0
7224,100.0,False,100.0
7225,100.0,False,100.0
7226,100.0,False,100.0
7227,100.0,False,100.0
7228,100.0,False,100.0
7229,100.0,False,100.0
7230,100.0,False,100.0
7231,100.0,False,100.0
7232,100.0,False,100.0
7233,100.0,False,100.0
7234,100.0,False,100.0
7235,100.0,False,100.0
7236,100.0,False,100.0
7237,100.0,False,100.0
7238,100.0,False,100.0
7239,100.0,False,100.0
7240,100.0,False,100.0
7241,100.0,False,100.0
7242,100.0,False,100.0
7243,100.0,False,100.0
7244,100.0,False,100.0
7245,100.0,False,100.0
7246,96.67,False,99.33399999999999
7247,96.67,False,98.66799999999999
7248,96.67,False,98.002
7249,96.67,False,97.336
7250,96.67,False,96.67
7251,96.67,False,96.67
7252,96.67,False,96.67
7253,96.67,False,96.67
7254,96.67,False,96.67
7255,96.67,False,96.67
7256,96.67,False,96.67
7257,96.67,False,96.67
7258,96.67,False,96.67
7259,96.67,False,96.67
7260,96.67,False,96.67
7261,96.67,False,96.67
7262,96.67,False,96.67
7263,96.67,False,96.67
7264,96.67,False,96.67
7265,96.67,False,96.67
7266,96.67,False,96.67
7267,96.67,False,96.67
7268,96.67,False,96.67
7269,96.67,False,96.67
7270,96.67,False,96.67
7271,96.67,False,96.67
7272,96.67,False,96.67
7273,96.67,False,96.67
7274,96.67,False,96.67
7275,96.67,False,96.67
7276,96.67,False,96.67
7277,95.0,False,96.336
7278,95.0,False,96.002
7279,95.0,False,95.668
7280,95.0,False,95.334
7281,95.0,False,95.0
7282,95.0,False,95.0
7283,95.0,False,95.0
7284,95.0,False,95.0
7285,95.0,False,95.0
7286,95.0,False,95.0
7287,95.0,False,95.0
7288,95.0,False,95.0
7289,95.0,False,95.0
7290,95.0,False,95.0
7291,95.0,False,95.0
7292,95.0,False,95.0
7293,95.0,False,95.0
7294,95.0,False,95.0
7295,95.0,False,95.0
7296,95.0,False,95.0
7297,95.0,False,95.0
7298,95.0,False,95.0
7299,95.0,False,95.0
7300,95.0,False,95.0
7301,95.0,False,95.0
7302,95.0,False,95.0
7303,95.0,False,95.0
7304,95.0,False,95.0
7305,95.0,False,95.0
7306,95.0,False,95.0
7307,95.0,False,95.0
7308,94.17,False,94.834
7309,94.17,False,94.668
7310,94.17,False,94.502
7311,94.17,False,94.336
7312,94.17,False,94.17
7313,94.17,False,94.17
7314,94.17,False,94.17
7315,94.17,False,94.17
7316,94.17,False,94.17
7317,94.17,False,94.17
7318,94.17,False,94.17
7319,94.17,False,94.17
7320,94.17,False,94.17
7321,94.17,False,94.17
7322,94.17,False,94.17
7323,94.17,False,94.17
7324,94.17,False,94.17
7325,94.17,False,94.17
7326,94.17,False,94.17
7327,94.17,False,94.17
7328,94.17,False,94.17
7329,94.17,False,94.17
7330,94.17,False,94.17
7331,94.17,False,94.17
7332,94.17,False,94.17
7333,94.17,False,94.17
7334,94.17,False,94.17
7335,94.17,False,94.17
7336,94.17,False,94.17
7337,94.17,False,94.17
7338,94.17,False,94.17
7339,94.17,False,94.17
7340,94.17,False,94.17
7341,94.17,False,94.17
7342,94.17,False,94.17
7343,94.17,False,94.17
7344,94.17,False,94.17
7345,94.17,False,94.17
7346,94.17,False,94.17
7347,94.17,False,94.17
7348,94.17,False,94.17
7349,94.17,False,94.17
7350,94.17,False,94.17
7351,94.17,False,94.17
7352,94.17,False,94.17
7353,94.17,False,94.17
7354,94.17,False,94.17
7355,94.17,False,94.17
7356,94.17,False,94.17
7357,94.17,False,94.17
7358,94.17,False,94.17
7359,94.17,False,94.17
7360,94.17,False,94.17
7361,94.17,False,94.17
7362,94.17,False,94.17
7363,94.17,False,94.17
7364,94.17,False,94.17
7365,94.17,False,94.17
7366,94.17,False,94.17
7367,94.17,False,94.17
7368,94.17,False,94.17
7369,95.0,False,94.336
7370,95.0,False,94.502
7371,95.0,False,94.668
7372,95.0,False,94.834
7373,95.0,False,95.0
7374,95.0,False,95.0
7375,95.0,False,95.0
7376,95.0,False,95.0
7377,95.0,False,95.0
7378,95.0,False,95.0
7379,95.0,False,95.0
7380,95.0,False,95.0
7381,95.0,False,95.0
7382,95.0,False,95.0
7383,95.0,False,95.0
7384,95.0,False,95.0
7385,95.0,False,95.0
7386,95.0,False,95.0
7387,95.0,False,95.0
7388,95.0,False,95.0
7389,95.0,False,95.0
7390,95.0,False,95.0
7391,95.0,False,95.0
7392,95.0,False,95.0
7393,95.0,False,95.0
7394,95.0,False,95.0
7395,95.0,False,95.0
7396,95.0,False,95.0
7397,95.0,False,95.0
7398,95.0,False,95.0
7399,95.0,False,95.0
7400,95.0,False,95.0
7401,95.0,False,95.0
7402,95.0,False,95.0
7403,95.0,False,95.0
7404,95.0,False,95.0
7405,95.0,False,95.0
7406,95.0,False,95.0
7407,95.0,False,95.0
7408,95.0,False,95.0
7409,95.0,False,95.0
7410,95.0,False,95.0
7411,95.0,False,95.0
7412,95.0,False,95.0
7413,95.0,False,95.0
7414,95.0,False,95.0
7415,95.0,False,95.0
7416,95.0,False,95.0
7417,95.0,False,95.0
7418,95.0,False,95.0
7419,95.0,False,95.0
7420,95.0,False,95.0
7421,95.0,False,95.0
7422,95.0,False,95.0
7423,95.0,False,95.0
7424,95.0,False,95.0
7425,98.33,False,95.666
7426,98.33,False,96.332
7427,98.33,False,96.998
7428,98.33,False,97.664
7429,98.33,False,98.33
7430,98.33,False,98.33
7431,98.33,False,98.33
7432,98.33,False,98.33
7433,98.33,False,98.33
7434,98.33,False,98.33
7435,98.33,False,98.33
7436,98.33,False,98.33
7437,98.33,False,98.33
7438,98.33,False,98.33
7439,98.33,False,98.33
7440,98.33,False,98.33
7441,98.33,False,98.33
7442,98.33,False,98.33
7443,98.33,False,98.33
7444,98.33,False,98.33
7445,98.33,False,98.33
7446,98.33,False,98.33
7447,98.33,False,98.33
7448,98.33,False,98.33
7449,98.33,False,98.33
7450,101.67,False,98.998
7451,101.67,False,99.66600000000001
7452,101.67,False,100.33399999999999
7453,101.67,False,101.002
7454,101.67,False,101.67
7455,101.67,False,101.67
7456,101.67,False,101.67
7457,101.67,False,101.67
7458,101.67,False,101.67
7459,101.67,False,101.67
7460,101.67,False,101.67
7461,101.67,False,101.67
7462,101.67,False,101.67
7463,101.67,False,101.67
7464,101.67,False,101.67
7465,101.67,False,101.67
7466,101.67,False,101.67
7467,101.67,False,101.67
7468,101.67,False,101.67
7469,101.67,False,101.67
7470,101.67,False,101.67
7471,101.67,False,101.67
7472,101.67,False,101.67
7473,101.67,False,101.67
7474,101.67,False,101.67
7475,101.67,False,101.67
7476,101.67,False,101.67
7477,101.67,False,101.67
7478,101.67,False,101.67
7479,101.67,False,101.67
7480,104.17,False,102.17
7481,104.17,False,102.67
7482,104.17,False,103.17
7483,104.17,False,103.67
7484,104.17,False,104.17
7485,104.17,False,104.17
7486,104.17,False,104.17
7487,104.17,False,104.17
7488,104.17,False,104.17
7489,104.17,False,104.17
7490,104.17,False,104.17
7491,104.17,False,104.17
7492,104.17,False,104.17
7493,104.17,False,104.17
7494,104.17,False,104.17
7495,104.17,False,104.17
7496,104.17,False,104.17
7497,104.17,False,104.17
7498,104.17,False,104.17
7499,104.17,False,104.17
7500,104.17,False,104.17
7501,104.17,False,104.17
7502,104.17,False,104.17
7503,104.17,False,104.17
7504,104.17,False,104.17
7505,104.17,False,104.17
7506,104.17,False,104.17
7507,104.17,False,104.17
7508,104.17,False,104.17
7509,104.17,False,104.17
7510,104.17,False,104.17
7511,103.33,False,104.002
7512,103.33,False,103.83400000000002
7513,103.33,False,103.66600000000001
7514,103.33,False,103.498
7515,103.33,False,103.33
7516,103.33,False,103.33
7517,103.33,False,103.33
7518,103.33,False,103.33
7519,103.33,False,103.33
7520,103.33,False,103.33
7521,103.33,False,103.33
7522,103.33,False,103.33
7523,103.33,False,103.33
7524,103.33,False,103.33
7525,103.33,False,103.33
7526,103.33,False,103.33
7527,103.33,False,103.33
7528,103.33,False,103.33
7529,103.33,False,103.33
7530,103.33,False,103.33
7531,103.33,False,103.33
7532,103.33,False,103.33
7533,103.33,False,103.33
7534,103.33,False,103.33
7535,103.33,False,103.33
7536,103.33,False,103.33
7537,103.33,False,103.33
7538,103.33,False,103.33
7539,103.33,False,103.33
7540,103.33,False,103.33
7541,103.33,False,103.33
7542,102.5,False,103.16399999999999
7543,102.5,False,102.998
7544,102.5,False,102.832
7545,102.5,False,102.66600000000001
7546,102.5,False,102.5
7547,102.5,False,102.5
7548,102.5,False,102.5
7549,102.5,False,102.5
7550,102.5,False,102.5
7551,102.5,False,102.5
7552,102.5,False,102.5
7553,102.5,False,102.5
7554,102.5,False,102.5
7555,102.5,False,102.5
7556,102.5,False,102.5
7557,102.5,False,102.5
7558,102.5,False,102.5
7559,102.5,False,102.5
7560,102.5,False,102.5
7561,102.5,False,102.5
7562,102.5,False,102.5
7563,102.5,False,102.5
7564,102.5,False,102.5
7565,102.5,False,102.5
7566,102.5,False,102.5
7567,102.5,False,102.5
7568,102.5,False,102.5
7569,102.5,False,102.5
7570,102.5,False,102.5
7571,102.5,False,102.5
7572,102.5,False,102.5
7573,102.5,False,102.5
7574,102.5,False,102.5
7575,102.5,False,102.5
7576,102.5,False,102.5
7577,102.5,False,102.5
7578,102.5,False,102.5
7579,102.5,False,102.5
7580,102.5,False,102.5
7581,102.5,False,102.5
7582,102.5,False,102.5
7583,102.5,False,102.5
7584,102.5,False,102.5
7585,102.5,False,102.5
7586,102.5,False,102.5
7587,102.5,False,102.5
7588,102.5,False,102.5
7589,102.5,False,102.5
7590,102.5,False,102.5
7591,102.5,False,102.5
7592,102.5,False,102.5
7593,102.5,False,102.5
7594,102.5,False,102.5
7595,102.5,False,102.5
7596,102.5,False,102.5
7597,102.5,False,102.5
7598,102.5,False,102.5
7599,102.5,False,102.5
7600,102.5,False,102.5
7601,102.5,False,102.5
7602,102.5,False,102.5
7603,102.5,False,102.5
7604,102.5,False,102.5
7605,102.5,False,102.5
7606,102.5,False,102.5
7607,102.5,False,102.5
7608,102.5,False,102.5
7609,102.5,False,102.5
7610,102.5,False,102.5
7611,102.5,False,102.5
7612,102.5,False,102.5
7613,102.5,False,102.5
7614,102.5,False,102.5
7615,102.5,False,102.5
7616,102.5,False,102.5
7617,102.5,False,102.5
7618,102.5,False,102.5
7619,102.5,False,102.5
7620,102.5,False,102.5
7621,102.5,False,102.5
7622,102.5,False,102.5
7623,102.5,False,102.5
7624,102.5,False,102.5
7625,102.5,False,102.5
7626,102.5,False,102.5
7627,102.5,False,102.5
7628,102.5,False,102.5
7629,102.5,False,102.5
7630,102.5,False,102.5
7631,102.5,False,102.5
7632,102.5,False,102.5
7633,102.5,False,102.5
7634,102.5,False,102.5
7635,102.5,False,102.5
7636,102.5,False,102.5
7637,102.5,False,102.5
7638,102.5,False,102.5
7639,102.5,False,102.5
7640,102.5,False,102.5
7641,102.5,False,102.5
7642,102.5,False,102.5
7643,102.5,False,102.5
7644,102.5,False,102.5
7645,102.5,False,102.5
7646,102.5,False,102.5
7647,102.5,False,102.5
7648,102.5,False,102.5
7649,102.5,False,102.5
7650,102.5,False,102.5
7651,102.5,False,102.5
7652,102.5,False,102.5
7653,102.5,False,102.5
7654,102.5,False,102.5
7655,102.5,False,102.5
7656,102.5,False,102.5
7657,102.5,False,102.5
7658,102.5,False,102.5
7659,102.5,False,102.5
7660,102.5,False,102.5
7661,102.5,False,102.5
7662,102.5,False,102.5
7663,102.5,False,102.5
7664,102.5,False,102.5
7665,102.5,False,102.5
7666,102.5,False,102.5
7667,102.5,False,102.5
7668,102.5,False,102.5
7669,102.5,False,102.5
7670,102.5,False,102.5
7671,102.5,False,102.5
7672,102.5,False,102.5
7673,102.5,False,102.5
7674,102.5,False,102.5
7675,102.5,False,102.5
7676,102.5,False,102.5
7677,102.5,False,102.5
7678,102.5,False,102.5
7679,102.5,False,102.5
7680,102.5,False,102.5
7681,102.5,False,102.5
7682,102.5,False,102.5
7683,102.5,False,102.5
7684,102.5,False,102.5
7685,102.5,False,102.5
7686,102.5,False,102.5
7687,102.5,False,102.5
7688,102.5,False,102.5
7689,102.5,False,102.5
7690,102.5,False,102.5
7691,102.5,False,102.5
7692,102.5,False,102.5
7693,102.5,False,102.5
7694,102.5,False,102.5
7695,102.5,False,102.5
7696,102.5,False,102.5
7697,102.5,False,102.5
7698,102.5,False,102.5
7699,102.5,False,102.5
7700,102.5,False,102.5
7701,102.5,False,102.5
7702,102.5,False,102.5
7703,102.5,False,102.5
7704,102.5,False,102.5
7705,102.5,False,102.5
7706,102.5,False,102.5
7707,102.5,False,102.5
7708,102.5,False,102.5
7709,102.5,False,102.5
7710,100.83,False,102.166
7711,100.83,False,101.83200000000001
7712,100.83,False,101.49799999999999
7713,100.83,False,101.16400000000002
7714,100.83,False,100.83
7715,100.83,False,100.83
7716,100.83,False,100.83
7717,100.83,False,100.83
7718,100.83,False,100.83
7719,100.83,False,100.83
7720,100.83,False,100.83
7721,100.83,False,100.83
7722,100.83,False,100.83
7723,100.83,False,100.83
7724,100.83,False,100.83
7725,100.83,False,100.83
7726,100.83,False,100.83
7727,100.83,False,100.83
7728,100.83,False,100.83
7729,100.83,False,100.83
7730,100.83,False,100.83
7731,100.83,False,100.83
7732,100.83,False,100.83
7733,100.83,False,100.83
7734,100.83,False,100.83
7735,100.83,False,100.83
7736,100.83,False,100.83
7737,100.83,False,100.83
7738,100.83,False,100.83
7739,100.83,False,100.83
7740,100.83,False,100.83
7741,100.83,False,100.83
7742,100.83,False,100.83
7743,100.83,False,100.83
7744,100.83,False,100.83
7745,100.83,False,100.83
7746,100.83,False,100.83
7747,100.83,False,100.83
7748,100.83,False,100.83
7749,100.83,False,100.83
7750,100.83,False,100.83
7751,100.83,False,100.83
7752,100.83,False,100.83
7753,100.83,False,100.83
7754,100.83,False,100.83
7755,100.83,False,100.83
7756,100.83,False,100.83
7757,100.83,False,100.83
7758,100.83,False,100.83
7759,100.83,False,100.83
7760,100.83,False,100.83
7761,100.83,False,100.83
7762,100.83,False,100.83
7763,100.83,False,100.83
7764,100.83,False,100.83
7765,100.83,False,100.83
7766,100.83,False,100.83
7767,100.83,False,100.83
7768,100.83,False,100.83
7769,100.83,False,100.83
7770,100.83,False,100.83
7771,100.83,False,100.83
7772,100.0,False,100.664
7773,100.0,False,100.498
7774,100.0,False,100.332
7775,100.0,False,100.166
7776,100.0,False,100.0
7777,100.0,False,100.0
7778,100.0,False,100.0
7779,100.0,False,100.0
7780,100.0,False,100.0
7781,100.0,False,100.0
7782,100.0,False,100.0
7783,100.0,False,100.0
7784,100.0,False,100.0
7785,100.0,False,100.0
7786,100.0,False,100.0
7787,100.0,False,100.0
7788,100.0,False,100.0
7789,100.0,False,100.0
7790,100.0,False,100.0
7791,100.0,False,100.0
7792,100.0,False,100.0
7793,100.0,False,100.0
7794,100.0,False,100.0
7795,100.0,False,100.0
7796,100.0,False,100.0
7797,100.0,False,100.0
7798,100.0,False,100.0
7799,100.0,False,100.0
7800,100.0,False,100.0
7801,100.0,False,100.0
7802,100.0,False,100.0
7803,100.0,False,100.0
7804,100.0,False,100.0
7805,100.0,False,100.0
7806,100.0,False,100.0
7807,100.0,False,100.0
7808,100.0,False,100.0
7809,100.0,False,100.0
7810,100.0,False,100.0
7811,100.0,False,100.0
7812,100.0,False,100.0
7813,100.0,False,100.0
7814,100.0,False,100.0
7815,100.0,False,100.0
7816,100.0,False,100.0
7817,100.0,False,100.0
7818,100.0,False,100.0
7819,100.0,False,100.0
7820,100.0,False,100.0
7821,100.0,False,100.0
7822,100.0,False,100.0
7823,100.0,False,100.0
7824,100.0,False,100.0
7825,100.0,False,100.0
7826,100.0,False,100.0
7827,100.0,False,100.0
7828,100.0,False,100.0
7829,100.0,False,100.0
7830,100.0,False,100.0
7831,100.0,False,100.0
7832,100.0,False,100.0
7833,100.0,False,100.0
7834,100.0,False,100.0
7835,100.0,False,100.0
7836,100.0,False,100.0
7837,100.0,False,100.0
7838,100.0,False,100.0
7839,100.0,False,100.0
7840,100.0,False,100.0
7841,100.0,False,100.0
7842,100.0,False,100.0
7843,100.0,False,100.0
7844,100.0,False,100.0
7845,100.0,False,100.0
7846,100.0,False,100.0
7847,100.0,False,100.0
7848,100.0,False,100.0
7849,100.0,False,100.0
7850,100.0,False,100.0
7851,100.0,False,100.0
7852,100.0,False,100.0
7853,100.0,False,100.0
7854,100.0,False,100.0
7855,100.0,False,100.0
7856,100.0,False,100.0
7857,100.0,False,100.0
7858,100.0,False,100.0
7859,100.0,False,100.0
7860,100.0,False,100.0
7861,100.0,False,100.0
7862,100.0,False,100.0
7863,100.0,False,100.0
7864,99.17,False,99.834
7865,99.17,False,99.668
7866,99.17,False,99.502
7867,99.17,False,99.336
7868,99.17,False,99.17
7869,99.17,False,99.17
7870,99.17,False,99.17
7871,99.17,False,99.17
7872,99.17,False,99.17
7873,99.17,False,99.17
7874,99.17,False,99.17
7875,99.17,False,99.17
7876,99.17,False,99.17
7877,99.17,False,99.17
7878,99.17,False,99.17
7879,99.17,False,99.17
7880,99.17,False,99.17
7881,99.17,False,99.17
7882,99.17,False,99.17
7883,99.17,False,99.17
7884,99.17,False,99.17
7885,99.17,False,99.17
7886,99.17,False,99.17
7887,99.17,False,99.17
7888,99.17,False,99.17
7889,99.17,False,99.17
7890,99.17,False,99.17
7891,99.17,False,99.17
7892,99.17,False,99.17
7893,99.17,False,99.17
7894,99.17,False,99.17
7895,96.67,False,98.67
7896,96.67,False,98.17
7897,96.67,False,97.67
7898,96.67,False,97.17
7899,96.67,False,96.67
7900,96.67,False,96.67
7901,96.67,False,96.67
7902,96.67,False,96.67
7903,96.67,False,96.67
7904,96.67,False,96.67
7905,96.67,False,96.67
7906,96.67,False,96.67
7907,96.67,False,96.67
7908,96.67,False,96.67
7909,96.67,False,96.67
7910,96.67,False,96.67
7911,96.67,False,96.67
7912,96.67,False,96.67
7913,96.67,False,96.67
7914,96.67,False,96.67
7915,96.67,False,96.67
7916,96.67,False,96.67
7917,96.67,False,96.67
7918,96.67,False,96.67
7919,96.67,False,96.67
7920,96.67,False,96.67
7921,96.67,False,96.67
7922,96.67,False,96.67
7923,96.67,False,96.67
7924,96.67,False,96.67
7925,95.83,False,96.502
7926,95.83,False,96.334
7927,95.83,False,96.16600000000001
7928,95.83,False,95.998
7929,95.83,False,95.83
7930,95.83,False,95.83
7931,95.83,False,95.83
7932,95.83,False,95.83
7933,95.83,False,95.83
7934,95.83,False,95.83
7935,95.83,False,95.83
7936,95.83,False,95.83
7937,97.5,False,96.164
7938,97.5,False,96.498
7939,97.5,False,96.83200000000001
7940,97.5,False,97.16600000000001
7941,97.5,False,97.5
7942,95.83,False,97.166
7943,95.83,False,96.832
7944,95.83,False,96.498
7945,95.83,False,96.164
7946,95.83,False,95.83
7947,95.83,False,95.83
7948,95.83,False,95.83
7949,95.83,False,95.83
7950,95.83,False,95.83
7951,95.83,False,95.83
7952,95.83,False,95.83
7953,95.83,False,95.83
7954,95.83,False,95.83
7955,95.83,False,95.83
7956,95.83,False,95.83
7957,95.83,False,95.83
7958,95.83,False,95.83
7959,95.83,False,95.83
7960,95.83,False,95.83
7961,95.83,False,95.83
7962,95.83,False,95.83
7963,95.83,False,95.83
7964,95.83,False,95.83
7965,95.83,False,95.83
7966,95.83,False,95.83
7967,95.83,False,95.83
7968,95.83,False,95.83
7969,95.83,False,95.83
7970,95.83,False,95.83
7971,95.83,False,95.83
7972,94.17,False,95.498
7973,94.17,False,95.166
7974,94.17,False,94.83399999999999
7975,94.17,False,94.502
7976,94.17,False,94.17
7977,94.17,False,94.17
7978,94.17,False,94.17
7979,94.17,False,94.17
7980,94.17,False,94.17
7981,94.17,False,94.17
7982,94.17,False,94.17
7983,94.17,False,94.17
7984,94.17,False,94.17
7985,94.17,False,94.17
7986,94.17,False,94.17
7987,94.17,False,94.17
7988,94.17,False,94.17
7989,94.17,False,94.17
7990,94.17,False,94.17
7991,94.17,False,94.17
7992,94.17,False,94.17
7993,94.17,False,94.17
7994,94.17,False,94.17
7995,94.17,False,94.17
7996,94.17,False,94.17
7997,94.17,False,94.17
7998,94.17,False,94.17
7999,94.17,False,94.17
8000,94.17,False,94.17
8001,94.17,False,94.17
8002,94.17,False,94.17
8003,94.17,False,94.17
8004,94.17,False,94.17
8005,94.17,False,94.17
8006,94.17,False,94.17
8007,94.17,False,94.17
8008,94.17,False,94.17
8009,94.17,False,94.17
8010,94.17,False,94.17
8011,94.17,False,94.17
8012,94.17,False,94.17
8013,94.17,False,94.17
8014,94.17,False,94.17
8015,94.17,False,94.17
8016,94.17,False,94.17
8017,94.17,False,94.17
8018,94.17,False,94.17
8019,94.17,False,94.17
8020,94.17,False,94.17
8021,94.17,False,94.17
8022,94.17,False,94.17
8023,94.17,False,94.17
8024,94.17,False,94.17
8025,94.17,False,94.17
8026,94.17,False,94.17
8027,94.17,False,94.17
8028,94.17,False,94.17
8029,94.17,False,94.17
8030,94.17,False,94.17
8031,94.17,False,94.17
8032,94.17,False,94.17
8033,94.17,False,94.17
8034,93.33,False,94.002
8035,93.33,False,93.834
8036,93.33,False,93.66600000000001
8037,93.33,False,93.498
8038,93.33,False,93.33
8039,93.33,False,93.33
8040,93.33,False,93.33
8041,93.33,False,93.33
8042,93.33,False,93.33
8043,93.33,False,93.33
8044,93.33,False,93.33
8045,93.33,False,93.33
8046,93.33,False,93.33
8047,93.33,False,93.33
8048,93.33,False,93.33
8049,93.33,False,93.33
8050,93.33,False,93.33
8051,93.33,False,93.33
8052,93.33,False,93.33
8053,93.33,False,93.33
8054,93.33,False,93.33
8055,93.33,False,93.33
8056,93.33,False,93.33
8057,93.33,False,93.33
8058,93.33,False,93.33
8059,93.33,False,93.33
8060,93.33,False,93.33
8061,93.33,False,93.33
8062,93.33,False,93.33
8063,93.33,False,93.33
8064,93.33,False,93.33
8065,93.33,False,93.33
8066,93.33,False,93.33
8067,93.33,False,93.33
8068,93.33,False,93.33
8069,93.33,False,93.33
8070,93.33,False,93.33
8071,93.33,False,93.33
8072,93.33,False,93.33
8073,93.33,False,93.33
8074,93.33,False,93.33
8075,93.33,False,93.33
8076,93.33,False,93.33
8077,93.33,False,93.33
8078,93.33,False,93.33
8079,93.33,False,93.33
8080,93.33,False,93.33
8081,93.33,False,93.33
8082,93.33,False,93.33
8083,93.33,False,93.33
8084,93.33,False,93.33
8085,93.33,False,93.33
8086,93.33,False,93.33
8087,93.33,False,93.33
8088,93.33,False,93.33
8089,93.33,False,93.33
8090,93.33,False,93.33
8091,93.33,False,93.33
8092,93.33,False,93.33
8093,93.33,False,93.33
8094,93.33,False,93.33
8095,94.17,False,93.498
8096,94.17,False,93.66600000000001
8097,94.17,False,93.83399999999999
8098,94.17,False,94.002
8099,94.17,False,94.17
8100,94.17,False,94.17
8101,94.17,False,94.17
8102,94.17,False,94.17
8103,94.17,False,94.17
8104,94.17,False,94.17
8105,94.17,False,94.17
8106,94.17,False,94.17
8107,94.17,False,94.17
8108,94.17,False,94.17
8109,94.17,False,94.17
8110,94.17,False,94.17
8111,94.17,False,94.17
8112,94.17,False,94.17
8113,94.17,False,94.17
8114,94.17,False,94.17
8115,94.17,False,94.17
8116,94.17,False,94.17
8117,94.17,False,94.17
8118,94.17,False,94.17
8119,94.17,False,94.17
8120,94.17,False,94.17
8121,94.17,False,94.17
8122,94.17,False,94.17
8123,94.17,False,94.17
8124,94.17,False,94.17
8125,94.17,False,94.17
8126,94.17,False,94.17
8127,94.17,False,94.17
8128,94.17,False,94.17
8129,94.17,False,94.17
8130,94.17,False,94.17
8131,94.17,False,94.17
8132,94.17,False,94.17
8133,94.17,False,94.17
8134,94.17,False,94.17
8135,94.17,False,94.17
8136,94.17,False,94.17
8137,94.17,False,94.17
8138,94.17,False,94.17
8139,94.17,False,94.17
8140,94.17,False,94.17
8141,94.17,False,94.17
8142,94.17,False,94.17
8143,94.17,False,94.17
8144,94.17,False,94.17
8145,94.17,False,94.17
8146,94.17,False,94.17
8147,94.17,False,94.17
8148,94.17,False,94.17
8149,94.17,False,94.17
8150,94.17,False,94.17
8151,94.17,False,94.17
8152,94.17,False,94.17
8153,94.17,False,94.17
8154,94.17,False,94.17
8155,94.17,False,94.17
8156,93.33,False,94.002
8157,93.33,False,93.834
8158,93.33,False,93.66600000000001
8159,93.33,False,93.498
8160,93.33,False,93.33
8161,93.33,False,93.33
8162,93.33,False,93.33
8163,93.33,False,93.33
8164,93.33,False,93.33
8165,93.33,False,93.33
8166,93.33,False,93.33
8167,93.33,False,93.33
8168,93.33,False,93.33
8169,93.33,False,93.33
8170,93.33,False,93.33
8171,93.33,False,93.33
8172,93.33,False,93.33
8173,93.33,False,93.33
8174,93.33,False,93.33
8175,93.33,False,93.33
8176,93.33,False,93.33
8177,93.33,False,93.33
8178,93.33,False,93.33
8179,93.33,False,93.33
8180,93.33,False,93.33
8181,93.33,False,93.33
8182,93.33,False,93.33
8183,93.33,False,93.33
8184,93.33,False,93.33
8185,93.33,False,93.33
8186,93.33,False,93.33
8187,90.83,False,92.83
8188,90.83,False,92.33
8189,90.83,False,91.83
8190,90.83,False,91.33
8191,90.83,False,90.83
8192,90.83,False,90.83
8193,89.17,False,90.498
8194,89.17,False,90.16600000000001
8195,89.17,False,89.83399999999999
8196,89.17,False,89.502
8197,89.17,False,89.17
8198,89.17,False,89.17
8199,89.17,False,89.17
8200,89.17,False,89.17
8201,89.17,False,89.17
8202,89.17,False,89.17
8203,89.17,False,89.17
8204,89.17,False,89.17
8205,89.17,False,89.17
8206,89.17,False,89.17
8207,89.17,False,89.17
8208,87.5,False,88.836
8209,87.5,False,88.502
8210,87.5,False,88.16799999999999
8211,87.5,False,87.83399999999999
8212,87.5,False,87.5
8213,87.5,False,87.5
8214,87.5,False,87.5
8215,87.5,False,87.5
8216,87.5,False,87.5
8217,87.5,False,87.5
8218,87.5,False,87.5
8219,87.5,False,87.5
8220,87.5,False,87.5
8221,87.5,False,87.5
8222,87.5,False,87.5
8223,87.5,False,87.5
8224,87.5,False,87.5
8225,87.5,False,87.5
8226,87.5,False,87.5
8227,87.5,False,87.5
8228,87.5,False,87.5
8229,87.5,False,87.5
8230,87.5,False,87.5
8231,87.5,False,87.5
8232,87.5,False,87.5
8233,87.5,False,87.5
8234,87.5,False,87.5
8235,87.5,False,87.5
8236,87.5,False,87.5
8237,87.5,False,87.5
8238,85.0,False,87.0
8239,85.0,False,86.5
8240,85.0,False,86.0
8241,85.0,False,85.5
8242,85.0,False,85.0
8243,85.0,False,85.0
8244,85.0,False,85.0
8245,85.0,False,85.0
8246,85.0,False,85.0
8247,85.0,False,85.0
8248,85.0,False,85.0
8249,85.0,False,85.0
8250,85.0,False,85.0
8251,85.0,False,85.0
8252,85.0,False,85.0
8253,85.0,False,85.0
8254,85.0,False,85.0
8255,85.0,False,85.0
8256,85.0,False,85.0
8257,85.0,False,85.0
8258,85.0,False,85.0
8259,85.0,False,85.0
8260,85.0,False,85.0
8261,85.0,False,85.0
8262,85.0,False,85.0
8263,85.0,False,85.0
8264,85.0,False,85.0
8265,85.0,False,85.0
8266,85.0,False,85.0
8267,85.0,False,85.0
8268,85.0,False,85.0
8269,83.33,False,84.66600000000001
8270,83.33,False,84.33200000000001
8271,83.33,False,83.998
8272,83.33,False,83.664
8273,83.33,False,83.33
8274,83.33,False,83.33
8275,83.33,False,83.33
8276,83.33,False,83.33
8277,83.33,False,83.33
8278,83.33,False,83.33
8279,83.33,False,83.33
8280,83.33,False,83.33
8281,83.33,False,83.33
8282,83.33,False,83.33
8283,83.33,False,83.33
8284,83.33,False,83.33
8285,83.33,False,83.33
8286,83.33,False,83.33
8287,83.33,False,83.33
8288,83.33,False,83.33
8289,83.33,False,83.33
8290,83.33,False,83.33
8291,83.33,False,83.33
8292,83.33,False,83.33
8293,83.33,False,83.33
8294,83.33,False,83.33
8295,83.33,False,83.33
8296,83.33,False,83.33
8297,83.33,False,83.33
8298,83.33,False,83.33
8299,80.83,False,82.83
8300,80.83,False,82.33
8301,80.83,False,81.83
8302,80.83,False,81.33
8303,80.83,False,80.83
8304,80.83,False,80.83
8305,80.83,False,80.83
8306,80.83,False,80.83
8307,80.83,False,80.83
8308,80.83,False,80.83
8309,80.83,False,80.83
8310,80.83,False,80.83
8311,80.83,False,80.83
8312,80.83,False,80.83
8313,80.83,False,80.83
8314,80.83,False,80.83
8315,80.83,False,80.83
8316,80.83,False,80.83
8317,80.83,False,80.83
8318,80.83,False,80.83
8319,80.83,False,80.83
8320,80.83,False,80.83
8321,80.83,False,80.83
8322,80.83,False,80.83
8323,80.83,False,80.83
8324,80.83,False,80.83
8325,80.83,False,80.83
8326,80.83,False,80.83
8327,80.83,False,80.83
8328,80.83,False,80.83
8329,80.83,False,80.83
8330,80.0,False,80.66399999999999
8331,80.0,False,80.498
8332,80.0,False,80.332
8333,80.0,False,80.16600000000001
8334,80.0,False,80.0
8335,80.0,False,80.0
8336,80.0,False,80.0
8337,80.0,False,80.0
8338,80.0,False,80.0
8339,80.0,False,80.0
8340,80.0,False,80.0
8341,80.0,False,80.0
8342,80.0,False,80.0
8343,80.0,False,80.0
8344,80.0,False,80.0
8345,80.0,False,80.0
8346,80.0,False,80.0
8347,80.0,False,80.0
8348,80.0,False,80.0
8349,80.0,False,80.0
8350,80.0,False,80.0
8351,80.0,False,80.0
8352,80.0,False,80.0
8353,80.0,False,80.0
8354,80.0,False,80.0
8355,80.0,False,80.0
8356,80.0,False,80.0
8357,80.0,False,80.0
8358,80.0,False,80.0
8359,80.0,False,80.0
8360,79.17,False,79.83399999999999
8361,79.17,False,79.66799999999999
8362,79.17,False,79.50200000000001
8363,79.17,False,79.33599999999998
8364,79.17,False,79.17
8365,79.17,False,79.17
8366,79.17,False,79.17
8367,79.17,False,79.17
8368,79.17,False,79.17
8369,79.17,False,79.17
8370,79.17,False,79.17
8371,79.17,False,79.17
8372,79.17,False,79.17
8373,79.17,False,79.17
8374,79.17,False,79.17
8375,79.17,False,79.17
8376,79.17,False,79.17
8377,79.17,False,79.17
8378,79.17,False,79.17
8379,79.17,False,79.17
8380,79.17,False,79.17
8381,79.17,False,79.17
8382,79.17,False,79.17
8383,79.17,False,79.17
8384,79.17,False,79.17
8385,79.17,False,79.17
8386,79.17,False,79.17
8387,79.17,False,79.17
8388,79.17,False,79.17
8389,79.17,False,79.17
8390,79.17,False,79.17
8391,78.33,False,79.002
8392,78.33,False,78.834
8393,78.33,False,78.66600000000001
8394,78.33,False,78.498
8395,78.33,False,78.33
8396,78.33,False,78.33
8397,78.33,False,78.33
8398,78.33,False,78.33
8399,78.33,False,78.33
8400,78.33,False,78.33
8401,78.33,False,78.33
8402,78.33,False,78.33
8403,78.33,False,78.33
8404,78.33,False,78.33
8405,78.33,False,78.33
8406,78.33,False,78.33
8407,78.33,False,78.33
8408,78.33,False,78.33
8409,78.33,False,78.33
8410,78.33,False,78.33
8411,78.33,False,78.33
8412,78.33,False,78.33
8413,78.33,False,78.33
8414,78.33,False,78.33
8415,78.33,False,78.33
8416,78.33,False,78.33
8417,78.33,False,78.33
8418,78.33,False,78.33
8419,78.33,False,78.33
8420,78.33,False,78.33
8421,77.5,False,78.164
8422,77.5,False,77.998
8423,77.5,False,77.832
8424,77.5,False,77.666
8425,77.5,False,77.5
8426,77.5,False,77.5
8427,77.5,False,77.5
8428,77.5,False,77.5
8429,77.5,False,77.5
8430,77.5,False,77.5
8431,77.5,False,77.5
8432,77.5,False,77.5
8433,77.5,False,77.5
8434,77.5,False,77.5
8435,77.5,False,77.5
8436,77.5,False,77.5
8437,77.5,False,77.5
8438,77.5,False,77.5
8439,77.5,False,77.5
8440,77.5,False,77.5
8441,77.5,False,77.5
8442,77.5,False,77.5
8443,77.5,False,77.5
8444,77.5,False,77.5
8445,77.5,False,77.5
8446,77.5,False,77.5
8447,77.5,False,77.5
8448,77.5,False,77.5
8449,77.5,False,77.5
8450,77.5,False,77.5
8451,77.5,False,77.5
8452,77.5,False,77.5
8453,77.5,False,77.5
8454,77.5,False,77.5
8455,77.5,False,77.5
8456,77.5,False,77.5
8457,77.5,False,77.5
8458,77.5,False,77.5
8459,77.5,False,77.5
8460,77.5,False,77.5
8461,77.5,False,77.5
8462,77.5,False,77.5
8463,77.5,False,77.5
8464,77.5,False,77.5
8465,77.5,False,77.5
8466,77.5,False,77.5
8467,77.5,False,77.5
8468,77.5,False,77.5
8469,77.5,False,77.5
8470,77.5,False,77.5
8471,77.5,False,77.5
8472,77.5,False,77.5
8473,76.67,False,77.334
8474,76.67,False,77.168
8475,76.67,False,77.002
8476,76.67,False,76.836
8477,76.67,False,76.67
8478,76.67,False,76.67
8479,76.67,False,76.67
8480,76.67,False,76.67
8481,76.67,False,76.67
8482,76.67,False,76.67
8483,76.67,False,76.67
8484,76.67,False,76.67
8485,76.67,False,76.67
8486,76.67,False,76.67
8487,76.67,False,76.67
8488,76.67,False,76.67
8489,76.67,False,76.67
8490,76.67,False,76.67
8491,76.67,False,76.67
8492,76.67,False,76.67
8493,76.67,False,76.67
8494,76.67,False,76.67
8495,76.67,False,76.67
8496,76.67,False,76.67
8497,76.67,False,76.67
8498,76.67,False,76.67
8499,76.67,False,76.67
8500,76.67,False,76.67
8501,76.67,False,76.67
8502,76.67,False,76.67
8503,76.67,False,76.67
8504,76.67,False,76.67
8505,76.67,False,76.67
8506,76.67,False,76.67
8507,76.67,False,76.67
8508,76.67,False,76.67
8509,76.67,False,76.67
8510,76.67,False,76.67
8511,76.67,False,76.67
8512,76.67,False,76.67
8513,76.67,False,76.67
8514,76.67,False,76.67
8515,76.67,False,76.67
8516,76.67,False,76.67
8517,76.67,False,76.67
8518,76.67,False,76.67
8519,76.67,False,76.67
8520,76.67,False,76.67
8521,76.67,False,76.67
8522,76.67,False,76.67
8523,76.67,False,76.67
8524,76.67,False,76.67
8525,76.67,False,76.67
8526,76.67,False,76.67
8527,76.67,False,76.67
8528,76.67,False,76.67
8529,76.67,False,76.67
8530,76.67,False,76.67
8531,76.67,False,76.67
8532,76.67,False,76.67
8533,76.67,False,76.67
8534,76.67,False,76.67
8535,76.67,False,76.67
8536,76.67,False,76.67
8537,76.67,False,76.67
8538,76.67,False,76.67
8539,76.67,False,76.67
8540,76.67,False,76.67
8541,76.67,False,76.67
8542,76.67,False,76.67
8543,76.67,False,76.67
8544,76.67,False,76.67
8545,76.67,False,76.67
8546,76.67,False,76.67
8547,76.67,False,76.67
8548,76.67,False,76.67
8549,76.67,False,76.67
8550,76.67,False,76.67
8551,76.67,False,76.67
8552,76.67,False,76.67
8553,76.67,False,76.67
8554,76.67,False,76.67
8555,76.67,False,76.67
8556,76.67,False,76.67
8557,76.67,False,76.67
8558,76.67,False,76.67
8559,76.67,False,76.67
8560,76.67,False,76.67
8561,76.67,False,76.67
8562,76.67,False,76.67
8563,76.67,False,76.67
8564,76.67,False,76.67
8565,76.67,False,76.67
8566,76.67,False,76.67
8567,76.67,False,76.67
8568,76.67,False,76.67
8569,76.67,False,76.67
8570,76.67,False,76.67
8571,76.67,False,76.67
8572,76.67,False,76.67
8573,76.67,False,76.67
8574,76.67,False,76.67
8575,76.67,False,76.67
8576,76.67,False,76.67
8577,76.67,False,76.67
8578,76.67,False,76.67
8579,76.67,False,76.67
8580,76.67,False,76.67
8581,76.67,False,76.67
8582,76.67,False,76.67
8583,76.67,False,76.67
8584,76.67,False,76.67
8585,76.67,False,76.67
8586,76.67,False,76.67
8587,76.67,False,76.67
8588,76.67,False,76.67
8589,76.67,False,76.67
8590,76.67,False,76.67
8591,76.67,False,76.67
8592,76.67,False,76.67
8593,76.67,False,76.67
8594,76.67,False,76.67
8595,77.5,False,76.836
8596,77.5,False,77.002
8597,77.5,False,77.168
8598,77.5,False,77.334
8599,77.5,False,77.5
8600,77.5,False,77.5
8601,77.5,False,77.5
8602,77.5,False,77.5
8603,77.5,False,77.5
8604,77.5,False,77.5
8605,77.5,False,77.5
8606,77.5,False,77.5
8607,77.5,False,77.5
8608,77.5,False,77.5
8609,77.5,False,77.5
8610,77.5,False,77.5
8611,77.5,False,77.5
8612,77.5,False,77.5
8613,77.5,False,77.5
8614,77.5,False,77.5
8615,77.5,False,77.5
8616,77.5,False,77.5
8617,77.5,False,77.5
8618,77.5,False,77.5
8619,77.5,False,77.5
8620,77.5,False,77.5
8621,77.5,False,77.5
8622,77.5,False,77.5
8623,77.5,False,77.5
8624,77.5,False,77.5
8625,77.5,False,77.5
8626,77.5,False,77.5
8627,77.5,False,77.5
8628,77.5,False,77.5
8629,77.5,False,77.5
8630,77.5,False,77.5
8631,77.5,False,77.5
8632,77.5,False,77.5
8633,77.5,False,77.5
8634,77.5,False,77.5
8635,77.5,False,77.5
8636,77.5,False,77.5
8637,77.5,False,77.5
8638,77.5,False,77.5
8639,77.5,False,77.5
8640,77.5,False,77.5
8641,77.5,False,77.5
8642,77.5,False,77.5
8643,77.5,False,77.5
8644,77.5,False,77.5
8645,77.5,False,77.5
8646,77.5,False,77.5
8647,77.5,False,77.5
8648,77.5,False,77.5
8649,77.5,False,77.5
8650,77.5,False,77.5
8651,77.5,False,77.5
8652,77.5,False,77.5
8653,77.5,False,77.5
8654,77.5,False,77.5
8655,77.5,False,77.5
8656,78.33,False,77.666
8657,78.33,False,77.832
8658,78.33,False,77.998
8659,78.33,False,78.164
8660,78.33,False,78.33
8661,78.33,False,78.33
8662,78.33,False,78.33
8663,78.33,False,78.33
8664,78.33,False,78.33
8665,78.33,False,78.33
8666,78.33,False,78.33
8667,78.33,False,78.33
8668,78.33,False,78.33
8669,78.33,False,78.33
8670,78.33,False,78.33
8671,78.33,False,78.33
8672,78.33,False,78.33
8673,78.33,False,78.33
8674,78.33,False,78.33
8675,78.33,False,78.33
8676,78.33,False,78.33
8677,78.33,False,78.33
8678,78.33,False,78.33
8679,78.33,False,78.33
8680,78.33,False,78.33
8681,78.33,False,78.33
8682,78.33,False,78.33
8683,78.33,False,78.33
8684,78.33,False,78.33
8685,78.33,False,78.33
8686,78.33,False,78.33
8687,78.33,False,78.33
8688,78.33,False,78.33
8689,78.33,False,78.33
8690,78.33,False,78.33
8691,78.33,False,78.33
8692,78.33,False,78.33
8693,78.33,False,78.33
8694,78.33,False,78.33
8695,78.33,False,78.33
8696,78.33,False,78.33
8697,78.33,False,78.33
8698,78.33,False,78.33
8699,78.33,False,78.33
8700,78.33,False,78.33
8701,78.33,False,78.33
8702,78.33,False,78.33
8703,78.33,False,78.33
8704,78.33,False,78.33
8705,79.17,False,78.498
8706,79.17,False,78.66600000000001
8707,80.0,False,79.0
8708,80.0,False,79.33399999999999
8709,80.0,False,79.668
8710,80.0,False,79.83399999999999
8711,80.0,False,80.0
8712,80.0,False,80.0
8713,80.0,False,80.0
8714,80.0,False,80.0
8715,80.0,False,80.0
8716,80.0,False,80.0
8717,80.0,False,80.0
8718,80.0,False,80.0
8719,80.0,False,80.0
8720,80.0,False,80.0
8721,80.0,False,80.0
8722,80.0,False,80.0
8723,80.0,False,80.0
8724,80.0,False,80.0
8725,80.0,False,80.0
8726,80.0,False,80.0
8727,80.0,False,80.0
8728,80.0,False,80.0
8729,80.0,False,80.0
8730,80.0,False,80.0
8731,80.0,False,80.0
8732,80.0,False,80.0
8733,80.0,False,80.0
8734,80.0,False,80.0
8735,80.0,False,80.0
8736,80.0,False,80.0
8737,79.17,False,79.834
8738,79.17,False,79.66799999999999
8739,79.17,False,79.50200000000001
8740,79.17,False,79.33599999999998
8741,79.17,False,79.17
8742,79.17,False,79.17
8743,79.17,False,79.17
8744,79.17,False,79.17
8745,79.17,False,79.17
8746,79.17,False,79.17
8747,79.17,False,79.17
8748,79.17,False,79.17
8749,79.17,False,79.17
8750,79.17,False,79.17
8751,79.17,False,79.17
8752,79.17,False,79.17
8753,79.17,False,79.17
8754,79.17,False,79.17
8755,79.17,False,79.17
8756,79.17,False,79.17
8757,79.17,False,79.17
8758,79.17,False,79.17
8759,79.17,False,79.17
8760,79.17,False,79.17
8761,79.17,False,79.17
8762,79.17,False,79.17
8763,79.17,False,79.17
8764,79.17,False,79.17
8765,79.17,False,79.17
8766,79.17,False,79.17
8767,79.17,False,79.17
8768,79.17,False,79.17
8769,79.17,False,79.17
8770,79.17,False,79.17
8771,79.17,False,79.17
8772,79.17,False,79.17
8773,79.17,False,79.17
8774,79.17,False,79.17
8775,79.17,False,79.17
8776,79.17,False,79.17
8777,79.17,False,79.17
8778,79.17,False,79.17
8779,79.17,False,79.17
8780,79.17,False,79.17
8781,79.17,False,79.17
8782,79.17,False,79.17
8783,79.17,False,79.17
8784,79.17,False,79.17
8785,79.17,False,79.17
8786,79.17,False,79.17
8787,79.17,False,79.17
8788,79.17,False,79.17
8789,79.17,False,79.17
8790,79.17,False,79.17
8791,79.17,False,79.17
8792,79.17,False,79.17
8793,79.17,False,79.17
8794,79.17,False,79.17
8795,79.17,False,79.17
8796,79.17,False,79.17
8797,79.17,False,79.17
8798,32.5,False,69.836
8799,32.5,False,60.501999999999995
8800,32.5,False,51.16799999999999
8801,32.5,False,41.834
8802,32.5,False,32.5
8803,32.5,False,32.5
8804,32.5,False,32.5
8805,32.5,False,32.5
8806,32.5,False,32.5
8807,32.5,False,32.5
8808,32.5,False,32.5
8809,32.5,False,32.5
8810,32.5,False,32.5
8811,32.5,False,32.5
8812,32.5,False,32.5
8813,32.5,False,32.5
8814,32.5,False,32.5
8815,32.5,False,32.5
8816,32.5,False,32.5
8817,32.5,False,32.5
8818,32.5,False,32.5
8819,32.5,False,32.5
8820,32.5,False,32.5
8821,32.5,False,32.5
8822,32.5,False,32.5
8823,32.5,False,32.5
8824,32.5,False,32.5
8825,32.5,False,32.5
8826,32.5,False,32.5
8827,32.5,False,32.5
8828,32.5,False,32.5
8829,25.83,False,31.165999999999997
8830,25.83,False,29.832
8831,25.83,False,28.498
8832,25.83,False,27.163999999999998
8833,25.83,False,25.83
8834,25.83,False,25.83
8835,25.83,False,25.83
8836,25.83,False,25.83
8837,25.83,False,25.83
8838,25.83,False,25.83
8839,25.83,False,25.83
8840,25.83,False,25.83
8841,25.83,False,25.83
8842,25.83,False,25.83
8843,25.83,False,25.83
8844,25.83,False,25.83
8845,25.83,False,25.83
8846,25.83,False,25.83
8847,25.83,False,25.83
8848,25.83,False,25.83
8849,25.83,False,25.83
8850,25.83,False,25.83
8851,25.83,False,25.83
8852,25.83,False,25.83
8853,25.83,False,25.83
8854,25.83,False,25.83
8855,25.83,False,25.83
8856,25.83,False,25.83
8857,25.83,False,25.83
8858,25.83,False,25.83
8859,26.67,False,25.998
8860,26.67,False,26.165999999999997
8861,26.67,False,26.334000000000003
8862,26.67,False,26.502
8863,26.67,False,26.67
8864,26.67,False,26.67
8865,26.67,False,26.67
8866,26.67,False,26.67
8867,26.67,False,26.67
8868,26.67,False,26.67
8869,26.67,False,26.67
8870,26.67,False,26.67
8871,26.67,False,26.67
8872,26.67,False,26.67
8873,26.67,False,26.67
8874,26.67,False,26.67
8875,26.67,False,26.67
8876,26.67,False,26.67
8877,26.67,False,26.67
8878,26.67,False,26.67
8879,26.67,False,26.67
8880,26.67,False,26.67
8881,26.67,False,26.67
8882,26.67,False,26.67
8883,26.67,False,26.67
8884,26.67,False,26.67
8885,26.67,False,26.67
8886,26.67,False,26.67
8887,26.67,False,26.67
8888,26.67,False,26.67
8889,26.67,False,26.67
8890,27.5,False,26.836000000000002
8891,27.5,False,27.002
8892,27.5,False,27.168
8893,27.5,False,27.334000000000003
8894,27.5,False,27.5
8895,27.5,False,27.5
8896,27.5,False,27.5
8897,27.5,False,27.5
8898,27.5,False,27.5
8899,27.5,False,27.5
8900,27.5,False,27.5
8901,27.5,False,27.5
8902,27.5,False,27.5
8903,27.5,False,27.5
8904,27.5,False,27.5
8905,27.5,False,27.5
8906,27.5,False,27.5
8907,27.5,False,27.5
8908,27.5,False,27.5
8909,27.5,False,27.5
8910,27.5,False,27.5
8911,27.5,False,27.5
8912,27.5,False,27.5
8913,27.5,False,27.5
8914,27.5,False,27.5
8915,27.5,False,27.5
8916,27.5,False,27.5
8917,27.5,False,27.5
8918,27.5,False,27.5
8919,27.5,False,27.5
8920,27.5,False,27.5
8921,37.5,False,29.5
8922,37.5,False,31.5
8923,37.5,False,33.5
8924,37.5,False,35.5
8925,37.5,False,37.5
8926,37.5,False,37.5
8927,37.5,False,37.5
8928,37.5,False,37.5
8929,37.5,False,37.5
8930,37.5,False,37.5
8931,37.5,False,37.5
8932,37.5,False,37.5
8933,37.5,False,37.5
8934,37.5,False,37.5
8935,37.5,False,37.5
8936,37.5,False,37.5
8937,37.5,False,37.5
8938,37.5,False,37.5
8939,37.5,False,37.5
8940,37.5,False,37.5
8941,37.5,False,37.5
8942,37.5,False,37.5
8943,37.5,False,37.5
8944,37.5,False,37.5
8945,37.5,False,37.5
8946,37.5,False,37.5
8947,37.5,False,37.5
8948,37.5,False,37.5
8949,37.5,False,37.5
8950,37.5,False,37.5
8951,63.33,False,42.666
8952,63.33,False,47.832
8953,63.33,False,52.998000000000005
8954,63.33,False,58.164
8955,63.33,False,63.33
8956,63.33,False,63.33
8957,63.33,False,63.33
8958,63.33,False,63.33
8959,63.33,False,63.33
8960,63.33,False,63.33
8961,50.83,False,60.83
8962,50.83,False,58.33
8963,50.83,False,55.83
8964,50.83,False,53.33
8965,50.83,False,50.83
8966,50.83,False,50.83
8967,50.83,False,50.83
8968,50.83,False,50.83
8969,50.83,False,50.83
8970,50.83,False,50.83
8971,50.83,False,50.83
8972,55.83,False,51.83
8973,55.83,False,52.83
8974,55.83,False,53.83
8975,55.83,False,54.83
8976,55.83,False,55.83
8977,55.83,False,55.83
8978,55.83,False,55.83
8979,55.83,False,55.83
8980,55.83,False,55.83
8981,55.83,False,55.83
8982,55.83,False,55.83
8983,55.83,False,55.83
8984,55.83,False,55.83
8985,55.83,False,55.83
8986,55.83,False,55.83
8987,55.83,False,55.83
8988,55.83,False,55.83
8989,55.83,False,55.83
8990,55.83,False,55.83
8991,55.83,False,55.83
8992,55.83,False,55.83
8993,55.83,False,55.83
8994,55.83,False,55.83
8995,55.83,False,55.83
8996,55.83,False,55.83
8997,55.83,False,55.83
8998,55.83,False,55.83
8999,55.83,False,55.83
9000,55.83,False,55.83
9001,55.83,False,55.83
9002,70.0,False,58.664
9003,70.0,False,61.498000000000005
9004,70.0,False,64.33200000000001
9005,70.0,False,67.16600000000001
9006,70.0,False,70.0
9007,70.0,False,70.0
9008,70.0,False,70.0
9009,70.0,False,70.0
9010,70.0,False,70.0
9011,70.0,False,70.0
9012,70.0,False,70.0
9013,70.0,False,70.0
9014,70.0,False,70.0
9015,70.0,False,70.0
9016,70.0,False,70.0
9017,70.0,False,70.0
9018,70.0,False,70.0
9019,70.0,False,70.0
9020,70.0,False,70.0
9021,70.0,False,70.0
9022,70.0,False,70.0
9023,70.0,False,70.0
9024,70.0,False,70.0
9025,70.0,False,70.0
9026,70.0,False,70.0
9027,70.0,False,70.0
9028,70.0,False,70.0
9029,70.0,False,70.0
9030,70.0,False,70.0
9031,70.0,False,70.0
9032,70.0,False,70.0
9033,73.33,False,70.666
9034,73.33,False,71.332
9035,73.33,False,71.998
9036,73.33,False,72.664
9037,73.33,False,73.33
9038,73.33,False,73.33
9039,73.33,False,73.33
9040,73.33,False,73.33
9041,73.33,False,73.33
9042,73.33,False,73.33
9043,73.33,False,73.33
9044,73.33,False,73.33
9045,73.33,False,73.33
9046,73.33,False,73.33
9047,73.33,False,73.33
9048,73.33,False,73.33
9049,73.33,False,73.33
9050,73.33,False,73.33
9051,73.33,False,73.33
9052,73.33,False,73.33
9053,73.33,False,73.33
9054,73.33,False,73.33
9055,73.33,False,73.33
9056,73.33,False,73.33
9057,73.33,False,73.33
9058,73.33,False,73.33
9059,73.33,False,73.33
9060,73.33,False,73.33
9061,73.33,False,73.33
9062,73.33,False,73.33
9063,73.33,False,73.33
9064,46.67,False,67.99799999999999
9065,46.67,False,62.666
9066,46.67,False,57.334
9067,46.67,False,52.001999999999995
9068,46.67,False,46.67
9069,46.67,False,46.67
9070,46.67,False,46.67
9071,46.67,False,46.67
9072,46.67,False,46.67
9073,46.67,False,46.67
9074,46.67,False,46.67
9075,46.67,False,46.67
9076,46.67,False,46.67
9077,46.67,False,46.67
9078,46.67,False,46.67
9079,46.67,False,46.67
9080,46.67,False,46.67
9081,46.67,False,46.67
9082,46.67,False,46.67
9083,46.67,False,46.67
9084,46.67,False,46.67
9085,46.67,False,46.67
9086,46.67,False,46.67
9087,46.67,False,46.67
9088,46.67,False,46.67
9089,46.67,False,46.67
9090,46.67,False,46.67
9091,46.67,False,46.67
9092,46.67,False,46.67
9093,46.67,False,46.67
9094,83.33,False,54.001999999999995
9095,83.33,False,61.33399999999999
9096,83.33,False,68.66600000000001
9097,83.33,False,75.998
9098,83.33,False,83.33
9099,83.33,False,83.33
9100,83.33,False,83.33
9101,83.33,False,83.33
9102,83.33,False,83.33
9103,83.33,False,83.33
9104,83.33,False,83.33
9105,83.33,False,83.33
9106,83.33,False,83.33
9107,83.33,False,83.33
9108,83.33,False,83.33
9109,83.33,False,83.33
9110,83.33,False,83.33
9111,83.33,False,83.33
9112,83.33,False,83.33
9113,83.33,False,83.33
9114,83.33,False,83.33
9115,83.33,False,83.33
9116,83.33,False,83.33
9117,83.33,False,83.33
9118,83.33,False,83.33
9119,83.33,False,83.33
9120,83.33,False,83.33
9121,83.33,False,83.33
9122,83.33,False,83.33
9123,83.33,False,83.33
9124,83.33,False,83.33
9125,76.67,False,81.998
9126,76.67,False,80.666
9127,76.67,False,79.334
9128,76.67,False,78.00200000000001
9129,76.67,False,76.67
9130,76.67,False,76.67
9131,76.67,False,76.67
9132,76.67,False,76.67
9133,76.67,False,76.67
9134,76.67,False,76.67
9135,76.67,False,76.67
9136,76.67,False,76.67
9137,76.67,False,76.67
9138,76.67,False,76.67
9139,76.67,False,76.67
9140,76.67,False,76.67
9141,76.67,False,76.67
9142,76.67,False,76.67
9143,76.67,False,76.67
9144,76.67,False,76.67
9145,76.67,False,76.67
9146,76.67,False,76.67
9147,76.67,False,76.67
9148,76.67,False,76.67
9149,76.67,False,76.67
9150,76.67,False,76.67
9151,76.67,False,76.67
9152,76.67,False,76.67
9153,76.67,False,76.67
9154,76.67,False,76.67
9155,28.33,False,67.002
9156,28.33,False,57.334
9157,28.33,False,47.666
9158,28.33,False,37.998000000000005
9159,28.33,False,28.33
9160,28.33,False,28.33
9161,28.33,False,28.33
9162,28.33,False,28.33
9163,28.33,False,28.33
9164,28.33,False,28.33
9165,28.33,False,28.33
9166,28.33,False,28.33
9167,28.33,False,28.33
9168,28.33,False,28.33
9169,28.33,False,28.33
9170,28.33,False,28.33
9171,28.33,False,28.33
9172,28.33,False,28.33
9173,28.33,False,28.33
9174,28.33,False,28.33
9175,28.33,False,28.33
9176,28.33,False,28.33
9177,28.33,False,28.33
9178,28.33,False,28.33
9179,28.33,False,28.33
9180,28.33,False,28.33
9181,28.33,False,28.33
9182,28.33,False,28.33
9183,28.33,False,28.33
9184,28.33,False,28.33
9185,28.33,False,28.33
9186,28.33,False,28.33
9187,28.33,False,28.33
9188,28.33,False,28.33
9189,28.33,False,28.33
9190,28.33,False,28.33
9191,28.33,False,28.33
9192,28.33,False,28.33
9193,28.33,False,28.33
9194,28.33,False,28.33
9195,28.33,False,28.33
9196,28.33,False,28.33
9197,28.33,False,28.33
9198,28.33,False,28.33
9199,28.33,False,28.33
9200,28.33,False,28.33
9201,28.33,False,28.33
9202,28.33,False,28.33
9203,28.33,False,28.33
9204,28.33,False,28.33
9205,28.33,False,28.33
9206,28.33,False,28.33
9207,28.33,False,28.33
9208,28.33,False,28.33
9209,28.33,False,28.33
9210,28.33,False,28.33
9211,28.33,False,28.33
9212,28.33,False,28.33
9213,28.33,False,28.33
9214,28.33,False,28.33
9215,28.33,False,28.33
9216,27.5,False,28.163999999999998
9217,28.33,False,28.163999999999998
9218,28.33,False,28.163999999999998
9219,28.33,False,28.163999999999998
9220,28.33,False,28.163999999999998
9221,28.33,False,28.33
9222,28.33,False,28.33
9223,28.33,False,28.33
9224,28.33,False,28.33
9225,28.33,False,28.33
9226,28.33,False,28.33
9227,28.33,False,28.33
9228,28.33,False,28.33
9229,28.33,False,28.33
9230,28.33,False,28.33
9231,28.33,False,28.33
9232,28.33,False,28.33
9233,28.33,False,28.33
9234,28.33,False,28.33
9235,28.33,False,28.33
9236,28.33,False,28.33
9237,28.33,False,28.33
9238,28.33,False,28.33
9239,28.33,False,28.33
9240,28.33,False,28.33
9241,28.33,False,28.33
9242,28.33,False,28.33
9243,28.33,False,28.33
9244,28.33,False,28.33
9245,28.33,False,28.33
9246,28.33,False,28.33
9247,28.33,False,28.33
9248,28.33,False,28.33
9249,28.33,False,28.33
9250,28.33,False,28.33
9251,28.33,False,28.33
9252,28.33,False,28.33
9253,28.33,False,28.33
9254,28.33,False,28.33
9255,28.33,False,28.33
9256,28.33,False,28.33
9257,28.33,False,28.33
9258,28.33,False,28.33
9259,28.33,False,28.33
9260,28.33,False,28.33
9261,28.33,False,28.33
9262,28.33,False,28.33
9263,28.33,False,28.33
9264,28.33,False,28.33
9265,28.33,False,28.33
9266,28.33,False,28.33
9267,27.5,False,28.163999999999998
9268,27.5,False,27.998
9269,27.5,False,27.832
9270,27.5,False,27.665999999999997
9271,27.5,False,27.5
9272,27.5,False,27.5
9273,27.5,False,27.5
9274,27.5,False,27.5
9275,27.5,False,27.5
9276,27.5,False,27.5
9277,27.5,False,27.5
9278,27.5,False,27.5
9279,27.5,False,27.5
9280,27.5,False,27.5
9281,27.5,False,27.5
9282,27.5,False,27.5
9283,27.5,False,27.5
9284,27.5,False,27.5
9285,27.5,False,27.5
9286,27.5,False,27.5
9287,27.5,False,27.5
9288,27.5,False,27.5
9289,27.5,False,27.5
9290,27.5,False,27.5
9291,27.5,False,27.5
9292,27.5,False,27.5
9293,27.5,False,27.5
9294,27.5,False,27.5
9295,27.5,False,27.5
9296,27.5,False,27.5
9297,27.5,False,27.5
9298,27.5,False,27.5
9299,27.5,False,27.5
9300,27.5,False,27.5
9301,27.5,False,27.5
9302,27.5,False,27.5
9303,27.5,False,27.5
9304,27.5,False,27.5
9305,27.5,False,27.5
9306,27.5,False,27.5
9307,27.5,False,27.5
9308,27.5,False,27.5
9309,27.5,False,27.5
9310,27.5,False,27.5
9311,27.5,False,27.5
9312,27.5,False,27.5
9313,27.5,False,27.5
9314,27.5,False,27.5
9315,27.5,False,27.5
9316,27.5,False,27.5
9317,27.5,False,27.5
9318,27.5,False,27.5
9319,27.5,False,27.5
9320,27.5,False,27.5
9321,27.5,False,27.5
9322,27.5,False,27.5
9323,27.5,False,27.5
9324,27.5,False,27.5
9325,27.5,False,27.5
9326,27.5,False,27.5
9327,27.5,False,27.5
9328,27.5,False,27.5
9329,27.5,False,27.5
9330,27.5,False,27.5
9331,27.5,False,27.5
9332,27.5,False,27.5
9333,27.5,False,27.5
9334,27.5,False,27.5
9335,27.5,False,27.5
9336,27.5,False,27.5
9337,27.5,False,27.5
9338,27.5,False,27.5
9339,27.5,False,27.5
9340,27.5,False,27.5
9341,27.5,False,27.5
9342,27.5,False,27.5
9343,27.5,False,27.5
9344,27.5,False,27.5
9345,27.5,False,27.5
9346,27.5,False,27.5
9347,27.5,False,27.5
9348,27.5,False,27.5
9349,27.5,False,27.5
9350,27.5,False,27.5
9351,27.5,False,27.5
9352,27.5,False,27.5
9353,27.5,False,27.5
9354,27.5,False,27.5
9355,27.5,False,27.5
9356,27.5,False,27.5
9357,27.5,False,27.5
9358,27.5,False,27.5
9359,27.5,False,27.5
9360,27.5,False,27.5
9361,27.5,False,27.5
9362,27.5,False,27.5
9363,27.5,False,27.5
9364,27.5,False,27.5
9365,27.5,False,27.5
9366,27.5,False,27.5
9367,27.5,False,27.5
9368,27.5,False,27.5
9369,27.5,False,27.5
9370,27.5,False,27.5
9371,27.5,False,27.5
9372,27.5,False,27.5
9373,27.5,False,27.5
9374,27.5,False,27.5
9375,27.5,False,27.5
9376,27.5,False,27.5
9377,27.5,False,27.5
9378,27.5,False,27.5
9379,27.5,False,27.5
9380,27.5,False,27.5
9381,27.5,False,27.5
9382,27.5,False,27.5
9383,27.5,False,27.5
9384,27.5,False,27.5
9385,27.5,False,27.5
9386,27.5,False,27.5
9387,27.5,False,27.5
9388,27.5,False,27.5
9389,27.5,False,27.5
9390,27.5,False,27.5
9391,27.5,False,27.5
9392,27.5,False,27.5
9393,27.5,False,27.5
9394,27.5,False,27.5
9395,27.5,False,27.5
9396,27.5,False,27.5
9397,27.5,False,27.5
9398,27.5,False,27.5
9399,27.5,False,27.5
9400,27.5,False,27.5
9401,27.5,False,27.5
9402,27.5,False,27.5
9403,27.5,False,27.5
9404,27.5,False,27.5
9405,27.5,False,27.5
9406,27.5,False,27.5
9407,27.5,False,27.5
9408,27.5,False,27.5
9409,27.5,False,27.5
9410,27.5,False,27.5
9411,27.5,False,27.5
9412,27.5,False,27.5
9413,27.5,False,27.5
9414,27.5,False,27.5
9415,27.5,False,27.5
9416,27.5,False,27.5
9417,27.5,False,27.5
9418,27.5,False,27.5
9419,27.5,False,27.5
9420,27.5,False,27.5
9421,27.5,False,27.5
9422,27.5,False,27.5
9423,27.5,False,27.5
9424,27.5,False,27.5
9425,27.5,False,27.5
9426,27.5,False,27.5
9427,27.5,False,27.5
9428,27.5,False,27.5
9429,27.5,False,27.5
9430,27.5,False,27.5
9431,27.5,False,27.5
9432,27.5,False,27.5
9433,27.5,False,27.5
9434,27.5,False,27.5
9435,27.5,False,27.5
9436,27.5,False,27.5
9437,27.5,False,27.5
9438,27.5,False,27.5
9439,27.5,False,27.5
9440,27.5,False,27.5
9441,27.5,False,27.5
9442,27.5,False,27.5
9443,27.5,False,27.5
9444,27.5,False,27.5
9445,27.5,False,27.5
9446,27.5,False,27.5
9447,27.5,False,27.5
9448,27.5,False,27.5
9449,27.5,False,27.5
9450,27.5,False,27.5
9451,27.5,False,27.5
9452,27.5,False,27.5
9453,27.5,False,27.5
9454,27.5,False,27.5
9455,27.5,False,27.5
9456,27.5,False,27.5
9457,27.5,False,27.5
9458,27.5,False,27.5
9459,27.5,False,27.5
9460,27.5,False,27.5
9461,27.5,False,27.5
9462,27.5,False,27.5
9463,27.5,False,27.5
9464,27.5,False,27.5
9465,27.5,False,27.5
9466,27.5,False,27.5
9467,27.5,False,27.5
9468,27.5,False,27.5
9469,27.5,False,27.5
9470,27.5,False,27.5
9471,27.5,False,27.5
9472,27.5,False,27.5
9473,27.5,False,27.5
9474,27.5,False,27.5
9475,27.5,False,27.5
9476,27.5,False,27.5
9477,27.5,False,27.5
9478,27.5,False,27.5
9479,27.5,False,27.5
9480,27.5,False,27.5
9481,27.5,False,27.5
9482,27.5,False,27.5
9483,27.5,False,27.5
9484,27.5,False,27.5
9485,27.5,False,27.5
9486,27.5,False,27.5
9487,27.5,False,27.5
9488,27.5,False,27.5
9489,27.5,False,27.5
9490,27.5,False,27.5
9491,27.5,False,27.5
9492,27.5,False,27.5
9493,27.5,False,27.5
9494,27.5,False,27.5
9495,27.5,False,27.5
9496,27.5,False,27.5
9497,27.5,False,27.5
9498,27.5,False,27.5
9499,27.5,False,27.5
9500,27.5,False,27.5
9501,27.5,False,27.5
9502,27.5,False,27.5
9503,27.5,False,27.5
9504,27.5,False,27.5
9505,27.5,False,27.5
9506,27.5,False,27.5
9507,27.5,False,27.5
9508,27.5,False,27.5
9509,27.5,False,27.5
9510,27.5,False,27.5
9511,27.5,False,27.5
9512,27.5,False,27.5
9513,27.5,False,27.5
9514,27.5,False,27.5
9515,27.5,False,27.5
9516,27.5,False,27.5
9517,27.5,False,27.5
9518,27.5,False,27.5
9519,27.5,False,27.5
9520,27.5,False,27.5
9521,27.5,False,27.5
9522,27.5,False,27.5
9523,27.5,False,27.5
9524,27.5,False,27.5
9525,27.5,False,27.5
9526,27.5,False,27.5
9527,27.5,False,27.5
9528,27.5,False,27.5
9529,27.5,False,27.5
9530,27.5,False,27.5
9531,27.5,False,27.5
9532,27.5,False,27.5
9533,27.5,False,27.5
9534,27.5,False,27.5
9535,27.5,False,27.5
9536,27.5,False,27.5
9537,27.5,False,27.5
9538,27.5,False,27.5
9539,27.5,False,27.5
9540,27.5,False,27.5
9541,27.5,False,27.5
9542,27.5,False,27.5
9543,27.5,False,27.5
9544,27.5,False,27.5
9545,27.5,False,27.5
9546,27.5,False,27.5
9547,27.5,False,27.5
9548,27.5,False,27.5
9549,27.5,False,27.5
9550,27.5,False,27.5
9551,27.5,False,27.5
9552,27.5,False,27.5
9553,27.5,False,27.5
9554,27.5,False,27.5
9555,27.5,False,27.5
9556,27.5,False,27.5
9557,27.5,False,27.5
9558,27.5,False,27.5
9559,27.5,False,27.5
9560,27.5,False,27.5
9561,27.5,False,27.5
9562,27.5,False,27.5
9563,28.33,False,27.665999999999997
9564,28.33,False,27.832
9565,28.33,False,27.998
9566,28.33,False,28.163999999999998
9567,28.33,False,28.33
9568,28.33,False,28.33
9569,28.33,False,28.33
9570,28.33,False,28.33
9571,28.33,False,28.33
9572,28.33,False,28.33
9573,28.33,False,28.33
9574,28.33,False,28.33
9575,28.33,False,28.33
9576,28.33,False,28.33
9577,28.33,False,28.33
9578,28.33,False,28.33
9579,28.33,False,28.33
9580,28.33,False,28.33
9581,28.33,False,28.33
9582,28.33,False,28.33
9583,28.33,False,28.33
9584,28.33,False,28.33
9585,28.33,False,28.33
9586,28.33,False,28.33
9587,28.33,False,28.33
9588,28.33,False,28.33
9589,28.33,False,28.33
9590,28.33,False,28.33
9591,28.33,False,28.33
9592,28.33,False,28.33
9593,28.33,False,28.33
9594,28.33,False,28.33
9595,28.33,False,28.33
9596,28.33,False,28.33
9597,28.33,False,28.33
9598,28.33,False,28.33
9599,28.33,False,28.33
9600,28.33,False,28.33
9601,28.33,False,28.33
9602,28.33,False,28.33
9603,28.33,False,28.33
9604,28.33,False,28.33
9605,28.33,False,28.33
9606,28.33,False,28.33
9607,28.33,False,28.33
9608,28.33,False,28.33
9609,28.33,False,28.33
9610,28.33,False,28.33
9611,28.33,False,28.33
9612,28.33,False,28.33
9613,28.33,False,28.33
9614,28.33,False,28.33
9615,28.33,False,28.33
9616,28.33,False,28.33
9617,28.33,False,28.33
9618,28.33,False,28.33
9619,28.33,False,28.33
9620,28.33,False,28.33
9621,28.33,False,28.33
9622,28.33,False,28.33
9623,28.33,False,28.33
9624,28.33,False,28.33
9625,28.33,False,28.33
9626,28.33,False,28.33
9627,28.33,False,28.33
9628,28.33,False,28.33
9629,28.33,False,28.33
9630,28.33,False,28.33
9631,28.33,False,28.33
9632,28.33,False,28.33
9633,28.33,False,28.33
9634,28.33,False,28.33
9635,28.33,False,28.33
9636,28.33,False,28.33
9637,28.33,False,28.33
9638,28.33,False,28.33
9639,28.33,False,28.33
9640,28.33,False,28.33
9641,28.33,False,28.33
9642,28.33,False,28.33
9643,28.33,False,28.33
9644,28.33,False,28.33
9645,28.33,False,28.33
9646,28.33,False,28.33
9647,28.33,False,28.33
9648,28.33,False,28.33
9649,28.33,False,28.33
9650,28.33,False,28.33
9651,28.33,False,28.33
9652,28.33,False,28.33
9653,28.33,False,28.33
9654,28.33,False,28.33
9655,28.33,False,28.33
9656,28.33,False,28.33
9657,28.33,False,28.33
9658,28.33,False,28.33
9659,28.33,False,28.33
9660,28.33,False,28.33
9661,28.33,False,28.33
9662,28.33,False,28.33
9663,28.33,False,28.33
9664,28.33,False,28.33
9665,28.33,False,28.33
9666,28.33,False,28.33
9667,28.33,False,28.33
9668,28.33,False,28.33
9669,28.33,False,28.33
9670,28.33,False,28.33
9671,28.33,False,28.33
9672,28.33,False,28.33
9673,28.33,False,28.33
9674,28.33,False,28.33
9675,28.33,False,28.33
9676,28.33,False,28.33
9677,28.33,False,28.33
9678,28.33,False,28.33
9679,28.33,False,28.33
9680,28.33,False,28.33
9681,28.33,False,28.33
9682,28.33,False,28.33
9683,28.33,False,28.33
9684,28.33,False,28.33
9685,28.33,False,28.33
9686,28.33,False,28.33
9687,28.33,False,28.33
9688,28.33,False,28.33
9689,28.33,False,28.33
9690,28.33,False,28.33
9691,28.33,False,28.33
9692,28.33,False,28.33
9693,28.33,False,28.33
9694,28.33,False,28.33
9695,28.33,False,28.33
9696,28.33,False,28.33
9697,28.33,False,28.33
9698,28.33,False,28.33
9699,28.33,False,28.33
9700,28.33,False,28.33
9701,28.33,False,28.33
9702,28.33,False,28.33
9703,28.33,False,28.33
9704,28.33,False,28.33
9705,28.33,False,28.33
9706,28.33,False,28.33
9707,28.33,False,28.33
9708,28.33,False,28.33
9709,28.33,False,28.33
9710,28.33,False,28.33
9711,28.33,False,28.33
9712,28.33,False,28.33
9713,28.33,False,28.33
9714,28.33,False,28.33
9715,28.33,False,28.33
9716,28.33,False,28.33
9717,28.33,False,28.33
9718,28.33,False,28.33
9719,28.33,False,28.33
9720,28.33,False,28.33
9721,28.33,False,28.33
9722,28.33,False,28.33
9723,28.33,False,28.33
9724,28.33,False,28.33
9725,28.33,False,28.33
9726,28.33,False,28.33
9727,28.33,False,28.33
9728,28.33,False,28.33
9729,28.33,False,28.33
9730,28.33,False,28.33
9731,28.33,False,28.33
9732,28.33,False,28.33
9733,28.33,False,28.33
9734,28.33,False,28.33
9735,28.33,False,28.33
9736,28.33,False,28.33
9737,28.33,False,28.33
9738,28.33,False,28.33
9739,28.33,False,28.33
9740,28.33,False,28.33
9741,28.33,False,28.33
9742,28.33,False,28.33
9743,28.33,False,28.33
9744,28.33,False,28.33
9745,28.33,False,28.33
9746,28.33,False,28.33
9747,28.33,False,28.33
9748,28.33,False,28.33
9749,28.33,False,28.33
9750,28.33,False,28.33
9751,28.33,False,28.33
9752,28.33,False,28.33
9753,28.33,False,28.33
9754,28.33,False,28.33
9755,28.33,False,28.33
9756,28.33,False,28.33
9757,28.33,False,28.33
9758,28.33,False,28.33
9759,28.33,False,28.33
9760,28.33,False,28.33
9761,28.33,False,28.33
9762,28.33,False,28.33
9763,28.33,False,28.33
9764,28.33,False,28.33
9765,28.33,False,28.33
9766,28.33,False,28.33
9767,27.5,False,28.163999999999998
9768,27.5,False,27.998
9769,27.5,False,27.832
9770,27.5,False,27.665999999999997
9771,27.5,False,27.5
9772,27.5,False,27.5
9773,27.5,False,27.5
9774,27.5,False,27.5
9775,27.5,False,27.5
9776,27.5,False,27.5
9777,27.5,False,27.5
9778,27.5,False,27.5
9779,27.5,False,27.5
9780,27.5,False,27.5
9781,27.5,False,27.5
9782,27.5,False,27.5
9783,27.5,False,27.5
9784,27.5,False,27.5
9785,27.5,False,27.5
9786,27.5,False,27.5
9787,27.5,False,27.5
9788,27.5,False,27.5
9789,27.5,False,27.5
9790,27.5,False,27.5
9791,27.5,False,27.5
9792,27.5,False,27.5
9793,27.5,False,27.5
9794,27.5,False,27.5
9795,27.5,False,27.5
9796,27.5,False,27.5
9797,27.5,False,27.5
9798,27.5,False,27.5
9799,27.5,False,27.5
9800,27.5,False,27.5
9801,27.5,False,27.5
9802,27.5,False,27.5
9803,27.5,False,27.5
9804,27.5,False,27.5
9805,27.5,False,27.5
9806,27.5,False,27.5
9807,27.5,False,27.5
9808,27.5,False,27.5
9809,27.5,False,27.5
9810,27.5,False,27.5
9811,27.5,False,27.5
9812,27.5,False,27.5
9813,27.5,False,27.5
9814,27.5,False,27.5
9815,27.5,False,27.5
9816,27.5,False,27.5
9817,27.5,False,27.5
9818,27.5,False,27.5
9819,27.5,False,27.5
9820,27.5,False,27.5
9821,27.5,False,27.5
9822,27.5,False,27.5
9823,27.5,False,27.5
9824,27.5,False,27.5
9825,27.5,False,27.5
9826,27.5,False,27.5
9827,27.5,False,27.5
9828,27.5,False,27.5
9829,27.5,False,27.5
9830,27.5,False,27.5
9831,27.5,False,27.5
9832,27.5,False,27.5
9833,27.5,False,27.5
9834,27.5,False,27.5
9835,27.5,False,27.5
9836,27.5,False,27.5
9837,27.5,False,27.5
9838,27.5,False,27.5
9839,27.5,False,27.5
9840,27.5,False,27.5
9841,27.5,False,27.5
9842,27.5,False,27.5
9843,27.5,False,27.5
9844,27.5,False,27.5
9845,27.5,False,27.5
9846,27.5,False,27.5
9847,27.5,False,27.5
9848,27.5,False,27.5
9849,27.5,False,27.5
9850,27.5,False,27.5
9851,27.5,False,27.5
9852,27.5,False,27.5
9853,27.5,False,27.5
9854,27.5,False,27.5
9855,27.5,False,27.5
9856,27.5,False,27.5
9857,27.5,False,27.5
9858,27.5,False,27.5
9859,27.5,False,27.5
9860,27.5,False,27.5
9861,27.5,False,27.5
9862,27.5,False,27.5
9863,27.5,False,27.5
9864,27.5,False,27.5
9865,27.5,False,27.5
9866,27.5,False,27.5
9867,27.5,False,27.5
9868,27.5,False,27.5
9869,27.5,False,27.5
9870,27.5,False,27.5
9871,27.5,False,27.5
9872,27.5,False,27.5
9873,27.5,False,27.5
9874,27.5,False,27.5
9875,27.5,False,27.5
9876,27.5,False,27.5
9877,27.5,False,27.5
9878,27.5,False,27.5
9879,27.5,False,27.5
9880,27.5,False,27.5
9881,27.5,False,27.5
9882,27.5,False,27.5
9883,27.5,False,27.5
9884,27.5,False,27.5
9885,27.5,False,27.5
9886,27.5,False,27.5
9887,27.5,False,27.5
9888,27.5,False,27.5
9889,35.0,False,29.0
9890,35.0,False,30.5
9891,35.0,False,32.0
9892,35.0,False,33.5
9893,35.0,False,35.0
9894,35.0,False,35.0
9895,35.0,False,35.0
9896,35.0,False,35.0
9897,35.0,False,35.0
9898,35.0,False,35.0
9899,35.0,False,35.0
9900,35.0,False,35.0
9901,35.0,False,35.0
9902,35.0,False,35.0
9903,35.0,False,35.0
9904,35.0,False,35.0
9905,35.0,False,35.0
9906,35.0,False,35.0
9907,35.0,False,35.0
9908,35.0,False,35.0
9909,35.0,False,35.0
9910,35.0,False,35.0
9911,35.0,False,35.0
9912,35.0,False,35.0
9913,35.0,False,35.0
9914,35.0,False,35.0
9915,35.0,False,35.0
9916,35.0,False,35.0
9917,35.0,False,35.0
9918,35.0,False,35.0
9919,35.0,False,35.0
9920,56.67,False,39.334
9921,56.67,False,43.668
9922,56.67,False,48.001999999999995
9923,56.67,False,52.336
9924,56.67,False,56.67
9925,56.67,False,56.67
9926,56.67,False,56.67
9927,56.67,False,56.67
9928,56.67,False,56.67
9929,56.67,False,56.67
9930,56.67,False,56.67
9931,56.67,False,56.67
9932,56.67,False,56.67
9933,56.67,False,56.67
9934,56.67,False,56.67
9935,56.67,False,56.67
9936,56.67,False,56.67
9937,56.67,False,56.67
9938,56.67,False,56.67
9939,56.67,False,56.67
9940,56.67,False,56.67
9941,56.67,False,56.67
9942,56.67,False,56.67
9943,56.67,False,56.67
9944,56.67,False,56.67
9945,56.67,False,56.67
9946,56.67,False,56.67
9947,56.67,False,56.67
9948,56.67,False,56.67
9949,56.67,False,56.67
9950,53.33,False,56.001999999999995
9951,53.33,False,55.33399999999999
9952,53.33,False,54.666
9953,53.33,False,53.998000000000005
9954,53.33,False,53.33
9955,53.33,False,53.33
9956,53.33,False,53.33
9957,53.33,False,53.33
9958,53.33,False,53.33
9959,53.33,False,53.33
9960,53.33,False,53.33
9961,53.33,False,53.33
9962,53.33,False,53.33
9963,53.33,False,53.33
9964,53.33,False,53.33
9965,53.33,False,53.33
9966,53.33,False,53.33
9967,53.33,False,53.33
9968,53.33,False,53.33
9969,53.33,False,53.33
9970,53.33,False,53.33
9971,53.33,False,53.33
9972,53.33,False,53.33
9973,53.33,False,53.33
9974,53.33,False,53.33
9975,53.33,False,53.33
9976,53.33,False,53.33
9977,53.33,False,53.33
9978,53.33,False,53.33
9979,53.33,False,53.33
9980,53.33,False,53.33
9981,43.33,False,51.33
9982,43.33,False,49.33
9983,43.33,False,47.33
9984,43.33,False,45.33
9985,43.33,False,43.33
9986,43.33,False,43.33
9987,43.33,False,43.33
9988,43.33,False,43.33
9989,43.33,False,43.33
9990,43.33,False,43.33
9991,43.33,False,43.33
9992,43.33,False,43.33
9993,43.33,False,43.33
9994,43.33,False,43.33
9995,43.33,False,43.33
9996,43.33,False,43.33
9997,43.33,False,43.33
9998,43.33,False,43.33
9999,43.33,False,43.33
10000,43.33,False,43.33
10001,43.33,False,43.33
10002,49.17,False,44.498000000000005
10003,49.17,False,45.666000000000004
10004,49.17,False,46.834
10005,49.17,False,48.002
10006,49.17,False,49.17
10007,49.17,False,49.17
10008,49.17,False,49.17
10009,49.17,False,49.17
10010,49.17,False,49.17
10011,49.17,False,49.17
10012,49.17,False,49.17
10013,49.17,False,49.17
10014,49.17,False,49.17
10015,49.17,False,49.17
10016,49.17,False,49.17
10017,49.17,False,49.17
10018,49.17,False,49.17
10019,49.17,False,49.17
10020,49.17,False,49.17
10021,49.17,False,49.17
10022,49.17,False,49.17
10023,49.17,False,49.17
10024,49.17,False,49.17
10025,49.17,False,49.17
10026,49.17,False,49.17
10027,49.17,False,49.17
10028,49.17,False,49.17
10029,49.17,False,49.17
10030,49.17,False,49.17
10031,49.17,False,49.17
10032,53.33,False,50.001999999999995
10033,53.33,False,50.833999999999996
10034,53.33,False,51.666
10035,53.33,False,52.498000000000005
10036,53.33,False,53.33
10037,53.33,False,53.33
10038,53.33,False,53.33
10039,53.33,False,53.33
10040,53.33,False,53.33
10041,53.33,False,53.33
10042,53.33,False,53.33
10043,53.33,False,53.33
10044,53.33,False,53.33
10045,53.33,False,53.33
10046,53.33,False,53.33
10047,53.33,False,53.33
10048,53.33,False,53.33
10049,53.33,False,53.33
10050,53.33,False,53.33
10051,53.33,False,53.33
10052,53.33,False,53.33
10053,53.33,False,53.33
10054,53.33,False,53.33
10055,53.33,False,53.33
10056,53.33,False,53.33
10057,53.33,False,53.33
10058,53.33,False,53.33
10059,53.33,False,53.33
10060,53.33,False,53.33
10061,53.33,False,53.33
10062,53.33,False,53.33
10063,56.67,False,53.998000000000005
10064,56.67,False,54.666
10065,56.67,False,55.334
10066,56.67,False,56.001999999999995
10067,56.67,False,56.67
10068,56.67,False,56.67
10069,56.67,False,56.67
10070,56.67,False,56.67
10071,56.67,False,56.67
10072,56.67,False,56.67
10073,56.67,False,56.67
10074,56.67,False,56.67
10075,56.67,False,56.67
10076,56.67,False,56.67
10077,56.67,False,56.67
10078,56.67,False,56.67
10079,56.67,False,56.67
10080,56.67,False,56.67
10081,56.67,False,56.67
10082,56.67,False,56.67
10083,56.67,False,56.67
10084,56.67,False,56.67
10085,56.67,False,56.67
10086,56.67,False,56.67
10087,56.67,False,56.67
10088,56.67,False,56.67
10089,56.67,False,56.67
10090,56.67,False,56.67
10091,56.67,False,56.67
10092,56.67,False,56.67
10093,60.0,False,57.336
10094,60.0,False,58.001999999999995
10095,60.0,False,58.66799999999999
10096,60.0,False,59.334
10097,60.0,False,60.0
10098,60.0,False,60.0
10099,60.0,False,60.0
10100,60.0,False,60.0
10101,60.0,False,60.0
10102,60.0,False,60.0
10103,60.0,False,60.0
10104,60.0,False,60.0
10105,60.0,False,60.0
10106,60.0,False,60.0
10107,60.0,False,60.0
10108,60.0,False,60.0
10109,60.0,False,60.0
10110,60.0,False,60.0
10111,60.0,False,60.0
10112,60.0,False,60.0
10113,60.0,False,60.0
10114,60.0,False,60.0
10115,60.0,False,60.0
10116,60.0,False,60.0
10117,60.0,False,60.0
10118,60.0,False,60.0
10119,60.0,False,60.0
10120,60.0,False,60.0
10121,60.0,False,60.0
10122,60.0,False,60.0
10123,62.5,False,60.5
10124,62.5,False,61.0
10125,62.5,False,61.5
10126,62.5,False,62.0
10127,62.5,False,62.5
10128,62.5,False,62.5
10129,62.5,False,62.5
10130,62.5,False,62.5
10131,62.5,False,62.5
10132,62.5,False,62.5
10133,62.5,False,62.5
10134,62.5,False,62.5
10135,62.5,False,62.5
10136,62.5,False,62.5
10137,62.5,False,62.5
10138,62.5,False,62.5
10139,62.5,False,62.5
10140,62.5,False,62.5
10141,62.5,False,62.5
10142,62.5,False,62.5
10143,62.5,False,62.5
10144,62.5,False,62.5
10145,62.5,False,62.5
10146,62.5,False,62.5
10147,62.5,False,62.5
10148,62.5,False,62.5
10149,62.5,False,62.5
10150,62.5,False,62.5
10151,62.5,False,62.5
10152,62.5,False,62.5
10153,62.5,False,62.5
10154,66.67,False,63.33399999999999
10155,66.67,False,64.16799999999999
10156,66.67,False,65.002
10157,66.67,False,65.836
10158,66.67,False,66.67
10159,66.67,False,66.67
10160,66.67,False,66.67
10161,66.67,False,66.67
10162,66.67,False,66.67
10163,66.67,False,66.67
10164,66.67,False,66.67
10165,66.67,False,66.67
10166,66.67,False,66.67
10167,66.67,False,66.67
10168,66.67,False,66.67
10169,66.67,False,66.67
10170,66.67,False,66.67
10171,66.67,False,66.67
10172,66.67,False,66.67
10173,66.67,False,66.67
10174,66.67,False,66.67
10175,66.67,False,66.67
10176,66.67,False,66.67
10177,66.67,False,66.67
10178,66.67,False,66.67
10179,66.67,False,66.67
10180,66.67,False,66.67
10181,66.67,False,66.67
10182,66.67,False,66.67
10183,66.67,False,66.67
10184,71.67,False,67.67
10185,71.67,False,68.67
10186,71.67,False,69.67
10187,71.67,False,70.67
10188,71.67,False,71.67
10189,71.67,False,71.67
10190,71.67,False,71.67
10191,71.67,False,71.67
10192,71.67,False,71.67
10193,71.67,False,71.67
10194,71.67,False,71.67
10195,71.67,False,71.67
10196,71.67,False,71.67
10197,71.67,False,71.67
10198,71.67,False,71.67
10199,71.67,False,71.67
10200,71.67,False,71.67
10201,71.67,False,71.67
10202,71.67,False,71.67
10203,71.67,False,71.67
10204,71.67,False,71.67
10205,71.67,False,71.67
10206,71.67,False,71.67
10207,71.67,False,71.67
10208,71.67,False,71.67
10209,71.67,False,71.67
10210,71.67,False,71.67
10211,71.67,False,71.67
10212,71.67,False,71.67
10213,71.67,False,71.67
10214,71.67,False,71.67
10215,76.67,False,72.67
10216,76.67,False,73.67
10217,76.67,False,74.67
10218,76.67,False,75.67
10219,76.67,False,76.67
10220,76.67,False,76.67
10221,76.67,False,76.67
10222,76.67,False,76.67
10223,76.67,False,76.67
10224,76.67,False,76.67
10225,76.67,False,76.67
10226,76.67,False,76.67
10227,76.67,False,76.67
10228,76.67,False,76.67
10229,76.67,False,76.67
10230,76.67,False,76.67
10231,76.67,False,76.67
10232,76.67,False,76.67
10233,76.67,False,76.67
10234,76.67,False,76.67
10235,76.67,False,76.67
10236,76.67,False,76.67
10237,76.67,False,76.67
10238,76.67,False,76.67
10239,76.67,False,76.67
10240,76.67,False,76.67
10241,82.5,False,77.836
10242,82.5,False,79.002
10243,82.5,False,80.168
10244,82.5,False,81.334
10245,82.5,False,82.5
10246,82.5,False,82.5
10247,82.5,False,82.5
10248,82.5,False,82.5
10249,82.5,False,82.5
10250,82.5,False,82.5
10251,82.5,False,82.5
10252,82.5,False,82.5
10253,82.5,False,82.5
10254,82.5,False,82.5
10255,82.5,False,82.5
10256,82.5,False,82.5
10257,82.5,False,82.5
10258,82.5,False,82.5
10259,82.5,False,82.5
10260,82.5,False,82.5
10261,82.5,False,82.5
10262,82.5,False,82.5
10263,82.5,False,82.5
10264,82.5,False,82.5
10265,82.5,False,82.5
10266,85.83,False,83.166
10267,85.83,False,83.832
10268,85.83,False,84.498
10269,85.83,False,85.164
10270,85.83,False,85.83
10271,85.83,False,85.83
10272,85.83,False,85.83
10273,85.83,False,85.83
10274,85.83,False,85.83
10275,85.83,False,85.83
10276,85.83,False,85.83
10277,85.83,False,85.83
10278,85.83,False,85.83
10279,85.83,False,85.83
10280,85.83,False,85.83
10281,85.83,False,85.83
10282,85.83,False,85.83
10283,85.83,False,85.83
10284,85.83,False,85.83
10285,85.83,False,85.83
10286,85.83,False,85.83
10287,85.83,False,85.83
10288,85.83,False,85.83
10289,85.83,False,85.83
10290,85.83,False,85.83
10291,85.83,False,85.83
10292,85.83,False,85.83
10293,85.83,False,85.83
10294,85.83,False,85.83
10295,85.83,False,85.83
10296,85.83,False,85.83
10297,89.17,False,86.498
10298,89.17,False,87.166
10299,89.17,False,87.834
10300,89.17,False,88.50200000000001
10301,89.17,False,89.17
10302,89.17,False,89.17
10303,89.17,False,89.17
10304,89.17,False,89.17
10305,89.17,False,89.17
10306,89.17,False,89.17
10307,89.17,False,89.17
10308,89.17,False,89.17
10309,89.17,False,89.17
10310,89.17,False,89.17
10311,89.17,False,89.17
10312,89.17,False,89.17
10313,89.17,False,89.17
10314,89.17,False,89.17
10315,89.17,False,89.17
10316,89.17,False,89.17
10317,89.17,False,89.17
10318,89.17,False,89.17
10319,89.17,False,89.17
10320,89.17,False,89.17
10321,89.17,False,89.17
10322,89.17,False,89.17
10323,89.17,False,89.17
10324,89.17,False,89.17
10325,89.17,False,89.17
10326,89.17,False,89.17
10327,88.33,False,89.002
10328,88.33,False,88.834
10329,88.33,False,88.666
10330,88.33,False,88.49799999999999
10331,88.33,False,88.33
10332,88.33,False,88.33
10333,88.33,False,88.33
10334,88.33,False,88.33
10335,88.33,False,88.33
10336,88.33,False,88.33
10337,88.33,False,88.33
10338,88.33,False,88.33
10339,88.33,False,88.33
10340,88.33,False,88.33
10341,88.33,False,88.33
10342,88.33,False,88.33
10343,88.33,False,88.33
10344,88.33,False,88.33
10345,88.33,False,88.33
10346,88.33,False,88.33
10347,88.33,False,88.33
10348,88.33,False,88.33
10349,88.33,False,88.33
10350,88.33,False,88.33
10351,88.33,False,88.33
10352,88.33,False,88.33
10353,88.33,False,88.33
10354,88.33,False,88.33
10355,88.33,False,88.33
10356,88.33,False,88.33
10357,88.33,False,88.33
10358,90.0,False,88.664
10359,90.0,False,88.998
10360,90.0,False,89.332
10361,90.0,False,89.666
10362,90.0,False,90.0
10363,90.0,False,90.0
10364,90.0,False,90.0
10365,90.0,False,90.0
10366,90.0,False,90.0
10367,90.0,False,90.0
10368,90.0,False,90.0
10369,90.0,False,90.0
10370,90.0,False,90.0
10371,90.0,False,90.0
10372,90.0,False,90.0
10373,90.0,False,90.0
10374,90.0,False,90.0
10375,90.0,False,90.0
10376,90.0,False,90.0
10377,90.0,False,90.0
10378,90.0,False,90.0
10379,90.0,False,90.0
10380,90.0,False,90.0
10381,90.0,False,90.0
10382,90.0,False,90.0
10383,90.0,False,90.0
10384,90.0,False,90.0
10385,90.0,False,90.0
10386,90.0,False,90.0
10387,90.0,False,90.0
10388,90.0,False,90.0
10389,90.83,False,90.166
10390,90.83,False,90.332
10391,90.83,False,90.498
10392,90.83,False,90.664
10393,90.83,False,90.83
10394,90.83,False,90.83
10395,90.83,False,90.83
10396,90.83,False,90.83
10397,90.83,False,90.83
10398,90.83,False,90.83
10399,90.83,False,90.83
10400,90.83,False,90.83
10401,90.83,False,90.83
10402,90.83,False,90.83
10403,90.83,False,90.83
10404,90.83,False,90.83
10405,90.83,False,90.83
10406,90.83,False,90.83
10407,90.83,False,90.83
10408,90.83,False,90.83
10409,90.83,False,90.83
10410,90.83,False,90.83
10411,90.83,False,90.83
10412,90.83,False,90.83
10413,90.83,False,90.83
10414,90.83,False,90.83
10415,90.83,False,90.83
10416,90.83,False,90.83
10417,90.83,False,90.83
10418,90.83,False,90.83
10419,86.67,False,89.99799999999999
10420,86.67,False,89.166
10421,86.67,False,88.334
10422,86.67,False,87.502
10423,86.67,False,86.67
10424,86.67,False,86.67
10425,86.67,False,86.67
10426,86.67,False,86.67
10427,86.67,False,86.67
10428,86.67,False,86.67
10429,86.67,False,86.67
10430,86.67,False,86.67
10431,86.67,False,86.67
10432,86.67,False,86.67
10433,86.67,False,86.67
10434,86.67,False,86.67
10435,86.67,False,86.67
10436,86.67,False,86.67
10437,86.67,False,86.67
10438,86.67,False,86.67
10439,86.67,False,86.67
10440,86.67,False,86.67
10441,86.67,False,86.67
10442,86.67,False,86.67
10443,86.67,False,86.67
10444,86.67,False,86.67
10445,86.67,False,86.67
10446,86.67,False,86.67
10447,86.67,False,86.67
10448,86.67,False,86.67
10449,86.67,False,86.67
10450,79.17,False,85.17
10451,79.17,False,83.67
10452,79.17,False,82.17
10453,79.17,False,80.67
10454,79.17,False,79.17
10455,79.17,False,79.17
10456,79.17,False,79.17
10457,79.17,False,79.17
10458,79.17,False,79.17
10459,79.17,False,79.17
10460,79.17,False,79.17
10461,79.17,False,79.17
10462,79.17,False,79.17
10463,79.17,False,79.17
10464,79.17,False,79.17
10465,79.17,False,79.17
10466,79.17,False,79.17
10467,79.17,False,79.17
10468,79.17,False,79.17
10469,79.17,False,79.17
10470,79.17,False,79.17
10471,79.17,False,79.17
10472,79.17,False,79.17
10473,79.17,False,79.17
10474,79.17,False,79.17
10475,79.17,False,79.17
10476,79.17,False,79.17
10477,79.17,False,79.17
10478,79.17,False,79.17
10479,79.17,False,79.17
10480,74.17,False,78.17
10481,74.17,False,77.17
10482,74.17,False,76.17
10483,74.17,False,75.17
10484,74.17,False,74.17
10485,74.17,False,74.17
10486,74.17,False,74.17
10487,74.17,False,74.17
10488,74.17,False,74.17
10489,74.17,False,74.17
10490,74.17,False,74.17
10491,74.17,False,74.17
10492,74.17,False,74.17
10493,74.17,False,74.17
10494,74.17,False,74.17
10495,74.17,False,74.17
10496,74.17,False,74.17
10497,70.0,False,73.336
10498,70.0,False,72.502
10499,70.0,False,71.668
10500,70.0,False,70.834
10501,67.5,False,69.5
10502,67.5,False,69.0
10503,67.5,False,68.5
10504,67.5,False,68.0
10505,67.5,False,67.5
10506,67.5,False,67.5
10507,67.5,False,67.5
10508,67.5,False,67.5
10509,67.5,False,67.5
10510,67.5,False,67.5
10511,67.5,False,67.5
10512,67.5,False,67.5
10513,67.5,False,67.5
10514,67.5,False,67.5
10515,67.5,False,67.5
10516,67.5,False,67.5
10517,67.5,False,67.5
10518,67.5,False,67.5
10519,67.5,False,67.5
10520,67.5,False,67.5
10521,67.5,False,67.5
10522,67.5,False,67.5
10523,67.5,False,67.5
10524,67.5,False,67.5
10525,67.5,False,67.5
10526,67.5,False,67.5
10527,67.5,False,67.5
10528,67.5,False,67.5
10529,67.5,False,67.5
10530,67.5,False,67.5
10531,64.17,False,66.834
10532,64.17,False,66.168
10533,64.17,False,65.502
10534,64.17,False,64.836
10535,64.17,False,64.17
10536,64.17,False,64.17
10537,64.17,False,64.17
10538,64.17,False,64.17
10539,64.17,False,64.17
10540,64.17,False,64.17
10541,64.17,False,64.17
10542,64.17,False,64.17
10543,64.17,False,64.17
10544,64.17,False,64.17
10545,64.17,False,64.17
10546,64.17,False,64.17
10547,64.17,False,64.17
10548,64.17,False,64.17
10549,64.17,False,64.17
10550,64.17,False,64.17
10551,64.17,False,64.17
10552,64.17,False,64.17
10553,64.17,False,64.17
10554,64.17,False,64.17
10555,64.17,False,64.17
10556,64.17,False,64.17
10557,64.17,False,64.17
10558,64.17,False,64.17
10559,64.17,False,64.17
10560,64.17,False,64.17
10561,64.17,False,64.17
10562,60.83,False,63.501999999999995
10563,60.83,False,62.834
10564,60.83,False,62.166
10565,60.83,False,61.498000000000005
10566,60.83,False,60.83
10567,60.83,False,60.83
10568,60.83,False,60.83
10569,60.83,False,60.83
10570,60.83,False,60.83
10571,60.83,False,60.83
10572,60.83,False,60.83
10573,60.83,False,60.83
10574,60.83,False,60.83
10575,60.83,False,60.83
10576,60.83,False,60.83
10577,60.83,False,60.83
10578,60.83,False,60.83
10579,60.83,False,60.83
10580,60.83,False,60.83
10581,60.83,False,60.83
10582,60.83,False,60.83
10583,60.83,False,60.83
10584,60.83,False,60.83
10585,60.83,False,60.83
10586,60.83,False,60.83
10587,60.83,False,60.83
10588,60.83,False,60.83
10589,60.83,False,60.83
10590,60.83,False,60.83
10591,60.83,False,60.83
10592,59.17,False,60.498000000000005
10593,59.17,False,60.166
10594,59.17,False,59.834
10595,59.17,False,59.501999999999995
10596,59.17,False,59.17
10597,59.17,False,59.17
10598,59.17,False,59.17
10599,59.17,False,59.17
10600,59.17,False,59.17
10601,59.17,False,59.17
10602,59.17,False,59.17
10603,59.17,False,59.17
10604,59.17,False,59.17
10605,59.17,False,59.17
10606,59.17,False,59.17
10607,59.17,False,59.17
10608,59.17,False,59.17
10609,59.17,False,59.17
10610,59.17,False,59.17
10611,59.17,False,59.17
10612,59.17,False,59.17
10613,59.17,False,59.17
10614,59.17,False,59.17
10615,59.17,False,59.17
10616,59.17,False,59.17
10617,59.17,False,59.17
10618,59.17,False,59.17
10619,59.17,False,59.17
10620,59.17,False,59.17
10621,59.17,False,59.17
10622,59.17,False,59.17
10623,58.33,False,59.001999999999995
10624,58.33,False,58.83399999999999
10625,58.33,False,58.666
10626,58.33,False,58.498000000000005
10627,58.33,False,58.33
10628,58.33,False,58.33
10629,58.33,False,58.33
10630,58.33,False,58.33
10631,58.33,False,58.33
10632,58.33,False,58.33
10633,58.33,False,58.33
10634,58.33,False,58.33
10635,58.33,False,58.33
10636,58.33,False,58.33
10637,58.33,False,58.33
10638,58.33,False,58.33
10639,58.33,False,58.33
10640,58.33,False,58.33
10641,58.33,False,58.33
10642,58.33,False,58.33
10643,58.33,False,58.33
10644,58.33,False,58.33
10645,58.33,False,58.33
10646,58.33,False,58.33
10647,58.33,False,58.33
10648,58.33,False,58.33
10649,58.33,False,58.33
10650,58.33,False,58.33
10651,58.33,False,58.33
10652,58.33,False,58.33
10653,56.67,False,57.998000000000005
10654,56.67,False,57.66600000000001
10655,56.67,False,57.334
10656,56.67,False,57.001999999999995
10657,56.67,False,56.67
10658,56.67,False,56.67
10659,56.67,False,56.67
10660,56.67,False,56.67
10661,56.67,False,56.67
10662,56.67,False,56.67
10663,56.67,False,56.67
10664,56.67,False,56.67
10665,56.67,False,56.67
10666,56.67,False,56.67
10667,56.67,False,56.67
10668,56.67,False,56.67
10669,56.67,False,56.67
10670,56.67,False,56.67
10671,56.67,False,56.67
10672,56.67,False,56.67
10673,56.67,False,56.67
10674,56.67,False,56.67
10675,56.67,False,56.67
10676,56.67,False,56.67
10677,56.67,False,56.67
10678,56.67,False,56.67
10679,56.67,False,56.67
10680,56.67,False,56.67
10681,56.67,False,56.67
10682,56.67,False,56.67
10683,56.67,False,56.67
10684,56.67,False,56.67
10685,56.67,False,56.67
10686,56.67,False,56.67
10687,56.67,False,56.67
10688,56.67,False,56.67
10689,56.67,False,56.67
10690,56.67,False,56.67
10691,56.67,False,56.67
10692,56.67,False,56.67
10693,56.67,False,56.67
10694,56.67,False,56.67
10695,56.67,False,56.67
10696,56.67,False,56.67
10697,56.67,False,56.67
10698,56.67,False,56.67
10699,56.67,False,56.67
10700,56.67,False,56.67
10701,56.67,False,56.67
10702,56.67,False,56.67
10703,56.67,False,56.67
10704,56.67,False,56.67
10705,56.67,False,56.67
10706,56.67,False,56.67
10707,56.67,False,56.67
10708,56.67,False,56.67
10709,56.67,False,56.67
10710,56.67,False,56.67
10711,56.67,False,56.67
10712,56.67,False,56.67
10713,56.67,False,56.67
10714,56.67,False,56.67
10715,56.67,False,56.67
10716,56.67,False,56.67
10717,56.67,False,56.67
10718,56.67,False,56.67
10719,56.67,False,56.67
10720,56.67,False,56.67
10721,56.67,False,56.67
10722,56.67,False,56.67
10723,56.67,False,56.67
10724,56.67,False,56.67
10725,56.67,False,56.67
10726,56.67,False,56.67
10727,56.67,False,56.67
10728,56.67,False,56.67
10729,56.67,False,56.67
10730,56.67,False,56.67
10731,56.67,False,56.67
10732,56.67,False,56.67
10733,56.67,False,56.67
10734,56.67,False,56.67
10735,56.67,False,56.67
10736,56.67,False,56.67
10737,56.67,False,56.67
10738,56.67,False,56.67
10739,56.67,False,56.67
10740,56.67,False,56.67
10741,56.67,False,56.67
10742,56.67,False,56.67
10743,56.67,False,56.67
10744,57.5,False,56.836
10745,57.5,False,57.001999999999995
10746,57.5,False,57.16799999999999
10747,57.5,False,57.334
10748,57.5,False,57.5
10749,57.5,False,57.5
10750,57.5,False,57.5
10751,57.5,False,57.5
10752,57.5,False,57.5
10753,60.83,False,58.166
10754,60.83,False,58.831999999999994
10755,60.83,False,59.498000000000005
10756,60.83,False,60.164
10757,60.83,False,60.83
10758,60.83,False,60.83
10759,60.83,False,60.83
10760,60.83,False,60.83
10761,60.83,False,60.83
10762,60.83,False,60.83
10763,60.83,False,60.83
10764,60.83,False,60.83
10765,66.67,False,61.998000000000005
10766,66.67,False,63.166
10767,66.67,False,64.334
10768,66.67,False,65.50200000000001
10769,66.67,False,66.67
10770,66.67,False,66.67
10771,66.67,False,66.67
10772,66.67,False,66.67
10773,66.67,False,66.67
10774,66.67,False,66.67
10775,66.67,False,66.67
10776,66.67,False,66.67
10777,66.67,False,66.67
10778,66.67,False,66.67
10779,66.67,False,66.67
10780,66.67,False,66.67
10781,66.67,False,66.67
10782,66.67,False,66.67
10783,66.67,False,66.67
10784,66.67,False,66.67
10785,66.67,False,66.67
10786,66.67,False,66.67
10787,66.67,False,66.67
10788,66.67,False,66.67
10789,66.67,False,66.67
10790,66.67,False,66.67
10791,66.67,False,66.67
10792,66.67,False,66.67
10793,66.67,False,66.67
10794,66.67,False,66.67
10795,74.17,False,68.17
10796,74.17,False,69.67
10797,74.17,False,71.17
10798,74.17,False,72.67
10799,74.17,False,74.17
10800,74.17,False,74.17
10801,74.17,False,74.17
10802,74.17,False,74.17
10803,74.17,False,74.17
10804,74.17,False,74.17
10805,74.17,False,74.17
10806,74.17,False,74.17
10807,74.17,False,74.17
10808,74.17,False,74.17
10809,74.17,False,74.17
10810,74.17,False,74.17
10811,74.17,False,74.17
10812,74.17,False,74.17
10813,74.17,False,74.17
10814,74.17,False,74.17
10815,74.17,False,74.17
10816,74.17,False,74.17
10817,74.17,False,74.17
10818,74.17,False,74.17
10819,74.17,False,74.17
10820,74.17,False,74.17
10821,74.17,False,74.17
10822,74.17,False,74.17
10823,74.17,False,74.17
10824,74.17,False,74.17
10825,74.17,False,74.17
10826,84.17,False,76.17
10827,84.17,False,78.17
10828,84.17,False,80.17
10829,84.17,False,82.17
10830,84.17,False,84.17
10831,84.17,False,84.17
10832,84.17,False,84.17
10833,84.17,False,84.17
10834,84.17,False,84.17
10835,84.17,False,84.17
10836,84.17,False,84.17
10837,84.17,False,84.17
10838,84.17,False,84.17
10839,84.17,False,84.17
10840,84.17,False,84.17
10841,84.17,False,84.17
10842,84.17,False,84.17
10843,84.17,False,84.17
10844,84.17,False,84.17
10845,84.17,False,84.17
10846,84.17,False,84.17
10847,84.17,False,84.17
10848,84.17,False,84.17
10849,84.17,False,84.17
10850,84.17,False,84.17
10851,84.17,False,84.17
10852,84.17,False,84.17
10853,84.17,False,84.17
10854,84.17,False,84.17
10855,84.17,False,84.17
10856,95.0,False,86.336
10857,95.0,False,88.502
10858,95.0,False,90.668
10859,95.0,False,92.834
10860,95.0,False,95.0
10861,95.0,False,95.0
10862,95.0,False,95.0
10863,95.0,False,95.0
10864,95.0,False,95.0
10865,95.0,False,95.0
10866,95.0,False,95.0
10867,95.0,False,95.0
10868,95.0,False,95.0
10869,95.0,False,95.0
10870,95.0,False,95.0
10871,95.0,False,95.0
10872,95.0,False,95.0
10873,95.0,False,95.0
10874,95.0,False,95.0
10875,95.0,False,95.0
10876,95.0,False,95.0
10877,95.0,False,95.0
10878,95.0,False,95.0
10879,95.0,False,95.0
10880,95.0,False,95.0
10881,95.0,False,95.0
10882,95.0,False,95.0
10883,95.0,False,95.0
10884,95.0,False,95.0
10885,95.0,False,95.0
10886,95.0,False,95.0
10887,101.67,False,96.334
10888,101.67,False,97.668
10889,101.67,False,99.002
10890,101.67,False,100.336
10891,101.67,False,101.67
10892,101.67,False,101.67
10893,101.67,False,101.67
10894,101.67,False,101.67
10895,101.67,False,101.67
10896,101.67,False,101.67
10897,101.67,False,101.67
10898,101.67,False,101.67
10899,101.67,False,101.67
10900,101.67,False,101.67
10901,101.67,False,101.67
10902,101.67,False,101.67
10903,101.67,False,101.67
10904,101.67,False,101.67
10905,101.67,False,101.67
10906,101.67,False,101.67
10907,101.67,False,101.67
10908,101.67,False,101.67
10909,101.67,False,101.67
10910,101.67,False,101.67
10911,101.67,False,101.67
10912,101.67,False,101.67
10913,101.67,False,101.67
10914,101.67,False,101.67
10915,101.67,False,101.67
10916,101.67,False,101.67
10917,101.67,False,101.67
10918,104.17,False,102.17
10919,104.17,False,102.67
10920,104.17,False,103.17
10921,104.17,False,103.67
10922,104.17,False,104.17
10923,104.17,False,104.17
10924,104.17,False,104.17
10925,104.17,False,104.17
10926,104.17,False,104.17
10927,104.17,False,104.17
10928,104.17,False,104.17
10929,104.17,False,104.17
10930,104.17,False,104.17
10931,104.17,False,104.17
10932,104.17,False,104.17
10933,104.17,False,104.17
10934,104.17,False,104.17
10935,104.17,False,104.17
10936,104.17,False,104.17
10937,104.17,False,104.17
10938,104.17,False,104.17
10939,104.17,False,104.17
10940,104.17,False,104.17
10941,104.17,False,104.17
10942,104.17,False,104.17
10943,104.17,False,104.17
10944,104.17,False,104.17
10945,104.17,False,104.17
10946,104.17,False,104.17
10947,104.17,False,104.17
10948,104.17,False,104.17
10949,105.0,False,104.33600000000001
10950,105.0,False,104.502
10951,105.0,False,104.668
10952,105.0,False,104.83399999999999
10953,105.0,False,105.0
10954,105.0,False,105.0
10955,105.0,False,105.0
10956,105.0,False,105.0
10957,105.0,False,105.0
10958,105.0,False,105.0
10959,105.0,False,105.0
10960,105.0,False,105.0
10961,105.0,False,105.0
10962,105.0,False,105.0
10963,105.0,False,105.0
10964,105.0,False,105.0
10965,105.0,False,105.0
10966,105.0,False,105.0
10967,105.0,False,105.0
10968,105.0,False,105.0
10969,105.0,False,105.0
10970,105.0,False,105.0
10971,105.0,False,105.0
10972,105.0,False,105.0
10973,105.0,False,105.0
10974,105.0,False,105.0
10975,105.0,False,105.0
10976,105.0,False,105.0
10977,105.0,False,105.0
10978,105.0,False,105.0
10979,109.17,False,105.83400000000002
10980,109.17,False,106.668
10981,109.17,False,107.502
10982,109.17,False,108.33600000000001
10983,109.17,False,109.17
10984,109.17,False,109.17
10985,109.17,False,109.17
10986,109.17,False,109.17
10987,109.17,False,109.17
10988,109.17,False,109.17
10989,109.17,False,109.17
10990,109.17,False,109.17
10991,109.17,False,109.17
10992,109.17,False,109.17
10993,109.17,False,109.17
10994,109.17,False,109.17
10995,109.17,False,109.17
10996,109.17,False,109.17
10997,109.17,False,109.17
10998,109.17,False,109.17
10999,109.17,False,109.17
11000,109.17,False,109.17
11001,109.17,False,109.17
11002,109.17,False,109.17
11003,109.17,False,109.17
11004,109.17,False,109.17
11005,109.17,False,109.17
11006,109.17,False,109.17
11007,109.17,False,109.17
11008,109.17,False,109.17
11009,111.67,False,109.67
11010,111.67,False,110.17
11011,111.67,False,110.67
11012,111.67,False,111.17
11013,111.67,False,111.67
11014,111.67,False,111.67
11015,111.67,False,111.67
11016,111.67,False,111.67
11017,111.67,False,111.67
11018,111.67,False,111.67
11019,111.67,False,111.67
11020,111.67,False,111.67
11021,111.67,False,111.67
11022,111.67,False,111.67
11023,111.67,False,111.67
11024,111.67,False,111.67
11025,111.67,False,111.67
11026,111.67,False,111.67
11027,113.33,False,112.002
11028,113.33,False,112.33400000000002
11029,113.33,False,112.66600000000001
11030,113.33,False,112.998
11031,113.33,False,113.33
11032,113.33,False,113.33
11033,113.33,False,113.33
11034,113.33,False,113.33
11035,113.33,False,113.33
11036,113.33,False,113.33
11037,113.33,False,113.33
11038,113.33,False,113.33
11039,113.33,False,113.33
11040,113.33,False,113.33
11041,113.33,False,113.33
11042,113.33,False,113.33
11043,113.33,False,113.33
11044,113.33,False,113.33
11045,113.33,False,113.33
11046,113.33,False,113.33
11047,113.33,False,113.33
11048,113.33,False,113.33
11049,113.33,False,113.33
11050,113.33,False,113.33
11051,113.33,False,113.33
11052,113.33,False,113.33
11053,113.33,False,113.33
11054,113.33,False,113.33
11055,113.33,False,113.33
11056,113.33,False,113.33
11057,113.33,False,113.33
11058,113.33,False,113.33
11059,113.33,False,113.33
11060,113.33,False,113.33
11061,113.33,False,113.33
11062,113.33,False,113.33
11063,113.33,False,113.33
11064,113.33,False,113.33
11065,113.33,False,113.33
11066,113.33,False,113.33
11067,113.33,False,113.33
11068,113.33,False,113.33
11069,113.33,False,113.33
11070,113.33,False,113.33
11071,113.33,False,113.33
11072,113.33,False,113.33
11073,113.33,False,113.33
11074,113.33,False,113.33
11075,113.33,False,113.33
11076,113.33,False,113.33
11077,113.33,False,113.33
11078,113.33,False,113.33
11079,113.33,False,113.33
11080,113.33,False,113.33
11081,113.33,False,113.33
11082,113.33,False,113.33
11083,113.33,False,113.33
11084,113.33,False,113.33
11085,113.33,False,113.33
11086,113.33,False,113.33
11087,113.33,False,113.33
11088,105.83,False,111.83
11089,105.83,False,110.33
11090,105.83,False,108.83
11091,105.83,False,107.33
11092,105.83,False,105.83
11093,105.83,False,105.83
11094,105.83,False,105.83
11095,105.83,False,105.83
11096,105.83,False,105.83
11097,105.83,False,105.83
11098,105.83,False,105.83
11099,105.83,False,105.83
11100,105.83,False,105.83
11101,105.83,False,105.83
11102,105.83,False,105.83
11103,105.83,False,105.83
11104,105.83,False,105.83
11105,105.83,False,105.83
11106,105.83,False,105.83
11107,105.83,False,105.83
11108,105.83,False,105.83
11109,105.83,False,105.83
11110,105.83,False,105.83
11111,105.83,False,105.83
11112,105.83,False,105.83
11113,105.83,False,105.83
11114,105.83,False,105.83
11115,105.83,False,105.83
11116,105.83,False,105.83
11117,105.83,False,105.83
11118,105.83,False,105.83
11119,99.17,False,104.498
11120,99.17,False,103.16599999999998
11121,99.17,False,101.834
11122,99.17,False,100.502
11123,99.17,False,99.17
11124,99.17,False,99.17
11125,99.17,False,99.17
11126,99.17,False,99.17
11127,99.17,False,99.17
11128,99.17,False,99.17
11129,99.17,False,99.17
11130,99.17,False,99.17
11131,99.17,False,99.17
11132,99.17,False,99.17
11133,99.17,False,99.17
11134,99.17,False,99.17
11135,99.17,False,99.17
11136,99.17,False,99.17
11137,99.17,False,99.17
11138,99.17,False,99.17
11139,99.17,False,99.17
11140,99.17,False,99.17
11141,99.17,False,99.17
11142,99.17,False,99.17
11143,99.17,False,99.17
11144,99.17,False,99.17
11145,99.17,False,99.17
11146,99.17,False,99.17
11147,99.17,False,99.17
11148,99.17,False,99.17
11149,93.33,False,98.002
11150,93.33,False,96.83399999999999
11151,93.33,False,95.66600000000001
11152,93.33,False,94.498
11153,93.33,False,93.33
11154,93.33,False,93.33
11155,93.33,False,93.33
11156,93.33,False,93.33
11157,93.33,False,93.33
11158,93.33,False,93.33
11159,93.33,False,93.33
11160,93.33,False,93.33
11161,93.33,False,93.33
11162,93.33,False,93.33
11163,93.33,False,93.33
11164,93.33,False,93.33
11165,93.33,False,93.33
11166,93.33,False,93.33
11167,93.33,False,93.33
11168,93.33,False,93.33
11169,93.33,False,93.33
11170,93.33,False,93.33
11171,93.33,False,93.33
11172,93.33,False,93.33
11173,93.33,False,93.33
11174,93.33,False,93.33
11175,93.33,False,93.33
11176,93.33,False,93.33
11177,93.33,False,93.33
11178,93.33,False,93.33
11179,93.33,False,93.33
11180,90.0,False,92.664
11181,90.0,False,91.998
11182,90.0,False,91.33200000000001
11183,90.0,False,90.66600000000001
11184,90.0,False,90.0
11185,90.0,False,90.0
11186,90.0,False,90.0
11187,90.0,False,90.0
11188,90.0,False,90.0
11189,90.0,False,90.0
11190,90.0,False,90.0
11191,90.0,False,90.0
11192,90.0,False,90.0
11193,90.0,False,90.0
11194,90.0,False,90.0
11195,90.0,False,90.0
11196,90.0,False,90.0
11197,90.0,False,90.0
11198,90.0,False,90.0
11199,90.0,False,90.0
11200,90.0,False,90.0
11201,90.0,False,90.0
11202,90.0,False,90.0
11203,90.0,False,90.0
11204,90.0,False,90.0
11205,90.0,False,90.0
11206,90.0,False,90.0
11207,90.0,False,90.0
11208,90.0,False,90.0
11209,90.0,False,90.0
11210,90.0,False,90.0
11211,89.17,False,89.83399999999999
11212,89.17,False,89.66799999999999
11213,89.17,False,89.502
11214,89.17,False,89.336
11215,89.17,False,89.17
11216,89.17,False,89.17
11217,89.17,False,89.17
11218,89.17,False,89.17
11219,89.17,False,89.17
11220,89.17,False,89.17
11221,89.17,False,89.17
11222,89.17,False,89.17
11223,89.17,False,89.17
11224,89.17,False,89.17
11225,89.17,False,89.17
11226,89.17,False,89.17
11227,89.17,False,89.17
11228,89.17,False,89.17
11229,89.17,False,89.17
11230,89.17,False,89.17
11231,89.17,False,89.17
11232,89.17,False,89.17
11233,89.17,False,89.17
11234,89.17,False,89.17
11235,89.17,False,89.17
11236,89.17,False,89.17
11237,89.17,False,89.17
11238,89.17,False,89.17
11239,89.17,False,89.17
11240,89.17,False,89.17
11241,90.83,False,89.502
11242,90.83,False,89.834
11243,90.83,False,90.166
11244,90.83,False,90.49799999999999
11245,90.83,False,90.83
11246,90.83,False,90.83
11247,90.83,False,90.83
11248,90.83,False,90.83
11249,90.83,False,90.83
11250,90.83,False,90.83
11251,90.83,False,90.83
11252,90.83,False,90.83
11253,90.83,False,90.83
11254,90.83,False,90.83
11255,90.83,False,90.83
11256,90.83,False,90.83
11257,90.83,False,90.83
11258,90.83,False,90.83
11259,90.83,False,90.83
11260,90.83,False,90.83
11261,90.83,False,90.83
11262,90.83,False,90.83
11263,90.83,False,90.83
11264,90.83,False,90.83
11265,96.67,False,91.998
11266,96.67,False,93.166
11267,96.67,False,94.33399999999999
11268,96.67,False,95.502
11269,96.67,False,96.67
11270,96.67,False,96.67
11271,96.67,False,96.67
11272,96.67,False,96.67
11273,96.67,False,96.67
11274,96.67,False,96.67
11275,96.67,False,96.67
11276,96.67,False,96.67
11277,96.67,False,96.67
11278,96.67,False,96.67
11279,96.67,False,96.67
11280,96.67,False,96.67
11281,96.67,False,96.67
11282,96.67,False,96.67
11283,96.67,False,96.67
11284,96.67,False,96.67
11285,96.67,False,96.67
11286,96.67,False,96.67
11287,96.67,False,96.67
11288,96.67,False,96.67
11289,96.67,False,96.67
11290,97.5,False,96.836
11291,97.5,False,97.002
11292,97.5,False,97.168
11293,97.5,False,97.334
11294,97.5,False,97.5
11295,97.5,False,97.5
11296,97.5,False,97.5
11297,97.5,False,97.5
11298,97.5,False,97.5
11299,97.5,False,97.5
11300,97.5,False,97.5
11301,97.5,False,97.5
11302,97.5,False,97.5
11303,97.5,False,97.5
11304,97.5,False,97.5
11305,97.5,False,97.5
11306,97.5,False,97.5
11307,97.5,False,97.5
11308,97.5,False,97.5
11309,97.5,False,97.5
11310,97.5,False,97.5
11311,97.5,False,97.5
11312,97.5,False,97.5
11313,97.5,False,97.5
11314,97.5,False,97.5
11315,97.5,False,97.5
11316,97.5,False,97.5
11317,97.5,False,97.5
11318,97.5,False,97.5
11319,97.5,False,97.5
11320,97.5,False,97.5
11321,102.5,False,98.5
11322,102.5,False,99.5
11323,102.5,False,100.5
11324,102.5,False,101.5
11325,102.5,False,102.5
11326,102.5,False,102.5
11327,102.5,False,102.5
11328,102.5,False,102.5
11329,102.5,False,102.5
11330,102.5,False,102.5
11331,102.5,False,102.5
11332,102.5,False,102.5
11333,102.5,False,102.5
11334,102.5,False,102.5
11335,102.5,False,102.5
11336,102.5,False,102.5
11337,102.5,False,102.5
11338,102.5,False,102.5
11339,102.5,False,102.5
11340,102.5,False,102.5
11341,102.5,False,102.5
11342,102.5,False,102.5
11343,102.5,False,102.5
11344,102.5,False,102.5
11345,102.5,False,102.5
11346,102.5,False,102.5
11347,102.5,False,102.5
11348,102.5,False,102.5
11349,102.5,False,102.5
11350,102.5,False,102.5
11351,107.5,False,103.5
11352,107.5,False,104.5
11353,107.5,False,105.5
11354,107.5,False,106.5
11355,107.5,False,107.5
11356,107.5,False,107.5
11357,107.5,False,107.5
11358,107.5,False,107.5
11359,107.5,False,107.5
11360,107.5,False,107.5
11361,107.5,False,107.5
11362,107.5,False,107.5
11363,107.5,False,107.5
11364,107.5,False,107.5
11365,107.5,False,107.5
11366,107.5,False,107.5
11367,107.5,False,107.5
11368,107.5,False,107.5
11369,107.5,False,107.5
11370,107.5,False,107.5
11371,107.5,False,107.5
11372,107.5,False,107.5
11373,107.5,False,107.5
11374,107.5,False,107.5
11375,107.5,False,107.5
11376,107.5,False,107.5
11377,107.5,False,107.5
11378,107.5,False,107.5
11379,107.5,False,107.5
11380,107.5,False,107.5
11381,106.67,False,107.33399999999999
11382,106.67,False,107.168
11383,106.67,False,107.002
11384,106.67,False,106.83600000000001
11385,106.67,False,106.67
11386,106.67,False,106.67
11387,106.67,False,106.67
11388,106.67,False,106.67
11389,106.67,False,106.67
11390,106.67,False,106.67
11391,106.67,False,106.67
11392,106.67,False,106.67
11393,106.67,False,106.67
11394,106.67,False,106.67
11395,106.67,False,106.67
11396,106.67,False,106.67
11397,106.67,False,106.67
11398,106.67,False,106.67
11399,106.67,False,106.67
11400,106.67,False,106.67
11401,106.67,False,106.67
11402,106.67,False,106.67
11403,106.67,False,106.67
11404,106.67,False,106.67
11405,106.67,False,106.67
11406,106.67,False,106.67
11407,106.67,False,106.67
11408,106.67,False,106.67
11409,106.67,False,106.67
11410,106.67,False,106.67
11411,106.67,False,106.67
11412,108.33,False,107.002
11413,108.33,False,107.33399999999999
11414,108.33,False,107.66599999999998
11415,108.33,False,107.998
11416,108.33,False,108.33
11417,108.33,False,108.33
11418,108.33,False,108.33
11419,108.33,False,108.33
11420,108.33,False,108.33
11421,108.33,False,108.33
11422,108.33,False,108.33
11423,108.33,False,108.33
11424,108.33,False,108.33
11425,108.33,False,108.33
11426,108.33,False,108.33
11427,108.33,False,108.33
11428,108.33,False,108.33
11429,108.33,False,108.33
11430,108.33,False,108.33
11431,108.33,False,108.33
11432,108.33,False,108.33
11433,108.33,False,108.33
11434,108.33,False,108.33
11435,108.33,False,108.33
11436,108.33,False,108.33
11437,108.33,False,108.33
11438,108.33,False,108.33
11439,108.33,False,108.33
11440,108.33,False,108.33
11441,108.33,False,108.33
11442,106.67,False,107.998
11443,106.67,False,107.66600000000001
11444,106.67,False,107.33400000000002
11445,106.67,False,107.002
11446,106.67,False,106.67
11447,106.67,False,106.67
11448,106.67,False,106.67
11449,106.67,False,106.67
11450,106.67,False,106.67
11451,106.67,False,106.67
11452,106.67,False,106.67
11453,106.67,False,106.67
11454,106.67,False,106.67
11455,106.67,False,106.67
11456,106.67,False,106.67
11457,106.67,False,106.67
11458,106.67,False,106.67
11459,106.67,False,106.67
11460,106.67,False,106.67
11461,106.67,False,106.67
11462,106.67,False,106.67
11463,106.67,False,106.67
11464,106.67,False,106.67
11465,106.67,False,106.67
11466,106.67,False,106.67
11467,106.67,False,106.67
11468,106.67,False,106.67
11469,106.67,False,106.67
11470,106.67,False,106.67
11471,106.67,False,106.67
11472,106.67,False,106.67
11473,101.67,False,105.67
11474,101.67,False,104.67
11475,101.67,False,103.67
11476,101.67,False,102.67
11477,101.67,False,101.67
11478,101.67,False,101.67
11479,101.67,False,101.67
11480,101.67,False,101.67
11481,101.67,False,101.67
11482,101.67,False,101.67
11483,101.67,False,101.67
11484,101.67,False,101.67
11485,101.67,False,101.67
11486,101.67,False,101.67
11487,101.67,False,101.67
11488,101.67,False,101.67
11489,101.67,False,101.67
11490,101.67,False,101.67
11491,101.67,False,101.67
11492,101.67,False,101.67
11493,101.67,False,101.67
11494,101.67,False,101.67
11495,101.67,False,101.67
11496,101.67,False,101.67
11497,101.67,False,101.67
11498,101.67,False,101.67
11499,101.67,False,101.67
11500,101.67,False,101.67
11501,101.67,False,101.67
11502,101.67,False,101.67
11503,106.67,False,102.67
11504,106.67,False,103.67
11505,106.67,False,104.67
11506,106.67,False,105.67
11507,106.67,False,106.67
11508,106.67,False,106.67
11509,106.67,False,106.67
11510,106.67,False,106.67
11511,106.67,False,106.67
11512,106.67,False,106.67
11513,106.67,False,106.67
11514,106.67,False,106.67
11515,106.67,False,106.67
11516,106.67,False,106.67
11517,106.67,False,106.67
11518,106.67,False,106.67
11519,106.67,False,106.67
11520,106.67,False,106.67
11521,92.5,False,103.83600000000001
11522,92.5,False,101.002
11523,92.5,False,98.168
11524,92.5,False,95.334
11525,92.5,False,92.5
11526,92.5,False,92.5
11527,92.5,False,92.5
11528,92.5,False,92.5
11529,92.5,False,92.5
11530,92.5,False,92.5
11531,92.5,False,92.5
11532,92.5,False,92.5
11533,92.5,False,92.5
11534,92.5,False,92.5
11535,92.5,False,92.5
11536,92.5,False,92.5
11537,92.5,False,92.5
11538,92.5,False,92.5
11539,92.5,False,92.5
11540,92.5,False,92.5
11541,92.5,False,92.5
11542,92.5,False,92.5
11543,92.5,False,92.5
11544,92.5,False,92.5
11545,92.5,False,92.5
11546,92.5,False,92.5
11547,92.5,False,92.5
11548,92.5,False,92.5
11549,92.5,False,92.5
11550,95.0,False,93.0
11551,95.0,False,93.5
11552,95.0,False,94.0
11553,95.0,False,94.5
11554,95.0,False,95.0
11555,95.0,False,95.0
11556,95.0,False,95.0
11557,95.0,False,95.0
11558,95.0,False,95.0
11559,95.0,False,95.0
11560,95.0,False,95.0
11561,95.0,False,95.0
11562,95.0,False,95.0
11563,95.0,False,95.0
11564,95.0,False,95.0
11565,95.0,False,95.0
11566,95.0,False,95.0
11567,95.0,False,95.0
11568,95.0,False,95.0
11569,95.0,False,95.0
11570,95.0,False,95.0
11571,95.0,False,95.0
11572,95.0,False,95.0
11573,95.0,False,95.0
11574,95.0,False,95.0
11575,95.0,False,95.0
11576,95.0,False,95.0
11577,95.0,False,95.0
11578,95.0,False,95.0
11579,95.0,False,95.0
11580,95.0,False,95.0
11581,86.67,False,93.334
11582,86.67,False,91.668
11583,86.67,False,90.002
11584,86.67,False,88.336
11585,86.67,False,86.67
11586,86.67,False,86.67
11587,86.67,False,86.67
11588,86.67,False,86.67
11589,86.67,False,86.67
11590,86.67,False,86.67
11591,86.67,False,86.67
11592,86.67,False,86.67
11593,86.67,False,86.67
11594,86.67,False,86.67
11595,86.67,False,86.67
11596,86.67,False,86.67
11597,86.67,False,86.67
11598,86.67,False,86.67
11599,86.67,False,86.67
11600,86.67,False,86.67
11601,86.67,False,86.67
11602,86.67,False,86.67
11603,86.67,False,86.67
11604,86.67,False,86.67
11605,86.67,False,86.67
11606,86.67,False,86.67
11607,86.67,False,86.67
11608,86.67,False,86.67
11609,86.67,False,86.67
11610,86.67,False,86.67
11611,93.33,False,88.00200000000001
11612,93.33,False,89.334
11613,93.33,False,90.666
11614,93.33,False,91.998
11615,93.33,False,93.33
11616,93.33,False,93.33
11617,93.33,False,93.33
11618,93.33,False,93.33
11619,93.33,False,93.33
11620,93.33,False,93.33
11621,93.33,False,93.33
11622,93.33,False,93.33
11623,93.33,False,93.33
11624,93.33,False,93.33
11625,93.33,False,93.33
11626,93.33,False,93.33
11627,93.33,False,93.33
11628,93.33,False,93.33
11629,93.33,False,93.33
11630,93.33,False,93.33
11631,93.33,False,93.33
11632,93.33,False,93.33
11633,93.33,False,93.33
11634,93.33,False,93.33
11635,93.33,False,93.33
11636,93.33,False,93.33
11637,93.33,False,93.33
11638,93.33,False,93.33
11639,93.33,False,93.33
11640,93.33,False,93.33
11641,93.33,False,93.33
11642,91.67,False,92.998
11643,91.67,False,92.666
11644,91.67,False,92.33399999999999
11645,91.67,False,92.002
11646,91.67,False,91.67
11647,91.67,False,91.67
11648,91.67,False,91.67
11649,91.67,False,91.67
11650,91.67,False,91.67
11651,91.67,False,91.67
11652,91.67,False,91.67
11653,91.67,False,91.67
11654,91.67,False,91.67
11655,91.67,False,91.67
11656,91.67,False,91.67
11657,91.67,False,91.67
11658,91.67,False,91.67
11659,91.67,False,91.67
11660,91.67,False,91.67
11661,91.67,False,91.67
11662,91.67,False,91.67
11663,91.67,False,91.67
11664,91.67,False,91.67
11665,91.67,False,91.67
11666,91.67,False,91.67
11667,91.67,False,91.67
11668,91.67,False,91.67
11669,91.67,False,91.67
11670,91.67,False,91.67
11671,91.67,False,91.67
11672,91.67,False,91.67
11673,86.67,False,90.67
11674,86.67,False,89.67
11675,86.67,False,88.67
11676,86.67,False,87.67
11677,86.67,False,86.67
11678,86.67,False,86.67
11679,86.67,False,86.67
11680,86.67,False,86.67
11681,86.67,False,86.67
11682,86.67,False,86.67
11683,86.67,False,86.67
11684,86.67,False,86.67
11685,86.67,False,86.67
11686,86.67,False,86.67
11687,86.67,False,86.67
11688,86.67,False,86.67
11689,86.67,False,86.67
11690,86.67,False,86.67
11691,86.67,False,86.67
11692,86.67,False,86.67
11693,86.67,False,86.67
11694,86.67,False,86.67
11695,86.67,False,86.67
11696,86.67,False,86.67
11697,86.67,False,86.67
11698,86.67,False,86.67
11699,86.67,False,86.67
11700,86.67,False,86.67
11701,86.67,False,86.67
11702,86.67,False,86.67
11703,91.67,False,87.67
11704,91.67,False,88.67
11705,91.67,False,89.67
11706,91.67,False,90.67
11707,91.67,False,91.67
11708,91.67,False,91.67
11709,91.67,False,91.67
11710,91.67,False,91.67
11711,91.67,False,91.67
11712,91.67,False,91.67
11713,91.67,False,91.67
11714,91.67,False,91.67
11715,91.67,False,91.67
11716,91.67,False,91.67
11717,91.67,False,91.67
11718,91.67,False,91.67
11719,91.67,False,91.67
11720,91.67,False,91.67
11721,91.67,False,91.67
11722,91.67,False,91.67
11723,91.67,False,91.67
11724,91.67,False,91.67
11725,91.67,False,91.67
11726,91.67,False,91.67
11727,91.67,False,91.67
11728,91.67,False,91.67
11729,91.67,False,91.67
11730,91.67,False,91.67
11731,91.67,False,91.67
11732,91.67,False,91.67
11733,91.67,False,91.67
11734,75.83,False,88.502
11735,75.83,False,85.334
11736,75.83,False,82.166
11737,75.83,False,78.99799999999999
11738,75.83,False,75.83
11739,75.83,False,75.83
11740,75.83,False,75.83
11741,75.83,False,75.83
11742,75.83,False,75.83
11743,75.83,False,75.83
11744,75.83,False,75.83
11745,75.83,False,75.83
11746,75.83,False,75.83
11747,75.83,False,75.83
11748,75.83,False,75.83
11749,75.83,False,75.83
11750,75.83,False,75.83
11751,75.83,False,75.83
11752,75.83,False,75.83
11753,75.83,False,75.83
11754,75.83,False,75.83
11755,75.83,False,75.83
11756,75.83,False,75.83
11757,75.83,False,75.83
11758,75.83,False,75.83
11759,75.83,False,75.83
11760,75.83,False,75.83
11761,75.83,False,75.83
11762,75.83,False,75.83
11763,75.83,False,75.83
11764,32.5,False,67.164
11765,32.5,False,58.498000000000005
11766,32.5,False,49.83200000000001
11767,32.5,False,41.166
11768,32.5,False,32.5
11769,32.5,False,32.5
11770,32.5,False,32.5
11771,32.5,False,32.5
11772,32.5,False,32.5
11773,32.5,False,32.5
11774,32.5,False,32.5
11775,32.5,False,32.5
11776,32.5,False,32.5
11777,28.33,False,31.666000000000004
11778,28.33,False,30.832
11779,28.33,False,29.998
11780,28.33,False,29.163999999999998
11781,28.33,False,28.33
11782,28.33,False,28.33
11783,28.33,False,28.33
11784,28.33,False,28.33
11785,29.17,False,28.498
11786,29.17,False,28.665999999999997
11787,29.17,False,28.834000000000003
11788,29.17,False,29.002
11789,29.17,False,29.17
11790,29.17,False,29.17
11791,29.17,False,29.17
11792,29.17,False,29.17
11793,29.17,False,29.17
11794,29.17,False,29.17
11795,29.17,False,29.17
11796,29.17,False,29.17
11797,29.17,False,29.17
11798,29.17,False,29.17
11799,29.17,False,29.17
11800,29.17,False,29.17
11801,29.17,False,29.17
11802,29.17,False,29.17
11803,29.17,False,29.17
11804,29.17,False,29.17
11805,29.17,False,29.17
11806,29.17,False,29.17
11807,29.17,False,29.17
11808,29.17,False,29.17
11809,29.17,False,29.17
11810,29.17,False,29.17
11811,29.17,False,29.17
11812,29.17,False,29.17
11813,29.17,False,29.17
11814,29.17,False,29.17
11815,29.17,False,29.17
11816,29.17,False,29.17
11817,29.17,False,29.17
11818,29.17,False,29.17
11819,29.17,False,29.17
11820,29.17,False,29.17
11821,29.17,False,29.17
11822,29.17,False,29.17
11823,29.17,False,29.17
11824,29.17,False,29.17
11825,29.17,False,29.17
11826,29.17,False,29.17
11827,29.17,False,29.17
11828,29.17,False,29.17
11829,29.17,False,29.17
11830,29.17,False,29.17
11831,29.17,False,29.17
11832,29.17,False,29.17
11833,29.17,False,29.17
11834,29.17,False,29.17
11835,29.17,False,29.17
11836,29.17,False,29.17
11837,29.17,False,29.17
11838,29.17,False,29.17
11839,29.17,False,29.17
11840,29.17,False,29.17
11841,29.17,False,29.17
11842,29.17,False,29.17
11843,29.17,False,29.17
11844,29.17,False,29.17
11845,29.17,False,29.17
11846,29.17,False,29.17
11847,29.17,False,29.17
11848,29.17,False,29.17
11849,29.17,False,29.17
11850,29.17,False,29.17
11851,29.17,False,29.17
11852,29.17,False,29.17
11853,29.17,False,29.17
11854,29.17,False,29.17
11855,29.17,False,29.17
11856,29.17,False,29.17
11857,29.17,False,29.17
11858,29.17,False,29.17
11859,29.17,False,29.17
11860,29.17,False,29.17
11861,29.17,False,29.17
11862,29.17,False,29.17
11863,29.17,False,29.17
11864,29.17,False,29.17
11865,29.17,False,29.17
11866,29.17,False,29.17
11867,29.17,False,29.17
11868,29.17,False,29.17
11869,29.17,False,29.17
11870,29.17,False,29.17
11871,29.17,False,29.17
11872,29.17,False,29.17
11873,29.17,False,29.17
11874,29.17,False,29.17
11875,29.17,False,29.17
11876,29.17,False,29.17
11877,29.17,False,29.17
11878,29.17,False,29.17
11879,29.17,False,29.17
11880,29.17,False,29.17
11881,29.17,False,29.17
11882,29.17,False,29.17
11883,29.17,False,29.17
11884,29.17,False,29.17
11885,29.17,False,29.17
11886,29.17,False,29.17
11887,29.17,False,29.17
11888,29.17,False,29.17
11889,29.17,False,29.17
11890,29.17,False,29.17
11891,29.17,False,29.17
11892,29.17,False,29.17
11893,29.17,False,29.17
11894,29.17,False,29.17
11895,29.17,False,29.17
11896,29.17,False,29.17
11897,29.17,False,29.17
11898,29.17,False,29.17
11899,29.17,False,29.17
11900,29.17,False,29.17
11901,29.17,False,29.17
11902,29.17,False,29.17
11903,29.17,False,29.17
11904,29.17,False,29.17
11905,29.17,False,29.17
11906,29.17,False,29.17
11907,29.17,False,29.17
11908,29.17,False,29.17
11909,29.17,False,29.17
11910,29.17,False,29.17
11911,29.17,False,29.17
11912,29.17,False,29.17
11913,29.17,False,29.17
11914,29.17,False,29.17
11915,29.17,False,29.17
11916,29.17,False,29.17
11917,29.17,False,29.17
11918,29.17,False,29.17
11919,29.17,False,29.17
11920,29.17,False,29.17
11921,29.17,False,29.17
11922,29.17,False,29.17
11923,29.17,False,29.17
11924,29.17,False,29.17
11925,29.17,False,29.17
11926,29.17,False,29.17
11927,29.17,False,29.17
11928,29.17,False,29.17
11929,29.17,False,29.17
11930,29.17,False,29.17
11931,29.17,False,29.17
11932,29.17,False,29.17
11933,29.17,False,29.17
11934,29.17,False,29.17
11935,29.17,False,29.17
11936,29.17,False,29.17
11937,29.17,False,29.17
11938,29.17,False,29.17
11939,29.17,False,29.17
11940,29.17,False,29.17
11941,29.17,False,29.17
11942,29.17,False,29.17
11943,29.17,False,29.17
11944,29.17,False,29.17
11945,29.17,False,29.17
11946,29.17,False,29.17
11947,29.17,False,29.17
11948,29.17,False,29.17
11949,29.17,False,29.17
11950,29.17,False,29.17
11951,29.17,False,29.17
11952,29.17,False,29.17
11953,29.17,False,29.17
11954,29.17,False,29.17
11955,29.17,False,29.17
11956,29.17,False,29.17
11957,29.17,False,29.17
11958,29.17,False,29.17
11959,29.17,False,29.17
11960,29.17,False,29.17
11961,29.17,False,29.17
11962,29.17,False,29.17
11963,29.17,False,29.17
11964,29.17,False,29.17
11965,29.17,False,29.17
11966,29.17,False,29.17
11967,29.17,False,29.17
11968,29.17,False,29.17
11969,29.17,False,29.17
11970,29.17,False,29.17
11971,29.17,False,29.17
11972,29.17,False,29.17
11973,29.17,False,29.17
11974,29.17,False,29.17
11975,29.17,False,29.17
11976,29.17,False,29.17
11977,29.17,False,29.17
11978,29.17,False,29.17
11979,29.17,False,29.17
11980,29.17,False,29.17
11981,29.17,False,29.17
11982,29.17,False,29.17
11983,29.17,False,29.17
11984,29.17,False,29.17
11985,29.17,False,29.17
11986,29.17,False,29.17
11987,29.17,False,29.17
11988,29.17,False,29.17
11989,29.17,False,29.17
11990,29.17,False,29.17
11991,29.17,False,29.17
11992,29.17,False,29.17
11993,29.17,False,29.17
11994,29.17,False,29.17
11995,29.17,False,29.17
11996,29.17,False,29.17
11997,29.17,False,29.17
11998,29.17,False,29.17
11999,29.17,False,29.17
12000,29.17,False,29.17
12001,29.17,False,29.17
12002,29.17,False,29.17
12003,29.17,False,29.17
12004,29.17,False,29.17
12005,29.17,False,29.17
12006,29.17,False,29.17
12007,29.17,False,29.17
12008,29.17,False,29.17
12009,29.17,False,29.17
12010,29.17,False,29.17
12011,29.17,False,29.17
12012,29.17,False,29.17
12013,29.17,False,29.17
12014,29.17,False,29.17
12015,29.17,False,29.17
12016,29.17,False,29.17
12017,29.17,False,29.17
12018,29.17,False,29.17
12019,29.17,False,29.17
12020,29.17,False,29.17
12021,29.17,False,29.17
12022,29.17,False,29.17
12023,29.17,False,29.17
12024,29.17,False,29.17
12025,29.17,False,29.17
12026,29.17,False,29.17
12027,29.17,False,29.17
12028,29.17,False,29.17
12029,29.17,False,29.17
12030,29.17,False,29.17
12031,29.17,False,29.17
12032,29.17,False,29.17
12033,30.0,False,29.336000000000002
12034,30.0,False,29.502
12035,30.0,False,29.668
12036,30.0,False,29.834000000000003
12037,30.0,False,30.0
12038,30.0,False,30.0
12039,30.0,False,30.0
12040,30.0,False,30.0
12041,30.0,False,30.0
12042,30.0,False,30.0
12043,30.0,False,30.0
12044,30.0,False,30.0
12045,30.0,False,30.0
12046,30.0,False,30.0
12047,30.0,False,30.0
12048,30.0,False,30.0
12049,30.0,False,30.0
12050,30.0,False,30.0
12051,30.0,False,30.0
12052,30.0,False,30.0
12053,30.0,False,30.0
12054,30.0,False,30.0
12055,30.0,False,30.0
12056,30.0,False,30.0
12057,30.0,False,30.0
12058,30.0,False,30.0
12059,30.0,False,30.0
12060,30.0,False,30.0
12061,30.0,False,30.0
12062,30.0,False,30.0
12063,30.0,False,30.0
12064,30.0,False,30.0
12065,30.0,False,30.0
12066,30.0,False,30.0
12067,30.0,False,30.0
12068,30.0,False,30.0
12069,30.0,False,30.0
12070,30.0,False,30.0
12071,30.0,False,30.0
12072,30.0,False,30.0
12073,30.0,False,30.0
12074,30.0,False,30.0
12075,30.0,False,30.0
12076,30.0,False,30.0
12077,30.0,False,30.0
12078,30.0,False,30.0
12079,30.0,False,30.0
12080,30.0,False,30.0
12081,29.17,False,29.834000000000003
12082,29.17,False,29.668
12083,29.17,False,29.502
12084,29.17,False,29.336000000000002
12085,29.17,False,29.17
12086,29.17,False,29.17
12087,29.17,False,29.17
12088,29.17,False,29.17
12089,29.17,False,29.17
12090,29.17,False,29.17
12091,29.17,False,29.17
12092,29.17,False,29.17
12093,29.17,False,29.17
12094,29.17,False,29.17
12095,29.17,False,29.17
12096,29.17,False,29.17
12097,29.17,False,29.17
12098,29.17,False,29.17
12099,29.17,False,29.17
12100,29.17,False,29.17
12101,29.17,False,29.17
12102,29.17,False,29.17
12103,29.17,False,29.17
12104,29.17,False,29.17
12105,29.17,False,29.17
12106,29.17,False,29.17
12107,29.17,False,29.17
12108,29.17,False,29.17
12109,29.17,False,29.17
12110,29.17,False,29.17
12111,29.17,False,29.17
12112,29.17,False,29.17
12113,29.17,False,29.17
12114,29.17,False,29.17
12115,29.17,False,29.17
12116,29.17,False,29.17
12117,29.17,False,29.17
12118,29.17,False,29.17
12119,29.17,False,29.17
12120,29.17,False,29.17
12121,29.17,False,29.17
12122,29.17,False,29.17
12123,29.17,False,29.17
12124,29.17,False,29.17
12125,29.17,False,29.17
12126,29.17,False,29.17
12127,29.17,False,29.17
12128,29.17,False,29.17
12129,29.17,False,29.17
12130,29.17,False,29.17
12131,29.17,False,29.17
12132,29.17,False,29.17
12133,29.17,False,29.17
12134,29.17,False,29.17
12135,29.17,False,29.17
12136,29.17,False,29.17
12137,29.17,False,29.17
12138,29.17,False,29.17
12139,29.17,False,29.17
12140,29.17,False,29.17
12141,29.17,False,29.17
12142,29.17,False,29.17
12143,29.17,False,29.17
12144,29.17,False,29.17
12145,29.17,False,29.17
12146,29.17,False,29.17
12147,29.17,False,29.17
12148,29.17,False,29.17
12149,29.17,False,29.17
12150,29.17,False,29.17
12151,29.17,False,29.17
12152,29.17,False,29.17
12153,29.17,False,29.17
12154,29.17,False,29.17
12155,29.17,False,29.17
12156,29.17,False,29.17
12157,29.17,False,29.17
12158,29.17,False,29.17
12159,29.17,False,29.17
12160,29.17,False,29.17
12161,29.17,False,29.17
12162,29.17,False,29.17
12163,29.17,False,29.17
12164,29.17,False,29.17
12165,29.17,False,29.17
12166,29.17,False,29.17
12167,29.17,False,29.17
12168,29.17,False,29.17
12169,29.17,False,29.17
12170,29.17,False,29.17
12171,29.17,False,29.17
12172,29.17,False,29.17
12173,58.33,False,35.001999999999995
12174,58.33,False,40.833999999999996
12175,58.33,False,46.666
12176,58.33,False,52.498000000000005
12177,58.33,False,58.33
12178,58.33,False,58.33
12179,58.33,False,58.33
12180,58.33,False,58.33
12181,58.33,False,58.33
12182,58.33,False,58.33
12183,58.33,False,58.33
12184,58.33,False,58.33
12185,58.33,False,58.33
12186,58.33,False,58.33
12187,58.33,False,58.33
12188,58.33,False,58.33
12189,58.33,False,58.33
12190,58.33,False,58.33
12191,58.33,False,58.33
12192,58.33,False,58.33
12193,58.33,False,58.33
12194,58.33,False,58.33
12195,58.33,False,58.33
12196,58.33,False,58.33
12197,58.33,False,58.33
12198,58.33,False,58.33
12199,58.33,False,58.33
12200,58.33,False,58.33
12201,58.33,False,58.33
12202,58.33,False,58.33
12203,68.33,False,60.33
12204,68.33,False,62.33
12205,68.33,False,64.33
12206,68.33,False,66.33
12207,68.33,False,68.33
12208,68.33,False,68.33
12209,68.33,False,68.33
12210,68.33,False,68.33
12211,68.33,False,68.33
12212,68.33,False,68.33
12213,68.33,False,68.33
12214,68.33,False,68.33
12215,68.33,False,68.33
12216,68.33,False,68.33
12217,68.33,False,68.33
12218,68.33,False,68.33
12219,68.33,False,68.33
12220,68.33,False,68.33
12221,68.33,False,68.33
12222,68.33,False,68.33
12223,68.33,False,68.33
12224,68.33,False,68.33
12225,68.33,False,68.33
12226,68.33,False,68.33
12227,68.33,False,68.33
12228,68.33,False,68.33
12229,68.33,False,68.33
12230,68.33,False,68.33
12231,68.33,False,68.33
12232,68.33,False,68.33
12233,68.33,False,68.33
12234,75.0,False,69.664
12235,75.0,False,70.998
12236,75.0,False,72.332
12237,75.0,False,73.666
12238,75.0,False,75.0
12239,75.0,False,75.0
12240,75.0,False,75.0
12241,75.0,False,75.0
12242,75.0,False,75.0
12243,75.0,False,75.0
12244,75.0,False,75.0
12245,75.0,False,75.0
12246,75.0,False,75.0
12247,75.0,False,75.0
12248,75.0,False,75.0
12249,75.0,False,75.0
12250,75.0,False,75.0
12251,75.0,False,75.0
12252,75.0,False,75.0
12253,75.0,False,75.0
12254,75.0,False,75.0
12255,75.0,False,75.0
12256,75.0,False,75.0
12257,75.0,False,75.0
12258,75.0,False,75.0
12259,75.0,False,75.0
12260,75.0,False,75.0
12261,75.0,False,75.0
12262,75.0,False,75.0
12263,75.0,False,75.0
12264,77.5,False,75.5
12265,77.5,False,76.0
12266,77.5,False,76.5
12267,77.5,False,77.0
12268,77.5,False,77.5
12269,77.5,False,77.5
12270,77.5,False,77.5
12271,77.5,False,77.5
12272,77.5,False,77.5
12273,77.5,False,77.5
12274,77.5,False,77.5
12275,77.5,False,77.5
12276,77.5,False,77.5
12277,77.5,False,77.5
12278,77.5,False,77.5
12279,77.5,False,77.5
12280,77.5,False,77.5
12281,77.5,False,77.5
12282,77.5,False,77.5
12283,77.5,False,77.5
12284,77.5,False,77.5
12285,77.5,False,77.5
12286,77.5,False,77.5
12287,77.5,False,77.5
12288,77.5,False,77.5
12289,83.33,False,78.66600000000001
12290,83.33,False,79.83200000000001
12291,83.33,False,80.998
12292,83.33,False,82.164
12293,83.33,False,83.33
12294,83.33,False,83.33
12295,83.33,False,83.33
12296,83.33,False,83.33
12297,83.33,False,83.33
12298,83.33,False,83.33
12299,83.33,False,83.33
12300,83.33,False,83.33
12301,83.33,False,83.33
12302,83.33,False,83.33
12303,83.33,False,83.33
12304,83.33,False,83.33
12305,83.33,False,83.33
12306,83.33,False,83.33
12307,83.33,False,83.33
12308,83.33,False,83.33
12309,83.33,False,83.33
12310,83.33,False,83.33
12311,83.33,False,83.33
12312,83.33,False,83.33
12313,83.33,False,83.33
12314,83.33,False,83.33
12315,83.33,False,83.33
12316,85.83,False,83.83
12317,85.83,False,84.33
12318,85.83,False,84.83
12319,85.83,False,85.33
12320,85.83,False,85.83
12321,85.83,False,85.83
12322,85.83,False,85.83
12323,85.83,False,85.83
12324,85.83,False,85.83
12325,85.83,False,85.83
12326,85.83,False,85.83
12327,85.83,False,85.83
12328,85.83,False,85.83
12329,85.83,False,85.83
12330,85.83,False,85.83
12331,85.83,False,85.83
12332,85.83,False,85.83
12333,85.83,False,85.83
12334,85.83,False,85.83
12335,85.83,False,85.83
12336,85.83,False,85.83
12337,85.83,False,85.83
12338,85.83,False,85.83
12339,85.83,False,85.83
12340,85.83,False,85.83
12341,85.83,False,85.83
12342,85.83,False,85.83
12343,85.83,False,85.83
12344,85.83,False,85.83
12345,85.83,False,85.83
12346,88.33,False,86.33
12347,88.33,False,86.83
12348,88.33,False,87.33
12349,88.33,False,87.83
12350,88.33,False,88.33
12351,88.33,False,88.33
12352,88.33,False,88.33
12353,88.33,False,88.33
12354,88.33,False,88.33
12355,88.33,False,88.33
12356,88.33,False,88.33
12357,88.33,False,88.33
12358,88.33,False,88.33
12359,88.33,False,88.33
12360,88.33,False,88.33
12361,88.33,False,88.33
12362,88.33,False,88.33
12363,88.33,False,88.33
12364,88.33,False,88.33
12365,88.33,False,88.33
12366,88.33,False,88.33
12367,88.33,False,88.33
12368,88.33,False,88.33
12369,88.33,False,88.33
12370,88.33,False,88.33
12371,88.33,False,88.33
12372,88.33,False,88.33
12373,88.33,False,88.33
12374,88.33,False,88.33
12375,88.33,False,88.33
12376,88.33,False,88.33
12377,91.67,False,88.998
12378,91.67,False,89.666
12379,91.67,False,90.33399999999999
12380,91.67,False,91.002
12381,91.67,False,91.67
12382,91.67,False,91.67
12383,91.67,False,91.67
12384,91.67,False,91.67
12385,91.67,False,91.67
12386,91.67,False,91.67
12387,91.67,False,91.67
12388,91.67,False,91.67
12389,91.67,False,91.67
12390,91.67,False,91.67
12391,91.67,False,91.67
12392,91.67,False,91.67
12393,91.67,False,91.67
12394,91.67,False,91.67
12395,91.67,False,91.67
12396,91.67,False,91.67
12397,91.67,False,91.67
12398,91.67,False,91.67
12399,91.67,False,91.67
12400,91.67,False,91.67
12401,91.67,False,91.67
12402,91.67,False,91.67
12403,91.67,False,91.67
12404,91.67,False,91.67
12405,91.67,False,91.67
12406,91.67,False,91.67
12407,91.67,False,91.67
12408,91.67,False,91.67
12409,91.67,False,91.67
12410,91.67,False,91.67
12411,91.67,False,91.67
12412,91.67,False,91.67
12413,91.67,False,91.67
12414,91.67,False,91.67
12415,91.67,False,91.67
12416,91.67,False,91.67
12417,91.67,False,91.67
12418,91.67,False,91.67
12419,91.67,False,91.67
12420,91.67,False,91.67
12421,91.67,False,91.67
12422,91.67,False,91.67
12423,91.67,False,91.67
12424,91.67,False,91.67
12425,91.67,False,91.67
12426,91.67,False,91.67
12427,91.67,False,91.67
12428,91.67,False,91.67
12429,91.67,False,91.67
12430,91.67,False,91.67
12431,91.67,False,91.67
12432,91.67,False,91.67
12433,91.67,False,91.67
12434,91.67,False,91.67
12435,91.67,False,91.67
12436,91.67,False,91.67
12437,91.67,False,91.67
12438,91.67,False,91.67
12439,91.67,False,91.67
12440,91.67,False,91.67
12441,91.67,False,91.67
12442,91.67,False,91.67
12443,91.67,False,91.67
12444,91.67,False,91.67
12445,91.67,False,91.67
12446,91.67,False,91.67
12447,91.67,False,91.67
12448,91.67,False,91.67
12449,91.67,False,91.67
12450,91.67,False,91.67
12451,91.67,False,91.67
12452,91.67,False,91.67
12453,91.67,False,91.67
12454,91.67,False,91.67
12455,91.67,False,91.67
12456,91.67,False,91.67
12457,91.67,False,91.67
12458,91.67,False,91.67
12459,91.67,False,91.67
12460,91.67,False,91.67
12461,91.67,False,91.67
12462,91.67,False,91.67
12463,91.67,False,91.67
12464,91.67,False,91.67
12465,91.67,False,91.67
12466,91.67,False,91.67
12467,91.67,False,91.67
12468,91.67,False,91.67
12469,91.67,False,91.67
12470,91.67,False,91.67
12471,91.67,False,91.67
12472,91.67,False,91.67
12473,91.67,False,91.67
12474,91.67,False,91.67
12475,91.67,False,91.67
12476,91.67,False,91.67
12477,91.67,False,91.67
12478,91.67,False,91.67
12479,91.67,False,91.67
12480,91.67,False,91.67
12481,91.67,False,91.67
12482,91.67,False,91.67
12483,91.67,False,91.67
12484,91.67,False,91.67
12485,91.67,False,91.67
12486,91.67,False,91.67
12487,91.67,False,91.67
12488,91.67,False,91.67
12489,91.67,False,91.67
12490,91.67,False,91.67
12491,91.67,False,91.67
12492,91.67,False,91.67
12493,91.67,False,91.67
12494,91.67,False,91.67
12495,91.67,False,91.67
12496,91.67,False,91.67
12497,91.67,False,91.67
12498,91.67,False,91.67
12499,91.67,False,91.67
12500,91.67,False,91.67
12501,91.67,False,91.67
12502,91.67,False,91.67
12503,91.67,False,91.67
12504,91.67,False,91.67
12505,91.67,False,91.67
12506,91.67,False,91.67
12507,91.67,False,91.67
12508,91.67,False,91.67
12509,91.67,False,91.67
12510,91.67,False,91.67
12511,91.67,False,91.67
12512,91.67,False,91.67
12513,91.67,False,91.67
12514,91.67,False,91.67
12515,91.67,False,91.67
12516,91.67,False,91.67
12517,91.67,False,91.67
12518,91.67,False,91.67
12519,91.67,False,91.67
12520,91.67,False,91.67
12521,91.67,False,91.67
12522,91.67,False,91.67
12523,91.67,False,91.67
12524,91.67,False,91.67
12525,91.67,False,91.67
12526,91.67,False,91.67
12527,91.67,False,91.67
12528,91.67,False,91.67
12529,91.67,False,91.67
12530,90.0,False,91.336
12531,90.0,False,91.002
12532,90.0,False,90.668
12533,90.0,False,90.334
12534,90.0,False,90.0
12535,90.0,False,90.0
12536,90.0,False,90.0
12537,90.0,False,90.0
12538,90.0,False,90.0
12539,90.0,False,90.0
12540,90.0,False,90.0
12541,90.0,False,90.0
12542,90.0,False,90.0
12543,90.0,False,90.0
12544,90.0,False,90.0
12545,90.83,False,90.166
12546,90.83,False,90.332
12547,90.83,False,90.498
12548,90.83,False,90.664
12549,90.83,False,90.83
12550,90.83,False,90.83
12551,96.67,False,91.99799999999999
12552,96.67,False,93.166
12553,96.67,False,94.334
12554,96.67,False,95.502
12555,96.67,False,96.67
12556,96.67,False,96.67
12557,96.67,False,96.67
12558,96.67,False,96.67
12559,96.67,False,96.67
12560,96.67,False,96.67
12561,96.67,False,96.67
12562,96.67,False,96.67
12563,96.67,False,96.67
12564,96.67,False,96.67
12565,96.67,False,96.67
12566,96.67,False,96.67
12567,96.67,False,96.67
12568,96.67,False,96.67
12569,96.67,False,96.67
12570,96.67,False,96.67
12571,96.67,False,96.67
12572,96.67,False,96.67
12573,96.67,False,96.67
12574,96.67,False,96.67
12575,96.67,False,96.67
12576,96.67,False,96.67
12577,96.67,False,96.67
12578,96.67,False,96.67
12579,96.67,False,96.67
12580,96.67,False,96.67
12581,96.67,False,96.67
12582,103.33,False,98.002
12583,103.33,False,99.334
12584,103.33,False,100.66600000000001
12585,103.33,False,101.998
12586,103.33,False,103.33
12587,103.33,False,103.33
12588,103.33,False,103.33
12589,103.33,False,103.33
12590,103.33,False,103.33
12591,103.33,False,103.33
12592,103.33,False,103.33
12593,103.33,False,103.33
12594,103.33,False,103.33
12595,103.33,False,103.33
12596,103.33,False,103.33
12597,103.33,False,103.33
12598,103.33,False,103.33
12599,103.33,False,103.33
12600,103.33,False,103.33
12601,103.33,False,103.33
12602,103.33,False,103.33
12603,103.33,False,103.33
12604,103.33,False,103.33
12605,103.33,False,103.33
12606,103.33,False,103.33
12607,103.33,False,103.33
12608,103.33,False,103.33
12609,103.33,False,103.33
12610,103.33,False,103.33
12611,103.33,False,103.33
12612,95.0,False,101.664
12613,95.0,False,99.998
12614,95.0,False,98.332
12615,95.0,False,96.666
12616,95.0,False,95.0
12617,95.0,False,95.0
12618,95.0,False,95.0
12619,95.0,False,95.0
12620,95.0,False,95.0
12621,95.0,False,95.0
12622,95.0,False,95.0
12623,95.0,False,95.0
12624,95.0,False,95.0
12625,95.0,False,95.0
12626,95.0,False,95.0
12627,95.0,False,95.0
12628,95.0,False,95.0
12629,95.0,False,95.0
12630,95.0,False,95.0
12631,95.0,False,95.0
12632,95.0,False,95.0
12633,95.0,False,95.0
12634,95.0,False,95.0
12635,95.0,False,95.0
12636,95.0,False,95.0
12637,95.0,False,95.0
12638,95.0,False,95.0
12639,95.0,False,95.0
12640,95.0,False,95.0
12641,95.0,False,95.0
12642,95.0,False,95.0
12643,88.33,False,93.66600000000001
12644,88.33,False,92.33200000000001
12645,88.33,False,90.998
12646,88.33,False,89.664
12647,88.33,False,88.33
12648,88.33,False,88.33
12649,88.33,False,88.33
12650,88.33,False,88.33
12651,88.33,False,88.33
12652,88.33,False,88.33
12653,88.33,False,88.33
12654,88.33,False,88.33
12655,88.33,False,88.33
12656,88.33,False,88.33
12657,88.33,False,88.33
12658,88.33,False,88.33
12659,88.33,False,88.33
12660,88.33,False,88.33
12661,88.33,False,88.33
12662,88.33,False,88.33
12663,88.33,False,88.33
12664,88.33,False,88.33
12665,88.33,False,88.33
12666,88.33,False,88.33
12667,88.33,False,88.33
12668,88.33,False,88.33
12669,88.33,False,88.33
12670,88.33,False,88.33
12671,88.33,False,88.33
12672,88.33,False,88.33
12673,112.5,False,93.164
12674,112.5,False,97.998
12675,112.5,False,102.832
12676,112.5,False,107.66599999999998
12677,112.5,False,112.5
12678,112.5,False,112.5
12679,112.5,False,112.5
12680,112.5,False,112.5
12681,112.5,False,112.5
12682,112.5,False,112.5
12683,112.5,False,112.5
12684,112.5,False,112.5
12685,112.5,False,112.5
12686,112.5,False,112.5
12687,112.5,False,112.5
12688,112.5,False,112.5
12689,112.5,False,112.5
12690,112.5,False,112.5
12691,112.5,False,112.5
12692,112.5,False,112.5
12693,112.5,False,112.5
12694,112.5,False,112.5
12695,112.5,False,112.5
12696,112.5,False,112.5
12697,112.5,False,112.5
12698,112.5,False,112.5
12699,112.5,False,112.5
12700,112.5,False,112.5
12701,112.5,False,112.5
12702,112.5,False,112.5
12703,112.5,False,112.5
12704,130.0,False,116.0
12705,130.0,False,119.5
12706,130.0,False,123.0
12707,130.0,False,126.5
12708,130.0,False,130.0
12709,130.0,False,130.0
12710,130.0,False,130.0
12711,130.0,False,130.0
12712,130.0,False,130.0
12713,130.0,False,130.0
12714,130.0,False,130.0
12715,130.0,False,130.0
12716,130.0,False,130.0
12717,130.0,False,130.0
12718,130.0,False,130.0
12719,130.0,False,130.0
12720,130.0,False,130.0
12721,130.0,False,130.0
12722,130.0,False,130.0
12723,130.0,False,130.0
12724,130.0,False,130.0
12725,130.0,False,130.0
12726,130.0,False,130.0
12727,130.0,False,130.0
12728,130.0,False,130.0
12729,130.0,False,130.0
12730,130.0,False,130.0
12731,130.0,False,130.0
12732,130.0,False,130.0
12733,130.0,False,130.0
12734,110.83,False,126.16600000000001
12735,110.83,False,122.332
12736,110.83,False,118.498
12737,110.83,False,114.66399999999999
12738,110.83,False,110.83
12739,110.83,False,110.83
12740,110.83,False,110.83
12741,110.83,False,110.83
12742,110.83,False,110.83
12743,110.83,False,110.83
12744,110.83,False,110.83
12745,110.83,False,110.83
12746,110.83,False,110.83
12747,110.83,False,110.83
12748,110.83,False,110.83
12749,110.83,False,110.83
12750,110.83,False,110.83
12751,110.83,False,110.83
12752,110.83,False,110.83
12753,110.83,False,110.83
12754,110.83,False,110.83
12755,110.83,False,110.83
12756,110.83,False,110.83
12757,110.83,False,110.83
12758,110.83,False,110.83
12759,110.83,False,110.83
12760,110.83,False,110.83
12761,110.83,False,110.83
12762,110.83,False,110.83
12763,110.83,False,110.83
12764,110.83,False,110.83
12765,130.83,False,114.83
12766,130.83,False,118.83
12767,130.83,False,122.83000000000001
12768,130.83,False,126.83
12769,130.83,False,130.83
12770,130.83,False,130.83
12771,130.83,False,130.83
12772,130.83,False,130.83
12773,130.83,False,130.83
12774,130.83,False,130.83
12775,130.83,False,130.83
12776,130.83,False,130.83
12777,130.83,False,130.83
12778,130.83,False,130.83
12779,130.83,False,130.83
12780,130.83,False,130.83
12781,130.83,False,130.83
12782,130.83,False,130.83
12783,130.83,False,130.83
12784,130.83,False,130.83
12785,130.83,False,130.83
12786,130.83,False,130.83
12787,130.83,False,130.83
12788,130.83,False,130.83
12789,130.83,False,130.83
12790,130.83,False,130.83
12791,130.83,False,130.83
12792,130.83,False,130.83
12793,130.83,False,130.83
12794,130.83,False,130.83
12801,112.5,False,127.16400000000002
12802,112.5,False,123.498
12803,112.5,False,119.832
12804,112.5,False,116.16600000000001
12805,112.5,False,112.5
12806,112.5,False,112.5
12807,112.5,False,112.5
12808,112.5,False,112.5
12809,112.5,False,112.5
12810,112.5,False,112.5
12811,112.5,False,112.5
12812,87.5,False,107.5
12813,87.5,False,102.5
12814,87.5,False,97.5
12815,87.5,False,92.5
12816,87.5,False,87.5
12817,87.5,False,87.5
12818,87.5,False,87.5
12819,87.5,False,87.5
12820,87.5,False,87.5
12821,87.5,False,87.5
12822,87.5,False,87.5
12823,87.5,False,87.5
12824,87.5,False,87.5
12825,87.5,False,87.5
12826,87.5,False,87.5
12827,87.5,False,87.5
12828,87.5,False,87.5
12829,87.5,False,87.5
12830,87.5,False,87.5
12831,87.5,False,87.5
12832,87.5,False,87.5
12833,87.5,False,87.5
12834,87.5,False,87.5
12835,87.5,False,87.5
12836,87.5,False,87.5
12837,87.5,False,87.5
12838,87.5,False,87.5
12839,87.5,False,87.5
12840,87.5,False,87.5
12841,87.5,False,87.5
12842,87.5,False,87.5
12843,154.17,False,100.83399999999999
12844,154.17,False,114.16799999999998
12845,154.17,False,127.502
12846,154.17,False,140.83599999999998
12847,154.17,False,154.17
12848,154.17,False,154.17
12849,154.17,False,154.17
12850,154.17,False,154.17
12851,154.17,False,154.17
12852,154.17,False,154.17
12853,154.17,False,154.17
12854,154.17,False,154.17
12855,154.17,False,154.17
12856,154.17,False,154.17
12857,154.17,False,154.17
12858,154.17,False,154.17
12859,154.17,False,154.17
12860,154.17,False,154.17
12861,154.17,False,154.17
12862,154.17,False,154.17
12863,154.17,False,154.17
12864,154.17,False,154.17
12865,154.17,False,154.17
12866,154.17,False,154.17
12867,154.17,False,154.17
12868,154.17,False,154.17
12869,154.17,False,154.17
12870,154.17,False,154.17
12871,154.17,False,154.17
12872,154.17,False,154.17
12995,75.83,False,138.502
12996,75.83,False,122.83399999999997
12997,75.83,False,107.16599999999998
12998,75.83,False,91.498
12999,75.83,False,75.83
13000,75.83,False,75.83
13001,75.83,False,75.83
13002,75.83,False,75.83
13003,75.83,False,75.83
13004,75.83,False,75.83
13005,75.83,False,75.83
13006,75.83,False,75.83
13007,75.83,False,75.83
13008,75.83,False,75.83
13009,75.83,False,75.83
13010,75.83,False,75.83
13011,75.83,False,75.83
13012,75.83,False,75.83
13013,75.83,False,75.83
13014,75.83,False,75.83
13015,75.83,False,75.83
13016,75.83,False,75.83
13017,75.83,False,75.83
13018,75.83,False,75.83
13019,75.83,False,75.83
13020,75.83,False,75.83
13021,75.83,False,75.83
13022,75.83,False,75.83
13023,75.83,False,75.83
13024,75.83,False,75.83
13025,75.83,False,75.83
13026,65.83,False,73.83
13027,65.83,False,71.83
13028,65.83,False,69.83
13029,65.83,False,67.83
13030,65.83,False,65.83
13031,65.83,False,65.83
13032,65.83,False,65.83
13033,65.83,False,65.83
13034,65.83,False,65.83
13035,65.83,False,65.83
13036,65.83,False,65.83
13037,65.83,False,65.83
13038,65.83,False,65.83
13039,65.83,False,65.83
13040,65.83,False,65.83
13041,65.83,False,65.83
13042,65.83,False,65.83
13043,65.83,False,65.83
13044,65.83,False,65.83
13045,65.83,False,65.83
13046,65.83,False,65.83
13047,65.83,False,65.83
13048,65.83,False,65.83
13049,65.83,False,65.83
13050,65.83,False,65.83
13051,65.83,False,65.83
13052,65.83,False,65.83
13053,65.83,False,65.83
13054,65.83,False,65.83
13055,65.83,False,65.83
13056,70.0,False,66.664
13057,77.5,False,68.998
13058,77.5,False,71.33200000000001
13059,77.5,False,73.66600000000001
13060,77.5,False,76.0
13061,77.5,False,77.5
13062,77.5,False,77.5
13063,77.5,False,77.5
13064,77.5,False,77.5
13065,77.5,False,77.5
13066,77.5,False,77.5
13067,77.5,False,77.5
13068,77.5,False,77.5
13069,77.5,False,77.5
13070,77.5,False,77.5
13071,77.5,False,77.5
13072,77.5,False,77.5
13073,82.5,False,78.5
13074,82.5,False,79.5
13075,82.5,False,80.5
13076,82.5,False,81.5
13077,82.5,False,82.5
13078,82.5,False,82.5
13079,82.5,False,82.5
13080,82.5,False,82.5
13081,82.5,False,82.5
13082,82.5,False,82.5
13083,82.5,False,82.5
13084,82.5,False,82.5
13085,82.5,False,82.5
13086,82.5,False,82.5
13087,82.5,False,82.5
13088,82.5,False,82.5
13089,82.5,False,82.5
13090,82.5,False,82.5
13091,82.5,False,82.5
13092,82.5,False,82.5
13093,82.5,False,82.5
13094,82.5,False,82.5
13095,82.5,False,82.5
13096,82.5,False,82.5
13097,82.5,False,82.5
13098,82.5,False,82.5
13099,82.5,False,82.5
13100,82.5,False,82.5
13101,82.5,False,82.5
13102,82.5,False,82.5
13103,85.0,False,83.0
13104,85.0,False,83.5
13105,85.0,False,84.0
13106,85.0,False,84.5
13107,85.0,False,85.0
13108,85.0,False,85.0
13109,85.0,False,85.0
13110,85.0,False,85.0
13111,85.0,False,85.0
13112,85.0,False,85.0
13113,85.0,False,85.0
13114,85.0,False,85.0
13115,85.0,False,85.0
13116,85.0,False,85.0
13117,85.0,False,85.0
13118,85.0,False,85.0
13119,85.0,False,85.0
13120,85.0,False,85.0
13121,85.0,False,85.0
13122,85.0,False,85.0
13123,85.0,False,85.0
13124,85.0,False,85.0
13125,85.0,False,85.0
13126,85.0,False,85.0
13127,85.0,False,85.0
13128,85.0,False,85.0
13129,85.0,False,85.0
13130,85.0,False,85.0
13131,85.0,False,85.0
13132,85.0,False,85.0
13133,85.0,False,85.0
13134,86.67,False,85.33399999999999
13135,86.67,False,85.66799999999999
13136,86.67,False,86.002
13137,86.67,False,86.336
13138,86.67,False,86.67
13139,86.67,False,86.67
13140,86.67,False,86.67
13141,86.67,False,86.67
13142,86.67,False,86.67
13143,86.67,False,86.67
13144,86.67,False,86.67
13145,86.67,False,86.67
13146,86.67,False,86.67
13147,86.67,False,86.67
13148,86.67,False,86.67
13149,86.67,False,86.67
13150,86.67,False,86.67
13151,86.67,False,86.67
13152,86.67,False,86.67
13153,86.67,False,86.67
13154,86.67,False,86.67
13155,86.67,False,86.67
13156,86.67,False,86.67
13157,86.67,False,86.67
13158,86.67,False,86.67
13159,86.67,False,86.67
13160,86.67,False,86.67
13161,86.67,False,86.67
13162,86.67,False,86.67
13163,86.67,False,86.67
13164,86.67,False,86.67
13165,87.5,False,86.836
13166,87.5,False,87.002
13167,87.5,False,87.168
13168,87.5,False,87.334
13169,87.5,False,87.5
13170,87.5,False,87.5
13171,87.5,False,87.5
13172,87.5,False,87.5
13173,87.5,False,87.5
13174,87.5,False,87.5
13175,87.5,False,87.5
13176,87.5,False,87.5
13177,87.5,False,87.5
13178,87.5,False,87.5
13179,87.5,False,87.5
13180,87.5,False,87.5
13181,87.5,False,87.5
13182,87.5,False,87.5
13183,87.5,False,87.5
13184,87.5,False,87.5
13185,87.5,False,87.5
13186,87.5,False,87.5
13187,87.5,False,87.5
13188,87.5,False,87.5
13189,87.5,False,87.5
13190,87.5,False,87.5
13191,87.5,False,87.5
13192,87.5,False,87.5
13193,87.5,False,87.5
13194,87.5,False,87.5
13195,87.5,False,87.5
13196,87.5,False,87.5
13197,87.5,False,87.5
13198,87.5,False,87.5
13199,87.5,False,87.5
13200,87.5,False,87.5
13201,87.5,False,87.5
13202,87.5,False,87.5
13203,87.5,False,87.5
13204,87.5,False,87.5
13205,87.5,False,87.5
13206,87.5,False,87.5
13207,87.5,False,87.5
13208,87.5,False,87.5
13209,87.5,False,87.5
13210,87.5,False,87.5
13211,87.5,False,87.5
13212,87.5,False,87.5
13213,87.5,False,87.5
13214,87.5,False,87.5
13215,87.5,False,87.5
13216,87.5,False,87.5
13217,87.5,False,87.5
13218,87.5,False,87.5
13219,87.5,False,87.5
13220,87.5,False,87.5
13221,87.5,False,87.5
13222,87.5,False,87.5
13223,87.5,False,87.5
13224,87.5,False,87.5
13225,87.5,False,87.5
13226,86.67,False,87.334
13227,86.67,False,87.168
13228,86.67,False,87.002
13229,86.67,False,86.836
13230,86.67,False,86.67
13231,86.67,False,86.67
13232,86.67,False,86.67
13233,86.67,False,86.67
13234,86.67,False,86.67
13235,86.67,False,86.67
13236,86.67,False,86.67
13237,86.67,False,86.67
13238,86.67,False,86.67
13239,86.67,False,86.67
13240,86.67,False,86.67
13241,86.67,False,86.67
13242,86.67,False,86.67
13243,86.67,False,86.67
13244,86.67,False,86.67
13245,86.67,False,86.67
13246,86.67,False,86.67
13247,86.67,False,86.67
13248,86.67,False,86.67
13249,86.67,False,86.67
13250,86.67,False,86.67
13251,86.67,False,86.67
13252,86.67,False,86.67
13253,86.67,False,86.67
13254,86.67,False,86.67
13255,86.67,False,86.67
13256,85.83,False,86.50200000000001
13257,85.83,False,86.334
13258,85.83,False,86.166
13259,85.83,False,85.998
13260,85.83,False,85.83
13261,85.83,False,85.83
13262,85.83,False,85.83
13263,85.83,False,85.83
13264,85.83,False,85.83
13265,85.83,False,85.83
13266,85.83,False,85.83
13267,85.83,False,85.83
13268,85.83,False,85.83
13269,85.83,False,85.83
13270,85.83,False,85.83
13271,85.83,False,85.83
13272,85.83,False,85.83
13273,85.83,False,85.83
13274,85.83,False,85.83
13275,85.83,False,85.83
13276,85.83,False,85.83
13277,85.83,False,85.83
13278,85.83,False,85.83
13279,85.83,False,85.83
13280,85.83,False,85.83
13281,85.83,False,85.83
13282,85.83,False,85.83
13283,85.83,False,85.83
13284,85.83,False,85.83
13285,85.83,False,85.83
13286,85.83,False,85.83
13287,85.83,False,85.83
13288,85.83,False,85.83
13289,85.83,False,85.83
13290,85.83,False,85.83
13291,85.83,False,85.83
13292,85.83,False,85.83
13293,85.83,False,85.83
13294,85.83,False,85.83
13295,85.83,False,85.83
13296,85.83,False,85.83
13297,85.83,False,85.83
13298,85.83,False,85.83
13299,85.83,False,85.83
13300,85.83,False,85.83
13301,85.83,False,85.83
13302,85.83,False,85.83
13303,85.83,False,85.83
13304,85.83,False,85.83
13305,85.83,False,85.83
13306,85.83,False,85.83
13307,85.83,False,85.83
13308,85.83,False,85.83
13309,85.83,False,85.83
13310,85.83,False,85.83
13311,85.83,False,85.83
13312,85.83,False,85.83
13313,86.67,False,85.998
13314,86.67,False,86.166
13315,86.67,False,86.334
13316,86.67,False,86.50200000000001
13317,86.67,False,86.67
13318,86.67,False,86.67
13319,86.67,False,86.67
13320,86.67,False,86.67
13321,86.67,False,86.67
13322,86.67,False,86.67
13323,86.67,False,86.67
13324,86.67,False,86.67
13325,86.67,False,86.67
13326,86.67,False,86.67
13327,86.67,False,86.67
13328,86.67,False,86.67
13329,86.67,False,86.67
13330,86.67,False,86.67
13331,86.67,False,86.67
13332,86.67,False,86.67
13333,86.67,False,86.67
13334,86.67,False,86.67
13335,86.67,False,86.67
13336,86.67,False,86.67
13337,86.67,False,86.67
13338,86.67,False,86.67
13339,86.67,False,86.67
13340,86.67,False,86.67
13341,86.67,False,86.67
13342,86.67,False,86.67
13343,86.67,False,86.67
13344,86.67,False,86.67
13345,86.67,False,86.67
13346,86.67,False,86.67
13347,86.67,False,86.67
13348,86.67,False,86.67
13349,86.67,False,86.67
13350,86.67,False,86.67
13351,86.67,False,86.67
13352,86.67,False,86.67
13353,86.67,False,86.67
13354,86.67,False,86.67
13355,86.67,False,86.67
13356,86.67,False,86.67
13357,86.67,False,86.67
13358,86.67,False,86.67
13359,86.67,False,86.67
13360,86.67,False,86.67
13361,86.67,False,86.67
13362,86.67,False,86.67
13363,86.67,False,86.67
13364,86.67,False,86.67
13365,86.67,False,86.67
13366,86.67,False,86.67
13367,86.67,False,86.67
13368,86.67,False,86.67
13369,86.67,False,86.67
13370,86.67,False,86.67
13371,86.67,False,86.67
13372,86.67,False,86.67
13373,86.67,False,86.67
13374,86.67,False,86.67
13375,86.67,False,86.67
13376,86.67,False,86.67
13377,86.67,False,86.67
13378,86.67,False,86.67
13379,86.67,False,86.67
13380,86.67,False,86.67
13381,86.67,False,86.67
13382,86.67,False,86.67
13383,86.67,False,86.67
13384,86.67,False,86.67
13385,86.67,False,86.67
13386,86.67,False,86.67
13387,86.67,False,86.67
13388,86.67,False,86.67
13389,86.67,False,86.67
13390,86.67,False,86.67
13391,86.67,False,86.67
13392,86.67,False,86.67
13393,86.67,False,86.67
13394,86.67,False,86.67
13395,86.67,False,86.67
13396,86.67,False,86.67
13397,86.67,False,86.67
13398,86.67,False,86.67
13399,86.67,False,86.67
13400,86.67,False,86.67
13401,86.67,False,86.67
13402,86.67,False,86.67
13403,86.67,False,86.67
13404,86.67,False,86.67
13405,86.67,False,86.67
13406,86.67,False,86.67
13407,86.67,False,86.67
13408,86.67,False,86.67
13409,86.67,False,86.67
13410,86.67,False,86.67
13411,86.67,False,86.67
13412,86.67,False,86.67
13413,86.67,False,86.67
13414,86.67,False,86.67
13415,86.67,False,86.67
13416,86.67,False,86.67
13417,86.67,False,86.67
13418,86.67,False,86.67
13419,86.67,False,86.67
13420,86.67,False,86.67
13421,86.67,False,86.67
13422,86.67,False,86.67
13423,86.67,False,86.67
13424,86.67,False,86.67
13425,86.67,False,86.67
13426,86.67,False,86.67
13427,86.67,False,86.67
13428,86.67,False,86.67
13429,86.67,False,86.67
13430,86.67,False,86.67
13431,86.67,False,86.67
13432,86.67,False,86.67
13433,86.67,False,86.67
13434,86.67,False,86.67
13435,86.67,False,86.67
13436,86.67,False,86.67
13437,86.67,False,86.67
13438,86.67,False,86.67
13439,86.67,False,86.67
13440,86.67,False,86.67
13441,86.67,False,86.67
13442,86.67,False,86.67
13443,86.67,False,86.67
13444,86.67,False,86.67
13445,86.67,False,86.67
13446,86.67,False,86.67
13447,86.67,False,86.67
13448,86.67,False,86.67
13449,86.67,False,86.67
13450,86.67,False,86.67
13451,86.67,False,86.67
13452,86.67,False,86.67
13453,86.67,False,86.67
13454,86.67,False,86.67
13455,86.67,False,86.67
13456,86.67,False,86.67
13457,86.67,False,86.67
13458,86.67,False,86.67
13459,86.67,False,86.67
13460,86.67,False,86.67
13461,85.83,False,86.502
13462,85.83,False,86.334
13463,85.83,False,86.16600000000001
13464,85.83,False,85.998
13465,85.83,False,85.83
13466,85.83,False,85.83
13467,85.83,False,85.83
13468,85.83,False,85.83
13469,85.83,False,85.83
13470,85.83,False,85.83
13471,85.83,False,85.83
13472,85.83,False,85.83
13473,85.83,False,85.83
13474,85.83,False,85.83
13475,85.83,False,85.83
13476,85.83,False,85.83
13477,85.83,False,85.83
13478,85.83,False,85.83
13479,85.83,False,85.83
13480,85.83,False,85.83
13481,85.83,False,85.83
13482,85.83,False,85.83
13483,85.83,False,85.83
13484,85.83,False,85.83
13485,85.83,False,85.83
13486,85.83,False,85.83
13487,85.83,False,85.83
13488,85.83,False,85.83
13489,85.83,False,85.83
13490,85.83,False,85.83
13491,85.0,False,85.664
13492,85.0,False,85.498
13493,85.0,False,85.332
13494,85.0,False,85.166
13495,85.0,False,85.0
13496,85.0,False,85.0
13497,85.0,False,85.0
13498,85.0,False,85.0
13499,85.0,False,85.0
13500,85.0,False,85.0
13501,85.0,False,85.0
13502,85.0,False,85.0
13503,85.0,False,85.0
13504,85.0,False,85.0
13505,85.0,False,85.0
13506,85.0,False,85.0
13507,85.0,False,85.0
13508,85.0,False,85.0
13509,85.0,False,85.0
13510,85.0,False,85.0
13511,85.0,False,85.0
13512,85.0,False,85.0
13513,85.0,False,85.0
13514,85.0,False,85.0
13515,85.0,False,85.0
13516,85.0,False,85.0
13517,85.0,False,85.0
13518,85.0,False,85.0
13519,85.0,False,85.0
13520,85.0,False,85.0
13521,85.0,False,85.0
13522,84.17,False,84.834
13523,84.17,False,84.668
13524,84.17,False,84.502
13525,84.17,False,84.336
13526,84.17,False,84.17
13527,84.17,False,84.17
13528,84.17,False,84.17
13529,84.17,False,84.17
13530,84.17,False,84.17
13531,84.17,False,84.17
13532,84.17,False,84.17
13533,84.17,False,84.17
13534,84.17,False,84.17
13535,84.17,False,84.17
13536,84.17,False,84.17
13537,84.17,False,84.17
13538,84.17,False,84.17
13539,84.17,False,84.17
13540,84.17,False,84.17
13541,84.17,False,84.17
13542,84.17,False,84.17
13543,84.17,False,84.17
13544,84.17,False,84.17
13545,84.17,False,84.17
13546,84.17,False,84.17
13547,84.17,False,84.17
13548,84.17,False,84.17
13549,84.17,False,84.17
13550,84.17,False,84.17
13551,84.17,False,84.17
13552,85.0,False,84.336
13553,85.0,False,84.502
13554,85.0,False,84.668
13555,85.0,False,84.834
13556,85.0,False,85.0
13557,85.0,False,85.0
13558,85.0,False,85.0
13559,85.0,False,85.0
13560,85.0,False,85.0
13561,85.0,False,85.0
13562,85.0,False,85.0
13563,85.0,False,85.0
13564,85.0,False,85.0
13565,85.0,False,85.0
13566,85.0,False,85.0
13567,85.0,False,85.0
13568,85.0,False,85.0
13569,85.0,False,85.0
13570,85.0,False,85.0
13571,85.0,False,85.0
13572,85.0,False,85.0
13573,85.0,False,85.0
13574,85.0,False,85.0
13575,85.0,False,85.0
13576,85.0,False,85.0
13577,85.0,False,85.0
13578,85.0,False,85.0
13579,85.0,False,85.0
13580,85.0,False,85.0
13581,85.0,False,85.0
13582,85.0,False,85.0
13583,85.0,False,85.0
13584,85.0,False,85.0
13585,85.0,False,85.0
13586,85.0,False,85.0
13587,85.0,False,85.0
13588,85.0,False,85.0
13589,85.0,False,85.0
13590,85.0,False,85.0
13591,85.0,False,85.0
13592,85.0,False,85.0
13593,85.0,False,85.0
13594,85.0,False,85.0
13595,85.0,False,85.0
13596,85.0,False,85.0
13597,85.0,False,85.0
13598,85.0,False,85.0
13599,85.0,False,85.0
13600,85.0,False,85.0
13601,85.0,False,85.0
13602,85.0,False,85.0
13603,85.0,False,85.0
13604,85.83,False,85.166
13605,85.83,False,85.332
13606,85.83,False,85.498
13607,85.83,False,85.664
13608,85.83,False,85.83
13609,85.83,False,85.83
13610,85.83,False,85.83
13611,85.83,False,85.83
13612,85.83,False,85.83
13613,85.83,False,85.83
13614,85.83,False,85.83
13615,85.83,False,85.83
13616,85.83,False,85.83
13617,85.83,False,85.83
13618,85.83,False,85.83
13619,85.83,False,85.83
13620,85.83,False,85.83
13621,85.83,False,85.83
13622,85.83,False,85.83
13623,85.83,False,85.83
13624,85.83,False,85.83
13625,85.83,False,85.83
13626,85.83,False,85.83
13627,85.83,False,85.83
13628,85.83,False,85.83
13629,85.83,False,85.83
13630,85.83,False,85.83
13631,85.83,False,85.83
13632,85.83,False,85.83
13633,85.83,False,85.83
13634,85.83,False,85.83
13635,85.83,False,85.83
13636,85.83,False,85.83
13637,85.83,False,85.83
13638,85.83,False,85.83
13639,85.83,False,85.83
13640,85.83,False,85.83
13641,85.83,False,85.83
13642,85.83,False,85.83
13643,85.83,False,85.83
13644,85.83,False,85.83
13645,85.83,False,85.83
13646,85.83,False,85.83
13647,85.83,False,85.83
13648,85.83,False,85.83
13649,85.83,False,85.83
13650,85.83,False,85.83
13651,85.83,False,85.83
13652,85.83,False,85.83
13653,85.83,False,85.83
13654,85.83,False,85.83
13655,85.83,False,85.83
13656,85.83,False,85.83
13657,85.83,False,85.83
13658,85.83,False,85.83
13659,85.83,False,85.83
13660,85.83,False,85.83
13661,85.83,False,85.83
13662,85.83,False,85.83
13663,85.83,False,85.83
13664,85.83,False,85.83
13665,85.83,False,85.83
13666,85.83,False,85.83
13667,85.83,False,85.83
13668,85.83,False,85.83
13669,85.83,False,85.83
13670,85.83,False,85.83
13671,85.83,False,85.83
13672,85.83,False,85.83
13673,85.83,False,85.83
13674,85.83,False,85.83
13675,85.83,False,85.83
13676,85.83,False,85.83
13677,85.83,False,85.83
13678,85.83,False,85.83
13679,85.83,False,85.83
13680,85.83,False,85.83
13681,85.83,False,85.83
13682,85.83,False,85.83
13683,85.83,False,85.83
13684,85.83,False,85.83
13685,85.83,False,85.83
13686,85.83,False,85.83
13687,85.83,False,85.83
13688,85.83,False,85.83
13689,85.83,False,85.83
13690,85.83,False,85.83
13691,85.83,False,85.83
13692,85.83,False,85.83
13693,85.83,False,85.83
13694,85.83,False,85.83
13695,85.83,False,85.83
13696,86.67,False,85.998
13697,86.67,False,86.166
13698,86.67,False,86.334
13699,86.67,False,86.50200000000001
13700,86.67,False,86.67
13701,86.67,False,86.67
13702,86.67,False,86.67
13703,86.67,False,86.67
13704,86.67,False,86.67
13705,86.67,False,86.67
13706,86.67,False,86.67
13707,86.67,False,86.67
13708,86.67,False,86.67
13709,86.67,False,86.67
13710,86.67,False,86.67
13711,86.67,False,86.67
13712,86.67,False,86.67
13713,86.67,False,86.67
13714,86.67,False,86.67
13715,86.67,False,86.67
13716,86.67,False,86.67
13717,86.67,False,86.67
13718,86.67,False,86.67
13719,86.67,False,86.67
13720,86.67,False,86.67
13721,86.67,False,86.67
13722,86.67,False,86.67
13723,86.67,False,86.67
13724,86.67,False,86.67
13725,86.67,False,86.67
13726,86.67,False,86.67
13727,86.67,False,86.67
13728,86.67,False,86.67
13729,86.67,False,86.67
13730,86.67,False,86.67
13731,86.67,False,86.67
13732,86.67,False,86.67
13733,86.67,False,86.67
13734,86.67,False,86.67
13735,86.67,False,86.67
13736,86.67,False,86.67
13737,86.67,False,86.67
13738,86.67,False,86.67
13739,86.67,False,86.67
13740,86.67,False,86.67
13741,86.67,False,86.67
13742,86.67,False,86.67
13743,86.67,False,86.67
13744,86.67,False,86.67
13745,86.67,False,86.67
13746,86.67,False,86.67
13747,86.67,False,86.67
13748,86.67,False,86.67
13749,86.67,False,86.67
13750,86.67,False,86.67
13751,86.67,False,86.67
13752,86.67,False,86.67
13753,86.67,False,86.67
13754,86.67,False,86.67
13755,86.67,False,86.67
13756,86.67,False,86.67
13757,81.67,False,85.67
13758,81.67,False,84.67
13759,81.67,False,83.67
13760,81.67,False,82.67
13761,81.67,False,81.67
13762,81.67,False,81.67
13763,81.67,False,81.67
13764,81.67,False,81.67
13765,81.67,False,81.67
13766,81.67,False,81.67
13767,81.67,False,81.67
13768,81.67,False,81.67
13769,81.67,False,81.67
13770,81.67,False,81.67
13771,81.67,False,81.67
13772,81.67,False,81.67
13773,81.67,False,81.67
13774,81.67,False,81.67
13775,81.67,False,81.67
13776,81.67,False,81.67
13777,81.67,False,81.67
13778,81.67,False,81.67
13779,81.67,False,81.67
13780,81.67,False,81.67
13781,81.67,False,81.67
13782,81.67,False,81.67
13783,81.67,False,81.67
13784,81.67,False,81.67
13785,81.67,False,81.67
13786,81.67,False,81.67
13787,82.5,False,81.836
13788,82.5,False,82.002
13789,82.5,False,82.168
13790,82.5,False,82.334
13791,82.5,False,82.5
13792,82.5,False,82.5
13793,82.5,False,82.5
13794,82.5,False,82.5
13795,82.5,False,82.5
13796,82.5,False,82.5
13797,82.5,False,82.5
13798,82.5,False,82.5
13799,82.5,False,82.5
13800,82.5,False,82.5
13801,82.5,False,82.5
13802,82.5,False,82.5
13803,82.5,False,82.5
13804,82.5,False,82.5
13805,82.5,False,82.5
13806,82.5,False,82.5
13807,82.5,False,82.5
13808,82.5,False,82.5
13809,82.5,False,82.5
13810,82.5,False,82.5
13811,82.5,False,82.5
13812,82.5,False,82.5
13813,82.5,False,82.5
13814,82.5,False,82.5
13815,82.5,False,82.5
13816,82.5,False,82.5
13817,82.5,False,82.5
13818,79.17,False,81.834
13819,79.17,False,81.168
13820,79.17,False,80.502
13821,79.17,False,79.836
13822,79.17,False,79.17
13823,79.17,False,79.17
13824,79.17,False,79.17
13825,68.33,False,77.002
13826,68.33,False,74.834
13827,68.33,False,72.666
13828,68.33,False,70.49799999999999
13829,68.33,False,68.33
13830,68.33,False,68.33
13831,68.33,False,68.33
13832,68.33,False,68.33
13833,68.33,False,68.33
13834,68.33,False,68.33
13835,68.33,False,68.33
13836,68.33,False,68.33
13837,68.33,False,68.33
13838,36.67,False,61.99799999999999
13839,36.67,False,55.666
13840,36.67,False,49.334
13841,36.67,False,43.002
13842,36.67,False,36.67
13843,36.67,False,36.67
13844,36.67,False,36.67
13845,36.67,False,36.67
13846,36.67,False,36.67
13847,36.67,False,36.67
13848,36.67,False,36.67
13849,36.67,False,36.67
13850,36.67,False,36.67
13851,36.67,False,36.67
13852,36.67,False,36.67
13853,36.67,False,36.67
13854,36.67,False,36.67
13855,36.67,False,36.67
13856,36.67,False,36.67
13857,36.67,False,36.67
13858,36.67,False,36.67
13859,36.67,False,36.67
13860,36.67,False,36.67
13861,36.67,False,36.67
13862,36.67,False,36.67
13863,36.67,False,36.67
13864,36.67,False,36.67
13865,36.67,False,36.67
13866,36.67,False,36.67
13867,36.67,False,36.67
13868,36.67,False,36.67
13869,57.5,False,40.836
13870,57.5,False,45.001999999999995
13871,57.5,False,49.16799999999999
13872,57.5,False,53.334
13873,57.5,False,57.5
13874,57.5,False,57.5
13875,57.5,False,57.5
13876,57.5,False,57.5
13877,57.5,False,57.5
13878,57.5,False,57.5
13879,57.5,False,57.5
13880,57.5,False,57.5
13881,57.5,False,57.5
13882,57.5,False,57.5
13883,57.5,False,57.5
13884,57.5,False,57.5
13885,57.5,False,57.5
13886,57.5,False,57.5
13887,57.5,False,57.5
13888,57.5,False,57.5
13889,57.5,False,57.5
13890,57.5,False,57.5
13891,57.5,False,57.5
13892,57.5,False,57.5
13893,57.5,False,57.5
13894,57.5,False,57.5
13895,57.5,False,57.5
13896,57.5,False,57.5
13897,57.5,False,57.5
13898,57.5,False,57.5
13899,31.67,False,52.33399999999999
13900,31.67,False,47.16799999999999
13901,31.67,False,42.001999999999995
13902,31.67,False,36.836
13903,31.67,False,31.67
13904,31.67,False,31.67
13905,31.67,False,31.67
13906,31.67,False,31.67
13907,31.67,False,31.67
13908,31.67,False,31.67
13909,31.67,False,31.67
13910,31.67,False,31.67
13911,31.67,False,31.67
13912,31.67,False,31.67
13913,31.67,False,31.67
13914,31.67,False,31.67
13915,31.67,False,31.67
13916,31.67,False,31.67
13917,31.67,False,31.67
13918,31.67,False,31.67
13919,31.67,False,31.67
13920,31.67,False,31.67
13921,31.67,False,31.67
13922,31.67,False,31.67
13923,31.67,False,31.67
13924,31.67,False,31.67
13925,31.67,False,31.67
13926,31.67,False,31.67
13927,31.67,False,31.67
13928,31.67,False,31.67
13929,31.67,False,31.67
13930,32.5,False,31.836000000000002
13931,32.5,False,32.001999999999995
13932,32.5,False,32.16799999999999
13933,32.5,False,32.334
13934,32.5,False,32.5
13935,32.5,False,32.5
13936,32.5,False,32.5
13937,32.5,False,32.5
13938,32.5,False,32.5
13939,32.5,False,32.5
13940,32.5,False,32.5
13941,32.5,False,32.5
13942,32.5,False,32.5
13943,32.5,False,32.5
13944,32.5,False,32.5
13945,32.5,False,32.5
13946,32.5,False,32.5
13947,32.5,False,32.5
13948,32.5,False,32.5
13949,32.5,False,32.5
13950,32.5,False,32.5
13951,32.5,False,32.5
13952,32.5,False,32.5
13953,32.5,False,32.5
13954,32.5,False,32.5
13955,32.5,False,32.5
13956,32.5,False,32.5
13957,32.5,False,32.5
13958,32.5,False,32.5
13959,32.5,False,32.5
13960,76.67,False,41.333999999999996
13961,76.67,False,50.168000000000006
13962,76.67,False,59.001999999999995
13963,76.67,False,67.836
13964,76.67,False,76.67
13965,76.67,False,76.67
13966,76.67,False,76.67
13967,76.67,False,76.67
13968,76.67,False,76.67
13969,76.67,False,76.67
13970,76.67,False,76.67
13971,76.67,False,76.67
13972,76.67,False,76.67
13973,76.67,False,76.67
13974,76.67,False,76.67
13975,76.67,False,76.67
13976,76.67,False,76.67
13977,76.67,False,76.67
13978,76.67,False,76.67
13979,76.67,False,76.67
13980,76.67,False,76.67
13981,76.67,False,76.67
13982,76.67,False,76.67
13983,76.67,False,76.67
13984,76.67,False,76.67
13985,76.67,False,76.67
13986,76.67,False,76.67
13987,76.67,False,76.67
13988,76.67,False,76.67
13989,76.67,False,76.67
13990,76.67,False,76.67
13991,79.17,False,77.17
13992,79.17,False,77.67
13993,79.17,False,78.17
13994,79.17,False,78.67
13995,79.17,False,79.17
13996,79.17,False,79.17
13997,79.17,False,79.17
13998,79.17,False,79.17
13999,79.17,False,79.17
14000,79.17,False,79.17
14001,79.17,False,79.17
14002,79.17,False,79.17
14003,79.17,False,79.17
14004,79.17,False,79.17
14005,79.17,False,79.17
14006,79.17,False,79.17
14007,79.17,False,79.17
14008,79.17,False,79.17
14009,79.17,False,79.17
14010,79.17,False,79.17
14011,79.17,False,79.17
14012,79.17,False,79.17
14013,79.17,False,79.17
14014,79.17,False,79.17
14015,79.17,False,79.17
14016,79.17,False,79.17
14017,79.17,False,79.17
14018,79.17,False,79.17
14019,79.17,False,79.17
14020,79.17,False,79.17
14021,79.17,False,79.17
14022,81.67,False,79.67
14023,81.67,False,80.17
14024,81.67,False,80.67
14025,81.67,False,81.17
14026,81.67,False,81.67
14027,81.67,False,81.67
14028,81.67,False,81.67
14029,81.67,False,81.67
14030,81.67,False,81.67
14031,81.67,False,81.67
14032,81.67,False,81.67
14033,81.67,False,81.67
14034,81.67,False,81.67
14035,81.67,False,81.67
14036,81.67,False,81.67
14037,81.67,False,81.67
14038,81.67,False,81.67
14039,81.67,False,81.67
14040,81.67,False,81.67
14041,81.67,False,81.67
14042,81.67,False,81.67
14043,81.67,False,81.67
14044,81.67,False,81.67
14045,81.67,False,81.67
14046,81.67,False,81.67
14047,81.67,False,81.67
14048,81.67,False,81.67
14049,81.67,False,81.67
14050,81.67,False,81.67
14051,81.67,False,81.67
14052,83.33,False,82.002
14053,83.33,False,82.334
14054,83.33,False,82.666
14055,83.33,False,82.99799999999999
14056,83.33,False,83.33
14057,83.33,False,83.33
14058,83.33,False,83.33
14059,83.33,False,83.33
14060,83.33,False,83.33
14061,83.33,False,83.33
14062,83.33,False,83.33
14063,83.33,False,83.33
14064,83.33,False,83.33
14065,83.33,False,83.33
14066,83.33,False,83.33
14067,83.33,False,83.33
14068,83.33,False,83.33
14069,83.33,False,83.33
14070,83.33,False,83.33
14071,83.33,False,83.33
14072,83.33,False,83.33
14073,83.33,False,83.33
14074,83.33,False,83.33
14075,83.33,False,83.33
14076,83.33,False,83.33
14077,83.33,False,83.33
14078,83.33,False,83.33
14079,83.33,False,83.33
14080,83.33,False,83.33
14081,81.67,False,82.99799999999999
14082,81.67,False,82.666
14083,81.67,False,82.334
14084,81.67,False,82.002
14085,81.67,False,81.67
14086,81.67,False,81.67
14087,81.67,False,81.67
14088,81.67,False,81.67
14089,81.67,False,81.67
14090,81.67,False,81.67
14091,81.67,False,81.67
14092,81.67,False,81.67
14093,81.67,False,81.67
14094,81.67,False,81.67
14095,81.67,False,81.67
14096,81.67,False,81.67
14097,81.67,False,81.67
14098,81.67,False,81.67
14099,81.67,False,81.67
14100,81.67,False,81.67
14101,81.67,False,81.67
14102,81.67,False,81.67
14103,79.17,False,81.17
14104,79.17,False,80.67
14105,79.17,False,80.17
14106,79.17,False,79.67
14107,79.17,False,79.17
14108,79.17,False,79.17
14109,79.17,False,79.17
14110,79.17,False,79.17
14111,79.17,False,79.17
14112,79.17,False,79.17
14113,79.17,False,79.17
14114,79.17,False,79.17
14115,79.17,False,79.17
14116,79.17,False,79.17
14117,79.17,False,79.17
14118,79.17,False,79.17
14119,79.17,False,79.17
14120,79.17,False,79.17
14121,79.17,False,79.17
14122,79.17,False,79.17
14123,79.17,False,79.17
14124,79.17,False,79.17
14125,79.17,False,79.17
14126,79.17,False,79.17
14127,79.17,False,79.17
14128,79.17,False,79.17
14129,79.17,False,79.17
14130,79.17,False,79.17
14131,79.17,False,79.17
14132,79.17,False,79.17
14133,79.17,False,79.17
14134,76.67,False,78.67
14135,76.67,False,78.17
14136,76.67,False,77.67
14137,76.67,False,77.17
14138,76.67,False,76.67
14139,76.67,False,76.67
14140,76.67,False,76.67
14141,76.67,False,76.67
14142,76.67,False,76.67
14143,76.67,False,76.67
14144,76.67,False,76.67
14145,76.67,False,76.67
14146,76.67,False,76.67
14147,76.67,False,76.67
14148,76.67,False,76.67
14149,76.67,False,76.67
14150,76.67,False,76.67
14151,76.67,False,76.67
14152,76.67,False,76.67
14153,76.67,False,76.67
14154,76.67,False,76.67
14155,76.67,False,76.67
14156,76.67,False,76.67
14157,76.67,False,76.67
14158,76.67,False,76.67
14159,76.67,False,76.67
14160,76.67,False,76.67
14161,76.67,False,76.67
14162,76.67,False,76.67
14163,76.67,False,76.67
14164,73.33,False,76.002
14165,73.33,False,75.334
14166,73.33,False,74.66600000000001
14167,73.33,False,73.998
14168,73.33,False,73.33
14169,73.33,False,73.33
14170,73.33,False,73.33
14171,73.33,False,73.33
14172,73.33,False,73.33
14173,73.33,False,73.33
14174,73.33,False,73.33
14175,73.33,False,73.33
14176,73.33,False,73.33
14177,73.33,False,73.33
14178,73.33,False,73.33
14179,73.33,False,73.33
14180,73.33,False,73.33
14181,73.33,False,73.33
14182,73.33,False,73.33
14183,73.33,False,73.33
14184,73.33,False,73.33
14185,73.33,False,73.33
14186,73.33,False,73.33
14187,73.33,False,73.33
14188,73.33,False,73.33
14189,73.33,False,73.33
14190,73.33,False,73.33
14191,73.33,False,73.33
14192,73.33,False,73.33
14193,73.33,False,73.33
14194,73.33,False,73.33
14195,68.33,False,72.33
14196,68.33,False,71.33
14197,68.33,False,70.33
14198,68.33,False,69.33
14199,68.33,False,68.33
14200,68.33,False,68.33
14201,68.33,False,68.33
14202,68.33,False,68.33
14203,68.33,False,68.33
14204,68.33,False,68.33
14205,68.33,False,68.33
14206,68.33,False,68.33
14207,68.33,False,68.33
14208,68.33,False,68.33
14209,68.33,False,68.33
14210,68.33,False,68.33
14211,68.33,False,68.33
14212,68.33,False,68.33
14213,68.33,False,68.33
14214,68.33,False,68.33
14215,68.33,False,68.33
14216,68.33,False,68.33
14217,68.33,False,68.33
14218,68.33,False,68.33
14219,68.33,False,68.33
14220,68.33,False,68.33
14221,68.33,False,68.33
14222,68.33,False,68.33
14223,68.33,False,68.33
14224,68.33,False,68.33
14225,68.33,False,68.33
14226,68.33,False,68.33
14227,68.33,False,68.33
14228,68.33,False,68.33
14229,68.33,False,68.33
14230,68.33,False,68.33
14231,68.33,False,68.33
14232,68.33,False,68.33
14233,68.33,False,68.33
14234,68.33,False,68.33
14235,68.33,False,68.33
14236,68.33,False,68.33
14237,68.33,False,68.33
14238,68.33,False,68.33
14239,68.33,False,68.33
14240,68.33,False,68.33
14241,68.33,False,68.33
14242,68.33,False,68.33
14243,68.33,False,68.33
14244,68.33,False,68.33
14245,68.33,False,68.33
14246,68.33,False,68.33
14247,68.33,False,68.33
14248,68.33,False,68.33
14249,68.33,False,68.33
14250,68.33,False,68.33
14251,68.33,False,68.33
14252,68.33,False,68.33
14253,68.33,False,68.33
14254,68.33,False,68.33
14255,68.33,False,68.33
14256,68.33,False,68.33
14257,68.33,False,68.33
14258,68.33,False,68.33
14259,68.33,False,68.33
14260,68.33,False,68.33
14261,68.33,False,68.33
14262,68.33,False,68.33
14263,68.33,False,68.33
14264,68.33,False,68.33
14265,68.33,False,68.33
14266,68.33,False,68.33
14267,68.33,False,68.33
14268,68.33,False,68.33
14269,68.33,False,68.33
14270,68.33,False,68.33
14271,68.33,False,68.33
14272,68.33,False,68.33
14273,68.33,False,68.33
14274,68.33,False,68.33
14275,68.33,False,68.33
14276,68.33,False,68.33
14277,68.33,False,68.33
14278,68.33,False,68.33
14279,68.33,False,68.33
14280,68.33,False,68.33
14281,68.33,False,68.33
14282,68.33,False,68.33
14283,68.33,False,68.33
14284,68.33,False,68.33
14285,68.33,False,68.33
14286,67.5,False,68.164
14287,67.5,False,67.998
14288,67.5,False,67.832
14289,67.5,False,67.666
14290,67.5,False,67.5
14291,67.5,False,67.5
14292,67.5,False,67.5
14293,67.5,False,67.5
14294,67.5,False,67.5
14295,67.5,False,67.5
14296,67.5,False,67.5
14297,67.5,False,67.5
14298,67.5,False,67.5
14299,67.5,False,67.5
14300,67.5,False,67.5
14301,67.5,False,67.5
14302,67.5,False,67.5
14303,67.5,False,67.5
14304,67.5,False,67.5
14305,67.5,False,67.5
14306,67.5,False,67.5
14307,67.5,False,67.5
14308,67.5,False,67.5
14309,67.5,False,67.5
14310,67.5,False,67.5
14311,67.5,False,67.5
14312,67.5,False,67.5
14313,67.5,False,67.5
14314,67.5,False,67.5
14315,67.5,False,67.5
14316,67.5,False,67.5
14317,67.5,False,67.5
14318,67.5,False,67.5
14319,67.5,False,67.5
14320,67.5,False,67.5
14321,67.5,False,67.5
14322,67.5,False,67.5
14323,67.5,False,67.5
14324,67.5,False,67.5
14325,67.5,False,67.5
14326,67.5,False,67.5
14327,67.5,False,67.5
14328,67.5,False,67.5
14329,67.5,False,67.5
14330,67.5,False,67.5
14331,67.5,False,67.5
14332,67.5,False,67.5
14333,67.5,False,67.5
14334,67.5,False,67.5
14335,67.5,False,67.5
14336,67.5,False,67.5
14337,69.17,False,67.834
14338,69.17,False,68.168
14339,69.17,False,68.502
14340,69.17,False,68.836
14341,69.17,False,69.17
14342,69.17,False,69.17
14343,69.17,False,69.17
14344,69.17,False,69.17
14345,69.17,False,69.17
14346,69.17,False,69.17
14347,69.17,False,69.17
14348,69.17,False,69.17
14349,69.17,False,69.17
14350,69.17,False,69.17
14351,69.17,False,69.17
14352,69.17,False,69.17
14353,69.17,False,69.17
14354,69.17,False,69.17
14355,69.17,False,69.17
14356,69.17,False,69.17
14357,69.17,False,69.17
14358,69.17,False,69.17
14359,69.17,False,69.17
14360,69.17,False,69.17
14361,69.17,False,69.17
14362,69.17,False,69.17
14363,69.17,False,69.17
14364,69.17,False,69.17
14365,69.17,False,69.17
14366,69.17,False,69.17
14367,69.17,False,69.17
14368,70.0,False,69.33600000000001
14369,70.0,False,69.502
14370,70.0,False,69.668
14371,70.0,False,69.83399999999999
14372,70.0,False,70.0
14373,70.0,False,70.0
14374,70.0,False,70.0
14375,70.0,False,70.0
14376,70.0,False,70.0
14377,70.0,False,70.0
14378,70.0,False,70.0
14379,70.0,False,70.0
14380,70.0,False,70.0
14381,70.0,False,70.0
14382,70.0,False,70.0
14383,70.0,False,70.0
14384,70.0,False,70.0
14385,70.0,False,70.0
14386,70.0,False,70.0
14387,70.0,False,70.0
14388,70.0,False,70.0
14389,70.0,False,70.0
14390,70.0,False,70.0
14391,70.0,False,70.0
14392,70.0,False,70.0
14393,70.0,False,70.0
14394,70.0,False,70.0
14395,70.0,False,70.0
14396,70.0,False,70.0
14397,70.0,False,70.0
14398,70.0,False,70.0
14399,70.0,False,70.0
14400,70.0,False,70.0
14401,70.0,False,70.0
14402,70.0,False,70.0
14403,70.0,False,70.0
14404,70.0,False,70.0
14405,70.0,False,70.0
14406,70.0,False,70.0
14407,70.0,False,70.0
14408,70.0,False,70.0
14409,70.0,False,70.0
14410,70.0,False,70.0
14411,70.0,False,70.0
14412,70.0,False,70.0
14413,70.0,False,70.0
14414,70.0,False,70.0
14415,70.0,False,70.0
14416,70.0,False,70.0
14417,70.0,False,70.0
14418,70.0,False,70.0
14419,70.0,False,70.0
14420,70.0,False,70.0
14421,70.0,False,70.0
14422,70.0,False,70.0
14423,70.0,False,70.0
14424,70.0,False,70.0
14425,70.0,False,70.0
14426,70.0,False,70.0
14427,70.0,False,70.0
14428,66.67,False,69.334
14429,66.67,False,68.66799999999999
14430,66.67,False,68.00200000000001
14431,66.67,False,67.33599999999998
14432,66.67,False,66.67
14433,66.67,False,66.67
14434,66.67,False,66.67
14435,66.67,False,66.67
14436,66.67,False,66.67
14437,66.67,False,66.67
14438,66.67,False,66.67
14439,66.67,False,66.67
14440,66.67,False,66.67
14441,66.67,False,66.67
14442,66.67,False,66.67
14443,66.67,False,66.67
14444,66.67,False,66.67
14445,66.67,False,66.67
14446,66.67,False,66.67
14447,66.67,False,66.67
14448,66.67,False,66.67
14449,66.67,False,66.67
14450,66.67,False,66.67
14451,66.67,False,66.67
14452,66.67,False,66.67
14453,66.67,False,66.67
14454,66.67,False,66.67
14455,66.67,False,66.67
14456,66.67,False,66.67
14457,66.67,False,66.67
14458,66.67,False,66.67
14459,65.83,False,66.502
14460,65.83,False,66.334
14461,65.83,False,66.16600000000001
14462,65.83,False,65.998
14463,65.83,False,65.83
14464,65.83,False,65.83
14465,65.83,False,65.83
14466,65.83,False,65.83
14467,65.83,False,65.83
14468,65.83,False,65.83
14469,65.83,False,65.83
14470,65.83,False,65.83
14471,65.83,False,65.83
14472,65.83,False,65.83
14473,65.83,False,65.83
14474,65.83,False,65.83
14475,65.83,False,65.83
14476,65.83,False,65.83
14477,65.83,False,65.83
14478,65.83,False,65.83
14479,65.83,False,65.83
14480,65.83,False,65.83
14481,65.83,False,65.83
14482,65.83,False,65.83
14483,65.83,False,65.83
14484,65.83,False,65.83
14485,65.83,False,65.83
14486,65.83,False,65.83
14487,65.83,False,65.83
14488,65.83,False,65.83
14489,66.67,False,65.998
14490,66.67,False,66.166
14491,66.67,False,66.33399999999999
14492,66.67,False,66.502
14493,66.67,False,66.67
14494,66.67,False,66.67
14495,66.67,False,66.67
14496,66.67,False,66.67
14497,66.67,False,66.67
14498,66.67,False,66.67
14499,66.67,False,66.67
14500,66.67,False,66.67
14501,66.67,False,66.67
14502,66.67,False,66.67
14503,66.67,False,66.67
14504,66.67,False,66.67
14505,66.67,False,66.67
14506,66.67,False,66.67
14507,66.67,False,66.67
14508,66.67,False,66.67
14509,66.67,False,66.67
14510,66.67,False,66.67
14511,66.67,False,66.67
14512,66.67,False,66.67
14513,66.67,False,66.67
14514,66.67,False,66.67
14515,66.67,False,66.67
14516,66.67,False,66.67
14517,66.67,False,66.67
14518,66.67,False,66.67
14519,66.67,False,66.67
14520,69.17,False,67.17
14521,69.17,False,67.67
14522,69.17,False,68.17
14523,69.17,False,68.67
14524,69.17,False,69.17
14525,69.17,False,69.17
14526,69.17,False,69.17
14527,69.17,False,69.17
14528,69.17,False,69.17
14529,69.17,False,69.17
14530,69.17,False,69.17
14531,69.17,False,69.17
14532,69.17,False,69.17
14533,69.17,False,69.17
14534,69.17,False,69.17
14535,69.17,False,69.17
14536,69.17,False,69.17
14537,69.17,False,69.17
14538,69.17,False,69.17
14539,69.17,False,69.17
14540,69.17,False,69.17
14541,69.17,False,69.17
14542,69.17,False,69.17
14543,69.17,False,69.17
14544,69.17,False,69.17
14545,69.17,False,69.17
14546,69.17,False,69.17
14547,69.17,False,69.17
14548,69.17,False,69.17
14549,69.17,False,69.17
14550,71.67,False,69.67
14551,71.67,False,70.17
14552,71.67,False,70.67
14553,71.67,False,71.17
14554,71.67,False,71.67
14555,71.67,False,71.67
14556,71.67,False,71.67
14557,71.67,False,71.67
14558,71.67,False,71.67
14559,71.67,False,71.67
14560,71.67,False,71.67
14561,71.67,False,71.67
14562,71.67,False,71.67
14563,71.67,False,71.67
14564,71.67,False,71.67
14565,71.67,False,71.67
14566,71.67,False,71.67
14567,71.67,False,71.67
14568,71.67,False,71.67
14569,71.67,False,71.67
14570,71.67,False,71.67
14571,71.67,False,71.67
14572,71.67,False,71.67
14573,71.67,False,71.67
14574,71.67,False,71.67
14575,71.67,False,71.67
14576,71.67,False,71.67
14577,71.67,False,71.67
14578,71.67,False,71.67
14579,71.67,False,71.67
14580,71.67,False,71.67
14581,72.5,False,71.836
14582,72.5,False,72.002
14583,72.5,False,72.16799999999999
14584,72.5,False,72.33399999999999
14585,72.5,False,72.5
14586,72.5,False,72.5
14587,72.5,False,72.5
14588,72.5,False,72.5
14589,72.5,False,72.5
14590,72.5,False,72.5
14591,72.5,False,72.5
14592,72.5,False,72.5
14593,73.33,False,72.66600000000001
14594,73.33,False,72.83200000000001
14595,73.33,False,72.998
14596,73.33,False,73.164
14597,73.33,False,73.33
14598,73.33,False,73.33
14599,73.33,False,73.33
14600,73.33,False,73.33
14601,71.67,False,72.998
14602,71.67,False,72.666
14603,71.67,False,72.33399999999999
14604,71.67,False,72.002
14605,71.67,False,71.67
14606,71.67,False,71.67
14607,71.67,False,71.67
14608,71.67,False,71.67
14609,71.67,False,71.67
14610,71.67,False,71.67
14611,71.67,False,71.67
14612,71.67,False,71.67
14613,71.67,False,71.67
14614,71.67,False,71.67
14615,71.67,False,71.67
14616,71.67,False,71.67
14617,71.67,False,71.67
14618,71.67,False,71.67
14619,71.67,False,71.67
14620,71.67,False,71.67
14621,71.67,False,71.67
14622,71.67,False,71.67
14623,71.67,False,71.67
14624,71.67,False,71.67
14625,71.67,False,71.67
14626,71.67,False,71.67
14627,71.67,False,71.67
14628,71.67,False,71.67
14629,71.67,False,71.67
14630,71.67,False,71.67
14631,71.67,False,71.67
14632,72.5,False,71.83600000000001
14633,72.5,False,72.002
14634,72.5,False,72.168
14635,72.5,False,72.33399999999999
14636,72.5,False,72.5
14637,72.5,False,72.5
14638,72.5,False,72.5
14639,72.5,False,72.5
14640,72.5,False,72.5
14641,72.5,False,72.5
14642,72.5,False,72.5
14643,72.5,False,72.5
14644,72.5,False,72.5
14645,72.5,False,72.5
14646,72.5,False,72.5
14647,72.5,False,72.5
14648,72.5,False,72.5
14649,72.5,False,72.5
14650,72.5,False,72.5
14651,72.5,False,72.5
14652,72.5,False,72.5
14653,72.5,False,72.5
14654,72.5,False,72.5
14655,72.5,False,72.5
14656,72.5,False,72.5
14657,72.5,False,72.5
14658,72.5,False,72.5
14659,72.5,False,72.5
14660,72.5,False,72.5
14661,72.5,False,72.5
14662,74.17,False,72.834
14663,74.17,False,73.16799999999999
14664,74.17,False,73.50200000000001
14665,74.17,False,73.83599999999998
14666,74.17,False,74.17
14667,74.17,False,74.17
14668,74.17,False,74.17
14669,74.17,False,74.17
14670,74.17,False,74.17
14671,74.17,False,74.17
14672,74.17,False,74.17
14673,74.17,False,74.17
14674,74.17,False,74.17
14675,74.17,False,74.17
14676,74.17,False,74.17
14677,74.17,False,74.17
14678,74.17,False,74.17
14679,74.17,False,74.17
14680,74.17,False,74.17
14681,74.17,False,74.17
14682,74.17,False,74.17
14683,74.17,False,74.17
14684,74.17,False,74.17
14685,74.17,False,74.17
14686,74.17,False,74.17
14687,74.17,False,74.17
14688,74.17,False,74.17
14689,74.17,False,74.17
14690,74.17,False,74.17
14691,74.17,False,74.17
14692,74.17,False,74.17
14693,75.0,False,74.336
14694,75.0,False,74.502
14695,75.0,False,74.668
14696,75.0,False,74.834
14697,75.0,False,75.0
14698,75.0,False,75.0
14699,75.0,False,75.0
14700,75.0,False,75.0
14701,75.0,False,75.0
14702,75.0,False,75.0
14703,75.0,False,75.0
14704,75.0,False,75.0
14705,75.0,False,75.0
14706,75.0,False,75.0
14707,75.0,False,75.0
14708,75.0,False,75.0
14709,75.0,False,75.0
14710,75.0,False,75.0
14711,75.0,False,75.0
14712,75.0,False,75.0
14713,75.0,False,75.0
14714,75.0,False,75.0
14715,75.0,False,75.0
14716,75.0,False,75.0
14717,75.0,False,75.0
14718,75.0,False,75.0
14719,75.0,False,75.0
14720,75.0,False,75.0
14721,75.0,False,75.0
14722,75.0,False,75.0
14723,76.67,False,75.33399999999999
14724,76.67,False,75.66799999999999
14725,76.67,False,76.002
14726,76.67,False,76.336
14727,76.67,False,76.67
14728,76.67,False,76.67
14729,76.67,False,76.67
14730,76.67,False,76.67
14731,76.67,False,76.67
14732,76.67,False,76.67
14733,76.67,False,76.67
14734,76.67,False,76.67
14735,76.67,False,76.67
14736,76.67,False,76.67
14737,76.67,False,76.67
14738,76.67,False,76.67
14739,76.67,False,76.67
14740,76.67,False,76.67
14741,76.67,False,76.67
14742,76.67,False,76.67
14743,76.67,False,76.67
14744,76.67,False,76.67
14745,76.67,False,76.67
14746,76.67,False,76.67
14747,76.67,False,76.67
14748,76.67,False,76.67
14749,76.67,False,76.67
14750,76.67,False,76.67
14751,76.67,False,76.67
14752,76.67,False,76.67
14753,76.67,False,76.67
14754,79.17,False,77.17
14755,79.17,False,77.67
14756,79.17,False,78.17
14757,79.17,False,78.67
14758,79.17,False,79.17
14759,79.17,False,79.17
14760,79.17,False,79.17
14761,79.17,False,79.17
14762,79.17,False,79.17
14763,79.17,False,79.17
14764,79.17,False,79.17
14765,79.17,False,79.17
14766,79.17,False,79.17
14767,79.17,False,79.17
14768,79.17,False,79.17
14769,79.17,False,79.17
14770,79.17,False,79.17
14771,79.17,False,79.17
14772,79.17,False,79.17
14773,79.17,False,79.17
14774,79.17,False,79.17
14775,79.17,False,79.17
14776,79.17,False,79.17
14777,79.17,False,79.17
14778,79.17,False,79.17
14779,79.17,False,79.17
14780,79.17,False,79.17
14781,79.17,False,79.17
14782,79.17,False,79.17
14783,79.17,False,79.17
14784,83.33,False,80.00200000000001
14785,83.33,False,80.834
14786,83.33,False,81.666
14787,83.33,False,82.498
14788,83.33,False,83.33
14789,83.33,False,83.33
14790,83.33,False,83.33
14791,83.33,False,83.33
14792,83.33,False,83.33
14793,83.33,False,83.33
14794,83.33,False,83.33
14795,83.33,False,83.33
14796,83.33,False,83.33
14797,83.33,False,83.33
14798,83.33,False,83.33
14799,83.33,False,83.33
14800,83.33,False,83.33
14801,83.33,False,83.33
14802,83.33,False,83.33
14803,83.33,False,83.33
14804,83.33,False,83.33
14805,83.33,False,83.33
14806,83.33,False,83.33
14807,83.33,False,83.33
14808,83.33,False,83.33
14809,83.33,False,83.33
14810,83.33,False,83.33
14811,83.33,False,83.33
14812,83.33,False,83.33
14813,83.33,False,83.33
14814,83.33,False,83.33
14815,87.5,False,84.164
14816,87.5,False,84.998
14817,87.5,False,85.832
14818,87.5,False,86.666
14819,87.5,False,87.5
14820,87.5,False,87.5
14821,87.5,False,87.5
14822,87.5,False,87.5
14823,87.5,False,87.5
14824,87.5,False,87.5
14825,87.5,False,87.5
14826,87.5,False,87.5
14827,87.5,False,87.5
14828,87.5,False,87.5
14829,87.5,False,87.5
14830,87.5,False,87.5
14831,87.5,False,87.5
14832,87.5,False,87.5
14833,87.5,False,87.5
14834,87.5,False,87.5
14835,87.5,False,87.5
14836,87.5,False,87.5
14837,87.5,False,87.5
14838,87.5,False,87.5
14839,87.5,False,87.5
14840,87.5,False,87.5
14841,87.5,False,87.5
14842,87.5,False,87.5
14843,87.5,False,87.5
14844,87.5,False,87.5
14845,87.5,False,87.5
14846,88.33,False,87.66600000000001
14847,88.33,False,87.83200000000001
14848,88.33,False,87.998
14849,88.33,False,88.164
14850,88.33,False,88.33
14851,88.33,False,88.33
14852,88.33,False,88.33
14853,88.33,False,88.33
14854,88.33,False,88.33
14855,88.33,False,88.33
14856,88.33,False,88.33
14857,88.33,False,88.33
14858,88.33,False,88.33
14859,88.33,False,88.33
14860,88.33,False,88.33
14861,88.33,False,88.33
14862,88.33,False,88.33
14863,88.33,False,88.33
14864,88.33,False,88.33
14865,88.33,False,88.33
14866,88.33,False,88.33
14867,90.0,False,88.66399999999999
14868,90.0,False,88.998
14869,90.0,False,89.332
14870,90.0,False,89.66600000000001
14871,90.0,False,90.0
14872,90.0,False,90.0
14873,90.0,False,90.0
14874,90.0,False,90.0
14875,90.0,False,90.0
14876,90.0,False,90.0
14877,90.0,False,90.0
14878,90.0,False,90.0
14879,90.0,False,90.0
14880,90.0,False,90.0
14881,90.0,False,90.0
14882,90.0,False,90.0
14883,90.0,False,90.0
14884,90.0,False,90.0
14885,90.0,False,90.0
14886,90.0,False,90.0
14887,90.0,False,90.0
14888,90.0,False,90.0
14889,90.0,False,90.0
14890,90.0,False,90.0
14891,90.0,False,90.0
14892,90.0,False,90.0
14893,90.0,False,90.0
14894,90.0,False,90.0
14895,90.0,False,90.0
14896,90.0,False,90.0
14897,90.0,False,90.0
14898,90.0,False,90.0
14899,90.0,False,90.0
14900,90.0,False,90.0
14901,90.0,False,90.0
14902,90.0,False,90.0
14903,90.0,False,90.0
14904,90.0,False,90.0
14905,90.0,False,90.0
14906,90.0,False,90.0
14907,90.0,False,90.0
14908,90.0,False,90.0
14909,90.0,False,90.0
14910,90.0,False,90.0
14911,90.0,False,90.0
14912,90.0,False,90.0
14913,90.0,False,90.0
14914,90.0,False,90.0
14915,90.0,False,90.0
14916,90.0,False,90.0
14917,90.0,False,90.0
14918,90.0,False,90.0
14919,90.0,False,90.0
14920,90.0,False,90.0
14921,90.0,False,90.0
14922,90.0,False,90.0
14923,90.0,False,90.0
14924,90.0,False,90.0
14925,90.0,False,90.0
14926,90.0,False,90.0
14927,90.0,False,90.0
14928,90.0,False,90.0
14929,90.0,False,90.0
14930,90.0,False,90.0
14931,90.0,False,90.0
14932,90.0,False,90.0
14933,90.0,False,90.0
14934,90.0,False,90.0
14935,90.0,False,90.0
14936,90.0,False,90.0
14937,90.0,False,90.0
14938,90.0,False,90.0
14939,90.0,False,90.0
14940,90.0,False,90.0
14941,90.0,False,90.0
14942,90.0,False,90.0
14943,90.0,False,90.0
14944,90.0,False,90.0
14945,90.0,False,90.0
14946,90.0,False,90.0
14947,90.0,False,90.0
14948,90.0,False,90.0
14949,90.0,False,90.0
14950,90.0,False,90.0
14951,90.0,False,90.0
14952,90.0,False,90.0
14953,90.0,False,90.0
14954,90.0,False,90.0
14955,90.0,False,90.0
14956,90.0,False,90.0
14957,90.0,False,90.0
14958,90.0,False,90.0
14959,90.0,False,90.0
14960,90.0,False,90.0
14961,90.0,False,90.0
14962,90.0,False,90.0
14963,90.0,False,90.0
14964,90.0,False,90.0
14965,90.0,False,90.0
14966,90.0,False,90.0
14967,90.0,False,90.0
14968,90.0,False,90.0
14969,90.0,False,90.0
14970,90.0,False,90.0
14971,90.0,False,90.0
14972,90.0,False,90.0
14973,90.0,False,90.0
14974,90.0,False,90.0
14975,90.0,False,90.0
14976,90.0,False,90.0
14977,90.0,False,90.0
14978,90.0,False,90.0
14979,90.0,False,90.0
14980,90.0,False,90.0
14981,90.0,False,90.0
14982,90.0,False,90.0
14983,90.0,False,90.0
14984,90.0,False,90.0
14985,90.0,False,90.0
14986,90.0,False,90.0
14987,90.0,False,90.0
14988,90.0,False,90.0
14989,90.0,False,90.0
14990,90.0,False,90.0
14991,90.0,False,90.0
14992,90.0,False,90.0
14993,90.0,False,90.0
14994,90.0,False,90.0
14995,90.0,False,90.0
14996,90.0,False,90.0
14997,90.0,False,90.0
14998,90.0,False,90.0
14999,90.0,False,90.0
15000,90.0,False,90.0
15001,90.0,False,90.0
15002,90.0,False,90.0
15003,90.0,False,90.0
15004,90.0,False,90.0
15005,90.0,False,90.0
15006,90.0,False,90.0
15007,90.0,False,90.0
15008,90.0,False,90.0
15009,90.0,False,90.0
15010,90.0,False,90.0
15011,90.0,False,90.0
15012,90.0,False,90.0
15013,90.0,False,90.0
15014,90.0,False,90.0
15015,90.0,False,90.0
15016,90.0,False,90.0
15017,90.0,False,90.0
15018,90.0,False,90.0
15019,90.0,False,90.0
15020,90.83,False,90.166
15021,90.83,False,90.33200000000001
15022,90.83,False,90.49799999999999
15023,90.83,False,90.66400000000002
15024,90.83,False,90.83
15025,90.83,False,90.83
15026,90.83,False,90.83
15027,90.83,False,90.83
15028,90.83,False,90.83
15029,90.83,False,90.83
15030,90.83,False,90.83
15031,90.83,False,90.83
15032,90.83,False,90.83
15033,90.83,False,90.83
15034,90.83,False,90.83
15035,90.83,False,90.83
15036,90.83,False,90.83
15037,90.83,False,90.83
15038,90.83,False,90.83
15039,90.83,False,90.83
15040,90.83,False,90.83
15041,90.83,False,90.83
15042,90.83,False,90.83
15043,90.83,False,90.83
15044,90.83,False,90.83
15045,90.83,False,90.83
15046,90.83,False,90.83
15047,90.83,False,90.83
15048,90.83,False,90.83
15049,90.83,False,90.83
15050,90.0,False,90.664
15051,90.0,False,90.498
15052,90.0,False,90.332
15053,90.0,False,90.166
15054,90.0,False,90.0
15055,90.0,False,90.0
15056,90.0,False,90.0
15057,90.0,False,90.0
15058,90.0,False,90.0
15059,90.0,False,90.0
15060,90.0,False,90.0
15061,90.0,False,90.0
15062,90.0,False,90.0
15063,90.0,False,90.0
15064,90.0,False,90.0
15065,90.0,False,90.0
15066,90.0,False,90.0
15067,90.0,False,90.0
15068,90.0,False,90.0
15069,90.0,False,90.0
15070,90.0,False,90.0
15071,90.0,False,90.0
15072,90.0,False,90.0
15073,90.0,False,90.0
15074,90.0,False,90.0
15075,90.0,False,90.0
15076,90.0,False,90.0
15077,90.0,False,90.0
15078,90.0,False,90.0
15079,90.0,False,90.0
15080,90.0,False,90.0
15081,88.33,False,89.666
15082,88.33,False,89.332
15083,88.33,False,88.998
15084,88.33,False,88.664
15085,88.33,False,88.33
15086,88.33,False,88.33
15087,88.33,False,88.33
15088,88.33,False,88.33
15089,88.33,False,88.33
15090,88.33,False,88.33
15091,88.33,False,88.33
15092,88.33,False,88.33
15093,88.33,False,88.33
15094,88.33,False,88.33
15095,88.33,False,88.33
15096,88.33,False,88.33
15097,88.33,False,88.33
15098,88.33,False,88.33
15099,88.33,False,88.33
15100,88.33,False,88.33
15101,88.33,False,88.33
15102,88.33,False,88.33
15103,88.33,False,88.33
15104,88.33,False,88.33
15105,89.17,False,88.498
15106,89.17,False,88.66600000000001
15107,89.17,False,88.83399999999999
15108,89.17,False,89.002
15109,89.17,False,89.17
15110,89.17,False,89.17
15111,89.17,False,89.17
15112,89.17,False,89.17
15113,89.17,False,89.17
15114,89.17,False,89.17
15115,89.17,False,89.17
15116,89.17,False,89.17
15117,89.17,False,89.17
15118,89.17,False,89.17
15119,89.17,False,89.17
15120,89.17,False,89.17
15121,89.17,False,89.17
15122,89.17,False,89.17
15123,89.17,False,89.17
15124,89.17,False,89.17
15125,89.17,False,89.17
15126,89.17,False,89.17
15127,89.17,False,89.17
15128,89.17,False,89.17
15129,89.17,False,89.17
15130,89.17,False,89.17
15131,89.17,False,89.17
15132,89.17,False,89.17
15133,75.0,False,86.336
15134,75.0,False,83.502
15135,75.0,False,80.668
15136,75.0,False,77.834
15137,75.0,False,75.0
15138,75.0,False,75.0
15139,75.0,False,75.0
15140,75.0,False,75.0
15141,75.0,False,75.0
15142,75.0,False,75.0
15143,75.0,False,75.0
15144,75.0,False,75.0
15145,75.0,False,75.0
15146,75.0,False,75.0
15147,75.0,False,75.0
15148,75.0,False,75.0
15149,75.0,False,75.0
15150,75.0,False,75.0
15151,75.0,False,75.0
15152,75.0,False,75.0
15153,75.0,False,75.0
15154,75.0,False,75.0
15155,75.0,False,75.0
15156,75.0,False,75.0
15157,75.0,False,75.0
15158,75.0,False,75.0
15159,75.0,False,75.0
15160,75.0,False,75.0
15161,75.0,False,75.0
15162,75.0,False,75.0
15163,27.5,False,65.5
15164,27.5,False,56.0
15165,27.5,False,46.5
15166,27.5,False,37.0
15167,27.5,False,27.5
15168,27.5,False,27.5
15169,27.5,False,27.5
15170,27.5,False,27.5
15171,27.5,False,27.5
15172,27.5,False,27.5
15173,27.5,False,27.5
15174,27.5,False,27.5
15175,27.5,False,27.5
15176,27.5,False,27.5
15177,27.5,False,27.5
15178,27.5,False,27.5
15179,27.5,False,27.5
15180,27.5,False,27.5
15181,27.5,False,27.5
15182,27.5,False,27.5
15183,27.5,False,27.5
15184,27.5,False,27.5
15185,27.5,False,27.5
15186,27.5,False,27.5
15187,27.5,False,27.5
15188,27.5,False,27.5
15189,27.5,False,27.5
15190,27.5,False,27.5
15191,27.5,False,27.5
15192,27.5,False,27.5
15193,27.5,False,27.5
15194,61.67,False,34.334
15195,61.67,False,41.168
15196,61.67,False,48.001999999999995
15197,61.67,False,54.836
15198,61.67,False,61.67
15199,61.67,False,61.67
15200,61.67,False,61.67
15201,61.67,False,61.67
15202,61.67,False,61.67
15203,61.67,False,61.67
15204,61.67,False,61.67
15205,61.67,False,61.67
15206,61.67,False,61.67
15207,61.67,False,61.67
15208,61.67,False,61.67
15209,61.67,False,61.67
15210,61.67,False,61.67
15211,61.67,False,61.67
15212,61.67,False,61.67
15213,61.67,False,61.67
15214,61.67,False,61.67
15215,61.67,False,61.67
15216,61.67,False,61.67
15217,61.67,False,61.67
15218,61.67,False,61.67
15219,61.67,False,61.67
15220,61.67,False,61.67
15221,61.67,False,61.67
15222,61.67,False,61.67
15223,61.67,False,61.67
15224,85.83,False,66.502
15225,85.83,False,71.33399999999999
15226,85.83,False,76.16600000000001
15227,85.83,False,80.998
15228,85.83,False,85.83
15229,85.83,False,85.83
15230,85.83,False,85.83
15231,85.83,False,85.83
15232,85.83,False,85.83
15233,85.83,False,85.83
15234,85.83,False,85.83
15235,85.83,False,85.83
15236,85.83,False,85.83
15237,85.83,False,85.83
15238,85.83,False,85.83
15239,85.83,False,85.83
15240,85.83,False,85.83
15241,85.83,False,85.83
15242,85.83,False,85.83
15243,85.83,False,85.83
15244,85.83,False,85.83
15245,85.83,False,85.83
15246,85.83,False,85.83
15247,85.83,False,85.83
15248,85.83,False,85.83
15249,85.83,False,85.83
15250,85.83,False,85.83
15251,85.83,False,85.83
15252,85.83,False,85.83
15253,85.83,False,85.83
15254,85.83,False,85.83
15255,84.17,False,85.498
15256,84.17,False,85.166
15257,84.17,False,84.834
15258,84.17,False,84.50200000000001
15259,84.17,False,84.17
15260,84.17,False,84.17
15261,84.17,False,84.17
15262,84.17,False,84.17
15263,84.17,False,84.17
15264,84.17,False,84.17
15265,84.17,False,84.17
15266,84.17,False,84.17
15267,84.17,False,84.17
15268,84.17,False,84.17
15269,84.17,False,84.17
15270,84.17,False,84.17
15271,84.17,False,84.17
15272,84.17,False,84.17
15273,84.17,False,84.17
15274,84.17,False,84.17
15275,84.17,False,84.17
15276,84.17,False,84.17
15277,84.17,False,84.17
15278,84.17,False,84.17
15279,84.17,False,84.17
15280,84.17,False,84.17
15281,84.17,False,84.17
15282,84.17,False,84.17
15283,84.17,False,84.17
15284,84.17,False,84.17
15285,82.5,False,83.836
15286,82.5,False,83.502
15287,82.5,False,83.16799999999999
15288,82.5,False,82.83399999999999
15289,82.5,False,82.5
15290,82.5,False,82.5
15291,82.5,False,82.5
15292,82.5,False,82.5
15293,82.5,False,82.5
15294,82.5,False,82.5
15295,82.5,False,82.5
15296,82.5,False,82.5
15297,82.5,False,82.5
15298,82.5,False,82.5
15299,82.5,False,82.5
15300,82.5,False,82.5
15301,82.5,False,82.5
15302,82.5,False,82.5
15303,82.5,False,82.5
15304,82.5,False,82.5
15305,82.5,False,82.5
15306,82.5,False,82.5
15307,82.5,False,82.5
15308,82.5,False,82.5
15309,82.5,False,82.5
15310,82.5,False,82.5
15311,82.5,False,82.5
15312,82.5,False,82.5
15313,82.5,False,82.5
15314,82.5,False,82.5
15315,82.5,False,82.5
15316,82.5,False,82.5
15317,82.5,False,82.5
15318,82.5,False,82.5
15319,82.5,False,82.5
15320,82.5,False,82.5
15321,82.5,False,82.5
15322,82.5,False,82.5
15323,82.5,False,82.5
15324,82.5,False,82.5
15325,82.5,False,82.5
15326,82.5,False,82.5
15327,82.5,False,82.5
15328,82.5,False,82.5
15329,82.5,False,82.5
15330,82.5,False,82.5
15331,82.5,False,82.5
15332,82.5,False,82.5
15333,82.5,False,82.5
15334,82.5,False,82.5
15335,82.5,False,82.5
15336,82.5,False,82.5
15337,82.5,False,82.5
15338,82.5,False,82.5
15339,82.5,False,82.5
15340,82.5,False,82.5
15341,82.5,False,82.5
15342,82.5,False,82.5
15343,82.5,False,82.5
15344,82.5,False,82.5
15345,82.5,False,82.5
15346,82.5,False,82.5
15347,82.5,False,82.5
15348,82.5,False,82.5
15349,82.5,False,82.5
15350,82.5,False,82.5
15351,82.5,False,82.5
15352,82.5,False,82.5
15353,82.5,False,82.5
15354,82.5,False,82.5
15355,82.5,False,82.5
15356,82.5,False,82.5
15357,82.5,False,82.5
15358,82.5,False,82.5
15359,82.5,False,82.5
15360,82.5,False,82.5
15361,83.33,False,82.66600000000001
15362,83.33,False,82.83200000000001
15363,83.33,False,82.998
15364,83.33,False,83.164
15365,83.33,False,83.33
15366,83.33,False,83.33
15367,83.33,False,83.33
15368,83.33,False,83.33
15369,83.33,False,83.33
15370,83.33,False,83.33
15371,83.33,False,83.33
15372,83.33,False,83.33
15373,83.33,False,83.33
15374,83.33,False,83.33
15375,83.33,False,83.33
15376,83.33,False,83.33
15377,83.33,False,83.33
15378,83.33,False,83.33
15379,83.33,False,83.33
15380,83.33,False,83.33
15381,83.33,False,83.33
15382,83.33,False,83.33
15383,83.33,False,83.33
15384,83.33,False,83.33
15385,83.33,False,83.33
15386,83.33,False,83.33
15387,83.33,False,83.33
15388,83.33,False,83.33
15389,83.33,False,83.33
15390,83.33,False,83.33
15391,83.33,False,83.33
15392,83.33,False,83.33
15393,83.33,False,83.33
15394,83.33,False,83.33
15395,83.33,False,83.33
15396,83.33,False,83.33
15397,83.33,False,83.33
15398,82.5,False,83.16399999999999
15399,82.5,False,82.998
15400,82.5,False,82.832
15401,82.5,False,82.66600000000001
15402,82.5,False,82.5
15403,82.5,False,82.5
15404,82.5,False,82.5
15405,82.5,False,82.5
15406,82.5,False,82.5
15407,82.5,False,82.5
15408,82.5,False,82.5
15409,82.5,False,82.5
15410,82.5,False,82.5
15411,82.5,False,82.5
15412,82.5,False,82.5
15413,82.5,False,82.5
15414,82.5,False,82.5
15415,82.5,False,82.5
15416,82.5,False,82.5
15417,82.5,False,82.5
15418,82.5,False,82.5
15419,82.5,False,82.5
15420,82.5,False,82.5
15421,82.5,False,82.5
15422,82.5,False,82.5
15423,82.5,False,82.5
15424,82.5,False,82.5
15425,82.5,False,82.5
15426,82.5,False,82.5
15427,82.5,False,82.5
15428,82.5,False,82.5
15429,83.33,False,82.666
15430,83.33,False,82.83200000000001
15431,83.33,False,82.99799999999999
15432,83.33,False,83.16400000000002
15433,83.33,False,83.33
15434,83.33,False,83.33
15435,83.33,False,83.33
15436,83.33,False,83.33
15437,83.33,False,83.33
15438,83.33,False,83.33
15439,83.33,False,83.33
15440,83.33,False,83.33
15441,83.33,False,83.33
15442,83.33,False,83.33
15443,83.33,False,83.33
15444,83.33,False,83.33
15445,83.33,False,83.33
15446,83.33,False,83.33
15447,83.33,False,83.33
15448,83.33,False,83.33
15449,83.33,False,83.33
15450,83.33,False,83.33
15451,83.33,False,83.33
15452,83.33,False,83.33
15453,83.33,False,83.33
15454,83.33,False,83.33
15455,83.33,False,83.33
15456,83.33,False,83.33
15457,83.33,False,83.33
15458,83.33,False,83.33
15459,83.33,False,83.33
15460,83.33,False,83.33
15461,83.33,False,83.33
15462,83.33,False,83.33
15463,83.33,False,83.33
15464,83.33,False,83.33
15465,83.33,False,83.33
15466,83.33,False,83.33
15467,83.33,False,83.33
15468,83.33,False,83.33
15469,83.33,False,83.33
15470,83.33,False,83.33
15471,83.33,False,83.33
15472,83.33,False,83.33
15473,83.33,False,83.33
15474,83.33,False,83.33
15475,83.33,False,83.33
15476,83.33,False,83.33
15477,83.33,False,83.33
15478,83.33,False,83.33
15479,83.33,False,83.33
15480,83.33,False,83.33
15481,83.33,False,83.33
15482,83.33,False,83.33
15483,83.33,False,83.33
15484,83.33,False,83.33
15485,83.33,False,83.33
15486,83.33,False,83.33
15487,83.33,False,83.33
15488,83.33,False,83.33
15489,83.33,False,83.33
15490,83.33,False,83.33
15491,83.33,False,83.33
15492,83.33,False,83.33
15493,83.33,False,83.33
15494,83.33,False,83.33
15495,83.33,False,83.33
15496,83.33,False,83.33
15497,83.33,False,83.33
15498,83.33,False,83.33
15499,83.33,False,83.33
15500,83.33,False,83.33
15501,83.33,False,83.33
15502,83.33,False,83.33
15503,83.33,False,83.33
15504,83.33,False,83.33
15505,83.33,False,83.33
15506,83.33,False,83.33
15507,83.33,False,83.33
15508,83.33,False,83.33
15509,83.33,False,83.33
15510,83.33,False,83.33
15511,83.33,False,83.33
15512,83.33,False,83.33
15513,83.33,False,83.33
15514,83.33,False,83.33
15515,83.33,False,83.33
15516,83.33,False,83.33
15517,83.33,False,83.33
15518,83.33,False,83.33
15519,83.33,False,83.33
15520,83.33,False,83.33
15521,83.33,False,83.33
15522,83.33,False,83.33
15523,83.33,False,83.33
15524,83.33,False,83.33
15525,83.33,False,83.33
15526,83.33,False,83.33
15527,83.33,False,83.33
15528,83.33,False,83.33
15529,83.33,False,83.33
15530,83.33,False,83.33
15531,83.33,False,83.33
15532,83.33,False,83.33
15533,83.33,False,83.33
15534,83.33,False,83.33
15535,83.33,False,83.33
15536,83.33,False,83.33
15537,83.33,False,83.33
15538,83.33,False,83.33
15539,83.33,False,83.33
15540,83.33,False,83.33
15541,83.33,False,83.33
15542,83.33,False,83.33
15543,83.33,False,83.33
15544,83.33,False,83.33
15545,83.33,False,83.33
15546,83.33,False,83.33
15547,83.33,False,83.33
15548,83.33,False,83.33
15549,83.33,False,83.33
15550,83.33,False,83.33
15551,84.17,False,83.498
15552,84.17,False,83.66600000000001
15553,84.17,False,83.83399999999999
15554,84.17,False,84.002
15555,84.17,False,84.17
15556,84.17,False,84.17
15557,84.17,False,84.17
15558,84.17,False,84.17
15559,84.17,False,84.17
15560,84.17,False,84.17
15561,84.17,False,84.17
15562,84.17,False,84.17
15563,84.17,False,84.17
15564,84.17,False,84.17
15565,84.17,False,84.17
15566,84.17,False,84.17
15567,84.17,False,84.17
15568,84.17,False,84.17
15569,84.17,False,84.17
15570,84.17,False,84.17
15571,84.17,False,84.17
15572,84.17,False,84.17
15573,84.17,False,84.17
15574,84.17,False,84.17
15575,84.17,False,84.17
15576,84.17,False,84.17
15577,84.17,False,84.17
15578,84.17,False,84.17
15579,84.17,False,84.17
15580,84.17,False,84.17
15581,84.17,False,84.17
15582,83.33,False,84.002
15583,83.33,False,83.834
15584,83.33,False,83.666
15585,83.33,False,83.49799999999999
15586,83.33,False,83.33
15587,83.33,False,83.33
15588,83.33,False,83.33
15589,83.33,False,83.33
15590,83.33,False,83.33
15591,83.33,False,83.33
15592,83.33,False,83.33
15593,83.33,False,83.33
15594,83.33,False,83.33
15595,83.33,False,83.33
15596,83.33,False,83.33
15597,83.33,False,83.33
15598,83.33,False,83.33
15599,83.33,False,83.33
15600,83.33,False,83.33
15601,83.33,False,83.33
15602,83.33,False,83.33
15603,83.33,False,83.33
15604,83.33,False,83.33
15605,83.33,False,83.33
15606,83.33,False,83.33
15607,83.33,False,83.33
15608,83.33,False,83.33
15609,83.33,False,83.33
15610,83.33,False,83.33
15611,83.33,False,83.33
15612,85.0,False,83.664
15613,85.0,False,83.998
15614,85.0,False,84.33200000000001
15615,85.0,False,84.66600000000001
15616,85.0,False,85.0
15617,45.0,False,77.0
15618,45.0,False,69.0
15619,45.0,False,61.0
15620,45.0,False,53.0
15621,45.0,False,45.0
15622,45.0,False,45.0
15623,45.0,False,45.0
15624,45.0,False,45.0
15625,45.0,False,45.0
15626,45.0,False,45.0
15627,45.0,False,45.0
15628,45.0,False,45.0
15629,45.0,False,45.0
15630,45.0,False,45.0
15631,45.0,False,45.0
15632,45.0,False,45.0
15633,40.83,False,44.166
15634,40.83,False,43.331999999999994
15635,40.83,False,42.498
15636,40.83,False,41.664
15637,40.83,False,40.83
15638,40.83,False,40.83
15639,40.83,False,40.83
15640,40.83,False,40.83
15641,40.83,False,40.83
15642,40.83,False,40.83
15643,40.83,False,40.83
15644,40.83,False,40.83
15645,40.83,False,40.83
15646,40.83,False,40.83
15647,40.83,False,40.83
15648,40.83,False,40.83
15649,40.83,False,40.83
15650,40.83,False,40.83
15651,40.83,False,40.83
15652,40.83,False,40.83
15653,40.83,False,40.83
15654,40.83,False,40.83
15655,40.83,False,40.83
15656,40.83,False,40.83
15657,40.83,False,40.83
15658,40.83,False,40.83
15659,40.83,False,40.83
15660,40.83,False,40.83
15661,40.83,False,40.83
15662,40.83,False,40.83
15663,40.83,False,40.83
15664,83.33,False,49.33
15665,83.33,False,57.83
15666,83.33,False,66.33
15667,83.33,False,74.83
15668,83.33,False,83.33
15669,83.33,False,83.33
15670,83.33,False,83.33
15671,83.33,False,83.33
15672,83.33,False,83.33
15673,83.33,False,83.33
15674,83.33,False,83.33
15675,83.33,False,83.33
15676,83.33,False,83.33
15677,83.33,False,83.33
15678,83.33,False,83.33
15679,83.33,False,83.33
15680,83.33,False,83.33
15681,83.33,False,83.33
15682,83.33,False,83.33
15683,83.33,False,83.33
15684,83.33,False,83.33
15685,83.33,False,83.33
15686,83.33,False,83.33
15687,83.33,False,83.33
15688,83.33,False,83.33
15689,83.33,False,83.33
15690,83.33,False,83.33
15691,83.33,False,83.33
15692,83.33,False,83.33
15693,83.33,False,83.33
15694,83.33,False,83.33
15695,83.33,False,83.33
15696,83.33,False,83.33
15697,83.33,False,83.33
15698,83.33,False,83.33
15699,83.33,False,83.33
15700,83.33,False,83.33
15701,83.33,False,83.33
15702,83.33,False,83.33
15703,83.33,False,83.33
15704,83.33,False,83.33
15705,83.33,False,83.33
15706,83.33,False,83.33
15707,83.33,False,83.33
15708,83.33,False,83.33
15709,83.33,False,83.33
15710,83.33,False,83.33
15711,83.33,False,83.33
15712,83.33,False,83.33
15713,83.33,False,83.33
15714,83.33,False,83.33
15715,83.33,False,83.33
15716,83.33,False,83.33
15717,83.33,False,83.33
15718,83.33,False,83.33
15719,83.33,False,83.33
15720,83.33,False,83.33
15721,83.33,False,83.33
15722,83.33,False,83.33
15723,83.33,False,83.33
15724,83.33,False,83.33
15725,83.33,False,83.33
15726,83.33,False,83.33
15727,83.33,False,83.33
15728,83.33,False,83.33
15729,83.33,False,83.33
15730,83.33,False,83.33
15731,83.33,False,83.33
15732,83.33,False,83.33
15733,83.33,False,83.33
15734,83.33,False,83.33
15735,83.33,False,83.33
15736,83.33,False,83.33
15737,83.33,False,83.33
15738,83.33,False,83.33
15739,83.33,False,83.33
15740,83.33,False,83.33
15741,83.33,False,83.33
15742,83.33,False,83.33
15743,83.33,False,83.33
15744,83.33,False,83.33
15745,83.33,False,83.33
15746,83.33,False,83.33
15747,83.33,False,83.33
15748,83.33,False,83.33
15749,83.33,False,83.33
15750,83.33,False,83.33
15751,83.33,False,83.33
15752,83.33,False,83.33
15753,83.33,False,83.33
15754,83.33,False,83.33
15755,87.5,False,84.164
15756,87.5,False,84.998
15757,87.5,False,85.832
15758,87.5,False,86.666
15759,87.5,False,87.5
15760,87.5,False,87.5
15761,87.5,False,87.5
15762,87.5,False,87.5
15763,87.5,False,87.5
15764,87.5,False,87.5
15765,87.5,False,87.5
15766,87.5,False,87.5
15767,87.5,False,87.5
15768,87.5,False,87.5
15769,87.5,False,87.5
15770,87.5,False,87.5
15771,87.5,False,87.5
15772,87.5,False,87.5
15773,87.5,False,87.5
15774,87.5,False,87.5
15775,87.5,False,87.5
15776,87.5,False,87.5
15777,87.5,False,87.5
15778,87.5,False,87.5
15779,87.5,False,87.5
15780,87.5,False,87.5
15781,87.5,False,87.5
15782,87.5,False,87.5
15783,87.5,False,87.5
15784,87.5,False,87.5
15785,87.5,False,87.5
15786,82.5,False,86.5
15787,82.5,False,85.5
15788,82.5,False,84.5
15789,82.5,False,83.5
15790,82.5,False,82.5
15791,82.5,False,82.5
15792,82.5,False,82.5
15793,82.5,False,82.5
15794,82.5,False,82.5
15795,82.5,False,82.5
15796,82.5,False,82.5
15797,82.5,False,82.5
15798,82.5,False,82.5
15799,82.5,False,82.5
15800,82.5,False,82.5
15801,82.5,False,82.5
15802,82.5,False,82.5
15803,82.5,False,82.5
15804,82.5,False,82.5
15805,82.5,False,82.5
15806,82.5,False,82.5
15807,82.5,False,82.5
15808,82.5,False,82.5
15809,82.5,False,82.5
15810,82.5,False,82.5
15811,82.5,False,82.5
15812,82.5,False,82.5
15813,82.5,False,82.5
15814,82.5,False,82.5
15815,82.5,False,82.5
15816,82.5,False,82.5
15817,86.67,False,83.334
15818,86.67,False,84.168
15819,86.67,False,85.002
15820,86.67,False,85.836
15821,86.67,False,86.67
15822,86.67,False,86.67
15823,86.67,False,86.67
15824,86.67,False,86.67
15825,86.67,False,86.67
15826,86.67,False,86.67
15827,86.67,False,86.67
15828,86.67,False,86.67
15829,86.67,False,86.67
15830,86.67,False,86.67
15831,86.67,False,86.67
15832,86.67,False,86.67
15833,86.67,False,86.67
15834,86.67,False,86.67
15835,86.67,False,86.67
15836,86.67,False,86.67
15837,86.67,False,86.67
15838,86.67,False,86.67
15839,86.67,False,86.67
15840,86.67,False,86.67
15841,86.67,False,86.67
15842,86.67,False,86.67
15843,86.67,False,86.67
15844,86.67,False,86.67
15845,86.67,False,86.67
15846,86.67,False,86.67
15847,87.5,False,86.836
15848,87.5,False,87.002
15849,87.5,False,87.168
15850,87.5,False,87.334
15851,87.5,False,87.5
15852,87.5,False,87.5
15853,87.5,False,87.5
15854,87.5,False,87.5
15855,87.5,False,87.5
15856,87.5,False,87.5
15857,87.5,False,87.5
15858,87.5,False,87.5
15859,87.5,False,87.5
15860,87.5,False,87.5
15861,87.5,False,87.5
15862,87.5,False,87.5
15863,87.5,False,87.5
15864,87.5,False,87.5
15865,87.5,False,87.5
15866,87.5,False,87.5
15867,87.5,False,87.5
15868,87.5,False,87.5
15869,87.5,False,87.5
15870,87.5,False,87.5
15871,87.5,False,87.5
15872,87.5,False,87.5
15873,85.83,False,87.166
15874,85.83,False,86.832
15875,85.83,False,86.498
15876,85.83,False,86.164
15877,85.83,False,85.83
15878,85.83,False,85.83
15879,85.83,False,85.83
15880,85.83,False,85.83
15881,85.83,False,85.83
15882,85.83,False,85.83
15883,85.83,False,85.83
15884,85.83,False,85.83
15885,85.83,False,85.83
15886,85.83,False,85.83
15887,85.83,False,85.83
15888,85.83,False,85.83
15889,85.83,False,85.83
15890,85.83,False,85.83
15891,85.83,False,85.83
15892,85.83,False,85.83
15893,85.83,False,85.83
15894,85.83,False,85.83
15895,85.83,False,85.83
15896,85.83,False,85.83
15897,85.83,False,85.83
15898,85.83,False,85.83
15899,85.0,False,85.664
15900,85.0,False,85.498
15901,85.0,False,85.332
15902,85.0,False,85.166
15903,85.0,False,85.0
15904,85.0,False,85.0
15905,85.0,False,85.0
15906,85.0,False,85.0
15907,85.0,False,85.0
15908,85.0,False,85.0
15909,85.0,False,85.0
15910,85.0,False,85.0
15911,85.0,False,85.0
15912,85.0,False,85.0
15913,85.0,False,85.0
15914,85.0,False,85.0
15915,85.0,False,85.0
15916,85.0,False,85.0
15917,85.0,False,85.0
15918,85.0,False,85.0
15919,85.0,False,85.0
15920,85.0,False,85.0
15921,85.0,False,85.0
15922,85.0,False,85.0
15923,85.0,False,85.0
15924,85.0,False,85.0
15925,85.0,False,85.0
15926,85.0,False,85.0
15927,85.0,False,85.0
15928,85.0,False,85.0
15929,78.33,False,83.66600000000001
15930,78.33,False,82.33200000000001
15931,78.33,False,80.998
15932,78.33,False,79.664
15933,78.33,False,78.33
15934,78.33,False,78.33
15935,78.33,False,78.33
15936,78.33,False,78.33
15937,78.33,False,78.33
15938,78.33,False,78.33
15939,78.33,False,78.33
15940,78.33,False,78.33
15941,78.33,False,78.33
15942,78.33,False,78.33
15943,78.33,False,78.33
15944,78.33,False,78.33
15945,78.33,False,78.33
15946,78.33,False,78.33
15947,78.33,False,78.33
15948,78.33,False,78.33
15949,78.33,False,78.33
15950,78.33,False,78.33
15951,78.33,False,78.33
15952,78.33,False,78.33
15953,78.33,False,78.33
15954,78.33,False,78.33
15955,78.33,False,78.33
15956,78.33,False,78.33
15957,78.33,False,78.33
15958,78.33,False,78.33
15959,78.33,False,78.33
15960,78.33,False,78.33
15961,78.33,False,78.33
15962,78.33,False,78.33
15963,78.33,False,78.33
15964,78.33,False,78.33
15965,78.33,False,78.33
15966,78.33,False,78.33
15967,78.33,False,78.33
15968,78.33,False,78.33
15969,78.33,False,78.33
15970,78.33,False,78.33
15971,78.33,False,78.33
15972,78.33,False,78.33
15973,78.33,False,78.33
15974,78.33,False,78.33
15975,78.33,False,78.33
15976,78.33,False,78.33
15977,78.33,False,78.33
15978,78.33,False,78.33
15979,78.33,False,78.33
15980,78.33,False,78.33
15981,78.33,False,78.33
15982,78.33,False,78.33
15983,78.33,False,78.33
15984,78.33,False,78.33
15985,78.33,False,78.33
15986,78.33,False,78.33
15987,78.33,False,78.33
15988,78.33,False,78.33
15989,78.33,False,78.33
15990,80.0,False,78.66399999999999
15991,80.0,False,78.998
15992,80.0,False,79.332
15993,80.0,False,79.66600000000001
15994,80.0,False,80.0
15995,80.0,False,80.0
15996,80.0,False,80.0
15997,80.0,False,80.0
15998,80.0,False,80.0
15999,80.0,False,80.0
16000,80.0,False,80.0
16001,80.0,False,80.0
16002,80.0,False,80.0
16003,80.0,False,80.0
16004,80.0,False,80.0
16005,80.0,False,80.0
16006,80.0,False,80.0
16007,80.0,False,80.0
16008,80.0,False,80.0
16009,80.0,False,80.0
16010,80.0,False,80.0
16011,80.0,False,80.0
16012,80.0,False,80.0
16013,80.0,False,80.0
16014,80.0,False,80.0
16015,80.0,False,80.0
16016,80.0,False,80.0
16017,80.0,False,80.0
16018,80.0,False,80.0
16019,80.0,False,80.0
16020,80.0,False,80.0
16021,77.5,False,79.5
16022,77.5,False,79.0
16023,77.5,False,78.5
16024,77.5,False,78.0
16025,77.5,False,77.5
16026,77.5,False,77.5
16027,77.5,False,77.5
16028,77.5,False,77.5
16029,77.5,False,77.5
16030,77.5,False,77.5
16031,77.5,False,77.5
16032,77.5,False,77.5
16033,77.5,False,77.5
16034,77.5,False,77.5
16035,77.5,False,77.5
16036,77.5,False,77.5
16037,77.5,False,77.5
16038,77.5,False,77.5
16039,77.5,False,77.5
16040,77.5,False,77.5
16041,77.5,False,77.5
16042,77.5,False,77.5
16043,77.5,False,77.5
16044,77.5,False,77.5
16045,77.5,False,77.5
16046,77.5,False,77.5
16047,77.5,False,77.5
16048,77.5,False,77.5
16049,77.5,False,77.5
16050,77.5,False,77.5
16051,77.5,False,77.5
16052,80.83,False,78.166
16053,80.83,False,78.83200000000001
16054,80.83,False,79.49799999999999
16055,80.83,False,80.16400000000002
16056,80.83,False,80.83
16057,80.83,False,80.83
16058,80.83,False,80.83
16059,80.83,False,80.83
16060,80.83,False,80.83
16061,80.83,False,80.83
16062,80.83,False,80.83
16063,80.83,False,80.83
16064,80.83,False,80.83
16065,80.83,False,80.83
16066,80.83,False,80.83
16067,80.83,False,80.83
16068,80.83,False,80.83
16069,80.83,False,80.83
16070,80.83,False,80.83
16071,80.83,False,80.83
16072,80.83,False,80.83
16073,80.83,False,80.83
16074,80.83,False,80.83
16075,80.83,False,80.83
16076,80.83,False,80.83
16077,80.83,False,80.83
16078,80.83,False,80.83
16079,80.83,False,80.83
16080,80.83,False,80.83
16081,80.83,False,80.83
16082,78.33,False,80.33
16083,78.33,False,79.83
16084,78.33,False,79.33
16085,78.33,False,78.83
16086,78.33,False,78.33
16087,78.33,False,78.33
16088,78.33,False,78.33
16089,78.33,False,78.33
16090,78.33,False,78.33
16091,78.33,False,78.33
16092,78.33,False,78.33
16093,78.33,False,78.33
16094,78.33,False,78.33
16095,78.33,False,78.33
16096,78.33,False,78.33
16097,78.33,False,78.33
16098,78.33,False,78.33
16099,78.33,False,78.33
16100,78.33,False,78.33
16101,78.33,False,78.33
16102,78.33,False,78.33
16103,78.33,False,78.33
16104,78.33,False,78.33
16105,78.33,False,78.33
16106,78.33,False,78.33
16107,78.33,False,78.33
16108,78.33,False,78.33
16109,78.33,False,78.33
16110,78.33,False,78.33
16111,78.33,False,78.33
16112,78.33,False,78.33
16113,76.67,False,77.998
16114,76.67,False,77.666
16115,76.67,False,77.334
16116,76.67,False,77.00200000000001
16117,76.67,False,76.67
16118,76.67,False,76.67
16119,76.67,False,76.67
16120,76.67,False,76.67
16121,76.67,False,76.67
16122,76.67,False,76.67
16123,76.67,False,76.67
16124,76.67,False,76.67
16125,76.67,False,76.67
16126,76.67,False,76.67
16127,76.67,False,76.67
16128,76.67,False,76.67
16129,76.67,False,76.67
16130,76.67,False,76.67
16131,76.67,False,76.67
16132,76.67,False,76.67
16133,75.0,False,76.336
16134,75.0,False,76.002
16135,75.0,False,75.668
16136,75.0,False,75.334
16137,75.0,False,75.0
16138,75.0,False,75.0
16139,75.0,False,75.0
16140,75.0,False,75.0
16141,75.0,False,75.0
16142,75.0,False,75.0
16143,75.0,False,75.0
16144,75.0,False,75.0
16145,75.0,False,75.0
16146,75.0,False,75.0
16147,75.0,False,75.0
16148,75.0,False,75.0
16149,75.0,False,75.0
16150,75.0,False,75.0
16151,75.0,False,75.0
16152,75.0,False,75.0
16153,75.0,False,75.0
16154,75.0,False,75.0
16155,75.0,False,75.0
16156,75.0,False,75.0
16157,75.0,False,75.0
16158,75.0,False,75.0
16159,75.0,False,75.0
16160,75.0,False,75.0
16161,75.0,False,75.0
16162,75.0,False,75.0
16163,75.0,False,75.0
16164,74.17,False,74.83399999999999
16165,74.17,False,74.66799999999999
16166,74.17,False,74.502
16167,74.17,False,74.336
16168,74.17,False,74.17
16169,74.17,False,74.17
16170,74.17,False,74.17
16171,74.17,False,74.17
16172,74.17,False,74.17
16173,74.17,False,74.17
16174,74.17,False,74.17
16175,74.17,False,74.17
16176,74.17,False,74.17
16177,74.17,False,74.17
16178,74.17,False,74.17
16179,74.17,False,74.17
16180,74.17,False,74.17
16181,74.17,False,74.17
16182,74.17,False,74.17
16183,74.17,False,74.17
16184,74.17,False,74.17
16185,74.17,False,74.17
16186,74.17,False,74.17
16187,74.17,False,74.17
16188,74.17,False,74.17
16189,74.17,False,74.17
16190,74.17,False,74.17
16191,74.17,False,74.17
16192,74.17,False,74.17
16193,74.17,False,74.17
16194,74.17,False,74.17
16195,74.17,False,74.17
16196,74.17,False,74.17
16197,74.17,False,74.17
16198,74.17,False,74.17
16199,74.17,False,74.17
16200,74.17,False,74.17
16201,74.17,False,74.17
16202,74.17,False,74.17
16203,74.17,False,74.17
16204,74.17,False,74.17
16205,74.17,False,74.17
16206,74.17,False,74.17
16207,74.17,False,74.17
16208,74.17,False,74.17
16209,74.17,False,74.17
16210,74.17,False,74.17
16211,74.17,False,74.17
16212,74.17,False,74.17
16213,74.17,False,74.17
16214,74.17,False,74.17
16215,74.17,False,74.17
16216,74.17,False,74.17
16217,74.17,False,74.17
16218,74.17,False,74.17
16219,74.17,False,74.17
16220,74.17,False,74.17
16221,74.17,False,74.17
16222,74.17,False,74.17
16223,74.17,False,74.17
16224,74.17,False,74.17
16225,71.67,False,73.67
16226,71.67,False,73.17
16227,71.67,False,72.67
16228,71.67,False,72.17
16229,71.67,False,71.67
16230,71.67,False,71.67
16231,71.67,False,71.67
16232,71.67,False,71.67
16233,71.67,False,71.67
16234,71.67,False,71.67
16235,71.67,False,71.67
16236,71.67,False,71.67
16237,71.67,False,71.67
16238,71.67,False,71.67
16239,71.67,False,71.67
16240,71.67,False,71.67
16241,71.67,False,71.67
16242,71.67,False,71.67
16243,71.67,False,71.67
16244,71.67,False,71.67
16245,71.67,False,71.67
16246,71.67,False,71.67
16247,71.67,False,71.67
16248,71.67,False,71.67
16249,71.67,False,71.67
16250,71.67,False,71.67
16251,71.67,False,71.67
16252,71.67,False,71.67
16253,71.67,False,71.67
16254,71.67,False,71.67
16255,70.0,False,71.336
16256,70.0,False,71.002
16257,70.0,False,70.668
16258,70.0,False,70.334
16259,70.0,False,70.0
16260,70.0,False,70.0
16261,70.0,False,70.0
16262,70.0,False,70.0
16263,70.0,False,70.0
16264,70.0,False,70.0
16265,70.0,False,70.0
16266,70.0,False,70.0
16267,70.0,False,70.0
16268,70.0,False,70.0
16269,70.0,False,70.0
16270,70.0,False,70.0
16271,70.0,False,70.0
16272,70.0,False,70.0
16273,70.0,False,70.0
16274,70.0,False,70.0
16275,70.0,False,70.0
16276,70.0,False,70.0
16277,70.0,False,70.0
16278,70.0,False,70.0
16279,70.0,False,70.0
16280,70.0,False,70.0
16281,70.0,False,70.0
16282,70.0,False,70.0
16283,70.0,False,70.0
16284,70.0,False,70.0
16285,70.0,False,70.0
16286,70.0,False,70.0
16287,70.0,False,70.0
16288,70.0,False,70.0
16289,70.0,False,70.0
16290,70.0,False,70.0
16291,70.0,False,70.0
16292,70.0,False,70.0
16293,70.0,False,70.0
16294,70.0,False,70.0
16295,70.0,False,70.0
16296,70.0,False,70.0
16297,70.0,False,70.0
16298,70.0,False,70.0
16299,70.0,False,70.0
16300,70.0,False,70.0
16301,70.0,False,70.0
16302,70.0,False,70.0
16303,70.0,False,70.0
16304,70.0,False,70.0
16305,70.0,False,70.0
16306,70.0,False,70.0
16307,70.0,False,70.0
16308,70.0,False,70.0
16309,70.0,False,70.0
16310,70.0,False,70.0
16311,70.0,False,70.0
16312,70.0,False,70.0
16313,70.0,False,70.0
16314,70.0,False,70.0
16315,70.0,False,70.0
16316,69.17,False,69.834
16317,69.17,False,69.668
16318,69.17,False,69.502
16319,69.17,False,69.336
16320,69.17,False,69.17
16321,69.17,False,69.17
16322,69.17,False,69.17
16323,69.17,False,69.17
16324,69.17,False,69.17
16325,69.17,False,69.17
16326,69.17,False,69.17
16327,69.17,False,69.17
16328,69.17,False,69.17
16329,69.17,False,69.17
16330,69.17,False,69.17
16331,69.17,False,69.17
16332,69.17,False,69.17
16333,69.17,False,69.17
16334,69.17,False,69.17
16335,69.17,False,69.17
16336,69.17,False,69.17
16337,69.17,False,69.17
16338,69.17,False,69.17
16339,69.17,False,69.17
16340,69.17,False,69.17
16341,69.17,False,69.17
16342,69.17,False,69.17
16343,69.17,False,69.17
16344,69.17,False,69.17
16345,69.17,False,69.17
16346,69.17,False,69.17
16347,60.0,False,67.336
16348,60.0,False,65.502
16349,60.0,False,63.66799999999999
16350,60.0,False,61.834
16351,60.0,False,60.0
16352,60.0,False,60.0
16353,60.0,False,60.0
16354,60.0,False,60.0
16355,60.0,False,60.0
16356,60.0,False,60.0
16357,60.0,False,60.0
16358,60.0,False,60.0
16359,60.0,False,60.0
16360,60.0,False,60.0
16361,60.0,False,60.0
16362,60.0,False,60.0
16363,60.0,False,60.0
16364,60.0,False,60.0
16365,60.0,False,60.0
16366,60.0,False,60.0
16367,60.0,False,60.0
16368,60.0,False,60.0
16369,60.0,False,60.0
16370,60.0,False,60.0
16371,60.0,False,60.0
16372,60.0,False,60.0
16373,60.0,False,60.0
16374,60.0,False,60.0
16375,60.0,False,60.0
16376,60.0,False,60.0
16377,26.67,False,53.33399999999999
16378,26.67,False,46.66799999999999
16379,26.67,False,40.001999999999995
16380,26.67,False,33.336
16381,26.67,False,26.67
16382,26.67,False,26.67
16383,26.67,False,26.67
16384,26.67,False,26.67
16385,31.67,False,27.670000000000005
16386,31.67,False,28.670000000000005
16387,31.67,False,29.670000000000005
16388,31.67,False,30.670000000000005
16389,31.67,False,31.67
16390,31.67,False,31.67
16391,31.67,False,31.67
16392,31.67,False,31.67
16393,31.67,False,31.67
16394,31.67,False,31.67
16395,31.67,False,31.67
16396,31.67,False,31.67
16397,31.67,False,31.67
16398,30.83,False,31.502
16399,30.83,False,31.334000000000003
16400,30.83,False,31.165999999999997
16401,30.83,False,30.998
16402,30.83,False,30.83
16403,30.83,False,30.83
16404,30.83,False,30.83
16405,30.83,False,30.83
16406,30.83,False,30.83
16407,30.83,False,30.83
16408,30.83,False,30.83
16409,30.83,False,30.83
16410,30.83,False,30.83
16411,30.83,False,30.83
16412,30.83,False,30.83
16413,30.83,False,30.83
16414,30.83,False,30.83
16415,30.83,False,30.83
16416,30.83,False,30.83
16417,30.83,False,30.83
16418,30.83,False,30.83
16419,30.83,False,30.83
16420,30.83,False,30.83
16421,30.83,False,30.83
16422,30.83,False,30.83
16423,30.83,False,30.83
16424,30.83,False,30.83
16425,30.83,False,30.83
16426,30.83,False,30.83
16427,30.83,False,30.83
16428,30.83,False,30.83
16429,66.67,False,37.998000000000005
16430,66.67,False,45.166000000000004
16431,66.67,False,52.334
16432,66.67,False,59.501999999999995
16433,66.67,False,66.67
16434,66.67,False,66.67
16435,66.67,False,66.67
16436,66.67,False,66.67
16437,66.67,False,66.67
16438,66.67,False,66.67
16439,66.67,False,66.67
16440,66.67,False,66.67
16441,66.67,False,66.67
16442,66.67,False,66.67
16443,66.67,False,66.67
16444,66.67,False,66.67
16445,66.67,False,66.67
16446,66.67,False,66.67
16447,66.67,False,66.67
16448,66.67,False,66.67
16449,66.67,False,66.67
16450,66.67,False,66.67
16451,66.67,False,66.67
16452,66.67,False,66.67
16453,66.67,False,66.67
16454,66.67,False,66.67
16455,66.67,False,66.67
16456,66.67,False,66.67
16457,66.67,False,66.67
16458,66.67,False,66.67
16459,89.17,False,71.17
16460,89.17,False,75.67
16461,89.17,False,80.17
16462,89.17,False,84.67
16463,89.17,False,89.17
16464,89.17,False,89.17
16465,89.17,False,89.17
16466,89.17,False,89.17
16467,89.17,False,89.17
16468,89.17,False,89.17
16469,89.17,False,89.17
16470,89.17,False,89.17
16471,89.17,False,89.17
16472,89.17,False,89.17
16473,89.17,False,89.17
16474,89.17,False,89.17
16475,89.17,False,89.17
16476,89.17,False,89.17
16477,89.17,False,89.17
16478,89.17,False,89.17
16479,89.17,False,89.17
16480,89.17,False,89.17
16481,89.17,False,89.17
16482,89.17,False,89.17
16483,89.17,False,89.17
16484,89.17,False,89.17
16485,89.17,False,89.17
16486,89.17,False,89.17
16487,89.17,False,89.17
16488,89.17,False,89.17
16489,89.17,False,89.17
16490,106.67,False,92.67
16491,106.67,False,96.17
16492,106.67,False,99.67
16493,106.67,False,103.17
16494,106.67,False,106.67
16495,106.67,False,106.67
16496,106.67,False,106.67
16497,106.67,False,106.67
16498,106.67,False,106.67
16499,106.67,False,106.67
16500,106.67,False,106.67
16501,106.67,False,106.67
16502,106.67,False,106.67
16503,106.67,False,106.67
16504,106.67,False,106.67
16505,106.67,False,106.67
16506,106.67,False,106.67
16507,106.67,False,106.67
16508,106.67,False,106.67
16509,106.67,False,106.67
16510,106.67,False,106.67
16511,106.67,False,106.67
16512,106.67,False,106.67
16513,106.67,False,106.67
16514,106.67,False,106.67
16515,106.67,False,106.67
16516,106.67,False,106.67
16517,106.67,False,106.67
16518,106.67,False,106.67
16519,106.67,False,106.67
17268,145.83,False,114.502
17269,145.83,False,122.33400000000002
17270,145.83,False,130.166
17271,145.83,False,137.99800000000002
17272,145.83,False,145.83
17273,145.83,False,145.83
17274,145.83,False,145.83
17275,145.83,False,145.83
17276,145.83,False,145.83
17277,145.83,False,145.83
17278,145.83,False,145.83
17279,145.83,False,145.83
17280,145.83,False,145.83
17281,145.83,False,145.83
17282,145.83,False,145.83
17283,145.83,False,145.83
17284,145.83,False,145.83
17285,145.83,False,145.83
17286,145.83,False,145.83
17287,145.83,False,145.83
17288,145.83,False,145.83
17289,145.83,False,145.83
17290,145.83,False,145.83
17291,145.83,False,145.83
17292,145.83,False,145.83
17293,145.83,False,145.83
17294,145.83,False,145.83
17295,145.83,False,145.83
17296,145.83,False,145.83
17297,145.83,False,145.83
17298,128.33,False,142.33
17299,128.33,False,138.83
17300,128.33,False,135.33
17301,128.33,False,131.83
17302,128.33,False,128.33
17303,128.33,False,128.33
17304,128.33,False,128.33
17305,128.33,False,128.33
17306,128.33,False,128.33
17307,128.33,False,128.33
17308,128.33,False,128.33
17309,128.33,False,128.33
17310,128.33,False,128.33
17311,128.33,False,128.33
17312,128.33,False,128.33
17313,128.33,False,128.33
17314,128.33,False,128.33
17315,128.33,False,128.33
17316,128.33,False,128.33
17317,128.33,False,128.33
17318,128.33,False,128.33
17319,128.33,False,128.33
17320,128.33,False,128.33
17321,128.33,False,128.33
17322,128.33,False,128.33
17323,128.33,False,128.33
17324,128.33,False,128.33
17325,128.33,False,128.33
17326,128.33,False,128.33
17327,128.33,False,128.33
17328,128.33,False,128.33
17329,116.67,False,125.99800000000002
17330,116.67,False,123.66600000000001
17331,116.67,False,121.33400000000002
17332,116.67,False,119.002
17333,116.67,False,116.67
17334,116.67,False,116.67
17335,116.67,False,116.67
17336,116.67,False,116.67
17337,116.67,False,116.67
17338,116.67,False,116.67
17339,116.67,False,116.67
17340,116.67,False,116.67
17341,116.67,False,116.67
17342,116.67,False,116.67
17343,116.67,False,116.67
17344,116.67,False,116.67
17345,116.67,False,116.67
17346,116.67,False,116.67
17347,116.67,False,116.67
17348,116.67,False,116.67
17349,116.67,False,116.67
17350,116.67,False,116.67
17351,116.67,False,116.67
17352,116.67,False,116.67
17353,116.67,False,116.67
17354,116.67,False,116.67
17355,116.67,False,116.67
17356,116.67,False,116.67
17357,116.67,False,116.67
17358,116.67,False,116.67
17359,111.67,False,115.67
17360,111.67,False,114.67
17361,111.67,False,113.67
17362,111.67,False,112.67
17363,111.67,False,111.67
17364,111.67,False,111.67
17365,111.67,False,111.67
17366,111.67,False,111.67
17367,111.67,False,111.67
17368,111.67,False,111.67
17369,111.67,False,111.67
17370,111.67,False,111.67
17371,111.67,False,111.67
17372,111.67,False,111.67
17373,111.67,False,111.67
17374,111.67,False,111.67
17375,111.67,False,111.67
17376,111.67,False,111.67
17377,111.67,False,111.67
17378,111.67,False,111.67
17379,111.67,False,111.67
17380,111.67,False,111.67
17381,111.67,False,111.67
17382,111.67,False,111.67
17383,111.67,False,111.67
17384,111.67,False,111.67
17385,111.67,False,111.67
17386,111.67,False,111.67
17387,111.67,False,111.67
17388,111.67,False,111.67
17389,110.83,False,111.502
17390,110.83,False,111.33399999999999
17391,110.83,False,111.16600000000001
17392,110.83,False,110.998
17393,110.83,False,110.83
17394,110.83,False,110.83
17395,110.83,False,110.83
17396,110.83,False,110.83
17397,110.83,False,110.83
17398,110.83,False,110.83
17399,110.83,False,110.83
17400,110.83,False,110.83
17401,110.83,False,110.83
17402,110.83,False,110.83
17403,110.83,False,110.83
17404,110.83,False,110.83
17405,110.83,False,110.83
17406,110.83,False,110.83
17407,110.83,False,110.83
17408,110.83,False,110.83
17409,117.5,False,112.16399999999999
17410,117.5,False,113.498
17411,117.5,False,114.832
17412,117.5,False,116.16599999999998
17413,117.5,False,117.5
17414,117.5,False,117.5
17415,117.5,False,117.5
17416,117.5,False,117.5
17417,117.5,False,117.5
17418,117.5,False,117.5
17419,117.5,False,117.5
17420,117.5,False,117.5
17421,117.5,False,117.5
17422,117.5,False,117.5
17423,117.5,False,117.5
17424,117.5,False,117.5
17425,117.5,False,117.5
17426,117.5,False,117.5
17427,117.5,False,117.5
17428,117.5,False,117.5
17429,117.5,False,117.5
17430,117.5,False,117.5
17431,117.5,False,117.5
17432,117.5,False,117.5
17433,117.5,False,117.5
17434,117.5,False,117.5
17435,117.5,False,117.5
17436,117.5,False,117.5
17437,117.5,False,117.5
17438,117.5,False,117.5
17439,117.5,False,117.5
17440,117.5,False,117.5
17441,117.5,False,117.5
17442,117.5,False,117.5
17443,117.5,False,117.5
17444,117.5,False,117.5
17445,117.5,False,117.5
17446,117.5,False,117.5
17447,117.5,False,117.5
17448,117.5,False,117.5
17449,117.5,False,117.5
17450,117.5,False,117.5
17451,117.5,False,117.5
17452,117.5,False,117.5
17453,117.5,False,117.5
17454,117.5,False,117.5
17455,117.5,False,117.5
17456,117.5,False,117.5
17457,117.5,False,117.5
17458,117.5,False,117.5
17459,117.5,False,117.5
17460,117.5,False,117.5
17461,117.5,False,117.5
17462,117.5,False,117.5
17463,117.5,False,117.5
17464,115.83,False,117.16600000000001
17465,115.83,False,116.832
17466,115.83,False,116.498
17467,115.83,False,116.16399999999999
17468,115.83,False,115.83
17469,115.83,False,115.83
17470,115.83,False,115.83
17471,115.83,False,115.83
17472,115.83,False,115.83
17473,115.83,False,115.83
17474,115.83,False,115.83
17475,115.83,False,115.83
17476,115.83,False,115.83
17477,115.83,False,115.83
17478,115.83,False,115.83
17479,115.83,False,115.83
17480,115.83,False,115.83
17481,115.83,False,115.83
17482,115.83,False,115.83
17483,115.83,False,115.83
17484,115.83,False,115.83
17485,115.83,False,115.83
17486,115.83,False,115.83
17487,115.83,False,115.83
17488,115.83,False,115.83
17489,115.83,False,115.83
17490,115.83,False,115.83
17491,115.83,False,115.83
17492,115.83,False,115.83
17493,115.83,False,115.83
17494,115.83,False,115.83
17495,115.0,False,115.66399999999999
17496,115.0,False,115.498
17497,115.0,False,115.332
17498,115.0,False,115.16599999999998
17499,115.0,False,115.0
17500,115.0,False,115.0
17501,115.0,False,115.0
17502,115.0,False,115.0
17503,115.0,False,115.0
17504,115.0,False,115.0
17505,115.0,False,115.0
17506,115.0,False,115.0
17507,115.0,False,115.0
17508,115.0,False,115.0
17509,115.0,False,115.0
17510,115.0,False,115.0
17511,115.0,False,115.0
17512,115.0,False,115.0
17513,115.0,False,115.0
17514,115.0,False,115.0
17515,115.0,False,115.0
17516,115.0,False,115.0
17517,115.0,False,115.0
17518,115.0,False,115.0
17519,115.0,False,115.0
17520,115.0,False,115.0
17521,115.0,False,115.0
17522,115.0,False,115.0
17523,115.0,False,115.0
17524,115.0,False,115.0
17525,115.83,False,115.16599999999998
17526,115.83,False,115.332
17527,115.83,False,115.498
17528,115.83,False,115.66399999999999
17529,115.83,False,115.83
17530,115.83,False,115.83
17531,115.83,False,115.83
17532,115.83,False,115.83
17533,115.83,False,115.83
17534,115.83,False,115.83
17535,115.83,False,115.83
17536,115.83,False,115.83
17537,115.83,False,115.83
17538,115.83,False,115.83
17539,115.83,False,115.83
17540,115.83,False,115.83
17541,115.83,False,115.83
17542,115.83,False,115.83
17543,115.83,False,115.83
17544,115.83,False,115.83
17545,115.83,False,115.83
17546,115.83,False,115.83
17547,115.83,False,115.83
17548,115.83,False,115.83
17549,115.83,False,115.83
17550,115.83,False,115.83
17551,115.83,False,115.83
17552,115.83,False,115.83
17553,115.83,False,115.83
17554,115.83,False,115.83
17555,115.83,False,115.83
17556,116.67,False,115.998
17557,116.67,False,116.16599999999998
17558,116.67,False,116.33399999999999
17559,116.67,False,116.502
17560,116.67,False,116.67
17561,116.67,False,116.67
17562,116.67,False,116.67
17563,116.67,False,116.67
17564,116.67,False,116.67
17565,116.67,False,116.67
17566,116.67,False,116.67
17567,116.67,False,116.67
17568,116.67,False,116.67
17569,116.67,False,116.67
17570,116.67,False,116.67
17571,116.67,False,116.67
17572,116.67,False,116.67
17573,116.67,False,116.67
17574,116.67,False,116.67
17575,116.67,False,116.67
17576,116.67,False,116.67
17577,116.67,False,116.67
17578,116.67,False,116.67
17579,116.67,False,116.67
17580,116.67,False,116.67
17581,116.67,False,116.67
17582,116.67,False,116.67
17583,116.67,False,116.67
17584,116.67,False,116.67
17585,116.67,False,116.67
17586,117.5,False,116.83600000000001
17587,117.5,False,117.002
17588,117.5,False,117.168
17589,117.5,False,117.33400000000002
17590,117.5,False,117.5
17591,117.5,False,117.5
17592,117.5,False,117.5
17593,117.5,False,117.5
17594,117.5,False,117.5
17595,117.5,False,117.5
17596,117.5,False,117.5
17597,117.5,False,117.5
17598,117.5,False,117.5
17599,117.5,False,117.5
17600,117.5,False,117.5
17601,117.5,False,117.5
17602,117.5,False,117.5
17603,117.5,False,117.5
17604,117.5,False,117.5
17605,117.5,False,117.5
17606,117.5,False,117.5
17607,117.5,False,117.5
17608,117.5,False,117.5
17609,117.5,False,117.5
17610,117.5,False,117.5
17611,117.5,False,117.5
17612,117.5,False,117.5
17613,117.5,False,117.5
17614,117.5,False,117.5
17615,117.5,False,117.5
17616,117.5,False,117.5
17617,120.83,False,118.16600000000001
17618,120.83,False,118.832
17619,120.83,False,119.498
17620,120.83,False,120.16399999999999
17621,120.83,False,120.83
17622,120.83,False,120.83
17623,120.83,False,120.83
17624,120.83,False,120.83
17625,120.83,False,120.83
17626,120.83,False,120.83
17627,120.83,False,120.83
17628,120.83,False,120.83
17629,120.83,False,120.83
17630,120.83,False,120.83
17631,120.83,False,120.83
17632,120.83,False,120.83
17633,120.83,False,120.83
17634,120.83,False,120.83
17635,120.83,False,120.83
17636,120.83,False,120.83
17637,120.83,False,120.83
17638,120.83,False,120.83
17639,120.83,False,120.83
17640,120.83,False,120.83
17641,120.83,False,120.83
17642,120.83,False,120.83
17643,120.83,False,120.83
17644,120.83,False,120.83
17645,120.83,False,120.83
17646,120.83,False,120.83
17647,121.67,False,120.998
17648,121.67,False,121.16599999999998
17649,121.67,False,121.33399999999999
17650,121.67,False,121.502
17651,121.67,False,121.67
17652,121.67,False,121.67
17653,121.67,False,121.67
17654,121.67,False,121.67
17655,121.67,False,121.67
17656,121.67,False,121.67
17657,121.67,False,121.67
17658,121.67,False,121.67
17659,121.67,False,121.67
17660,121.67,False,121.67
17661,121.67,False,121.67
17662,121.67,False,121.67
17663,121.67,False,121.67
17664,121.67,False,121.67
17665,125.0,False,122.33600000000001
17666,125.0,False,123.002
17667,125.0,False,123.668
17668,125.0,False,124.33400000000002
17669,125.0,False,125.0
17670,125.0,False,125.0
17671,125.0,False,125.0
17672,125.0,False,125.0
17673,125.0,False,125.0
17674,125.0,False,125.0
17675,125.0,False,125.0
17676,125.0,False,125.0
17677,125.0,False,125.0
17678,125.0,False,125.0
17679,125.0,False,125.0
17680,125.0,False,125.0
17681,125.0,False,125.0
17682,125.0,False,125.0
17683,125.0,False,125.0
17684,125.0,False,125.0
17685,125.0,False,125.0
17686,125.0,False,125.0
17687,125.0,False,125.0
17688,125.0,False,125.0
17689,125.0,False,125.0
17690,125.0,False,125.0
17691,125.0,False,125.0
17692,125.0,False,125.0
17693,125.0,False,125.0
17694,125.0,False,125.0
17695,125.0,False,125.0
17696,125.0,False,125.0
17697,125.0,False,125.0
17698,125.0,False,125.0
17699,125.0,False,125.0
17700,125.0,False,125.0
17701,125.0,False,125.0
17702,125.0,False,125.0
17703,125.0,False,125.0
17704,125.0,False,125.0
17705,125.0,False,125.0
17706,125.0,False,125.0
17707,125.0,False,125.0
17708,125.0,False,125.0
17709,125.0,False,125.0
17710,125.0,False,125.0
17711,125.0,False,125.0
17712,125.0,False,125.0
17713,125.0,False,125.0
17714,125.0,False,125.0
17715,125.0,False,125.0
17716,125.0,False,125.0
17717,125.0,False,125.0
17718,125.0,False,125.0
17719,125.0,False,125.0
17720,125.0,False,125.0
17721,125.0,False,125.0
17722,128.33,False,125.66600000000001
17723,128.33,False,126.33200000000002
17724,128.33,False,126.998
17725,128.33,False,127.66400000000002
17726,128.33,False,128.33
17727,128.33,False,128.33
17728,128.33,False,128.33
17729,128.33,False,128.33
17730,128.33,False,128.33
17731,128.33,False,128.33
17732,128.33,False,128.33
17733,128.33,False,128.33
17734,128.33,False,128.33
17735,128.33,False,128.33
17736,128.33,False,128.33
17737,128.33,False,128.33
17738,128.33,False,128.33
17739,128.33,False,128.33
17740,128.33,False,128.33
17741,128.33,False,128.33
17742,128.33,False,128.33
17743,128.33,False,128.33
17744,128.33,False,128.33
17745,128.33,False,128.33
17746,128.33,False,128.33
17747,128.33,False,128.33
17748,128.33,False,128.33
17749,128.33,False,128.33
17750,128.33,False,128.33
17751,128.33,False,128.33
17752,130.83,False,128.83
17753,130.83,False,129.33
17754,130.83,False,129.83
17755,130.83,False,130.33
17756,130.83,False,130.83
17757,130.83,False,130.83
17758,130.83,False,130.83
17759,130.83,False,130.83
17760,130.83,False,130.83
17761,130.83,False,130.83
17762,130.83,False,130.83
17763,130.83,False,130.83
17764,130.83,False,130.83
17765,130.83,False,130.83
17766,130.83,False,130.83
17767,130.83,False,130.83
17768,130.83,False,130.83
17769,130.83,False,130.83
17770,130.83,False,130.83
17771,130.83,False,130.83
17772,130.83,False,130.83
17773,130.83,False,130.83
17774,130.83,False,130.83
17775,130.83,False,130.83
17776,130.83,False,130.83
17777,130.83,False,130.83
17778,130.83,False,130.83
17779,130.83,False,130.83
17780,130.83,False,130.83
17781,130.83,False,130.83
17782,130.83,False,130.83
17783,133.33,False,131.33
17784,133.33,False,131.83
17785,133.33,False,132.33
17786,133.33,False,132.83
17787,133.33,False,133.33
17788,133.33,False,133.33
17789,133.33,False,133.33
17790,133.33,False,133.33
17791,133.33,False,133.33
17792,133.33,False,133.33
17793,133.33,False,133.33
17794,133.33,False,133.33
17795,133.33,False,133.33
17796,133.33,False,133.33
17797,133.33,False,133.33
17798,133.33,False,133.33
17799,133.33,False,133.33
17800,133.33,False,133.33
17801,133.33,False,133.33
17802,133.33,False,133.33
17803,133.33,False,133.33
17804,133.33,False,133.33
17805,133.33,False,133.33
17806,133.33,False,133.33
17807,133.33,False,133.33
17808,133.33,False,133.33
17809,133.33,False,133.33
17810,133.33,False,133.33
17811,133.33,False,133.33
17812,133.33,False,133.33
17813,133.33,False,133.33
17814,138.33,False,134.33
17815,138.33,False,135.33
17816,138.33,False,136.33
17817,138.33,False,137.33
17818,138.33,False,138.33
17819,138.33,False,138.33
17820,138.33,False,138.33
17821,138.33,False,138.33
17822,138.33,False,138.33
17823,138.33,False,138.33
17824,138.33,False,138.33
17825,138.33,False,138.33
17826,138.33,False,138.33
17827,138.33,False,138.33
17828,138.33,False,138.33
17829,138.33,False,138.33
17830,138.33,False,138.33
17831,138.33,False,138.33
17832,138.33,False,138.33
17833,138.33,False,138.33
17834,138.33,False,138.33
17835,138.33,False,138.33
17836,138.33,False,138.33
17837,138.33,False,138.33
17838,138.33,False,138.33
17839,138.33,False,138.33
17840,138.33,False,138.33
17841,138.33,False,138.33
17842,138.33,False,138.33
17843,138.33,False,138.33
17844,146.67,False,139.99800000000002
17845,146.67,False,141.666
17846,146.67,False,143.334
17847,146.67,False,145.002
17848,146.67,False,146.67
17849,146.67,False,146.67
17850,146.67,False,146.67
17851,146.67,False,146.67
17852,146.67,False,146.67
17853,146.67,False,146.67
17854,146.67,False,146.67
17855,146.67,False,146.67
17856,146.67,False,146.67
17857,146.67,False,146.67
17858,146.67,False,146.67
17859,146.67,False,146.67
17860,146.67,False,146.67
17861,146.67,False,146.67
17862,146.67,False,146.67
17863,146.67,False,146.67
17864,146.67,False,146.67
17865,146.67,False,146.67
17866,146.67,False,146.67
17867,146.67,False,146.67
17868,146.67,False,146.67
17869,146.67,False,146.67
17870,146.67,False,146.67
17871,146.67,False,146.67
17872,146.67,False,146.67
17873,146.67,False,146.67
17874,146.67,False,146.67
17875,68.33,False,131.002
17876,68.33,False,115.33399999999999
17877,68.33,False,99.666
17878,68.33,False,83.998
17879,68.33,False,68.33
17880,68.33,False,68.33
17881,68.33,False,68.33
17882,68.33,False,68.33
17883,68.33,False,68.33
17884,68.33,False,68.33
17885,68.33,False,68.33
17886,68.33,False,68.33
17887,68.33,False,68.33
17888,68.33,False,68.33
17889,68.33,False,68.33
17890,68.33,False,68.33
17891,68.33,False,68.33
17892,68.33,False,68.33
17893,68.33,False,68.33
17894,68.33,False,68.33
17895,68.33,False,68.33
17896,68.33,False,68.33
17897,68.33,False,68.33
17898,68.33,False,68.33
17899,68.33,False,68.33
17900,68.33,False,68.33
17901,68.33,False,68.33
17902,68.33,False,68.33
17903,68.33,False,68.33
17904,68.33,False,68.33
17905,45.0,False,63.664
17906,45.0,False,58.998000000000005
17907,45.0,False,54.331999999999994
17908,45.0,False,49.666000000000004
17909,45.0,False,45.0
17910,45.0,False,45.0
17911,45.0,False,45.0
17912,45.0,False,45.0
17913,45.0,False,45.0
17914,45.0,False,45.0
17915,45.0,False,45.0
17916,45.0,False,45.0
17917,45.0,False,45.0
17918,45.0,False,45.0
17919,45.0,False,45.0
17920,45.0,False,45.0
17921,91.67,False,54.334
17922,91.67,False,63.668000000000006
17923,91.67,False,73.002
17924,91.67,False,82.336
17925,91.67,False,91.67
17926,91.67,False,91.67
17927,91.67,False,91.67
17928,91.67,False,91.67
17929,91.67,False,91.67
17930,91.67,False,91.67
17931,91.67,False,91.67
17932,91.67,False,91.67
17933,91.67,False,91.67
17934,91.67,False,91.67
17935,91.67,False,91.67
17936,91.67,False,91.67
17937,91.67,False,91.67
17938,91.67,False,91.67
17939,91.67,False,91.67
17940,91.67,False,91.67
17941,91.67,False,91.67
17942,91.67,False,91.67
17943,91.67,False,91.67
17944,91.67,False,91.67
17945,91.67,False,91.67
17946,91.67,False,91.67
17947,91.67,False,91.67
17948,91.67,False,91.67
17949,91.67,False,91.67
17950,91.67,False,91.67
17951,83.33,False,90.00200000000001
17952,83.33,False,88.334
17953,83.33,False,86.666
17954,83.33,False,84.998
17955,83.33,False,83.33
17956,83.33,False,83.33
17957,83.33,False,83.33
17958,83.33,False,83.33
17959,83.33,False,83.33
17960,83.33,False,83.33
17961,83.33,False,83.33
17962,83.33,False,83.33
17963,83.33,False,83.33
17964,83.33,False,83.33
17965,83.33,False,83.33
17966,83.33,False,83.33
17967,83.33,False,83.33
17968,83.33,False,83.33
17969,83.33,False,83.33
17970,83.33,False,83.33
17971,83.33,False,83.33
17972,83.33,False,83.33
17973,83.33,False,83.33
17974,83.33,False,83.33
17975,83.33,False,83.33
17976,83.33,False,83.33
17977,83.33,False,83.33
17978,83.33,False,83.33
17979,83.33,False,83.33
17980,83.33,False,83.33
17981,83.33,False,83.33
17982,79.17,False,82.498
17983,79.17,False,81.666
17984,79.17,False,80.83399999999999
17985,79.17,False,80.002
17986,79.17,False,79.17
17987,79.17,False,79.17
17988,79.17,False,79.17
17989,79.17,False,79.17
17990,79.17,False,79.17
17991,79.17,False,79.17
17992,79.17,False,79.17
17993,79.17,False,79.17
17994,79.17,False,79.17
17995,79.17,False,79.17
17996,79.17,False,79.17
17997,79.17,False,79.17
17998,79.17,False,79.17
17999,79.17,False,79.17
18000,79.17,False,79.17
18001,79.17,False,79.17
18002,79.17,False,79.17
18003,79.17,False,79.17
18004,79.17,False,79.17
18005,79.17,False,79.17
18006,79.17,False,79.17
18007,79.17,False,79.17
18008,79.17,False,79.17
18009,79.17,False,79.17
18010,79.17,False,79.17
18011,79.17,False,79.17
18012,76.67,False,78.67
18013,76.67,False,78.17
18014,76.67,False,77.67
18015,76.67,False,77.17
18016,76.67,False,76.67
18017,76.67,False,76.67
18018,76.67,False,76.67
18019,76.67,False,76.67
18020,76.67,False,76.67
18021,76.67,False,76.67
18022,76.67,False,76.67
18023,76.67,False,76.67
18024,76.67,False,76.67
18025,76.67,False,76.67
18026,76.67,False,76.67
18027,76.67,False,76.67
18028,76.67,False,76.67
18029,76.67,False,76.67
18030,76.67,False,76.67
18031,76.67,False,76.67
18032,76.67,False,76.67
18033,76.67,False,76.67
18034,76.67,False,76.67
18035,76.67,False,76.67
18036,76.67,False,76.67
18037,76.67,False,76.67
18038,76.67,False,76.67
18039,76.67,False,76.67
18040,76.67,False,76.67
18041,76.67,False,76.67
18042,76.67,False,76.67
18043,76.67,False,76.67
18044,76.67,False,76.67
18045,76.67,False,76.67
18046,76.67,False,76.67
18047,76.67,False,76.67
18048,76.67,False,76.67
18049,76.67,False,76.67
18050,76.67,False,76.67
18051,76.67,False,76.67
18052,76.67,False,76.67
18053,76.67,False,76.67
18054,76.67,False,76.67
18055,76.67,False,76.67
18056,76.67,False,76.67
18057,76.67,False,76.67
18058,76.67,False,76.67
18059,76.67,False,76.67
18060,76.67,False,76.67
18061,76.67,False,76.67
18062,76.67,False,76.67
18063,76.67,False,76.67
18064,76.67,False,76.67
18065,76.67,False,76.67
18066,76.67,False,76.67
18067,76.67,False,76.67
18068,76.67,False,76.67
18069,76.67,False,76.67
18070,76.67,False,76.67
18071,76.67,False,76.67
18072,76.67,False,76.67
18073,78.33,False,77.00200000000001
18074,78.33,False,77.334
18075,78.33,False,77.666
18076,78.33,False,77.998
18077,78.33,False,78.33
18078,78.33,False,78.33
18079,78.33,False,78.33
18080,78.33,False,78.33
18081,78.33,False,78.33
18082,78.33,False,78.33
18083,78.33,False,78.33
18084,78.33,False,78.33
18085,78.33,False,78.33
18086,78.33,False,78.33
18087,78.33,False,78.33
18088,78.33,False,78.33
18089,78.33,False,78.33
18090,78.33,False,78.33
18091,78.33,False,78.33
18092,78.33,False,78.33
18093,78.33,False,78.33
18094,78.33,False,78.33
18095,78.33,False,78.33
18096,78.33,False,78.33
18097,78.33,False,78.33
18098,78.33,False,78.33
18099,78.33,False,78.33
18100,78.33,False,78.33
18101,78.33,False,78.33
18102,78.33,False,78.33
18103,78.33,False,78.33
18104,81.67,False,78.998
18105,81.67,False,79.666
18106,81.67,False,80.33399999999999
18107,81.67,False,81.002
18108,81.67,False,81.67
18109,81.67,False,81.67
18110,81.67,False,81.67
18111,81.67,False,81.67
18112,81.67,False,81.67
18113,81.67,False,81.67
18114,81.67,False,81.67
18115,81.67,False,81.67
18116,81.67,False,81.67
18117,81.67,False,81.67
18118,81.67,False,81.67
18119,81.67,False,81.67
18120,81.67,False,81.67
18121,81.67,False,81.67
18122,81.67,False,81.67
18123,81.67,False,81.67
18124,81.67,False,81.67
18125,81.67,False,81.67
18126,81.67,False,81.67
18127,81.67,False,81.67
18128,81.67,False,81.67
18129,81.67,False,81.67
18130,81.67,False,81.67
18131,81.67,False,81.67
18132,81.67,False,81.67
18133,81.67,False,81.67
18134,87.5,False,82.836
18135,87.5,False,84.002
18136,87.5,False,85.168
18137,87.5,False,86.334
18138,87.5,False,87.5
18139,87.5,False,87.5
18140,87.5,False,87.5
18141,87.5,False,87.5
18142,87.5,False,87.5
18143,87.5,False,87.5
18144,87.5,False,87.5
18145,87.5,False,87.5
18146,87.5,False,87.5
18147,87.5,False,87.5
18148,87.5,False,87.5
18149,87.5,False,87.5
18150,87.5,False,87.5
18151,87.5,False,87.5
18152,87.5,False,87.5
18153,87.5,False,87.5
18154,87.5,False,87.5
18155,87.5,False,87.5
18156,87.5,False,87.5
18157,87.5,False,87.5
18158,87.5,False,87.5
18159,87.5,False,87.5
18160,87.5,False,87.5
18161,87.5,False,87.5
18162,87.5,False,87.5
18163,87.5,False,87.5
18164,87.5,False,87.5
18165,89.17,False,87.83399999999999
18166,89.17,False,88.16799999999999
18167,89.17,False,88.502
18168,89.17,False,88.836
18169,89.17,False,89.17
18170,89.17,False,89.17
18171,89.17,False,89.17
18172,89.17,False,89.17
18173,89.17,False,89.17
18174,89.17,False,89.17
18175,89.17,False,89.17
18176,89.17,False,89.17
18177,87.5,False,88.836
18178,87.5,False,88.502
18179,87.5,False,88.168
18180,87.5,False,87.834
18181,87.5,False,87.5
18182,87.5,False,87.5
18183,87.5,False,87.5
18184,87.5,False,87.5
18185,87.5,False,87.5
18186,87.5,False,87.5
18187,87.5,False,87.5
18188,87.5,False,87.5
18189,87.5,False,87.5
18190,87.5,False,87.5
18191,87.5,False,87.5
18192,87.5,False,87.5
18193,87.5,False,87.5
18194,87.5,False,87.5
18195,87.5,False,87.5
18196,87.5,False,87.5
18197,87.5,False,87.5
18198,87.5,False,87.5
18199,87.5,False,87.5
18200,87.5,False,87.5
18201,87.5,False,87.5
18202,87.5,False,87.5
18203,87.5,False,87.5
18204,87.5,False,87.5
18205,87.5,False,87.5
18206,87.5,False,87.5
18207,87.5,False,87.5
18208,87.5,False,87.5
18209,87.5,False,87.5
18210,87.5,False,87.5
18211,87.5,False,87.5
18212,87.5,False,87.5
18213,87.5,False,87.5
18214,87.5,False,87.5
18215,87.5,False,87.5
18216,87.5,False,87.5
18217,87.5,False,87.5
18218,87.5,False,87.5
18219,87.5,False,87.5
18220,87.5,False,87.5
18221,87.5,False,87.5
18222,87.5,False,87.5
18223,87.5,False,87.5
18224,87.5,False,87.5
18225,87.5,False,87.5
18226,87.5,False,87.5
18227,87.5,False,87.5
18228,87.5,False,87.5
18229,87.5,False,87.5
18230,87.5,False,87.5
18231,87.5,False,87.5
18232,87.5,False,87.5
18233,87.5,False,87.5
18234,87.5,False,87.5
18235,87.5,False,87.5
18236,87.5,False,87.5
18237,87.5,False,87.5
18238,87.5,False,87.5
18239,87.5,False,87.5
18240,87.5,False,87.5
18241,87.5,False,87.5
18242,87.5,False,87.5
18243,87.5,False,87.5
18244,87.5,False,87.5
18245,87.5,False,87.5
18246,87.5,False,87.5
18247,89.17,False,87.83399999999999
18248,89.17,False,88.16799999999999
18249,89.17,False,88.502
18250,89.17,False,88.836
18251,89.17,False,89.17
18252,89.17,False,89.17
18253,89.17,False,89.17
18254,89.17,False,89.17
18255,89.17,False,89.17
18256,89.17,False,89.17
18257,89.17,False,89.17
18258,89.17,False,89.17
18259,89.17,False,89.17
18260,89.17,False,89.17
18261,89.17,False,89.17
18262,89.17,False,89.17
18263,89.17,False,89.17
18264,89.17,False,89.17
18265,89.17,False,89.17
18266,89.17,False,89.17
18267,89.17,False,89.17
18268,89.17,False,89.17
18269,89.17,False,89.17
18270,89.17,False,89.17
18271,89.17,False,89.17
18272,89.17,False,89.17
18273,89.17,False,89.17
18274,89.17,False,89.17
18275,89.17,False,89.17
18276,89.17,False,89.17
18277,89.17,False,89.17
18278,90.0,False,89.336
18279,90.0,False,89.502
18280,90.0,False,89.668
18281,90.0,False,89.834
18282,90.0,False,90.0
18283,90.0,False,90.0
18284,90.0,False,90.0
18285,90.0,False,90.0
18286,90.0,False,90.0
18287,90.0,False,90.0
18288,90.0,False,90.0
18289,90.0,False,90.0
18290,90.0,False,90.0
18291,90.0,False,90.0
18292,90.0,False,90.0
18293,90.0,False,90.0
18294,90.0,False,90.0
18295,90.0,False,90.0
18296,90.0,False,90.0
18297,90.0,False,90.0
18298,90.0,False,90.0
18299,90.0,False,90.0
18300,90.0,False,90.0
18301,90.0,False,90.0
18302,90.0,False,90.0
18303,90.0,False,90.0
18304,90.0,False,90.0
18305,90.0,False,90.0
18306,90.0,False,90.0
18307,90.0,False,90.0
18308,90.83,False,90.166
18309,90.83,False,90.332
18310,90.83,False,90.498
18311,90.83,False,90.664
18312,90.83,False,90.83
18313,90.83,False,90.83
18314,90.83,False,90.83
18315,90.83,False,90.83
18316,90.83,False,90.83
18317,90.83,False,90.83
18318,90.83,False,90.83
18319,90.83,False,90.83
18320,90.83,False,90.83
18321,90.83,False,90.83
18322,90.83,False,90.83
18323,90.83,False,90.83
18324,90.83,False,90.83
18325,90.83,False,90.83
18326,90.83,False,90.83
18327,90.83,False,90.83
18328,90.83,False,90.83
18329,90.83,False,90.83
18330,90.83,False,90.83
18331,90.83,False,90.83
18332,90.83,False,90.83
18333,90.83,False,90.83
18334,90.83,False,90.83
18335,90.83,False,90.83
18336,90.83,False,90.83
18337,90.83,False,90.83
18338,90.83,False,90.83
18339,91.67,False,90.998
18340,91.67,False,91.166
18341,91.67,False,91.334
18342,91.67,False,91.50200000000001
18343,91.67,False,91.67
18344,91.67,False,91.67
18345,91.67,False,91.67
18346,91.67,False,91.67
18347,91.67,False,91.67
18348,91.67,False,91.67
18349,91.67,False,91.67
18350,91.67,False,91.67
18351,91.67,False,91.67
18352,91.67,False,91.67
18353,91.67,False,91.67
18354,91.67,False,91.67
18355,91.67,False,91.67
18356,91.67,False,91.67
18357,91.67,False,91.67
18358,91.67,False,91.67
18359,91.67,False,91.67
18360,91.67,False,91.67
18361,91.67,False,91.67
18362,91.67,False,91.67
18363,91.67,False,91.67
18364,91.67,False,91.67
18365,91.67,False,91.67
18366,91.67,False,91.67
18367,91.67,False,91.67
18368,91.67,False,91.67
18369,92.5,False,91.836
18370,92.5,False,92.002
18371,92.5,False,92.16799999999999
18372,92.5,False,92.33399999999999
18373,92.5,False,92.5
18374,92.5,False,92.5
18375,92.5,False,92.5
18376,92.5,False,92.5
18377,92.5,False,92.5
18378,92.5,False,92.5
18379,92.5,False,92.5
18380,92.5,False,92.5
18381,92.5,False,92.5
18382,92.5,False,92.5
18383,92.5,False,92.5
18384,92.5,False,92.5
18385,92.5,False,92.5
18386,92.5,False,92.5
18387,92.5,False,92.5
18388,92.5,False,92.5
18389,92.5,False,92.5
18390,92.5,False,92.5
18391,92.5,False,92.5
18392,92.5,False,92.5
18393,92.5,False,92.5
18394,92.5,False,92.5
18395,92.5,False,92.5
18396,92.5,False,92.5
18397,92.5,False,92.5
18398,92.5,False,92.5
18399,92.5,False,92.5
18400,96.67,False,93.334
18401,96.67,False,94.168
18402,96.67,False,95.002
18403,96.67,False,95.836
18404,96.67,False,96.67
18405,96.67,False,96.67
18406,96.67,False,96.67
18407,96.67,False,96.67
18408,96.67,False,96.67
18409,96.67,False,96.67
18410,96.67,False,96.67
18411,96.67,False,96.67
18412,96.67,False,96.67
18413,96.67,False,96.67
18414,96.67,False,96.67
18415,96.67,False,96.67
18416,96.67,False,96.67
18417,96.67,False,96.67
18418,96.67,False,96.67
18419,96.67,False,96.67
18420,96.67,False,96.67
18421,96.67,False,96.67
18422,96.67,False,96.67
18423,96.67,False,96.67
18424,96.67,False,96.67
18425,96.67,False,96.67
18426,96.67,False,96.67
18427,96.67,False,96.67
18428,96.67,False,96.67
18429,96.67,False,96.67
18430,96.67,False,96.67
18431,103.33,False,98.00200000000001
18432,103.33,False,99.334
18433,109.17,False,101.834
18434,109.17,False,104.33399999999999
18435,109.17,False,106.83400000000002
18436,109.17,False,108.002
18437,109.17,False,109.17
18438,109.17,False,109.17
18439,109.17,False,109.17
18440,109.17,False,109.17
18441,109.17,False,109.17
18442,109.17,False,109.17
18443,109.17,False,109.17
18444,109.17,False,109.17
18445,109.17,False,109.17
18446,109.17,False,109.17
18447,109.17,False,109.17
18448,109.17,False,109.17
18449,109.17,False,109.17
18450,109.17,False,109.17
18451,118.33,False,111.002
18452,118.33,False,112.83400000000002
18453,118.33,False,114.66600000000001
18454,118.33,False,116.498
18455,118.33,False,118.33
18456,118.33,False,118.33
18457,118.33,False,118.33
18458,118.33,False,118.33
18459,118.33,False,118.33
18460,118.33,False,118.33
18461,118.33,False,118.33
18462,118.33,False,118.33
18463,118.33,False,118.33
18464,118.33,False,118.33
18465,118.33,False,118.33
18466,118.33,False,118.33
18467,118.33,False,118.33
18468,118.33,False,118.33
18469,118.33,False,118.33
18470,118.33,False,118.33
18471,118.33,False,118.33
18472,118.33,False,118.33
18473,118.33,False,118.33
18474,118.33,False,118.33
18475,118.33,False,118.33
18476,118.33,False,118.33
18477,118.33,False,118.33
18478,118.33,False,118.33
18479,118.33,False,118.33
18480,118.33,False,118.33
18481,118.33,False,118.33
18482,126.67,False,119.998
18483,126.67,False,121.66599999999998
18484,126.67,False,123.33399999999999
18485,126.67,False,125.002
18486,126.67,False,126.67
18487,126.67,False,126.67
18488,126.67,False,126.67
18489,126.67,False,126.67
18490,126.67,False,126.67
18491,126.67,False,126.67
18492,126.67,False,126.67
18493,126.67,False,126.67
18494,126.67,False,126.67
18495,126.67,False,126.67
18496,126.67,False,126.67
18497,126.67,False,126.67
18498,126.67,False,126.67
18499,126.67,False,126.67
18500,126.67,False,126.67
18501,126.67,False,126.67
18502,126.67,False,126.67
18503,126.67,False,126.67
18504,126.67,False,126.67
18505,126.67,False,126.67
18506,126.67,False,126.67
18507,126.67,False,126.67
18508,126.67,False,126.67
18509,126.67,False,126.67
18510,126.67,False,126.67
18511,126.67,False,126.67
18512,123.33,False,126.002
18513,123.33,False,125.33400000000002
18514,123.33,False,124.66600000000001
18515,123.33,False,123.998
18516,123.33,False,123.33
18517,123.33,False,123.33
18518,123.33,False,123.33
18519,123.33,False,123.33
18520,123.33,False,123.33
18521,123.33,False,123.33
18522,123.33,False,123.33
18523,123.33,False,123.33
18524,123.33,False,123.33
18525,123.33,False,123.33
18526,123.33,False,123.33
18527,123.33,False,123.33
18528,123.33,False,123.33
18529,123.33,False,123.33
18530,123.33,False,123.33
18531,123.33,False,123.33
18532,123.33,False,123.33
18533,123.33,False,123.33
18534,123.33,False,123.33
18535,123.33,False,123.33
18536,123.33,False,123.33
18537,123.33,False,123.33
18538,123.33,False,123.33
18539,123.33,False,123.33
18540,123.33,False,123.33
18541,123.33,False,123.33
18542,123.33,False,123.33
18543,111.67,False,120.998
18544,111.67,False,118.66599999999998
18545,111.67,False,116.33399999999999
18546,111.67,False,114.002
18547,111.67,False,111.67
18548,111.67,False,111.67
18549,111.67,False,111.67
18550,111.67,False,111.67
18551,111.67,False,111.67
18552,111.67,False,111.67
18553,111.67,False,111.67
18554,111.67,False,111.67
18555,111.67,False,111.67
18556,111.67,False,111.67
18557,111.67,False,111.67
18558,111.67,False,111.67
18559,111.67,False,111.67
18560,111.67,False,111.67
18561,111.67,False,111.67
18562,111.67,False,111.67
18563,111.67,False,111.67
18564,111.67,False,111.67
18565,111.67,False,111.67
18566,111.67,False,111.67
18567,111.67,False,111.67
18568,111.67,False,111.67
18569,111.67,False,111.67
18570,111.67,False,111.67
18571,111.67,False,111.67
18572,111.67,False,111.67
18573,102.5,False,109.83600000000001
18574,102.5,False,108.002
18575,102.5,False,106.168
18576,102.5,False,104.33400000000002
18577,102.5,False,102.5
18578,102.5,False,102.5
18579,102.5,False,102.5
18580,102.5,False,102.5
18581,102.5,False,102.5
18582,102.5,False,102.5
18583,102.5,False,102.5
18584,102.5,False,102.5
18585,102.5,False,102.5
18586,102.5,False,102.5
18587,102.5,False,102.5
18588,102.5,False,102.5
18589,102.5,False,102.5
18590,102.5,False,102.5
18591,102.5,False,102.5
18592,102.5,False,102.5
18593,102.5,False,102.5
18594,102.5,False,102.5
18595,102.5,False,102.5
18596,102.5,False,102.5
18597,102.5,False,102.5
18598,102.5,False,102.5
18599,102.5,False,102.5
18600,102.5,False,102.5
18601,102.5,False,102.5
18602,102.5,False,102.5
18603,102.5,False,102.5
18604,98.33,False,101.666
18605,98.33,False,100.832
18606,98.33,False,99.998
18607,98.33,False,99.164
18608,98.33,False,98.33
18609,98.33,False,98.33
18610,98.33,False,98.33
18611,98.33,False,98.33
18612,98.33,False,98.33
18613,98.33,False,98.33
18614,98.33,False,98.33
18615,98.33,False,98.33
18616,98.33,False,98.33
18617,98.33,False,98.33
18618,98.33,False,98.33
18619,98.33,False,98.33
18620,98.33,False,98.33
18621,98.33,False,98.33
18622,98.33,False,98.33
18623,98.33,False,98.33
18624,98.33,False,98.33
18625,98.33,False,98.33
18626,98.33,False,98.33
18627,98.33,False,98.33
18628,98.33,False,98.33
18629,98.33,False,98.33
18630,98.33,False,98.33
18631,98.33,False,98.33
18632,98.33,False,98.33
18633,98.33,False,98.33
18634,98.33,False,98.33
18635,94.17,False,97.498
18636,94.17,False,96.666
18637,94.17,False,95.834
18638,94.17,False,95.00200000000001
18639,94.17,False,94.17
18640,94.17,False,94.17
18641,94.17,False,94.17
18642,94.17,False,94.17
18643,94.17,False,94.17
18644,94.17,False,94.17
18645,94.17,False,94.17
18646,94.17,False,94.17
18647,94.17,False,94.17
18648,94.17,False,94.17
18649,94.17,False,94.17
18650,94.17,False,94.17
18651,94.17,False,94.17
18652,94.17,False,94.17
18653,94.17,False,94.17
18654,94.17,False,94.17
18655,94.17,False,94.17
18656,94.17,False,94.17
18657,94.17,False,94.17
18658,94.17,False,94.17
18659,94.17,False,94.17
18660,94.17,False,94.17
18661,94.17,False,94.17
18662,94.17,False,94.17
18663,94.17,False,94.17
18664,94.17,False,94.17
18665,92.5,False,93.836
18666,92.5,False,93.502
18667,92.5,False,93.16799999999999
18668,92.5,False,92.83399999999999
18669,92.5,False,92.5
18670,92.5,False,92.5
18671,92.5,False,92.5
18672,92.5,False,92.5
18673,92.5,False,92.5
18674,92.5,False,92.5
18675,92.5,False,92.5
18676,92.5,False,92.5
18677,92.5,False,92.5
18678,92.5,False,92.5
18679,92.5,False,92.5
18680,92.5,False,92.5
18681,92.5,False,92.5
18682,92.5,False,92.5
18683,92.5,False,92.5
18684,92.5,False,92.5
18685,92.5,False,92.5
18686,92.5,False,92.5
18687,92.5,False,92.5
18688,92.5,False,92.5
18689,92.5,False,92.5
18690,92.5,False,92.5
18691,92.5,False,92.5
18692,92.5,False,92.5
18693,92.5,False,92.5
18694,92.5,False,92.5
18695,92.5,False,92.5
18696,92.5,False,92.5
18697,92.5,False,92.5
18698,92.5,False,92.5
18699,92.5,False,92.5
18700,92.5,False,92.5
18701,92.5,False,92.5
18702,92.5,False,92.5
18703,92.5,False,92.5
18704,92.5,False,92.5
18705,92.5,False,92.5
18706,92.5,False,92.5
18707,92.5,False,92.5
18708,92.5,False,92.5
18709,92.5,False,92.5
18710,92.5,False,92.5
18711,92.5,False,92.5
18712,91.67,False,92.334
18713,91.67,False,92.168
18714,91.67,False,92.002
18715,91.67,False,91.836
18716,91.67,False,91.67
18717,91.67,False,91.67
18718,91.67,False,91.67
18719,91.67,False,91.67
18720,91.67,False,91.67
18721,91.67,False,91.67
18722,91.67,False,91.67
18723,91.67,False,91.67
18724,91.67,False,91.67
18725,91.67,False,91.67
18726,91.67,False,91.67
18727,91.67,False,91.67
18728,91.67,False,91.67
18729,91.67,False,91.67
18730,91.67,False,91.67
18731,91.67,False,91.67
18732,91.67,False,91.67
18733,91.67,False,91.67
18734,91.67,False,91.67
18735,91.67,False,91.67
18736,91.67,False,91.67
18737,91.67,False,91.67
18738,91.67,False,91.67
18739,91.67,False,91.67
18740,91.67,False,91.67
18741,91.67,False,91.67
18742,91.67,False,91.67
18743,91.67,False,91.67
18744,91.67,False,91.67
18745,91.67,False,91.67
18746,91.67,False,91.67
18747,91.67,False,91.67
18748,91.67,False,91.67
18749,91.67,False,91.67
18750,91.67,False,91.67
18751,91.67,False,91.67
18752,91.67,False,91.67
18753,91.67,False,91.67
18754,91.67,False,91.67
18755,91.67,False,91.67
18756,91.67,False,91.67
18757,91.67,False,91.67
18758,91.67,False,91.67
18759,91.67,False,91.67
18760,91.67,False,91.67
18761,91.67,False,91.67
18762,91.67,False,91.67
18763,91.67,False,91.67
18764,91.67,False,91.67
18765,91.67,False,91.67
18766,91.67,False,91.67
18767,91.67,False,91.67
18768,91.67,False,91.67
18769,91.67,False,91.67
18770,91.67,False,91.67
18771,91.67,False,91.67
18772,91.67,False,91.67
18773,91.67,False,91.67
18774,90.83,False,91.502
18775,90.83,False,91.334
18776,90.83,False,91.16600000000001
18777,90.83,False,90.998
18778,90.83,False,90.83
18779,90.83,False,90.83
18780,90.83,False,90.83
18781,90.83,False,90.83
18782,90.83,False,90.83
18783,90.83,False,90.83
18784,90.83,False,90.83
18785,90.83,False,90.83
18786,90.83,False,90.83
18787,90.83,False,90.83
18788,90.83,False,90.83
18789,90.83,False,90.83
18790,90.83,False,90.83
18791,90.83,False,90.83
18792,90.83,False,90.83
18793,90.83,False,90.83
18794,90.83,False,90.83
18795,90.83,False,90.83
18796,90.83,False,90.83
18797,90.83,False,90.83
18798,90.83,False,90.83
18799,90.83,False,90.83
18800,90.83,False,90.83
18801,90.83,False,90.83
18802,90.83,False,90.83
18803,90.83,False,90.83
18804,90.0,False,90.664
18805,90.0,False,90.498
18806,90.0,False,90.332
18807,90.0,False,90.166
18808,90.0,False,90.0
18809,90.0,False,90.0
18810,90.0,False,90.0
18811,90.0,False,90.0
18812,90.0,False,90.0
18813,90.0,False,90.0
18814,90.0,False,90.0
18815,90.0,False,90.0
18816,90.0,False,90.0
18817,90.0,False,90.0
18818,90.0,False,90.0
18819,90.0,False,90.0
18820,90.0,False,90.0
18821,90.0,False,90.0
18822,90.0,False,90.0
18823,90.0,False,90.0
18824,90.0,False,90.0
18825,90.0,False,90.0
18826,90.0,False,90.0
18827,90.0,False,90.0
18828,90.0,False,90.0
18829,90.0,False,90.0
18830,90.0,False,90.0
18831,90.0,False,90.0
18832,90.0,False,90.0
18833,90.0,False,90.0
18834,90.0,False,90.0
18835,89.17,False,89.834
18836,89.17,False,89.668
18837,89.17,False,89.502
18838,89.17,False,89.336
18839,89.17,False,89.17
18840,89.17,False,89.17
18841,89.17,False,89.17
18842,89.17,False,89.17
18843,89.17,False,89.17
18844,89.17,False,89.17
18845,89.17,False,89.17
18846,89.17,False,89.17
18847,89.17,False,89.17
18848,89.17,False,89.17
18849,89.17,False,89.17
18850,89.17,False,89.17
18851,89.17,False,89.17
18852,89.17,False,89.17
18853,89.17,False,89.17
18854,89.17,False,89.17
18855,89.17,False,89.17
18856,89.17,False,89.17
18857,89.17,False,89.17
18858,89.17,False,89.17
18859,89.17,False,89.17
18860,89.17,False,89.17
18861,89.17,False,89.17
18862,89.17,False,89.17
18863,89.17,False,89.17
18864,89.17,False,89.17
18865,89.17,False,89.17
18866,89.17,False,89.17
18867,89.17,False,89.17
18868,89.17,False,89.17
18869,89.17,False,89.17
18870,89.17,False,89.17
18871,89.17,False,89.17
18872,89.17,False,89.17
18873,89.17,False,89.17
18874,89.17,False,89.17
18875,89.17,False,89.17
18876,89.17,False,89.17
18877,89.17,False,89.17
18878,89.17,False,89.17
18879,89.17,False,89.17
18880,89.17,False,89.17
18881,89.17,False,89.17
18882,89.17,False,89.17
18883,89.17,False,89.17
18884,89.17,False,89.17
18885,89.17,False,89.17
18886,89.17,False,89.17
18887,89.17,False,89.17
18888,89.17,False,89.17
18889,89.17,False,89.17
18890,89.17,False,89.17
18891,89.17,False,89.17
18892,89.17,False,89.17
18893,89.17,False,89.17
18894,89.17,False,89.17
18895,89.17,False,89.17
18896,89.17,False,89.17
18897,89.17,False,89.17
18898,89.17,False,89.17
18899,89.17,False,89.17
18900,89.17,False,89.17
18901,89.17,False,89.17
18902,89.17,False,89.17
18903,89.17,False,89.17
18904,89.17,False,89.17
18905,89.17,False,89.17
18906,89.17,False,89.17
18907,89.17,False,89.17
18908,89.17,False,89.17
18909,89.17,False,89.17
18910,89.17,False,89.17
18911,89.17,False,89.17
18912,89.17,False,89.17
18913,89.17,False,89.17
18914,89.17,False,89.17
18915,89.17,False,89.17
18916,89.17,False,89.17
18917,89.17,False,89.17
18918,89.17,False,89.17
18919,89.17,False,89.17
18920,89.17,False,89.17
18921,89.17,False,89.17
18922,89.17,False,89.17
18923,89.17,False,89.17
18924,89.17,False,89.17
18925,89.17,False,89.17
18926,89.17,False,89.17
18927,89.17,False,89.17
18928,89.17,False,89.17
18929,89.17,False,89.17
18930,89.17,False,89.17
18931,89.17,False,89.17
18932,89.17,False,89.17
18933,89.17,False,89.17
18934,89.17,False,89.17
18935,89.17,False,89.17
18936,89.17,False,89.17
18937,89.17,False,89.17
18938,89.17,False,89.17
18939,89.17,False,89.17
18940,89.17,False,89.17
18941,89.17,False,89.17
18942,89.17,False,89.17
18943,89.17,False,89.17
18944,89.17,False,89.17
18945,89.17,False,89.17
18946,89.17,False,89.17
18947,88.33,False,89.002
18948,88.33,False,88.834
18949,88.33,False,88.666
18950,88.33,False,88.49799999999999
18951,88.33,False,88.33
18952,88.33,False,88.33
18953,88.33,False,88.33
18954,88.33,False,88.33
18955,88.33,False,88.33
18956,88.33,False,88.33
18957,88.33,False,88.33
18958,88.33,False,88.33
18959,88.33,False,88.33
18960,88.33,False,88.33
18961,88.33,False,88.33
18962,88.33,False,88.33
18963,88.33,False,88.33
18964,88.33,False,88.33
18965,88.33,False,88.33
18966,88.33,False,88.33
18967,88.33,False,88.33
18968,88.33,False,88.33
18969,88.33,False,88.33
18970,88.33,False,88.33
18971,88.33,False,88.33
18972,88.33,False,88.33
18973,88.33,False,88.33
18974,88.33,False,88.33
18975,88.33,False,88.33
18976,88.33,False,88.33
18977,88.33,False,88.33
18978,87.5,False,88.164
18979,87.5,False,87.998
18980,87.5,False,87.832
18981,87.5,False,87.666
18982,87.5,False,87.5
18983,87.5,False,87.5
18984,87.5,False,87.5
18985,87.5,False,87.5
18986,87.5,False,87.5
18987,87.5,False,87.5
18988,87.5,False,87.5
18989,87.5,False,87.5
18990,87.5,False,87.5
18991,87.5,False,87.5
18992,87.5,False,87.5
18993,87.5,False,87.5
18994,87.5,False,87.5
18995,87.5,False,87.5
18996,87.5,False,87.5
18997,87.5,False,87.5
18998,87.5,False,87.5
18999,87.5,False,87.5
19000,87.5,False,87.5
19001,87.5,False,87.5
19002,87.5,False,87.5
19003,87.5,False,87.5
19004,87.5,False,87.5
19005,87.5,False,87.5
19006,87.5,False,87.5
19007,87.5,False,87.5
19008,87.5,False,87.5
19009,88.33,False,87.666
19010,88.33,False,87.832
19011,88.33,False,87.998
19012,88.33,False,88.164
19013,88.33,False,88.33
19014,88.33,False,88.33
19015,88.33,False,88.33
19016,88.33,False,88.33
19017,88.33,False,88.33
19018,88.33,False,88.33
19019,88.33,False,88.33
19020,88.33,False,88.33
19021,88.33,False,88.33
19022,88.33,False,88.33
19023,88.33,False,88.33
19024,88.33,False,88.33
19025,88.33,False,88.33
19026,88.33,False,88.33
19027,88.33,False,88.33
19028,88.33,False,88.33
19029,88.33,False,88.33
19030,88.33,False,88.33
19031,88.33,False,88.33
19032,88.33,False,88.33
19033,88.33,False,88.33
19034,88.33,False,88.33
19035,88.33,False,88.33
19036,88.33,False,88.33
19037,88.33,False,88.33
19038,88.33,False,88.33
19039,88.33,False,88.33
19040,88.33,False,88.33
19041,88.33,False,88.33
19042,88.33,False,88.33
19043,88.33,False,88.33
19044,88.33,False,88.33
19045,88.33,False,88.33
19046,88.33,False,88.33
19047,88.33,False,88.33
19048,88.33,False,88.33
19049,88.33,False,88.33
19050,88.33,False,88.33
19051,88.33,False,88.33
19052,88.33,False,88.33
19053,88.33,False,88.33
19054,88.33,False,88.33
19055,88.33,False,88.33
19056,88.33,False,88.33
19057,88.33,False,88.33
19058,88.33,False,88.33
19059,88.33,False,88.33
19060,88.33,False,88.33
19061,88.33,False,88.33
19062,88.33,False,88.33
19063,88.33,False,88.33
19064,88.33,False,88.33
19065,88.33,False,88.33
19066,88.33,False,88.33
19067,88.33,False,88.33
19068,88.33,False,88.33
19069,88.33,False,88.33
19070,88.33,False,88.33
19071,88.33,False,88.33
19072,88.33,False,88.33
19073,88.33,False,88.33
19074,88.33,False,88.33
19075,88.33,False,88.33
19076,88.33,False,88.33
19077,88.33,False,88.33
19078,88.33,False,88.33
19079,88.33,False,88.33
19080,88.33,False,88.33
19081,88.33,False,88.33
19082,88.33,False,88.33
19083,88.33,False,88.33
19084,88.33,False,88.33
19085,88.33,False,88.33
19086,88.33,False,88.33
19087,88.33,False,88.33
19088,88.33,False,88.33
19089,88.33,False,88.33
19090,88.33,False,88.33
19091,88.33,False,88.33
19092,88.33,False,88.33
19093,88.33,False,88.33
19094,88.33,False,88.33
19095,88.33,False,88.33
19096,88.33,False,88.33
19097,88.33,False,88.33
19098,88.33,False,88.33
19099,88.33,False,88.33
19100,88.33,False,88.33
19101,88.33,False,88.33
19102,88.33,False,88.33
19103,88.33,False,88.33
19104,88.33,False,88.33
19105,88.33,False,88.33
19106,88.33,False,88.33
19107,88.33,False,88.33
19108,88.33,False,88.33
19109,88.33,False,88.33
19110,88.33,False,88.33
19111,88.33,False,88.33
19112,88.33,False,88.33
19113,88.33,False,88.33
19114,88.33,False,88.33
19115,88.33,False,88.33
19116,88.33,False,88.33
19117,88.33,False,88.33
19118,88.33,False,88.33
19119,88.33,False,88.33
19120,88.33,False,88.33
19121,88.33,False,88.33
19122,88.33,False,88.33
19123,88.33,False,88.33
19124,88.33,False,88.33
19125,88.33,False,88.33
19126,88.33,False,88.33
19127,88.33,False,88.33
19128,88.33,False,88.33
19129,88.33,False,88.33
19130,88.33,False,88.33
19131,88.33,False,88.33
19132,88.33,False,88.33
19133,88.33,False,88.33
19134,88.33,False,88.33
19135,88.33,False,88.33
19136,88.33,False,88.33
19137,88.33,False,88.33
19138,88.33,False,88.33
19139,88.33,False,88.33
19140,88.33,False,88.33
19141,88.33,False,88.33
19142,88.33,False,88.33
19143,88.33,False,88.33
19144,88.33,False,88.33
19145,88.33,False,88.33
19146,88.33,False,88.33
19147,88.33,False,88.33
19148,88.33,False,88.33
19149,88.33,False,88.33
19150,88.33,False,88.33
19151,88.33,False,88.33
19152,88.33,False,88.33
19153,88.33,False,88.33
19154,88.33,False,88.33
19155,88.33,False,88.33
19156,88.33,False,88.33
19157,88.33,False,88.33
19158,88.33,False,88.33
19159,88.33,False,88.33
19160,88.33,False,88.33
19161,88.33,False,88.33
19162,88.33,False,88.33
19163,88.33,False,88.33
19164,88.33,False,88.33
19165,88.33,False,88.33
19166,88.33,False,88.33
19167,88.33,False,88.33
19168,88.33,False,88.33
19169,88.33,False,88.33
19170,88.33,False,88.33
19171,88.33,False,88.33
19172,88.33,False,88.33
19173,88.33,False,88.33
19174,88.33,False,88.33
19175,88.33,False,88.33
19176,88.33,False,88.33
19177,88.33,False,88.33
19178,88.33,False,88.33
19179,88.33,False,88.33
19180,88.33,False,88.33
19181,88.33,False,88.33
19182,88.33,False,88.33
19183,88.33,False,88.33
19184,88.33,False,88.33
19185,88.33,False,88.33
19186,88.33,False,88.33
19187,88.33,False,88.33
19188,88.33,False,88.33
19189,88.33,False,88.33
19190,88.33,False,88.33
19191,88.33,False,88.33
19192,88.33,False,88.33
19193,88.33,False,88.33
19194,88.33,False,88.33
19195,88.33,False,88.33
19196,88.33,False,88.33
19197,88.33,False,88.33
19198,88.33,False,88.33
19199,88.33,False,88.33
19200,88.33,False,88.33
19201,88.33,False,88.33
19202,88.33,False,88.33
19203,88.33,False,88.33
19204,88.33,False,88.33
19205,88.33,False,88.33
19206,88.33,False,88.33
19207,88.33,False,88.33
19208,88.33,False,88.33
19209,88.33,False,88.33
19210,88.33,False,88.33
19211,88.33,False,88.33
19212,88.33,False,88.33
19213,88.33,False,88.33
19214,88.33,False,88.33
19215,88.33,False,88.33
19216,88.33,False,88.33
19217,88.33,False,88.33
19218,88.33,False,88.33
19219,88.33,False,88.33
19220,88.33,False,88.33
19221,88.33,False,88.33
19222,88.33,False,88.33
19223,88.33,False,88.33
19224,88.33,False,88.33
19225,88.33,False,88.33
19226,88.33,False,88.33
19227,88.33,False,88.33
19228,88.33,False,88.33
19229,88.33,False,88.33
19230,88.33,False,88.33
19231,88.33,False,88.33
19232,88.33,False,88.33
19233,88.33,False,88.33
19234,88.33,False,88.33
19235,88.33,False,88.33
19236,88.33,False,88.33
19237,88.33,False,88.33
19238,88.33,False,88.33
19239,88.33,False,88.33
19240,88.33,False,88.33
19241,88.33,False,88.33
19242,88.33,False,88.33
19243,88.33,False,88.33
19244,87.5,False,88.164
19245,87.5,False,87.998
19246,87.5,False,87.83200000000001
19247,87.5,False,87.66600000000001
19248,87.5,False,87.5
19249,87.5,False,87.5
19250,87.5,False,87.5
19251,87.5,False,87.5
19252,87.5,False,87.5
19253,87.5,False,87.5
19254,87.5,False,87.5
19255,87.5,False,87.5
19256,87.5,False,87.5
19257,87.5,False,87.5
19258,87.5,False,87.5
19259,87.5,False,87.5
19260,87.5,False,87.5
19261,87.5,False,87.5
19262,87.5,False,87.5
19263,87.5,False,87.5
19264,87.5,False,87.5
19265,87.5,False,87.5
19266,87.5,False,87.5
19267,87.5,False,87.5
19268,87.5,False,87.5
19269,87.5,False,87.5
19270,87.5,False,87.5
19271,87.5,False,87.5
19272,87.5,False,87.5
19273,87.5,False,87.5
19274,87.5,False,87.5
19275,87.5,False,87.5
19276,87.5,False,87.5
19277,87.5,False,87.5
19278,87.5,False,87.5
19279,87.5,False,87.5
19280,87.5,False,87.5
19281,87.5,False,87.5
19282,87.5,False,87.5
19283,87.5,False,87.5
19284,87.5,False,87.5
19285,87.5,False,87.5
19286,87.5,False,87.5
19287,87.5,False,87.5
19288,87.5,False,87.5
19289,87.5,False,87.5
19290,87.5,False,87.5
19291,87.5,False,87.5
19292,87.5,False,87.5
19293,87.5,False,87.5
19294,87.5,False,87.5
19295,87.5,False,87.5
19296,87.5,False,87.5
19297,87.5,False,87.5
19298,87.5,False,87.5
19299,87.5,False,87.5
19300,87.5,False,87.5
19301,87.5,False,87.5
19302,87.5,False,87.5
19303,87.5,False,87.5
19304,87.5,False,87.5
19305,87.5,False,87.5
19306,87.5,False,87.5
19307,87.5,False,87.5
19308,87.5,False,87.5
19309,87.5,False,87.5
19310,87.5,False,87.5
19311,87.5,False,87.5
19312,87.5,False,87.5
19313,87.5,False,87.5
19314,87.5,False,87.5
19315,87.5,False,87.5
19316,87.5,False,87.5
19317,87.5,False,87.5
19318,87.5,False,87.5
19319,87.5,False,87.5
19320,87.5,False,87.5
19321,87.5,False,87.5
19322,87.5,False,87.5
19323,87.5,False,87.5
19324,87.5,False,87.5
19325,87.5,False,87.5
19326,87.5,False,87.5
19327,87.5,False,87.5
19328,87.5,False,87.5
19329,87.5,False,87.5
19330,87.5,False,87.5
19331,87.5,False,87.5
19332,87.5,False,87.5
19333,87.5,False,87.5
19334,87.5,False,87.5
19335,86.67,False,87.33399999999999
19336,86.67,False,87.16799999999999
19337,86.67,False,87.002
19338,86.67,False,86.836
19339,86.67,False,86.67
19340,86.67,False,86.67
19341,86.67,False,86.67
19342,86.67,False,86.67
19343,86.67,False,86.67
19344,86.67,False,86.67
19345,86.67,False,86.67
19346,86.67,False,86.67
19347,86.67,False,86.67
19348,86.67,False,86.67
19349,86.67,False,86.67
19350,86.67,False,86.67
19351,86.67,False,86.67
19352,86.67,False,86.67
19353,86.67,False,86.67
19354,86.67,False,86.67
19355,86.67,False,86.67
19356,86.67,False,86.67
19357,86.67,False,86.67
19358,86.67,False,86.67
19359,86.67,False,86.67
19360,86.67,False,86.67
19361,86.67,False,86.67
19362,86.67,False,86.67
19363,86.67,False,86.67
19364,86.67,False,86.67
19365,86.67,False,86.67
19366,86.67,False,86.67
19367,86.67,False,86.67
19368,86.67,False,86.67
19369,86.67,False,86.67
19370,86.67,False,86.67
19371,86.67,False,86.67
19372,86.67,False,86.67
19373,86.67,False,86.67
19374,86.67,False,86.67
19375,86.67,False,86.67
19376,86.67,False,86.67
19377,86.67,False,86.67
19378,86.67,False,86.67
19379,86.67,False,86.67
19380,86.67,False,86.67
19381,86.67,False,86.67
19382,86.67,False,86.67
19383,86.67,False,86.67
19384,86.67,False,86.67
19385,86.67,False,86.67
19386,86.67,False,86.67
19387,86.67,False,86.67
19388,86.67,False,86.67
19389,86.67,False,86.67
19390,86.67,False,86.67
19391,86.67,False,86.67
19392,86.67,False,86.67
19393,86.67,False,86.67
19394,86.67,False,86.67
19395,86.67,False,86.67
19396,86.67,False,86.67
19397,87.5,False,86.836
19398,87.5,False,87.002
19399,87.5,False,87.16799999999999
19400,87.5,False,87.33399999999999
19401,87.5,False,87.5
19402,87.5,False,87.5
19403,87.5,False,87.5
19404,87.5,False,87.5
19405,87.5,False,87.5
19406,87.5,False,87.5
19407,87.5,False,87.5
19408,87.5,False,87.5
19409,87.5,False,87.5
19410,87.5,False,87.5
19411,87.5,False,87.5
19412,87.5,False,87.5
19413,87.5,False,87.5
19414,87.5,False,87.5
19415,87.5,False,87.5
19416,87.5,False,87.5
19417,87.5,False,87.5
19418,87.5,False,87.5
19419,87.5,False,87.5
19420,87.5,False,87.5
19421,87.5,False,87.5
19422,87.5,False,87.5
19423,87.5,False,87.5
19424,87.5,False,87.5
19425,87.5,False,87.5
19426,87.5,False,87.5
19427,86.67,False,87.334
19428,86.67,False,87.168
19429,86.67,False,87.002
19430,86.67,False,86.836
19431,86.67,False,86.67
19432,86.67,False,86.67
19433,86.67,False,86.67
19434,86.67,False,86.67
19435,86.67,False,86.67
19436,86.67,False,86.67
19437,86.67,False,86.67
19438,86.67,False,86.67
19439,86.67,False,86.67
19440,86.67,False,86.67
19441,86.67,False,86.67
19442,86.67,False,86.67
19443,86.67,False,86.67
19444,86.67,False,86.67
19445,86.67,False,86.67
19446,86.67,False,86.67
19447,86.67,False,86.67
19448,86.67,False,86.67
19449,86.67,False,86.67
19450,86.67,False,86.67
19451,86.67,False,86.67
19452,86.67,False,86.67
19453,86.67,False,86.67
19454,86.67,False,86.67
19455,86.67,False,86.67
19456,86.67,False,86.67
19457,87.5,False,86.836
19458,87.5,False,87.002
19459,87.5,False,87.168
19460,87.5,False,87.334
19461,87.5,False,87.5
19462,87.5,False,87.5
19463,87.5,False,87.5
19464,87.5,False,87.5
19465,87.5,False,87.5
19466,87.5,False,87.5
19467,87.5,False,87.5
19468,87.5,False,87.5
19469,87.5,False,87.5
19470,87.5,False,87.5
19471,87.5,False,87.5
19472,87.5,False,87.5
19473,87.5,False,87.5
19474,87.5,False,87.5
19475,87.5,False,87.5
19476,87.5,False,87.5
19477,87.5,False,87.5
19478,87.5,False,87.5
19479,87.5,False,87.5
19480,87.5,False,87.5
19481,87.5,False,87.5
19482,87.5,False,87.5
19483,87.5,False,87.5
19484,87.5,False,87.5
19485,87.5,False,87.5
19486,87.5,False,87.5
19487,87.5,False,87.5
19488,87.5,False,87.5
19489,87.5,False,87.5
19490,87.5,False,87.5
19491,87.5,False,87.5
19492,87.5,False,87.5
19493,87.5,False,87.5
19494,87.5,False,87.5
19495,87.5,False,87.5
19496,87.5,False,87.5
19497,87.5,False,87.5
19498,87.5,False,87.5
19499,87.5,False,87.5
19500,87.5,False,87.5
19501,87.5,False,87.5
19502,87.5,False,87.5
19503,87.5,False,87.5
19504,87.5,False,87.5
19505,87.5,False,87.5
19506,87.5,False,87.5
19507,87.5,False,87.5
19508,87.5,False,87.5
19509,86.67,False,87.33399999999999
19510,86.67,False,87.16799999999999
19511,86.67,False,87.002
19512,86.67,False,86.836
19513,86.67,False,86.67
19514,86.67,False,86.67
19515,86.67,False,86.67
19516,86.67,False,86.67
19517,86.67,False,86.67
19518,86.67,False,86.67
19519,86.67,False,86.67
19520,86.67,False,86.67
19521,86.67,False,86.67
19522,86.67,False,86.67
19523,86.67,False,86.67
19524,86.67,False,86.67
19525,86.67,False,86.67
19526,86.67,False,86.67
19527,86.67,False,86.67
19528,86.67,False,86.67
19529,86.67,False,86.67
19530,86.67,False,86.67
19531,86.67,False,86.67
19532,86.67,False,86.67
19533,86.67,False,86.67
19534,86.67,False,86.67
19535,86.67,False,86.67
19536,86.67,False,86.67
19537,86.67,False,86.67
19538,86.67,False,86.67
19539,86.67,False,86.67
19540,86.67,False,86.67
19541,86.67,False,86.67
19542,86.67,False,86.67
19543,86.67,False,86.67
19544,86.67,False,86.67
19545,86.67,False,86.67
19546,86.67,False,86.67
19547,86.67,False,86.67
19548,86.67,False,86.67
19549,86.67,False,86.67
19550,86.67,False,86.67
19551,86.67,False,86.67
19552,86.67,False,86.67
19553,86.67,False,86.67
19554,86.67,False,86.67
19555,86.67,False,86.67
19556,86.67,False,86.67
19557,86.67,False,86.67
19558,86.67,False,86.67
19559,86.67,False,86.67
19560,86.67,False,86.67
19561,86.67,False,86.67
19562,86.67,False,86.67
19563,86.67,False,86.67
19564,86.67,False,86.67
19565,86.67,False,86.67
19566,86.67,False,86.67
19567,86.67,False,86.67
19568,86.67,False,86.67
19569,86.67,False,86.67
19570,86.67,False,86.67
19571,86.67,False,86.67
19572,86.67,False,86.67
19573,86.67,False,86.67
19574,86.67,False,86.67
19575,86.67,False,86.67
19576,86.67,False,86.67
19577,86.67,False,86.67
19578,86.67,False,86.67
19579,86.67,False,86.67
19580,86.67,False,86.67
19581,86.67,False,86.67
19582,86.67,False,86.67
19583,86.67,False,86.67
19584,86.67,False,86.67
19585,86.67,False,86.67
19586,86.67,False,86.67
19587,86.67,False,86.67
19588,86.67,False,86.67
19589,86.67,False,86.67
19590,86.67,False,86.67
19591,86.67,False,86.67
19592,86.67,False,86.67
19593,86.67,False,86.67
19594,86.67,False,86.67
19595,86.67,False,86.67
19596,86.67,False,86.67
19597,86.67,False,86.67
19598,86.67,False,86.67
19599,86.67,False,86.67
19600,86.67,False,86.67
19601,86.67,False,86.67
19602,86.67,False,86.67
19603,86.67,False,86.67
19604,86.67,False,86.67
19605,86.67,False,86.67
19606,86.67,False,86.67
19607,86.67,False,86.67
19608,86.67,False,86.67
19609,86.67,False,86.67
19610,86.67,False,86.67
19611,86.67,False,86.67
19612,86.67,False,86.67
19613,86.67,False,86.67
19614,86.67,False,86.67
19615,86.67,False,86.67
19616,86.67,False,86.67
19617,86.67,False,86.67
19618,86.67,False,86.67
19619,86.67,False,86.67
19620,86.67,False,86.67
19621,86.67,False,86.67
19622,86.67,False,86.67
19623,86.67,False,86.67
19624,86.67,False,86.67
19625,86.67,False,86.67
19626,86.67,False,86.67
19627,86.67,False,86.67
19628,86.67,False,86.67
19629,86.67,False,86.67
19630,86.67,False,86.67
19631,86.67,False,86.67
19632,85.83,False,86.502
19633,85.83,False,86.33399999999999
19634,85.83,False,86.16600000000001
19635,85.83,False,85.998
19636,85.83,False,85.83
19637,85.83,False,85.83
19638,85.83,False,85.83
19639,85.83,False,85.83
19640,85.83,False,85.83
19641,85.83,False,85.83
19642,85.83,False,85.83
19643,85.83,False,85.83
19644,85.83,False,85.83
19645,85.83,False,85.83
19646,85.83,False,85.83
19647,85.83,False,85.83
19648,85.83,False,85.83
19649,85.83,False,85.83
19650,85.83,False,85.83
19651,85.83,False,85.83
19652,85.83,False,85.83
19653,85.83,False,85.83
19654,85.83,False,85.83
19655,85.83,False,85.83
19656,85.83,False,85.83
19657,85.83,False,85.83
19658,85.83,False,85.83
19659,85.83,False,85.83
19660,85.83,False,85.83
19661,85.83,False,85.83
19662,85.0,False,85.66399999999999
19663,85.0,False,85.498
19664,85.0,False,85.332
19665,85.0,False,85.16600000000001
19666,85.0,False,85.0
19667,85.0,False,85.0
19668,85.0,False,85.0
19669,85.0,False,85.0
19670,85.0,False,85.0
19671,85.0,False,85.0
19672,85.0,False,85.0
19673,85.0,False,85.0
19674,85.0,False,85.0
19675,85.0,False,85.0
19676,85.0,False,85.0
19677,85.0,False,85.0
19678,85.0,False,85.0
19679,85.0,False,85.0
19680,85.0,False,85.0
19681,85.0,False,85.0
19682,85.0,False,85.0
19683,85.0,False,85.0
19684,85.0,False,85.0
19685,85.0,False,85.0
19686,85.0,False,85.0
19687,85.0,False,85.0
19688,85.0,False,85.0
19689,85.0,False,85.0
19690,85.0,False,85.0
19691,85.0,False,85.0
19692,85.0,False,85.0
19693,85.0,False,85.0
19694,85.0,False,85.0
19695,85.0,False,85.0
19696,85.0,False,85.0
19697,85.0,False,85.0
19698,85.0,False,85.0
19699,85.0,False,85.0
19700,85.0,False,85.0
19701,85.0,False,85.0
19702,85.0,False,85.0
19703,85.0,False,85.0
19704,85.0,False,85.0
19705,85.0,False,85.0
19706,85.0,False,85.0
19707,85.0,False,85.0
19708,85.0,False,85.0
19709,85.0,False,85.0
19710,85.0,False,85.0
19711,85.0,False,85.0
19712,85.0,False,85.0
19713,86.67,False,85.33399999999999
19714,86.67,False,85.66799999999999
19715,86.67,False,86.00200000000001
19716,86.67,False,86.33599999999998
19717,86.67,False,86.67
19718,86.67,False,86.67
19719,86.67,False,86.67
19720,86.67,False,86.67
19721,86.67,False,86.67
19722,86.67,False,86.67
19723,86.67,False,86.67
19724,86.67,False,86.67
19725,86.67,False,86.67
19726,86.67,False,86.67
19727,86.67,False,86.67
19728,86.67,False,86.67
19729,86.67,False,86.67
19730,86.67,False,86.67
19731,86.67,False,86.67
19732,86.67,False,86.67
19733,86.67,False,86.67
19734,86.67,False,86.67
19735,86.67,False,86.67
19736,86.67,False,86.67
19737,86.67,False,86.67
19738,86.67,False,86.67
19739,86.67,False,86.67
19740,86.67,False,86.67
19741,86.67,False,86.67
19742,86.67,False,86.67
19743,86.67,False,86.67
19744,86.67,False,86.67
19745,86.67,False,86.67
19746,86.67,False,86.67
19747,86.67,False,86.67
19748,86.67,False,86.67
19749,86.67,False,86.67
19750,86.67,False,86.67
19751,86.67,False,86.67
19752,86.67,False,86.67
19753,86.67,False,86.67
19754,86.67,False,86.67
19755,86.67,False,86.67
19756,86.67,False,86.67
19757,86.67,False,86.67
19758,86.67,False,86.67
19759,86.67,False,86.67
19760,86.67,False,86.67
19761,86.67,False,86.67
19762,86.67,False,86.67
19763,86.67,False,86.67
19764,86.67,False,86.67
19765,86.67,False,86.67
19766,86.67,False,86.67
19767,86.67,False,86.67
19768,86.67,False,86.67
19769,86.67,False,86.67
19770,86.67,False,86.67
19771,86.67,False,86.67
19772,86.67,False,86.67
19773,86.67,False,86.67
19774,86.67,False,86.67
19775,86.67,False,86.67
19776,86.67,False,86.67
19777,86.67,False,86.67
19778,86.67,False,86.67
19779,86.67,False,86.67
19780,86.67,False,86.67
19781,86.67,False,86.67
19782,86.67,False,86.67
19783,86.67,False,86.67
19784,86.67,False,86.67
19785,86.67,False,86.67
19786,86.67,False,86.67
19787,86.67,False,86.67
19788,86.67,False,86.67
19789,86.67,False,86.67
19790,86.67,False,86.67
19791,86.67,False,86.67
19792,86.67,False,86.67
19793,86.67,False,86.67
19794,86.67,False,86.67
19795,86.67,False,86.67
19796,86.67,False,86.67
19797,86.67,False,86.67
19798,86.67,False,86.67
19799,86.67,False,86.67
19800,86.67,False,86.67
19801,86.67,False,86.67
19802,86.67,False,86.67
19803,86.67,False,86.67
19804,86.67,False,86.67
19805,86.67,False,86.67
19806,86.67,False,86.67
19807,86.67,False,86.67
19808,86.67,False,86.67
19809,86.67,False,86.67
19810,86.67,False,86.67
19811,86.67,False,86.67
19812,86.67,False,86.67
19813,86.67,False,86.67
19814,86.67,False,86.67
19815,86.67,False,86.67
19816,86.67,False,86.67
19817,86.67,False,86.67
19818,86.67,False,86.67
19819,86.67,False,86.67
19820,86.67,False,86.67
19821,86.67,False,86.67
19822,86.67,False,86.67
19823,86.67,False,86.67
19824,86.67,False,86.67
19825,86.67,False,86.67
19826,86.67,False,86.67
19827,86.67,False,86.67
19828,86.67,False,86.67
19829,86.67,False,86.67
19830,86.67,False,86.67
19831,86.67,False,86.67
19832,86.67,False,86.67
19833,86.67,False,86.67
19834,86.67,False,86.67
19835,86.67,False,86.67
19836,86.67,False,86.67
19837,86.67,False,86.67
19838,86.67,False,86.67
19839,86.67,False,86.67
19840,86.67,False,86.67
19841,86.67,False,86.67
19842,86.67,False,86.67
19843,86.67,False,86.67
19844,86.67,False,86.67
19845,86.67,False,86.67
19846,86.67,False,86.67
19847,86.67,False,86.67
19848,86.67,False,86.67
19849,86.67,False,86.67
19850,86.67,False,86.67
19851,86.67,False,86.67
19852,86.67,False,86.67
19853,86.67,False,86.67
19854,86.67,False,86.67
19855,86.67,False,86.67
19856,86.67,False,86.67
19857,86.67,False,86.67
19858,86.67,False,86.67
19859,86.67,False,86.67
19860,86.67,False,86.67
19861,86.67,False,86.67
19862,86.67,False,86.67
19863,86.67,False,86.67
19864,86.67,False,86.67
19865,86.67,False,86.67
19866,86.67,False,86.67
19867,85.83,False,86.502
19868,85.83,False,86.33399999999999
19869,85.83,False,86.16600000000001
19870,85.83,False,85.998
19871,85.83,False,85.83
19872,85.83,False,85.83
19873,85.83,False,85.83
19874,85.83,False,85.83
19875,85.83,False,85.83
19876,85.83,False,85.83
19877,85.83,False,85.83
19878,85.83,False,85.83
19879,85.83,False,85.83
19880,85.83,False,85.83
19881,85.83,False,85.83
19882,85.83,False,85.83
19883,85.83,False,85.83
19884,85.83,False,85.83
19885,85.83,False,85.83
19886,85.83,False,85.83
19887,85.83,False,85.83
19888,85.83,False,85.83
19889,85.83,False,85.83
19890,85.83,False,85.83
19891,85.83,False,85.83
19892,85.83,False,85.83
19893,85.83,False,85.83
19894,85.83,False,85.83
19895,85.83,False,85.83
19896,85.83,False,85.83
19897,85.83,False,85.83
19898,85.83,False,85.83
19899,85.83,False,85.83
19900,85.83,False,85.83
19901,85.83,False,85.83
19902,85.83,False,85.83
19903,85.83,False,85.83
19904,85.83,False,85.83
19905,85.83,False,85.83
19906,85.83,False,85.83
19907,85.83,False,85.83
19908,85.83,False,85.83
19909,85.83,False,85.83
19910,85.83,False,85.83
19911,85.83,False,85.83
19912,85.83,False,85.83
19913,85.83,False,85.83
19914,85.83,False,85.83
19915,85.83,False,85.83
19916,85.83,False,85.83
19917,85.83,False,85.83
19918,85.83,False,85.83
19919,85.83,False,85.83
19920,85.83,False,85.83
19921,85.83,False,85.83
19922,85.83,False,85.83
19923,85.83,False,85.83
19924,85.83,False,85.83
19925,85.83,False,85.83
19926,85.83,False,85.83
19927,85.83,False,85.83
19928,85.83,False,85.83
19929,85.83,False,85.83
19930,85.83,False,85.83
19931,85.83,False,85.83
19932,85.83,False,85.83
19933,85.83,False,85.83
19934,85.83,False,85.83
19935,85.83,False,85.83
19936,85.83,False,85.83
19937,85.83,False,85.83
19938,85.83,False,85.83
19939,85.83,False,85.83
19940,85.83,False,85.83
19941,85.83,False,85.83
19942,85.83,False,85.83
19943,85.83,False,85.83
19944,85.83,False,85.83
19945,85.83,False,85.83
19946,85.83,False,85.83
19947,85.83,False,85.83
19948,85.83,False,85.83
19949,85.83,False,85.83
19950,85.83,False,85.83
19951,85.83,False,85.83
19952,85.83,False,85.83
19953,85.83,False,85.83
19954,85.83,False,85.83
19955,85.83,False,85.83
19956,85.83,False,85.83
19957,85.83,False,85.83
19958,85.0,False,85.664
19959,85.0,False,85.498
19960,85.0,False,85.33200000000001
19961,85.0,False,85.16600000000001
19962,85.0,False,85.0
19963,85.0,False,85.0
19964,85.0,False,85.0
19965,85.0,False,85.0
19966,85.0,False,85.0
19967,85.0,False,85.0
19968,85.0,False,85.0
19969,85.0,False,85.0
19970,85.0,False,85.0
19971,85.0,False,85.0
19972,85.0,False,85.0
19973,85.0,False,85.0
19974,85.0,False,85.0
19975,85.0,False,85.0
19976,85.0,False,85.0
19977,85.0,False,85.0
19978,85.0,False,85.0
19979,83.33,False,84.666
19980,83.33,False,84.332
19981,83.33,False,83.998
19982,83.33,False,83.664
19983,83.33,False,83.33
19984,83.33,False,83.33
19985,83.33,False,83.33
19986,83.33,False,83.33
19987,83.33,False,83.33
19988,83.33,False,83.33
19989,83.33,False,83.33
19990,83.33,False,83.33
19991,83.33,False,83.33
19992,83.33,False,83.33
19993,83.33,False,83.33
19994,83.33,False,83.33
19995,83.33,False,83.33
19996,83.33,False,83.33
19997,83.33,False,83.33
19998,83.33,False,83.33
19999,83.33,False,83.33
20000,83.33,False,83.33
20001,83.33,False,83.33
20002,83.33,False,83.33
20003,83.33,False,83.33
20004,83.33,False,83.33
20005,83.33,False,83.33
20006,83.33,False,83.33
20007,83.33,False,83.33
20008,83.33,False,83.33
20009,81.67,False,82.998
20010,81.67,False,82.666
20011,81.67,False,82.33399999999999
20012,81.67,False,82.002
20013,81.67,False,81.67
20014,81.67,False,81.67
20015,81.67,False,81.67
20016,81.67,False,81.67
20017,81.67,False,81.67
20018,81.67,False,81.67
20019,81.67,False,81.67
20020,81.67,False,81.67
20021,81.67,False,81.67
20022,81.67,False,81.67
20023,81.67,False,81.67
20024,81.67,False,81.67
20025,81.67,False,81.67
20026,81.67,False,81.67
20027,81.67,False,81.67
20028,81.67,False,81.67
20029,81.67,False,81.67
20030,81.67,False,81.67
20031,81.67,False,81.67
20032,81.67,False,81.67
20033,81.67,False,81.67
20034,81.67,False,81.67
20035,81.67,False,81.67
20036,81.67,False,81.67
20037,81.67,False,81.67
20038,81.67,False,81.67
20039,81.67,False,81.67
20040,78.33,False,81.00200000000001
20041,78.33,False,80.334
20042,78.33,False,79.666
20043,78.33,False,78.998
20044,78.33,False,78.33
20045,78.33,False,78.33
20046,78.33,False,78.33
20047,78.33,False,78.33
20048,78.33,False,78.33
20049,78.33,False,78.33
20050,78.33,False,78.33
20051,78.33,False,78.33
20052,78.33,False,78.33
20053,78.33,False,78.33
20054,78.33,False,78.33
20055,78.33,False,78.33
20056,78.33,False,78.33
20057,78.33,False,78.33
20058,78.33,False,78.33
20059,78.33,False,78.33
20060,78.33,False,78.33
20061,78.33,False,78.33
20062,78.33,False,78.33
20063,78.33,False,78.33
20064,78.33,False,78.33
20065,78.33,False,78.33
20066,78.33,False,78.33
20067,78.33,False,78.33
20068,78.33,False,78.33
20069,78.33,False,78.33
20070,78.33,False,78.33
20071,77.5,False,78.164
20072,77.5,False,77.998
20073,77.5,False,77.832
20074,77.5,False,77.666
20075,77.5,False,77.5
20076,77.5,False,77.5
20077,77.5,False,77.5
20078,77.5,False,77.5
20079,77.5,False,77.5
20080,77.5,False,77.5
20081,77.5,False,77.5
20082,77.5,False,77.5
20083,77.5,False,77.5
20084,77.5,False,77.5
20085,77.5,False,77.5
20086,77.5,False,77.5
20087,77.5,False,77.5
20088,77.5,False,77.5
20089,77.5,False,77.5
20090,77.5,False,77.5
20091,77.5,False,77.5
20092,77.5,False,77.5
20093,77.5,False,77.5
20094,77.5,False,77.5
20095,77.5,False,77.5
20096,77.5,False,77.5
20097,77.5,False,77.5
20098,77.5,False,77.5
20099,77.5,False,77.5
20100,77.5,False,77.5
20101,75.83,False,77.16600000000001
20102,75.83,False,76.83200000000001
20103,75.83,False,76.498
20104,75.83,False,76.164
20105,75.83,False,75.83
20106,75.83,False,75.83
20107,75.83,False,75.83
20108,75.83,False,75.83
20109,75.83,False,75.83
20110,75.83,False,75.83
20111,75.83,False,75.83
20112,75.83,False,75.83
20113,75.83,False,75.83
20114,75.83,False,75.83
20115,75.83,False,75.83
20116,75.83,False,75.83
20117,75.83,False,75.83
20118,75.83,False,75.83
20119,75.83,False,75.83
20120,75.83,False,75.83
20121,75.83,False,75.83
20122,75.83,False,75.83
20123,75.83,False,75.83
20124,75.83,False,75.83
20125,75.83,False,75.83
20126,75.83,False,75.83
20127,75.83,False,75.83
20128,75.83,False,75.83
20129,75.83,False,75.83
20130,75.83,False,75.83
20131,70.83,False,74.83
20132,70.83,False,73.83
20133,70.83,False,72.83
20134,70.83,False,71.83
20135,70.83,False,70.83
20136,70.83,False,70.83
20137,70.83,False,70.83
20138,70.83,False,70.83
20139,70.83,False,70.83
20140,70.83,False,70.83
20141,70.83,False,70.83
20142,70.83,False,70.83
20143,70.83,False,70.83
20144,70.83,False,70.83
20145,70.83,False,70.83
20146,70.83,False,70.83
20147,70.83,False,70.83
20148,70.83,False,70.83
20149,70.83,False,70.83
20150,70.83,False,70.83
20151,70.83,False,70.83
20152,70.83,False,70.83
20153,70.83,False,70.83
20154,70.83,False,70.83
20155,70.83,False,70.83
20156,70.83,False,70.83
20157,70.83,False,70.83
20158,70.83,False,70.83
20159,70.83,False,70.83
20160,70.83,False,70.83
20161,70.83,False,70.83
20162,71.67,False,70.99799999999999
20163,71.67,False,71.166
20164,71.67,False,71.334
20165,71.67,False,71.502
20166,71.67,False,71.67
20167,71.67,False,71.67
20168,71.67,False,71.67
20169,71.67,False,71.67
20170,71.67,False,71.67
20171,71.67,False,71.67
20172,71.67,False,71.67
20173,71.67,False,71.67
20174,71.67,False,71.67
20175,71.67,False,71.67
20176,71.67,False,71.67
20177,71.67,False,71.67
20178,71.67,False,71.67
20179,71.67,False,71.67
20180,71.67,False,71.67
20181,71.67,False,71.67
20182,71.67,False,71.67
20183,71.67,False,71.67
20184,71.67,False,71.67
20185,71.67,False,71.67
20186,71.67,False,71.67
20187,71.67,False,71.67
20188,71.67,False,71.67
20189,71.67,False,71.67
20190,71.67,False,71.67
20191,71.67,False,71.67
20192,73.33,False,72.002
20193,73.33,False,72.33399999999999
20194,73.33,False,72.66600000000001
20195,73.33,False,72.998
20196,73.33,False,73.33
20197,73.33,False,73.33
20198,73.33,False,73.33
20199,73.33,False,73.33
20200,73.33,False,73.33
20201,73.33,False,73.33
20202,73.33,False,73.33
20203,73.33,False,73.33
20204,73.33,False,73.33
20205,73.33,False,73.33
20206,73.33,False,73.33
20207,73.33,False,73.33
20208,73.33,False,73.33
20209,73.33,False,73.33
20210,73.33,False,73.33
20211,73.33,False,73.33
20212,73.33,False,73.33
20213,73.33,False,73.33
20214,73.33,False,73.33
20215,73.33,False,73.33
20216,73.33,False,73.33
20217,73.33,False,73.33
20218,73.33,False,73.33
20219,73.33,False,73.33
20220,73.33,False,73.33
20221,73.33,False,73.33
20222,73.33,False,73.33
20223,75.83,False,73.83
20224,75.83,False,74.33
20225,77.5,False,75.164
20226,77.5,False,75.998
20227,77.5,False,76.832
20228,77.5,False,77.166
20229,77.5,False,77.5
20230,77.5,False,77.5
20231,77.5,False,77.5
20232,77.5,False,77.5
20233,77.5,False,77.5
20234,77.5,False,77.5
20235,77.5,False,77.5
20236,77.5,False,77.5
20237,77.5,False,77.5
20238,77.5,False,77.5
20239,77.5,False,77.5
20240,77.5,False,77.5
20241,77.5,False,77.5
20242,77.5,False,77.5
20243,77.5,False,77.5
20244,78.33,False,77.66600000000001
20245,78.33,False,77.83200000000001
20246,78.33,False,77.998
20247,78.33,False,78.164
20248,78.33,False,78.33
20249,78.33,False,78.33
20250,78.33,False,78.33
20251,78.33,False,78.33
20252,78.33,False,78.33
20253,78.33,False,78.33
20254,78.33,False,78.33
20255,78.33,False,78.33
20256,78.33,False,78.33
20257,78.33,False,78.33
20258,78.33,False,78.33
20259,78.33,False,78.33
20260,78.33,False,78.33
20261,78.33,False,78.33
20262,78.33,False,78.33
20263,78.33,False,78.33
20264,78.33,False,78.33
20265,78.33,False,78.33
20266,78.33,False,78.33
20267,78.33,False,78.33
20268,78.33,False,78.33
20269,78.33,False,78.33
20270,78.33,False,78.33
20271,78.33,False,78.33
20272,78.33,False,78.33
20273,78.33,False,78.33
20274,78.33,False,78.33
20275,78.33,False,78.33
20276,78.33,False,78.33
20277,78.33,False,78.33
20278,78.33,False,78.33
20279,78.33,False,78.33
20280,78.33,False,78.33
20281,78.33,False,78.33
20282,78.33,False,78.33
20283,78.33,False,78.33
20284,78.33,False,78.33
20285,78.33,False,78.33
20286,78.33,False,78.33
20287,78.33,False,78.33
20288,78.33,False,78.33
20289,78.33,False,78.33
20290,78.33,False,78.33
20291,78.33,False,78.33
20292,78.33,False,78.33
20293,78.33,False,78.33
20294,78.33,False,78.33
20295,78.33,False,78.33
20296,78.33,False,78.33
20297,78.33,False,78.33
20298,78.33,False,78.33
20299,78.33,False,78.33
20300,78.33,False,78.33
20301,78.33,False,78.33
20302,78.33,False,78.33
20303,78.33,False,78.33
20304,78.33,False,78.33
20305,79.17,False,78.49799999999999
20306,79.17,False,78.666
20307,79.17,False,78.834
20308,79.17,False,79.002
20309,79.17,False,79.17
20310,79.17,False,79.17
20311,79.17,False,79.17
20312,79.17,False,79.17
20313,79.17,False,79.17
20314,79.17,False,79.17
20315,79.17,False,79.17
20316,79.17,False,79.17
20317,79.17,False,79.17
20318,79.17,False,79.17
20319,79.17,False,79.17
20320,79.17,False,79.17
20321,79.17,False,79.17
20322,79.17,False,79.17
20323,79.17,False,79.17
20324,79.17,False,79.17
20325,79.17,False,79.17
20326,79.17,False,79.17
20327,79.17,False,79.17
20328,79.17,False,79.17
20329,79.17,False,79.17
20330,79.17,False,79.17
20331,79.17,False,79.17
20332,79.17,False,79.17
20333,79.17,False,79.17
20334,79.17,False,79.17
20335,79.17,False,79.17
20336,79.17,False,79.17
20337,79.17,False,79.17
20338,79.17,False,79.17
20339,79.17,False,79.17
20340,79.17,False,79.17
20341,79.17,False,79.17
20342,79.17,False,79.17
20343,79.17,False,79.17
20344,79.17,False,79.17
20345,79.17,False,79.17
20346,79.17,False,79.17
20347,79.17,False,79.17
20348,79.17,False,79.17
20349,79.17,False,79.17
20350,79.17,False,79.17
20351,79.17,False,79.17
20352,79.17,False,79.17
20353,79.17,False,79.17
20354,79.17,False,79.17
20355,79.17,False,79.17
20356,79.17,False,79.17
20357,79.17,False,79.17
20358,79.17,False,79.17
20359,79.17,False,79.17
20360,79.17,False,79.17
20361,79.17,False,79.17
20362,79.17,False,79.17
20363,79.17,False,79.17
20364,79.17,False,79.17
20365,79.17,False,79.17
20366,79.17,False,79.17
20367,79.17,False,79.17
20368,79.17,False,79.17
20369,79.17,False,79.17
20370,79.17,False,79.17
20371,79.17,False,79.17
20372,79.17,False,79.17
20373,79.17,False,79.17
20374,79.17,False,79.17
20375,79.17,False,79.17
20376,79.17,False,79.17
20377,79.17,False,79.17
20378,79.17,False,79.17
20379,79.17,False,79.17
20380,79.17,False,79.17
20381,79.17,False,79.17
20382,79.17,False,79.17
20383,79.17,False,79.17
20384,79.17,False,79.17
20385,79.17,False,79.17
20386,79.17,False,79.17
20387,79.17,False,79.17
20388,79.17,False,79.17
20389,79.17,False,79.17
20390,79.17,False,79.17
20391,79.17,False,79.17
20392,79.17,False,79.17
20393,79.17,False,79.17
20394,79.17,False,79.17
20395,79.17,False,79.17
20396,80.0,False,79.336
20397,80.0,False,79.502
20398,80.0,False,79.668
20399,80.0,False,79.834
20400,80.0,False,80.0
20401,80.0,False,80.0
20402,80.0,False,80.0
20403,80.0,False,80.0
20404,80.0,False,80.0
20405,80.0,False,80.0
20406,80.0,False,80.0
20407,80.0,False,80.0
20408,80.0,False,80.0
20409,80.0,False,80.0
20410,80.0,False,80.0
20411,80.0,False,80.0
20412,80.0,False,80.0
20413,80.0,False,80.0
20414,80.0,False,80.0
20415,80.0,False,80.0
20416,80.0,False,80.0
20417,80.0,False,80.0
20418,80.0,False,80.0
20419,80.0,False,80.0
20420,80.0,False,80.0
20421,80.0,False,80.0
20422,80.0,False,80.0
20423,80.0,False,80.0
20424,80.0,False,80.0
20425,80.0,False,80.0
20426,80.0,False,80.0
20427,80.0,False,80.0
20428,80.0,False,80.0
20429,80.0,False,80.0
20430,80.0,False,80.0
20431,80.0,False,80.0
20432,80.0,False,80.0
20433,80.0,False,80.0
20434,80.0,False,80.0
20435,80.0,False,80.0
20436,80.0,False,80.0
20437,80.0,False,80.0
20438,80.0,False,80.0
20439,80.0,False,80.0
20440,80.0,False,80.0
20441,80.0,False,80.0
20442,80.0,False,80.0
20443,80.0,False,80.0
20444,80.0,False,80.0
20445,80.0,False,80.0
20446,80.0,False,80.0
20447,80.0,False,80.0
20448,80.0,False,80.0
20449,80.0,False,80.0
20450,80.0,False,80.0
20451,80.0,False,80.0
20452,80.0,False,80.0
20453,80.0,False,80.0
20454,80.0,False,80.0
20455,80.0,False,80.0
20456,80.0,False,80.0
20457,80.0,False,80.0
20458,80.0,False,80.0
20459,80.0,False,80.0
20460,80.0,False,80.0
20461,80.0,False,80.0
20462,80.0,False,80.0
20463,80.0,False,80.0
20464,80.0,False,80.0
20465,80.0,False,80.0
20466,80.0,False,80.0
20467,80.0,False,80.0
20468,80.0,False,80.0
20469,80.0,False,80.0
20470,80.0,False,80.0
20471,80.0,False,80.0
20472,80.0,False,80.0
20473,80.0,False,80.0
20474,80.0,False,80.0
20475,80.0,False,80.0
20476,80.0,False,80.0
20477,80.0,False,80.0
20478,80.0,False,80.0
20479,80.0,False,80.0
20480,80.0,False,80.0
20481,80.83,False,80.166
20482,80.83,False,80.332
20483,80.83,False,80.498
20484,80.83,False,80.664
20485,80.83,False,80.83
20486,80.83,False,80.83
20487,80.83,False,80.83
20488,80.83,False,80.83
20489,80.83,False,80.83
20490,80.83,False,80.83
20491,80.83,False,80.83
20492,80.83,False,80.83
20493,80.83,False,80.83
20494,80.83,False,80.83
20495,80.83,False,80.83
20496,80.83,False,80.83
20497,80.83,False,80.83
20498,80.83,False,80.83
20499,80.83,False,80.83
20500,80.83,False,80.83
20501,80.83,False,80.83
20502,80.83,False,80.83
20503,80.83,False,80.83
20504,80.83,False,80.83
20505,80.83,False,80.83
20506,80.83,False,80.83
20507,80.83,False,80.83
20508,80.83,False,80.83
20509,80.0,False,80.664
20510,80.0,False,80.498
20511,80.0,False,80.33200000000001
20512,80.0,False,80.16600000000001
20513,80.0,False,80.0
20514,80.0,False,80.0
20515,80.0,False,80.0
20516,80.0,False,80.0
20517,80.0,False,80.0
20518,80.0,False,80.0
20519,80.0,False,80.0
20520,80.0,False,80.0
20521,80.0,False,80.0
20522,80.0,False,80.0
20523,80.0,False,80.0
20524,80.0,False,80.0
20525,80.0,False,80.0
20526,80.0,False,80.0
20527,80.0,False,80.0
20528,80.0,False,80.0
20529,80.0,False,80.0
20530,80.0,False,80.0
20531,80.0,False,80.0
20532,80.0,False,80.0
20533,80.0,False,80.0
20534,80.0,False,80.0
20535,80.0,False,80.0
20536,80.0,False,80.0
20537,80.0,False,80.0
20538,80.0,False,80.0
20539,80.83,False,80.166
20540,80.83,False,80.332
20541,80.83,False,80.498
20542,80.83,False,80.664
20543,80.83,False,80.83
20544,80.83,False,80.83
20545,80.83,False,80.83
20546,80.83,False,80.83
20547,80.83,False,80.83
20548,80.83,False,80.83
20549,80.83,False,80.83
20550,80.83,False,80.83
20551,80.83,False,80.83
20552,80.83,False,80.83
20553,80.83,False,80.83
20554,80.83,False,80.83
20555,80.83,False,80.83
20556,80.83,False,80.83
20557,80.83,False,80.83
20558,80.83,False,80.83
20559,80.83,False,80.83
20560,80.83,False,80.83
20561,80.83,False,80.83
20562,80.83,False,80.83
20563,80.83,False,80.83
20564,80.83,False,80.83
20565,80.83,False,80.83
20566,80.83,False,80.83
20567,80.83,False,80.83
20568,80.83,False,80.83
20569,80.83,False,80.83
20570,80.0,False,80.66399999999999
20571,80.0,False,80.498
20572,80.0,False,80.332
20573,80.0,False,80.16600000000001
20574,80.0,False,80.0
20575,80.0,False,80.0
20576,80.0,False,80.0
20577,80.0,False,80.0
20578,80.0,False,80.0
20579,80.0,False,80.0
20580,80.0,False,80.0
20581,80.0,False,80.0
20582,80.0,False,80.0
20583,80.0,False,80.0
20584,80.0,False,80.0
20585,80.0,False,80.0
20586,80.0,False,80.0
20587,80.0,False,80.0
20588,80.0,False,80.0
20589,80.0,False,80.0
20590,80.0,False,80.0
20591,80.0,False,80.0
20592,80.0,False,80.0
20593,80.0,False,80.0
20594,80.0,False,80.0
20595,80.0,False,80.0
20596,80.0,False,80.0
20597,80.0,False,80.0
20598,80.0,False,80.0
20599,80.0,False,80.0
20600,80.0,False,80.0
20601,80.0,False,80.0
20602,80.0,False,80.0
20603,80.0,False,80.0
20604,80.0,False,80.0
20605,80.0,False,80.0
20606,80.0,False,80.0
20607,80.0,False,80.0
20608,80.0,False,80.0
20609,80.0,False,80.0
20610,80.0,False,80.0
20611,80.0,False,80.0
20612,80.0,False,80.0
20613,80.0,False,80.0
20614,80.0,False,80.0
20615,80.0,False,80.0
20616,80.0,False,80.0
20617,80.0,False,80.0
20618,80.0,False,80.0
20619,80.0,False,80.0
20620,80.0,False,80.0
20621,80.0,False,80.0
20622,80.0,False,80.0
20623,80.0,False,80.0
20624,80.0,False,80.0
20625,80.0,False,80.0
20626,80.0,False,80.0
20627,80.0,False,80.0
20628,80.0,False,80.0
20629,80.0,False,80.0
20630,80.0,False,80.0
20631,79.17,False,79.83399999999999
20632,79.17,False,79.66799999999999
20633,79.17,False,79.50200000000001
20634,79.17,False,79.33599999999998
20635,79.17,False,79.17
20636,79.17,False,79.17
20637,79.17,False,79.17
20638,79.17,False,79.17
20639,79.17,False,79.17
20640,79.17,False,79.17
20641,79.17,False,79.17
20642,79.17,False,79.17
20643,79.17,False,79.17
20644,79.17,False,79.17
20645,79.17,False,79.17
20646,79.17,False,79.17
20647,79.17,False,79.17
20648,79.17,False,79.17
20649,79.17,False,79.17
20650,79.17,False,79.17
20651,79.17,False,79.17
20652,79.17,False,79.17
20653,79.17,False,79.17
20654,79.17,False,79.17
20655,79.17,False,79.17
20656,79.17,False,79.17
20657,79.17,False,79.17
20658,79.17,False,79.17
20659,79.17,False,79.17
20660,79.17,False,79.17
20661,79.17,False,79.17
20662,79.17,False,79.17
20663,79.17,False,79.17
20664,79.17,False,79.17
20665,79.17,False,79.17
20666,79.17,False,79.17
20667,79.17,False,79.17
20668,79.17,False,79.17
20669,79.17,False,79.17
20670,79.17,False,79.17
20671,79.17,False,79.17
20672,79.17,False,79.17
20673,79.17,False,79.17
20674,79.17,False,79.17
20675,79.17,False,79.17
20676,79.17,False,79.17
20677,79.17,False,79.17
20678,79.17,False,79.17
20679,79.17,False,79.17
20680,79.17,False,79.17
20681,79.17,False,79.17
20682,79.17,False,79.17
20683,79.17,False,79.17
20684,79.17,False,79.17
20685,79.17,False,79.17
20686,79.17,False,79.17
20687,79.17,False,79.17
20688,79.17,False,79.17
20689,79.17,False,79.17
20690,79.17,False,79.17
20691,79.17,False,79.17
20692,78.33,False,79.002
20693,78.33,False,78.834
20694,78.33,False,78.666
20695,78.33,False,78.49799999999999
20696,78.33,False,78.33
20697,78.33,False,78.33
20698,78.33,False,78.33
20699,78.33,False,78.33
20700,78.33,False,78.33
20701,78.33,False,78.33
20702,78.33,False,78.33
20703,78.33,False,78.33
20704,78.33,False,78.33
20705,78.33,False,78.33
20706,78.33,False,78.33
20707,78.33,False,78.33
20708,78.33,False,78.33
20709,78.33,False,78.33
20710,78.33,False,78.33
20711,78.33,False,78.33
20712,78.33,False,78.33
20713,78.33,False,78.33
20714,78.33,False,78.33
20715,78.33,False,78.33
20716,78.33,False,78.33
20717,78.33,False,78.33
20718,78.33,False,78.33
20719,78.33,False,78.33
20720,78.33,False,78.33
20721,78.33,False,78.33
20722,78.33,False,78.33
20723,80.0,False,78.664
20724,80.0,False,78.998
20725,80.0,False,79.332
20726,80.0,False,79.666
20727,80.0,False,80.0
20728,80.0,False,80.0
20729,80.0,False,80.0
20730,80.0,False,80.0
20731,80.0,False,80.0
20732,80.0,False,80.0
20733,80.0,False,80.0
20734,80.0,False,80.0
20735,80.0,False,80.0
20736,80.0,False,80.0
20737,80.83,False,80.166
20738,80.83,False,80.332
20739,80.83,False,80.498
20740,80.83,False,80.664
20741,80.83,False,80.83
20742,80.83,False,80.83
20743,80.83,False,80.83
20744,80.83,False,80.83
20745,80.83,False,80.83
20746,80.83,False,80.83
20747,80.83,False,80.83
20748,80.83,False,80.83
20749,80.83,False,80.83
20750,80.83,False,80.83
20751,80.83,False,80.83
20752,80.83,False,80.83
20753,80.83,False,80.83
20754,80.83,False,80.83
20755,80.83,False,80.83
20756,80.83,False,80.83
20757,80.83,False,80.83
20758,80.83,False,80.83
20759,80.83,False,80.83
20760,80.83,False,80.83
20761,80.83,False,80.83
20762,80.83,False,80.83
20763,80.83,False,80.83
20764,80.83,False,80.83
20765,80.83,False,80.83
20766,80.83,False,80.83
20767,80.83,False,80.83
20768,80.83,False,80.83
20769,80.83,False,80.83
20770,80.83,False,80.83
20771,80.83,False,80.83
20772,80.83,False,80.83
20773,80.83,False,80.83
20774,80.0,False,80.664
20775,80.0,False,80.498
20776,80.0,False,80.332
20777,80.0,False,80.166
20778,80.0,False,80.0
20779,80.0,False,80.0
20780,80.0,False,80.0
20781,80.0,False,80.0
20782,80.0,False,80.0
20783,80.0,False,80.0
20784,80.0,False,80.0
20785,80.0,False,80.0
20786,80.0,False,80.0
20787,80.0,False,80.0
20788,80.0,False,80.0
20789,80.0,False,80.0
20790,80.0,False,80.0
20791,80.0,False,80.0
20792,80.0,False,80.0
20793,80.0,False,80.0
20794,80.0,False,80.0
20795,80.0,False,80.0
20796,80.0,False,80.0
20797,80.0,False,80.0
20798,80.0,False,80.0
20799,80.0,False,80.0
20800,80.0,False,80.0
20801,80.0,False,80.0
20802,80.0,False,80.0
20803,80.0,False,80.0
20804,79.17,False,79.834
20805,79.17,False,79.668
20806,79.17,False,79.502
20807,79.17,False,79.336
20808,79.17,False,79.17
20809,79.17,False,79.17
20810,79.17,False,79.17
20811,79.17,False,79.17
20812,79.17,False,79.17
20813,79.17,False,79.17
20814,79.17,False,79.17
20815,79.17,False,79.17
20816,79.17,False,79.17
20817,79.17,False,79.17
20818,79.17,False,79.17
20819,79.17,False,79.17
20820,79.17,False,79.17
20821,79.17,False,79.17
20822,79.17,False,79.17
20823,79.17,False,79.17
20824,79.17,False,79.17
20825,79.17,False,79.17
20826,79.17,False,79.17
20827,79.17,False,79.17
20828,79.17,False,79.17
20829,79.17,False,79.17
20830,79.17,False,79.17
20831,79.17,False,79.17
20832,79.17,False,79.17
20833,79.17,False,79.17
20834,79.17,False,79.17
20835,79.17,False,79.17
20836,79.17,False,79.17
20837,79.17,False,79.17
20838,79.17,False,79.17
20839,79.17,False,79.17
20840,79.17,False,79.17
20841,79.17,False,79.17
20842,79.17,False,79.17
20843,79.17,False,79.17
20844,79.17,False,79.17
20845,79.17,False,79.17
20846,79.17,False,79.17
20847,79.17,False,79.17
20848,79.17,False,79.17
20849,79.17,False,79.17
20850,79.17,False,79.17
20851,79.17,False,79.17
20852,79.17,False,79.17
20853,79.17,False,79.17
20854,79.17,False,79.17
20855,79.17,False,79.17
20856,79.17,False,79.17
20857,79.17,False,79.17
20858,79.17,False,79.17
20859,79.17,False,79.17
20860,79.17,False,79.17
20861,79.17,False,79.17
20862,79.17,False,79.17
20863,79.17,False,79.17
20864,79.17,False,79.17
20865,79.17,False,79.17
20866,79.17,False,79.17
20867,79.17,False,79.17
20868,79.17,False,79.17
20869,79.17,False,79.17
20870,79.17,False,79.17
20871,79.17,False,79.17
20872,79.17,False,79.17
20873,79.17,False,79.17
20874,79.17,False,79.17
20875,79.17,False,79.17
20876,79.17,False,79.17
20877,79.17,False,79.17
20878,79.17,False,79.17
20879,79.17,False,79.17
20880,79.17,False,79.17
20881,79.17,False,79.17
20882,79.17,False,79.17
20883,79.17,False,79.17
20884,79.17,False,79.17
20885,79.17,False,79.17
20886,79.17,False,79.17
20887,79.17,False,79.17
20888,79.17,False,79.17
20889,79.17,False,79.17
20890,79.17,False,79.17
20891,79.17,False,79.17
20892,79.17,False,79.17
20893,79.17,False,79.17
20894,79.17,False,79.17
20895,79.17,False,79.17
20896,80.0,False,79.336
20897,80.0,False,79.502
20898,80.0,False,79.66799999999999
20899,80.0,False,79.83399999999999
20900,80.0,False,80.0
20901,80.0,False,80.0
20902,80.0,False,80.0
20903,80.0,False,80.0
20904,80.0,False,80.0
20905,80.0,False,80.0
20906,80.0,False,80.0
20907,80.0,False,80.0
20908,80.0,False,80.0
20909,80.0,False,80.0
20910,80.0,False,80.0
20911,80.0,False,80.0
20912,80.0,False,80.0
20913,80.0,False,80.0
20914,80.0,False,80.0
20915,80.0,False,80.0
20916,80.0,False,80.0
20917,80.0,False,80.0
20918,80.0,False,80.0
20919,80.0,False,80.0
20920,80.0,False,80.0
20921,80.0,False,80.0
20922,80.0,False,80.0
20923,80.0,False,80.0
20924,80.0,False,80.0
20925,80.0,False,80.0
20926,80.0,False,80.0
20927,79.17,False,79.834
20928,79.17,False,79.668
20929,79.17,False,79.502
20930,79.17,False,79.336
20931,79.17,False,79.17
20932,79.17,False,79.17
20933,79.17,False,79.17
20934,79.17,False,79.17
20935,79.17,False,79.17
20936,79.17,False,79.17
20937,79.17,False,79.17
20938,79.17,False,79.17
20939,79.17,False,79.17
20940,79.17,False,79.17
20941,79.17,False,79.17
20942,79.17,False,79.17
20943,79.17,False,79.17
20944,79.17,False,79.17
20945,79.17,False,79.17
20946,79.17,False,79.17
20947,79.17,False,79.17
20948,79.17,False,79.17
20949,79.17,False,79.17
20950,79.17,False,79.17
20951,79.17,False,79.17
20952,79.17,False,79.17
20953,79.17,False,79.17
20954,79.17,False,79.17
20955,79.17,False,79.17
20956,79.17,False,79.17
20957,79.17,False,79.17
20958,79.17,False,79.17
20959,79.17,False,79.17
20960,79.17,False,79.17
20961,79.17,False,79.17
20962,79.17,False,79.17
20963,79.17,False,79.17
20964,79.17,False,79.17
20965,79.17,False,79.17
20966,79.17,False,79.17
20967,79.17,False,79.17
20968,79.17,False,79.17
20969,79.17,False,79.17
20970,79.17,False,79.17
20971,79.17,False,79.17
20972,79.17,False,79.17
20973,79.17,False,79.17
20974,79.17,False,79.17
20975,79.17,False,79.17
20976,79.17,False,79.17
20977,79.17,False,79.17
20978,79.17,False,79.17
20979,79.17,False,79.17
20980,79.17,False,79.17
20981,79.17,False,79.17
20982,79.17,False,79.17
20983,79.17,False,79.17
20984,79.17,False,79.17
20985,79.17,False,79.17
20986,79.17,False,79.17
20987,79.17,False,79.17
20988,79.17,False,79.17
20989,79.17,False,79.17
20990,79.17,False,79.17
20991,79.17,False,79.17
20992,79.17,False,79.17
20993,79.17,False,79.17
20994,79.17,False,79.17
20995,79.17,False,79.17
20996,79.17,False,79.17
20997,79.17,False,79.17
20998,79.17,False,79.17
20999,79.17,False,79.17
21000,79.17,False,79.17
21001,79.17,False,79.17
21002,79.17,False,79.17
21003,79.17,False,79.17
21004,79.17,False,79.17
21005,79.17,False,79.17
21006,79.17,False,79.17
21007,79.17,False,79.17
21008,79.17,False,79.17
21009,79.17,False,79.17
21010,79.17,False,79.17
21011,79.17,False,79.17
21012,79.17,False,79.17
21013,79.17,False,79.17
21014,79.17,False,79.17
21015,79.17,False,79.17
21016,79.17,False,79.17
21017,79.17,False,79.17
21018,79.17,False,79.17
21019,79.17,False,79.17
21020,79.17,False,79.17
21021,79.17,False,79.17
21022,79.17,False,79.17
21023,79.17,False,79.17
21024,79.17,False,79.17
21025,79.17,False,79.17
21026,79.17,False,79.17
21027,79.17,False,79.17
21028,79.17,False,79.17
21029,79.17,False,79.17
21030,79.17,False,79.17
21031,79.17,False,79.17
21032,79.17,False,79.17
21033,79.17,False,79.17
21034,79.17,False,79.17
21035,79.17,False,79.17
21036,79.17,False,79.17
21037,79.17,False,79.17
21038,79.17,False,79.17
21039,79.17,False,79.17
21040,79.17,False,79.17
21041,79.17,False,79.17
21042,79.17,False,79.17
21043,79.17,False,79.17
21044,79.17,False,79.17
21045,79.17,False,79.17
21046,79.17,False,79.17
21047,79.17,False,79.17
21048,79.17,False,79.17
21049,79.17,False,79.17
21050,79.17,False,79.17
21051,79.17,False,79.17
21052,79.17,False,79.17
21053,79.17,False,79.17
21054,79.17,False,79.17
21055,79.17,False,79.17
21056,79.17,False,79.17
21057,79.17,False,79.17
21058,79.17,False,79.17
21059,79.17,False,79.17
21060,79.17,False,79.17
21061,79.17,False,79.17
21062,79.17,False,79.17
21063,79.17,False,79.17
21064,79.17,False,79.17
21065,79.17,False,79.17
21066,79.17,False,79.17
21067,79.17,False,79.17
21068,79.17,False,79.17
21069,79.17,False,79.17
21070,80.0,False,79.33600000000001
21071,80.0,False,79.502
21072,80.0,False,79.668
21073,80.0,False,79.83399999999999
21074,80.0,False,80.0
21075,80.0,False,80.0
21076,80.0,False,80.0
21077,80.0,False,80.0
21078,80.0,False,80.0
21079,80.0,False,80.0
21080,80.0,False,80.0
21081,80.0,False,80.0
21082,80.0,False,80.0
21083,80.0,False,80.0
21084,80.0,False,80.0
21085,80.0,False,80.0
21086,80.0,False,80.0
21087,80.0,False,80.0
21088,80.0,False,80.0
21089,80.0,False,80.0
21090,80.0,False,80.0
21091,80.0,False,80.0
21092,80.0,False,80.0
21093,80.0,False,80.0
21094,80.0,False,80.0
21095,80.0,False,80.0
21096,80.0,False,80.0
21097,80.0,False,80.0
21098,80.0,False,80.0
21099,80.0,False,80.0
21100,79.17,False,79.834
21101,79.17,False,79.66799999999999
21102,79.17,False,79.50200000000001
21103,79.17,False,79.33599999999998
21104,79.17,False,79.17
21105,79.17,False,79.17
21106,79.17,False,79.17
21107,79.17,False,79.17
21108,79.17,False,79.17
21109,79.17,False,79.17
21110,79.17,False,79.17
21111,79.17,False,79.17
21112,79.17,False,79.17
21113,79.17,False,79.17
21114,79.17,False,79.17
21115,79.17,False,79.17
21116,79.17,False,79.17
21117,79.17,False,79.17
21118,79.17,False,79.17
21119,79.17,False,79.17
21120,79.17,False,79.17
21121,79.17,False,79.17
21122,79.17,False,79.17
21123,79.17,False,79.17
21124,79.17,False,79.17
21125,79.17,False,79.17
21126,79.17,False,79.17
21127,79.17,False,79.17
21128,79.17,False,79.17
21129,79.17,False,79.17
21130,79.17,False,79.17
21131,80.0,False,79.336
21132,80.0,False,79.502
21133,80.0,False,79.668
21134,80.0,False,79.834
21135,80.0,False,80.0
21136,80.0,False,80.0
21137,80.0,False,80.0
21138,80.0,False,80.0
21139,80.0,False,80.0
21140,80.0,False,80.0
21141,80.0,False,80.0
21142,80.0,False,80.0
21143,80.0,False,80.0
21144,80.0,False,80.0
21145,80.0,False,80.0
21146,80.0,False,80.0
21147,80.0,False,80.0
21148,80.0,False,80.0
21149,80.0,False,80.0
21150,80.0,False,80.0
21151,80.0,False,80.0
21152,80.0,False,80.0
21153,80.0,False,80.0
21154,80.0,False,80.0
21155,80.0,False,80.0
21156,80.0,False,80.0
21157,80.0,False,80.0
21158,80.0,False,80.0
21159,80.0,False,80.0
21160,80.0,False,80.0
21161,83.33,False,80.666
21162,83.33,False,81.332
21163,83.33,False,81.998
21164,83.33,False,82.664
21165,83.33,False,83.33
21166,83.33,False,83.33
21167,83.33,False,83.33
21168,83.33,False,83.33
21169,83.33,False,83.33
21170,83.33,False,83.33
21171,83.33,False,83.33
21172,83.33,False,83.33
21173,83.33,False,83.33
21174,83.33,False,83.33
21175,83.33,False,83.33
21176,83.33,False,83.33
21177,83.33,False,83.33
21178,83.33,False,83.33
21179,83.33,False,83.33
21180,83.33,False,83.33
21181,83.33,False,83.33
21182,83.33,False,83.33
21183,83.33,False,83.33
21184,83.33,False,83.33
21185,83.33,False,83.33
21186,83.33,False,83.33
21187,83.33,False,83.33
21188,83.33,False,83.33
21189,83.33,False,83.33
21190,83.33,False,83.33
21191,83.33,False,83.33
21192,88.33,False,84.33
21193,88.33,False,85.33
21194,88.33,False,86.33
21195,88.33,False,87.33
21196,88.33,False,88.33
21197,88.33,False,88.33
21198,88.33,False,88.33
21199,88.33,False,88.33
21200,88.33,False,88.33
21201,88.33,False,88.33
21202,88.33,False,88.33
21203,88.33,False,88.33
21204,88.33,False,88.33
21205,88.33,False,88.33
21206,88.33,False,88.33
21207,88.33,False,88.33
21208,88.33,False,88.33
21209,88.33,False,88.33
21210,88.33,False,88.33
21211,88.33,False,88.33
21212,88.33,False,88.33
21213,88.33,False,88.33
21214,88.33,False,88.33
21215,88.33,False,88.33
21216,88.33,False,88.33
21217,88.33,False,88.33
21218,88.33,False,88.33
21219,88.33,False,88.33
21220,88.33,False,88.33
21221,88.33,False,88.33
21222,88.33,False,88.33
21223,96.67,False,89.998
21224,96.67,False,91.666
21225,96.67,False,93.33399999999999
21226,96.67,False,95.002
21227,96.67,False,96.67
21228,96.67,False,96.67
21229,96.67,False,96.67
21230,96.67,False,96.67
21231,96.67,False,96.67
21232,96.67,False,96.67
21233,96.67,False,96.67
21234,96.67,False,96.67
21235,96.67,False,96.67
21236,96.67,False,96.67
21237,96.67,False,96.67
21238,96.67,False,96.67
21239,96.67,False,96.67
21240,96.67,False,96.67
21241,96.67,False,96.67
21242,96.67,False,96.67
21243,96.67,False,96.67
21244,96.67,False,96.67
21245,96.67,False,96.67
21246,96.67,False,96.67
21247,96.67,False,96.67
21248,96.67,False,96.67
21249,85.83,False,94.502
21250,85.83,False,92.334
21251,85.83,False,90.16600000000001
21252,85.83,False,87.998
21253,85.83,False,85.83
21254,85.83,False,85.83
21255,85.83,False,85.83
21256,85.83,False,85.83
21257,85.83,False,85.83
21258,85.83,False,85.83
21259,85.83,False,85.83
21260,85.83,False,85.83
21261,85.83,False,85.83
21262,85.83,False,85.83
21263,85.83,False,85.83
21264,85.83,False,85.83
21265,85.83,False,85.83
21266,85.83,False,85.83
21267,85.83,False,85.83
21268,85.83,False,85.83
21269,85.83,False,85.83
21270,85.83,False,85.83
21271,85.83,False,85.83
21272,85.83,False,85.83
21273,85.83,False,85.83
21274,34.17,False,75.498
21275,34.17,False,65.16600000000001
21276,34.17,False,54.834
21277,34.17,False,44.502
21278,34.17,False,34.17
21279,34.17,False,34.17
21280,34.17,False,34.17
21281,34.17,False,34.17
21282,34.17,False,34.17
21283,34.17,False,34.17
21284,34.17,False,34.17
21285,34.17,False,34.17
21286,34.17,False,34.17
21287,34.17,False,34.17
21288,34.17,False,34.17
21289,34.17,False,34.17
21290,34.17,False,34.17
21291,34.17,False,34.17
21292,34.17,False,34.17
21293,34.17,False,34.17
21294,34.17,False,34.17
21295,34.17,False,34.17
21296,34.17,False,34.17
21297,34.17,False,34.17
21298,34.17,False,34.17
21299,34.17,False,34.17
21300,34.17,False,34.17
21301,34.17,False,34.17
21302,34.17,False,34.17
21303,34.17,False,34.17
21304,78.33,False,43.001999999999995
21305,78.33,False,51.83399999999999
21306,78.33,False,60.666
21307,78.33,False,69.498
21308,78.33,False,78.33
21309,78.33,False,78.33
21310,78.33,False,78.33
21311,78.33,False,78.33
21312,78.33,False,78.33
21313,78.33,False,78.33
21314,78.33,False,78.33
21315,78.33,False,78.33
21316,78.33,False,78.33
21317,78.33,False,78.33
21318,78.33,False,78.33
21319,78.33,False,78.33
21320,78.33,False,78.33
21321,78.33,False,78.33
21322,78.33,False,78.33
21323,78.33,False,78.33
21324,78.33,False,78.33
21325,78.33,False,78.33
21326,78.33,False,78.33
21327,78.33,False,78.33
21328,78.33,False,78.33
21329,78.33,False,78.33
21330,78.33,False,78.33
21331,78.33,False,78.33
21332,78.33,False,78.33
21333,78.33,False,78.33
21334,78.33,False,78.33
21335,65.0,False,75.664
21336,65.0,False,72.998
21337,65.0,False,70.332
21338,65.0,False,67.666
21339,65.0,False,65.0
21340,65.0,False,65.0
21341,65.0,False,65.0
21342,65.0,False,65.0
21343,65.0,False,65.0
21344,65.0,False,65.0
21345,65.0,False,65.0
21346,65.0,False,65.0
21347,65.0,False,65.0
21348,65.0,False,65.0
21349,65.0,False,65.0
21350,65.0,False,65.0
21351,65.0,False,65.0
21352,65.0,False,65.0
21353,65.0,False,65.0
21354,65.0,False,65.0
21355,65.0,False,65.0
21356,65.0,False,65.0
21357,65.0,False,65.0
21358,65.0,False,65.0
21359,65.0,False,65.0
21360,65.0,False,65.0
21361,65.0,False,65.0
21362,65.0,False,65.0
21363,65.0,False,65.0
21364,65.0,False,65.0
21365,60.0,False,64.0
21366,60.0,False,63.0
21367,60.0,False,62.0
21368,60.0,False,61.0
21369,60.0,False,60.0
21370,60.0,False,60.0
21371,60.0,False,60.0
21372,60.0,False,60.0
21373,60.0,False,60.0
21374,60.0,False,60.0
21375,60.0,False,60.0
21376,60.0,False,60.0
21377,60.0,False,60.0
21378,60.0,False,60.0
21379,60.0,False,60.0
21380,60.0,False,60.0
21381,60.0,False,60.0
21382,60.0,False,60.0
21383,60.0,False,60.0
21384,60.0,False,60.0
21385,60.0,False,60.0
21386,60.0,False,60.0
21387,60.0,False,60.0
21388,60.0,False,60.0
21389,60.0,False,60.0
21390,60.0,False,60.0
21391,60.0,False,60.0
21392,60.0,False,60.0
21393,60.0,False,60.0
21394,60.0,False,60.0
21395,60.0,False,60.0
21396,110.83,False,70.16600000000001
21397,110.83,False,80.33200000000001
21398,110.83,False,90.498
21399,110.83,False,100.664
21400,110.83,False,110.83
21401,110.83,False,110.83
21402,110.83,False,110.83
21403,110.83,False,110.83
21404,110.83,False,110.83
21405,110.83,False,110.83
21406,110.83,False,110.83
21407,110.83,False,110.83
21408,110.83,False,110.83
21409,110.83,False,110.83
21410,110.83,False,110.83
21411,110.83,False,110.83
21412,110.83,False,110.83
21413,110.83,False,110.83
21414,110.83,False,110.83
21415,110.83,False,110.83
21416,110.83,False,110.83
21417,110.83,False,110.83
21418,110.83,False,110.83
21419,110.83,False,110.83
21420,110.83,False,110.83
21421,110.83,False,110.83
21422,110.83,False,110.83
21423,110.83,False,110.83
21424,110.83,False,110.83
21425,110.83,False,110.83
21426,133.33,False,115.33
21427,133.33,False,119.83
21428,133.33,False,124.33000000000001
21429,133.33,False,128.82999999999998
21430,133.33,False,133.33
21431,133.33,False,133.33
21432,133.33,False,133.33
21433,133.33,False,133.33
21434,133.33,False,133.33
21435,133.33,False,133.33
21436,133.33,False,133.33
21437,133.33,False,133.33
21438,133.33,False,133.33
21439,133.33,False,133.33
21440,133.33,False,133.33
21441,133.33,False,133.33
21442,133.33,False,133.33
21443,133.33,False,133.33
21444,133.33,False,133.33
21445,133.33,False,133.33
21446,133.33,False,133.33
21447,133.33,False,133.33
21448,133.33,False,133.33
21449,133.33,False,133.33
21450,133.33,False,133.33
21451,133.33,False,133.33
21452,133.33,False,133.33
21453,133.33,False,133.33
21454,133.33,False,133.33
21455,133.33,False,133.33
21456,133.33,False,133.33
21457,133.33,False,133.33
21458,133.33,False,133.33
21459,133.33,False,133.33
21460,133.33,False,133.33
21461,133.33,False,133.33
21462,133.33,False,133.33
21463,133.33,False,133.33
21464,133.33,False,133.33
21465,133.33,False,133.33
21466,133.33,False,133.33
21467,133.33,False,133.33
21468,133.33,False,133.33
21469,133.33,False,133.33
21470,133.33,False,133.33
21471,133.33,False,133.33
21472,133.33,False,133.33
21473,133.33,False,133.33
21474,133.33,False,133.33
21475,133.33,False,133.33
21476,133.33,False,133.33
21477,133.33,False,133.33
21478,133.33,False,133.33
21479,133.33,False,133.33
21480,133.33,False,133.33
21481,133.33,False,133.33
21482,133.33,False,133.33
21483,133.33,False,133.33
21484,133.33,False,133.33
21485,133.33,False,133.33
21486,133.33,False,133.33
21487,132.5,False,133.16400000000002
21488,132.5,False,132.998
21489,132.5,False,132.83200000000002
21490,132.5,False,132.666
21491,132.5,False,132.5
21492,132.5,False,132.5
21493,132.5,False,132.5
21494,132.5,False,132.5
21495,132.5,False,132.5
21496,132.5,False,132.5
21497,132.5,False,132.5
21498,132.5,False,132.5
21499,132.5,False,132.5
21500,132.5,False,132.5
21501,132.5,False,132.5
21502,132.5,False,132.5
21503,132.5,False,132.5
21504,132.5,False,132.5
21505,135.83,False,133.166
21506,135.83,False,133.83200000000002
21507,135.83,False,134.498
21508,135.83,False,135.16400000000002
21509,135.83,False,135.83
21510,135.83,False,135.83
21511,135.83,False,135.83
21512,135.83,False,135.83
21513,135.83,False,135.83
21514,135.83,False,135.83
21515,135.83,False,135.83
21516,135.83,False,135.83
21517,135.83,False,135.83
21518,135.83,False,135.83
21519,135.83,False,135.83
21520,135.83,False,135.83
21521,135.83,False,135.83
21522,135.83,False,135.83
21523,135.83,False,135.83
21524,135.83,False,135.83
21525,135.83,False,135.83
21526,135.83,False,135.83
21527,135.83,False,135.83
21528,135.83,False,135.83
21529,135.83,False,135.83
21530,135.83,False,135.83
21531,135.83,False,135.83
21532,135.83,False,135.83
21533,135.83,False,135.83
21534,135.83,False,135.83
21535,135.83,False,135.83
21536,130.83,False,134.83
21537,130.83,False,133.83
21538,130.83,False,132.83
21539,130.83,False,131.83
21540,130.83,False,130.83
21541,130.83,False,130.83
21542,130.83,False,130.83
21543,130.83,False,130.83
21544,130.83,False,130.83
21545,130.83,False,130.83
21546,130.83,False,130.83
21547,130.83,False,130.83
21548,130.83,False,130.83
21549,130.83,False,130.83
21550,130.83,False,130.83
21551,130.83,False,130.83
21552,130.83,False,130.83
21553,130.83,False,130.83
21554,130.83,False,130.83
21555,130.83,False,130.83
21556,130.83,False,130.83
21557,130.83,False,130.83
21558,130.83,False,130.83
21559,130.83,False,130.83
21560,130.83,False,130.83
21561,130.83,False,130.83
21562,130.83,False,130.83
21563,130.83,False,130.83
21564,130.83,False,130.83
21565,130.83,False,130.83
21566,130.0,False,130.66400000000002
21567,130.0,False,130.498
21568,130.0,False,130.33200000000002
21569,130.0,False,130.166
21570,130.0,False,130.0
21571,130.0,False,130.0
21572,130.0,False,130.0
21573,130.0,False,130.0
21574,130.0,False,130.0
21575,130.0,False,130.0
21576,130.0,False,130.0
21577,130.0,False,130.0
21578,130.0,False,130.0
21579,130.0,False,130.0
21580,130.0,False,130.0
21581,130.0,False,130.0
21582,130.0,False,130.0
21583,130.0,False,130.0
21584,130.0,False,130.0
21585,130.0,False,130.0
21586,130.0,False,130.0
21587,130.0,False,130.0
21588,130.0,False,130.0
21589,130.0,False,130.0
21590,130.0,False,130.0
21591,130.0,False,130.0
21592,130.0,False,130.0
21593,130.0,False,130.0
21594,130.0,False,130.0
21595,130.0,False,130.0
21596,130.0,False,130.0
21597,132.5,False,130.5
21598,132.5,False,131.0
21599,132.5,False,131.5
21600,132.5,False,132.0
21601,132.5,False,132.5
21602,132.5,False,132.5
21603,132.5,False,132.5
21604,132.5,False,132.5
21605,132.5,False,132.5
21606,132.5,False,132.5
21607,132.5,False,132.5
21608,132.5,False,132.5
21609,132.5,False,132.5
21610,132.5,False,132.5
21611,132.5,False,132.5
21612,132.5,False,132.5
21613,132.5,False,132.5
21614,132.5,False,132.5
21615,132.5,False,132.5
21616,132.5,False,132.5
21617,132.5,False,132.5
21618,132.5,False,132.5
21619,132.5,False,132.5
21620,132.5,False,132.5
21621,132.5,False,132.5
21622,132.5,False,132.5
21623,132.5,False,132.5
21624,132.5,False,132.5
21625,132.5,False,132.5
21626,132.5,False,132.5
21627,135.83,False,133.166
21628,135.83,False,133.832
21629,135.83,False,134.498
21630,135.83,False,135.16400000000002
21631,135.83,False,135.83
21632,135.83,False,135.83
21633,135.83,False,135.83
21634,135.83,False,135.83
21635,135.83,False,135.83
21636,135.83,False,135.83
21637,135.83,False,135.83
21638,135.83,False,135.83
21639,135.83,False,135.83
21640,135.83,False,135.83
21641,135.83,False,135.83
21642,135.83,False,135.83
21643,135.83,False,135.83
21644,135.83,False,135.83
21645,135.83,False,135.83
21646,135.83,False,135.83
21647,135.83,False,135.83
21648,135.83,False,135.83
21649,135.83,False,135.83
21650,135.83,False,135.83
21651,135.83,False,135.83
21652,135.83,False,135.83
21653,135.83,False,135.83
21654,135.83,False,135.83
21655,135.83,False,135.83
21656,135.83,False,135.83
21657,135.83,False,135.83
21658,141.67,False,136.998
21659,141.67,False,138.166
21660,141.67,False,139.334
21661,141.67,False,140.502
21662,141.67,False,141.67
21663,141.67,False,141.67
21664,141.67,False,141.67
21665,141.67,False,141.67
21666,141.67,False,141.67
21667,141.67,False,141.67
21668,141.67,False,141.67
21669,141.67,False,141.67
21670,141.67,False,141.67
21671,141.67,False,141.67
21672,141.67,False,141.67
21673,141.67,False,141.67
21674,141.67,False,141.67
21675,141.67,False,141.67
21676,141.67,False,141.67
21677,141.67,False,141.67
21678,141.67,False,141.67
21679,141.67,False,141.67
21680,141.67,False,141.67
21681,141.67,False,141.67
21682,141.67,False,141.67
21683,141.67,False,141.67
21684,141.67,False,141.67
21685,141.67,False,141.67
21686,141.67,False,141.67
21687,141.67,False,141.67
21688,141.67,False,141.67
21689,143.33,False,142.002
21690,143.33,False,142.334
21691,143.33,False,142.666
21692,143.33,False,142.99800000000002
21693,143.33,False,143.33
21694,143.33,False,143.33
21695,143.33,False,143.33
21696,143.33,False,143.33
21697,143.33,False,143.33
21698,143.33,False,143.33
21699,143.33,False,143.33
21700,143.33,False,143.33
21701,143.33,False,143.33
21702,143.33,False,143.33
21703,143.33,False,143.33
21704,143.33,False,143.33
21705,143.33,False,143.33
21706,143.33,False,143.33
21707,143.33,False,143.33
21708,143.33,False,143.33
21709,143.33,False,143.33
21710,143.33,False,143.33
21711,143.33,False,143.33
21712,143.33,False,143.33
21713,143.33,False,143.33
21714,143.33,False,143.33
21715,143.33,False,143.33
21716,143.33,False,143.33
21717,143.33,False,143.33
21718,143.33,False,143.33
21719,140.83,False,142.83
21720,140.83,False,142.33
21721,140.83,False,141.83
21722,140.83,False,141.33
21723,140.83,False,140.83
21724,140.83,False,140.83
21725,140.83,False,140.83
21726,140.83,False,140.83
21727,140.83,False,140.83
21728,140.83,False,140.83
21729,140.83,False,140.83
21730,140.83,False,140.83
21731,140.83,False,140.83
21732,140.83,False,140.83
21733,140.83,False,140.83
21734,140.83,False,140.83
21735,140.83,False,140.83
21736,140.83,False,140.83
21737,140.83,False,140.83
21738,140.83,False,140.83
21739,140.83,False,140.83
21740,140.83,False,140.83
21741,140.83,False,140.83
21742,140.83,False,140.83
21743,140.83,False,140.83
21744,140.83,False,140.83
21745,140.83,False,140.83
21746,140.83,False,140.83
21747,140.83,False,140.83
21748,140.83,False,140.83
21749,140.83,False,140.83
21750,135.83,False,139.83
21751,135.83,False,138.83
21752,135.83,False,137.83
21753,135.83,False,136.83
21754,135.83,False,135.83
21755,135.83,False,135.83
21756,135.83,False,135.83
21757,135.83,False,135.83
21758,135.83,False,135.83
21759,135.83,False,135.83
21760,135.83,False,135.83
21761,100.83,False,128.82999999999998
21762,100.83,False,121.83000000000001
21763,100.83,False,114.83
21764,70.83,False,101.83
21765,70.83,False,88.83
21766,70.83,False,82.83
21767,70.83,False,76.83
21768,70.83,False,70.83
21769,70.83,False,70.83
21770,70.83,False,70.83
21771,70.83,False,70.83
21772,70.83,False,70.83
21773,70.83,False,70.83
21774,70.83,False,70.83
21775,70.83,False,70.83
21776,70.83,False,70.83
21777,70.83,False,70.83
21778,70.83,False,70.83
21779,70.83,False,70.83
21780,70.83,False,70.83
21781,70.83,False,70.83
21782,70.83,False,70.83
21783,70.83,False,70.83
21784,70.83,False,70.83
21785,70.83,False,70.83
21786,70.83,False,70.83
21787,70.83,False,70.83
21788,70.83,False,70.83
21789,70.83,False,70.83
21790,70.83,False,70.83
21791,70.83,False,70.83
21792,70.83,False,70.83
21793,70.83,False,70.83
21794,70.83,False,70.83
21795,50.0,False,66.664
21796,50.0,False,62.498000000000005
21797,50.0,False,58.331999999999994
21798,50.0,False,54.16600000000001
21799,50.0,False,50.0
21800,50.0,False,50.0
21801,50.0,False,50.0
21802,50.0,False,50.0
21803,50.0,False,50.0
21804,50.0,False,50.0
21805,50.0,False,50.0
21806,50.0,False,50.0
21807,50.0,False,50.0
21808,50.0,False,50.0
21809,50.0,False,50.0
21810,50.0,False,50.0
21811,50.0,False,50.0
21812,50.0,False,50.0
21813,50.0,False,50.0
21814,50.0,False,50.0
21815,50.0,False,50.0
21816,50.0,False,50.0
21817,50.0,False,50.0
21818,50.0,False,50.0
21819,50.0,False,50.0
21820,50.0,False,50.0
21821,50.0,False,50.0
21822,50.0,False,50.0
21823,50.0,False,50.0
21824,50.0,False,50.0
21825,34.17,False,46.834
21826,34.17,False,43.668
21827,34.17,False,40.501999999999995
21828,34.17,False,37.336
21829,34.17,False,34.17
21830,34.17,False,34.17
21831,34.17,False,34.17
21832,34.17,False,34.17
21833,34.17,False,34.17
21834,34.17,False,34.17
21835,34.17,False,34.17
21836,34.17,False,34.17
21837,34.17,False,34.17
21838,34.17,False,34.17
21839,34.17,False,34.17
21840,34.17,False,34.17
21841,34.17,False,34.17
21842,34.17,False,34.17
21843,34.17,False,34.17
21844,34.17,False,34.17
21845,34.17,False,34.17
21846,34.17,False,34.17
21847,34.17,False,34.17
21848,34.17,False,34.17
21849,34.17,False,34.17
21850,34.17,False,34.17
21851,34.17,False,34.17
21852,34.17,False,34.17
21853,34.17,False,34.17
21854,34.17,False,34.17
21855,34.17,False,34.17
21856,30.0,False,33.336
21857,30.0,False,32.501999999999995
21858,30.0,False,31.667999999999996
21859,30.0,False,30.834000000000003
21860,30.0,False,30.0
21861,30.0,False,30.0
21862,30.0,False,30.0
21863,30.0,False,30.0
21864,30.0,False,30.0
21865,30.0,False,30.0
21866,30.0,False,30.0
21867,30.0,False,30.0
21868,30.0,False,30.0
21869,30.0,False,30.0
21870,30.0,False,30.0
21871,30.0,False,30.0
21872,30.0,False,30.0
21873,30.0,False,30.0
21874,30.0,False,30.0
21875,30.0,False,30.0
21876,30.0,False,30.0
21877,30.0,False,30.0
21878,30.0,False,30.0
21879,30.0,False,30.0
21880,30.0,False,30.0
21881,30.0,False,30.0
21882,30.0,False,30.0
21883,30.0,False,30.0
21884,30.0,False,30.0
21885,30.0,False,30.0
21886,29.17,False,29.834000000000003
21887,29.17,False,29.668
21888,29.17,False,29.502
21889,29.17,False,29.336000000000002
21890,29.17,False,29.17
21891,29.17,False,29.17
21892,29.17,False,29.17
21893,29.17,False,29.17
21894,29.17,False,29.17
21895,29.17,False,29.17
21896,29.17,False,29.17
21897,29.17,False,29.17
21898,29.17,False,29.17
21899,29.17,False,29.17
21900,29.17,False,29.17
21901,29.17,False,29.17
21902,29.17,False,29.17
21903,29.17,False,29.17
21904,29.17,False,29.17
21905,29.17,False,29.17
21906,29.17,False,29.17
21907,29.17,False,29.17
21908,29.17,False,29.17
21909,29.17,False,29.17
21910,29.17,False,29.17
21911,29.17,False,29.17
21912,29.17,False,29.17
21913,29.17,False,29.17
21914,29.17,False,29.17
21915,29.17,False,29.17
21916,29.17,False,29.17
21917,28.33,False,29.002
21918,28.33,False,28.834000000000003
21919,28.33,False,28.665999999999997
21920,28.33,False,28.498
21921,28.33,False,28.33
21922,28.33,False,28.33
21923,28.33,False,28.33
21924,28.33,False,28.33
21925,28.33,False,28.33
21926,28.33,False,28.33
21927,28.33,False,28.33
21928,28.33,False,28.33
21929,28.33,False,28.33
21930,28.33,False,28.33
21931,28.33,False,28.33
21932,28.33,False,28.33
21933,28.33,False,28.33
21934,28.33,False,28.33
21935,28.33,False,28.33
21936,28.33,False,28.33
21937,28.33,False,28.33
21938,28.33,False,28.33
21939,28.33,False,28.33
21940,28.33,False,28.33
21941,28.33,False,28.33
21942,28.33,False,28.33
21943,28.33,False,28.33
21944,28.33,False,28.33
21945,28.33,False,28.33
21946,28.33,False,28.33
21947,28.33,False,28.33
21948,28.33,False,28.33
21949,28.33,False,28.33
21950,28.33,False,28.33
21951,28.33,False,28.33
21952,28.33,False,28.33
21953,28.33,False,28.33
21954,28.33,False,28.33
21955,28.33,False,28.33
21956,28.33,False,28.33
21957,28.33,False,28.33
21958,28.33,False,28.33
21959,28.33,False,28.33
21960,28.33,False,28.33
21961,28.33,False,28.33
21962,28.33,False,28.33
21963,28.33,False,28.33
21964,28.33,False,28.33
21965,28.33,False,28.33
21966,28.33,False,28.33
21967,28.33,False,28.33
21968,28.33,False,28.33
21969,28.33,False,28.33
21970,28.33,False,28.33
21971,28.33,False,28.33
21972,28.33,False,28.33
21973,28.33,False,28.33
21974,28.33,False,28.33
21975,28.33,False,28.33
21976,28.33,False,28.33
21977,28.33,False,28.33
21978,29.17,False,28.498
21979,29.17,False,28.665999999999997
21980,29.17,False,28.834000000000003
21981,29.17,False,29.002
21982,29.17,False,29.17
21983,29.17,False,29.17
21984,29.17,False,29.17
21985,29.17,False,29.17
21986,29.17,False,29.17
21987,29.17,False,29.17
21988,29.17,False,29.17
21989,29.17,False,29.17
21990,29.17,False,29.17
21991,29.17,False,29.17
21992,29.17,False,29.17
21993,29.17,False,29.17
21994,29.17,False,29.17
21995,29.17,False,29.17
21996,29.17,False,29.17
21997,29.17,False,29.17
21998,29.17,False,29.17
21999,29.17,False,29.17
22000,29.17,False,29.17
22001,29.17,False,29.17
22002,29.17,False,29.17
22003,29.17,False,29.17
22004,29.17,False,29.17
22005,29.17,False,29.17
22006,29.17,False,29.17
22007,29.17,False,29.17
22008,29.17,False,29.17
22009,29.17,False,29.17
22010,29.17,False,29.17
22011,29.17,False,29.17
22012,29.17,False,29.17
22013,29.17,False,29.17
22014,29.17,False,29.17
22015,29.17,False,29.17
22016,29.17,False,29.17
22017,29.17,False,29.17
22018,29.17,False,29.17
22019,29.17,False,29.17
22020,29.17,False,29.17
22021,29.17,False,29.17
22022,29.17,False,29.17
22023,29.17,False,29.17
22024,29.17,False,29.17
22025,29.17,False,29.17
22026,29.17,False,29.17
22027,29.17,False,29.17
22028,29.17,False,29.17
22029,30.0,False,29.336000000000002
22030,30.0,False,29.502
22031,30.0,False,29.668
22032,30.0,False,29.834000000000003
22033,30.0,False,30.0
22034,30.0,False,30.0
22035,30.0,False,30.0
22036,30.0,False,30.0
22037,30.0,False,30.0
22038,30.0,False,30.0
22039,30.0,False,30.0
22040,30.0,False,30.0
22041,30.0,False,30.0
22042,30.0,False,30.0
22043,30.0,False,30.0
22044,30.0,False,30.0
22045,30.0,False,30.0
22046,30.0,False,30.0
22047,30.0,False,30.0
22048,30.0,False,30.0
22049,30.0,False,30.0
22050,30.0,False,30.0
22051,30.0,False,30.0
22052,30.0,False,30.0
22053,30.0,False,30.0
22054,30.0,False,30.0
22055,30.0,False,30.0
22056,30.0,False,30.0
22057,30.0,False,30.0
22058,30.0,False,30.0
22059,30.0,False,30.0
22060,29.17,False,29.834000000000003
22061,29.17,False,29.668
22062,29.17,False,29.502
22063,29.17,False,29.336000000000002
22064,29.17,False,29.17
22065,29.17,False,29.17
22066,29.17,False,29.17
22067,29.17,False,29.17
22068,29.17,False,29.17
22069,29.17,False,29.17
22070,29.17,False,29.17
22071,29.17,False,29.17
22072,29.17,False,29.17
22073,29.17,False,29.17
22074,29.17,False,29.17
22075,29.17,False,29.17
22076,29.17,False,29.17
22077,29.17,False,29.17
22078,29.17,False,29.17
22079,29.17,False,29.17
22080,29.17,False,29.17
22081,29.17,False,29.17
22082,29.17,False,29.17
22083,29.17,False,29.17
22084,29.17,False,29.17
22085,29.17,False,29.17
22086,29.17,False,29.17
22087,29.17,False,29.17
22088,29.17,False,29.17
22089,29.17,False,29.17
22090,29.17,False,29.17
22091,29.17,False,29.17
22092,29.17,False,29.17
22093,29.17,False,29.17
22094,29.17,False,29.17
22095,29.17,False,29.17
22096,29.17,False,29.17
22097,29.17,False,29.17
22098,29.17,False,29.17
22099,29.17,False,29.17
22100,29.17,False,29.17
22101,29.17,False,29.17
22102,29.17,False,29.17
22103,29.17,False,29.17
22104,29.17,False,29.17
22105,29.17,False,29.17
22106,29.17,False,29.17
22107,29.17,False,29.17
22108,29.17,False,29.17
22109,29.17,False,29.17
22110,29.17,False,29.17
22111,29.17,False,29.17
22112,29.17,False,29.17
22113,29.17,False,29.17
22114,29.17,False,29.17
22115,29.17,False,29.17
22116,29.17,False,29.17
22117,29.17,False,29.17
22118,29.17,False,29.17
22119,29.17,False,29.17
22120,29.17,False,29.17
22121,32.5,False,29.836000000000002
22122,32.5,False,30.502
22123,32.5,False,31.168
22124,32.5,False,31.834000000000003
22125,32.5,False,32.5
22126,32.5,False,32.5
22127,32.5,False,32.5
22128,32.5,False,32.5
22129,32.5,False,32.5
22130,32.5,False,32.5
22131,32.5,False,32.5
22132,32.5,False,32.5
22133,32.5,False,32.5
22134,32.5,False,32.5
22135,32.5,False,32.5
22136,32.5,False,32.5
22137,32.5,False,32.5
22138,32.5,False,32.5
22139,32.5,False,32.5
22140,32.5,False,32.5
22141,32.5,False,32.5
22142,32.5,False,32.5
22143,32.5,False,32.5
22144,32.5,False,32.5
22145,32.5,False,32.5
22146,32.5,False,32.5
22147,32.5,False,32.5
22148,32.5,False,32.5
22149,32.5,False,32.5
22150,32.5,False,32.5
22151,28.33,False,31.665999999999997
22152,28.33,False,30.832
22153,28.33,False,29.998
22154,28.33,False,29.163999999999998
22155,28.33,False,28.33
22156,28.33,False,28.33
22157,28.33,False,28.33
22158,28.33,False,28.33
22159,28.33,False,28.33
22160,28.33,False,28.33
22161,28.33,False,28.33
22162,28.33,False,28.33
22163,28.33,False,28.33
22164,28.33,False,28.33
22165,28.33,False,28.33
22166,28.33,False,28.33
22167,28.33,False,28.33
22168,28.33,False,28.33
22169,28.33,False,28.33
22170,28.33,False,28.33
22171,28.33,False,28.33
22172,28.33,False,28.33
22173,28.33,False,28.33
22174,28.33,False,28.33
22175,28.33,False,28.33
22176,28.33,False,28.33
22177,28.33,False,28.33
22178,28.33,False,28.33
22179,28.33,False,28.33
22180,28.33,False,28.33
22181,28.33,False,28.33
22182,29.17,False,28.498
22183,29.17,False,28.665999999999997
22184,29.17,False,28.834000000000003
22185,29.17,False,29.002
22186,29.17,False,29.17
22187,29.17,False,29.17
22188,29.17,False,29.17
22189,29.17,False,29.17
22190,29.17,False,29.17
22191,29.17,False,29.17
22192,29.17,False,29.17
22193,29.17,False,29.17
22194,29.17,False,29.17
22195,29.17,False,29.17
22196,29.17,False,29.17
22197,29.17,False,29.17
22198,29.17,False,29.17
22199,29.17,False,29.17
22200,29.17,False,29.17
22201,29.17,False,29.17
22202,29.17,False,29.17
22203,29.17,False,29.17
22204,29.17,False,29.17
22205,29.17,False,29.17
22206,29.17,False,29.17
22207,29.17,False,29.17
22208,29.17,False,29.17
22209,29.17,False,29.17
22210,29.17,False,29.17
22211,29.17,False,29.17
22212,37.5,False,30.836000000000002
22213,37.5,False,32.501999999999995
22214,37.5,False,34.16799999999999
22215,37.5,False,35.834
22216,37.5,False,37.5
22217,37.5,False,37.5
22218,37.5,False,37.5
22219,37.5,False,37.5
22220,37.5,False,37.5
22221,37.5,False,37.5
22222,37.5,False,37.5
22223,37.5,False,37.5
22224,37.5,False,37.5
22225,37.5,False,37.5
22226,37.5,False,37.5
22227,37.5,False,37.5
22228,37.5,False,37.5
22229,37.5,False,37.5
22230,37.5,False,37.5
22231,37.5,False,37.5
22232,37.5,False,37.5
22233,37.5,False,37.5
22234,37.5,False,37.5
22235,37.5,False,37.5
22236,37.5,False,37.5
22237,37.5,False,37.5
22238,37.5,False,37.5
22239,37.5,False,37.5
22240,37.5,False,37.5
22241,37.5,False,37.5
22242,37.5,False,37.5
22243,40.0,False,38.0
22244,40.0,False,38.5
22245,40.0,False,39.0
22246,40.0,False,39.5
22247,40.0,False,40.0
22248,40.0,False,40.0
22249,40.0,False,40.0
22250,40.0,False,40.0
22251,40.0,False,40.0
22252,40.0,False,40.0
22253,40.0,False,40.0
22254,40.0,False,40.0
22255,40.0,False,40.0
22256,40.0,False,40.0
22257,40.0,False,40.0
22258,40.0,False,40.0
22259,40.0,False,40.0
22260,40.0,False,40.0
22261,40.0,False,40.0
22262,40.0,False,40.0
22263,40.0,False,40.0
22264,40.0,False,40.0
22265,40.0,False,40.0
22266,40.0,False,40.0
22267,40.0,False,40.0
22268,40.0,False,40.0
22269,40.0,False,40.0
22270,40.0,False,40.0
22271,40.0,False,40.0
22272,40.0,False,40.0
22273,30.83,False,38.166
22274,30.83,False,36.331999999999994
22275,30.83,False,34.498
22276,30.83,False,32.664
22277,30.83,False,30.83
22278,30.83,False,30.83
22279,30.83,False,30.83
22280,30.83,False,30.83
22281,30.83,False,30.83
22282,30.83,False,30.83
22283,30.83,False,30.83
22284,30.83,False,30.83
22285,30.83,False,30.83
22286,30.83,False,30.83
22287,30.83,False,30.83
22288,30.83,False,30.83
22289,30.83,False,30.83
22290,30.83,False,30.83
22291,30.83,False,30.83
22292,30.83,False,30.83
22293,30.83,False,30.83
22294,30.83,False,30.83
22295,34.17,False,31.498
22296,34.17,False,32.166
22297,34.17,False,32.834
22298,34.17,False,33.501999999999995
22299,34.17,False,34.17
22300,34.17,False,34.17
22301,34.17,False,34.17
22302,34.17,False,34.17
22303,34.17,False,34.17
22304,34.17,False,34.17
22305,34.17,False,34.17
22306,34.17,False,34.17
22307,34.17,False,34.17
22308,34.17,False,34.17
22309,34.17,False,34.17
22310,34.17,False,34.17
22311,34.17,False,34.17
22312,34.17,False,34.17
22313,34.17,False,34.17
22314,34.17,False,34.17
22315,34.17,False,34.17
22316,34.17,False,34.17
22317,34.17,False,34.17
22318,34.17,False,34.17
22319,34.17,False,34.17
22320,34.17,False,34.17
22321,34.17,False,34.17
22322,34.17,False,34.17
22323,34.17,False,34.17
22324,34.17,False,34.17
22325,32.5,False,33.836
22326,32.5,False,33.501999999999995
22327,32.5,False,33.16799999999999
22328,32.5,False,32.834
22329,32.5,False,32.5
22330,32.5,False,32.5
22331,32.5,False,32.5
22332,32.5,False,32.5
22333,32.5,False,32.5
22334,32.5,False,32.5
22335,32.5,False,32.5
22336,32.5,False,32.5
22337,32.5,False,32.5
22338,32.5,False,32.5
22339,32.5,False,32.5
22340,32.5,False,32.5
22341,32.5,False,32.5
22342,32.5,False,32.5
22343,32.5,False,32.5
22344,32.5,False,32.5
22345,32.5,False,32.5
22346,32.5,False,32.5
22347,32.5,False,32.5
22348,32.5,False,32.5
22349,32.5,False,32.5
22350,32.5,False,32.5
22351,32.5,False,32.5
22352,32.5,False,32.5
22353,32.5,False,32.5
22354,32.5,False,32.5
22355,32.5,False,32.5
22356,28.33,False,31.665999999999997
22357,28.33,False,30.832
22358,28.33,False,29.998
22359,28.33,False,29.163999999999998
22360,28.33,False,28.33
22361,28.33,False,28.33
22362,28.33,False,28.33
22363,28.33,False,28.33
22364,28.33,False,28.33
22365,28.33,False,28.33
22366,28.33,False,28.33
22367,28.33,False,28.33
22368,28.33,False,28.33
22369,28.33,False,28.33
22370,28.33,False,28.33
22371,28.33,False,28.33
22372,28.33,False,28.33
22373,28.33,False,28.33
22374,28.33,False,28.33
22375,28.33,False,28.33
22376,28.33,False,28.33
22377,28.33,False,28.33
22378,28.33,False,28.33
22379,28.33,False,28.33
22380,28.33,False,28.33
22381,28.33,False,28.33
22382,28.33,False,28.33
22383,28.33,False,28.33
22384,28.33,False,28.33
22385,28.33,False,28.33
22386,29.17,False,28.498
22387,29.17,False,28.665999999999997
22388,29.17,False,28.834000000000003
22389,29.17,False,29.002
22390,29.17,False,29.17
22391,29.17,False,29.17
22392,29.17,False,29.17
22393,29.17,False,29.17
22394,29.17,False,29.17
22395,29.17,False,29.17
22396,29.17,False,29.17
22397,29.17,False,29.17
22398,29.17,False,29.17
22399,29.17,False,29.17
22400,29.17,False,29.17
22401,29.17,False,29.17
22402,29.17,False,29.17
22403,29.17,False,29.17
22404,29.17,False,29.17
22405,29.17,False,29.17
22406,29.17,False,29.17
22407,29.17,False,29.17
22408,29.17,False,29.17
22409,29.17,False,29.17
22410,29.17,False,29.17
22411,29.17,False,29.17
22412,29.17,False,29.17
22413,29.17,False,29.17
22414,29.17,False,29.17
22415,29.17,False,29.17
22416,29.17,False,29.17
22417,29.17,False,29.17
22418,29.17,False,29.17
22419,29.17,False,29.17
22420,29.17,False,29.17
22421,29.17,False,29.17
22422,29.17,False,29.17
22423,29.17,False,29.17
22424,29.17,False,29.17
22425,29.17,False,29.17
22426,29.17,False,29.17
22427,29.17,False,29.17
22428,29.17,False,29.17
22429,29.17,False,29.17
22430,29.17,False,29.17
22431,29.17,False,29.17
22432,29.17,False,29.17
22433,29.17,False,29.17
22434,29.17,False,29.17
22435,29.17,False,29.17
22436,29.17,False,29.17
22437,29.17,False,29.17
22438,29.17,False,29.17
22439,29.17,False,29.17
22440,29.17,False,29.17
22441,29.17,False,29.17
22442,29.17,False,29.17
22443,29.17,False,29.17
22444,29.17,False,29.17
22445,29.17,False,29.17
22446,29.17,False,29.17
22447,29.17,False,29.17
22448,29.17,False,29.17
22449,29.17,False,29.17
22450,29.17,False,29.17
22451,29.17,False,29.17
22452,29.17,False,29.17
22453,29.17,False,29.17
22454,29.17,False,29.17
22455,29.17,False,29.17
22456,29.17,False,29.17
22457,29.17,False,29.17
22458,29.17,False,29.17
22459,29.17,False,29.17
22460,29.17,False,29.17
22461,29.17,False,29.17
22462,29.17,False,29.17
22463,29.17,False,29.17
22464,29.17,False,29.17
22465,29.17,False,29.17
22466,29.17,False,29.17
22467,29.17,False,29.17
22468,29.17,False,29.17
22469,29.17,False,29.17
22470,29.17,False,29.17
22471,29.17,False,29.17
22472,29.17,False,29.17
22473,29.17,False,29.17
22474,29.17,False,29.17
22475,29.17,False,29.17
22476,29.17,False,29.17
22477,29.17,False,29.17
22478,28.33,False,29.002
22479,28.33,False,28.834000000000003
22480,28.33,False,28.665999999999997
22481,28.33,False,28.498
22482,28.33,False,28.33
22483,28.33,False,28.33
22484,28.33,False,28.33
22485,28.33,False,28.33
22486,28.33,False,28.33
22487,28.33,False,28.33
22488,28.33,False,28.33
22489,28.33,False,28.33
22490,28.33,False,28.33
22491,28.33,False,28.33
22492,28.33,False,28.33
22493,28.33,False,28.33
22494,28.33,False,28.33
22495,28.33,False,28.33
22496,28.33,False,28.33
22497,28.33,False,28.33
22498,28.33,False,28.33
22499,28.33,False,28.33
22500,28.33,False,28.33
22501,28.33,False,28.33
22502,28.33,False,28.33
22503,28.33,False,28.33
22504,28.33,False,28.33
22505,28.33,False,28.33
22506,28.33,False,28.33
22507,28.33,False,28.33
22508,28.33,False,28.33
22509,28.33,False,28.33
22510,28.33,False,28.33
22511,28.33,False,28.33
22512,28.33,False,28.33
22513,28.33,False,28.33
22514,28.33,False,28.33
22515,28.33,False,28.33
22516,28.33,False,28.33
22517,28.33,False,28.33
22518,28.33,False,28.33
22519,28.33,False,28.33
22520,28.33,False,28.33
22521,28.33,False,28.33
22522,28.33,False,28.33
22523,28.33,False,28.33
22524,28.33,False,28.33
22525,28.33,False,28.33
22526,28.33,False,28.33
22527,28.33,False,28.33
22528,28.33,False,28.33
22529,31.67,False,28.998
22530,31.67,False,29.665999999999997
22531,31.67,False,30.334000000000003
22532,31.67,False,31.002
22533,31.67,False,31.67
22534,31.67,False,31.67
22535,31.67,False,31.67
22536,31.67,False,31.67
22537,31.67,False,31.67
22538,31.67,False,31.67
22539,31.67,False,31.67
22540,31.67,False,31.67
22541,31.67,False,31.67
22542,31.67,False,31.67
22543,31.67,False,31.67
22544,31.67,False,31.67
22545,31.67,False,31.67
22546,31.67,False,31.67
22547,31.67,False,31.67
22548,31.67,False,31.67
22549,31.67,False,31.67
22550,31.67,False,31.67
22551,31.67,False,31.67
22552,31.67,False,31.67
22553,31.67,False,31.67
22554,31.67,False,31.67
22555,31.67,False,31.67
22556,31.67,False,31.67
22557,31.67,False,31.67
22558,31.67,False,31.67
22559,31.67,False,31.67
22560,29.17,False,31.170000000000005
22561,29.17,False,30.670000000000005
22562,29.17,False,30.170000000000005
22563,29.17,False,29.670000000000005
22564,29.17,False,29.17
22565,29.17,False,29.17
22566,29.17,False,29.17
22567,29.17,False,29.17
22568,29.17,False,29.17
22569,29.17,False,29.17
22570,29.17,False,29.17
22571,29.17,False,29.17
22572,29.17,False,29.17
22573,29.17,False,29.17
22574,29.17,False,29.17
22575,29.17,False,29.17
22576,29.17,False,29.17
22577,29.17,False,29.17
22578,29.17,False,29.17
22579,29.17,False,29.17
22580,29.17,False,29.17
22581,29.17,False,29.17
22582,29.17,False,29.17
22583,29.17,False,29.17
22584,29.17,False,29.17
22585,29.17,False,29.17
22586,29.17,False,29.17
22587,29.17,False,29.17
22588,29.17,False,29.17
22589,29.17,False,29.17
22590,30.0,False,29.336000000000002
22591,30.0,False,29.502
22592,30.0,False,29.668
22593,30.0,False,29.834000000000003
22594,30.0,False,30.0
22595,30.0,False,30.0
22596,30.0,False,30.0
22597,30.0,False,30.0
22598,30.0,False,30.0
22599,30.0,False,30.0
22600,30.0,False,30.0
22601,30.0,False,30.0
22602,30.0,False,30.0
22603,30.0,False,30.0
22604,30.0,False,30.0
22605,30.0,False,30.0
22606,30.0,False,30.0
22607,30.0,False,30.0
22608,30.0,False,30.0
22609,30.0,False,30.0
22610,30.0,False,30.0
22611,30.0,False,30.0
22612,30.0,False,30.0
22613,30.0,False,30.0
22614,30.0,False,30.0
22615,30.0,False,30.0
22616,30.0,False,30.0
22617,30.0,False,30.0
22618,30.0,False,30.0
22619,30.0,False,30.0
22620,30.0,False,30.0
22621,30.0,False,30.0
22622,30.0,False,30.0
22623,30.0,False,30.0
22624,30.0,False,30.0
22625,30.0,False,30.0
22626,30.0,False,30.0
22627,30.0,False,30.0
22628,30.0,False,30.0
22629,30.0,False,30.0
22630,30.0,False,30.0
22631,30.0,False,30.0
22632,30.0,False,30.0
22633,30.0,False,30.0
22634,30.0,False,30.0
22635,30.0,False,30.0
22636,30.0,False,30.0
22637,30.0,False,30.0
22638,30.0,False,30.0
22639,30.0,False,30.0
22640,30.0,False,30.0
22641,30.0,False,30.0
22642,30.0,False,30.0
22643,30.0,False,30.0
22644,30.0,False,30.0
22645,30.0,False,30.0
22646,30.0,False,30.0
22647,30.0,False,30.0
22648,30.0,False,30.0
22649,30.0,False,30.0
22650,30.0,False,30.0
22651,30.0,False,30.0
22652,30.0,False,30.0
22653,30.0,False,30.0
22654,30.0,False,30.0
22655,30.0,False,30.0
22656,30.0,False,30.0
22657,30.0,False,30.0
22658,30.0,False,30.0
22659,30.0,False,30.0
22660,30.0,False,30.0
22661,30.0,False,30.0
22662,30.0,False,30.0
22663,30.0,False,30.0
22664,30.0,False,30.0
22665,30.0,False,30.0
22666,30.0,False,30.0
22667,30.0,False,30.0
22668,30.0,False,30.0
22669,30.0,False,30.0
22670,30.0,False,30.0
22671,30.0,False,30.0
22672,30.0,False,30.0
22673,30.0,False,30.0
22674,30.0,False,30.0
22675,30.0,False,30.0
22676,30.0,False,30.0
22677,30.0,False,30.0
22678,30.0,False,30.0
22679,30.0,False,30.0
22680,30.0,False,30.0
22681,30.0,False,30.0
22682,29.17,False,29.834000000000003
22683,29.17,False,29.668
22684,29.17,False,29.502
22685,29.17,False,29.336000000000002
22686,29.17,False,29.17
22687,29.17,False,29.17
22688,29.17,False,29.17
22689,29.17,False,29.17
22690,29.17,False,29.17
22691,29.17,False,29.17
22692,29.17,False,29.17
22693,29.17,False,29.17
22694,29.17,False,29.17
22695,29.17,False,29.17
22696,29.17,False,29.17
22697,29.17,False,29.17
22698,29.17,False,29.17
22699,29.17,False,29.17
22700,29.17,False,29.17
22701,29.17,False,29.17
22702,29.17,False,29.17
22703,29.17,False,29.17
22704,29.17,False,29.17
22705,29.17,False,29.17
22706,29.17,False,29.17
22707,29.17,False,29.17
22708,29.17,False,29.17
22709,29.17,False,29.17
22710,29.17,False,29.17
22711,29.17,False,29.17
22712,29.17,False,29.17
22713,28.33,False,29.002
22714,28.33,False,28.834000000000003
22715,28.33,False,28.665999999999997
22716,28.33,False,28.498
22717,28.33,False,28.33
22718,28.33,False,28.33
22719,28.33,False,28.33
22720,28.33,False,28.33
22721,28.33,False,28.33
22722,28.33,False,28.33
22723,28.33,False,28.33
22724,28.33,False,28.33
22725,28.33,False,28.33
22726,28.33,False,28.33
22727,28.33,False,28.33
22728,28.33,False,28.33
22729,28.33,False,28.33
22730,28.33,False,28.33
22731,28.33,False,28.33
22732,28.33,False,28.33
22733,28.33,False,28.33
22734,28.33,False,28.33
22735,28.33,False,28.33
22736,28.33,False,28.33
22737,28.33,False,28.33
22738,28.33,False,28.33
22739,28.33,False,28.33
22740,28.33,False,28.33
22741,28.33,False,28.33
22742,28.33,False,28.33
22743,27.5,False,28.163999999999998
22744,27.5,False,27.998
22745,27.5,False,27.832
22746,27.5,False,27.665999999999997
22747,27.5,False,27.5
22748,27.5,False,27.5
22749,27.5,False,27.5
22750,27.5,False,27.5
22751,27.5,False,27.5
22752,27.5,False,27.5
22753,27.5,False,27.5
22754,27.5,False,27.5
22755,27.5,False,27.5
22756,27.5,False,27.5
22757,27.5,False,27.5
22758,27.5,False,27.5
22759,27.5,False,27.5
22760,27.5,False,27.5
22761,27.5,False,27.5
22762,27.5,False,27.5
22763,27.5,False,27.5
22764,27.5,False,27.5
22765,27.5,False,27.5
22766,27.5,False,27.5
22767,27.5,False,27.5
22768,27.5,False,27.5
22769,27.5,False,27.5
22770,27.5,False,27.5
22771,27.5,False,27.5
22772,27.5,False,27.5
22773,27.5,False,27.5
22774,27.5,False,27.5
22775,27.5,False,27.5
22776,27.5,False,27.5
22777,27.5,False,27.5
22778,27.5,False,27.5
22779,27.5,False,27.5
22780,27.5,False,27.5
22781,27.5,False,27.5
22782,27.5,False,27.5
22783,27.5,False,27.5
22784,27.5,False,27.5
22785,28.33,False,27.665999999999997
22786,28.33,False,27.832
22787,28.33,False,27.998
22788,28.33,False,28.163999999999998
22789,28.33,False,28.33
22790,28.33,False,28.33
22791,28.33,False,28.33
22792,28.33,False,28.33
22793,28.33,False,28.33
22794,28.33,False,28.33
22795,28.33,False,28.33
22796,28.33,False,28.33
22797,28.33,False,28.33
22798,28.33,False,28.33
22799,28.33,False,28.33
22800,28.33,False,28.33
22801,28.33,False,28.33
22802,28.33,False,28.33
22803,28.33,False,28.33
22804,28.33,False,28.33
22805,28.33,False,28.33
22806,28.33,False,28.33
22807,28.33,False,28.33
22808,28.33,False,28.33
22809,28.33,False,28.33
22810,28.33,False,28.33
22811,28.33,False,28.33
22812,28.33,False,28.33
22813,28.33,False,28.33
22814,28.33,False,28.33
22815,28.33,False,28.33
22816,28.33,False,28.33
22817,28.33,False,28.33
22818,28.33,False,28.33
22819,28.33,False,28.33
22820,28.33,False,28.33
22821,28.33,False,28.33
22822,28.33,False,28.33
22823,28.33,False,28.33
22824,28.33,False,28.33
22825,27.5,False,28.163999999999998
22826,27.5,False,27.998
22827,27.5,False,27.832
22828,27.5,False,27.665999999999997
22829,27.5,False,27.5
22830,27.5,False,27.5
22831,27.5,False,27.5
22832,27.5,False,27.5
22833,27.5,False,27.5
22834,27.5,False,27.5
22835,27.5,False,27.5
22836,27.5,False,27.5
22837,27.5,False,27.5
22838,27.5,False,27.5
22839,27.5,False,27.5
22840,27.5,False,27.5
22841,27.5,False,27.5
22842,27.5,False,27.5
22843,27.5,False,27.5
22844,27.5,False,27.5
22845,27.5,False,27.5
22846,27.5,False,27.5
22847,27.5,False,27.5
22848,27.5,False,27.5
22849,27.5,False,27.5
22850,27.5,False,27.5
22851,27.5,False,27.5
22852,27.5,False,27.5
22853,27.5,False,27.5
22854,27.5,False,27.5
22855,27.5,False,27.5
22856,27.5,False,27.5
22857,27.5,False,27.5
22858,27.5,False,27.5
22859,27.5,False,27.5
22860,27.5,False,27.5
22861,27.5,False,27.5
22862,27.5,False,27.5
22863,27.5,False,27.5
22864,27.5,False,27.5
22865,27.5,False,27.5
22866,27.5,False,27.5
22867,27.5,False,27.5
22868,27.5,False,27.5
22869,27.5,False,27.5
22870,27.5,False,27.5
22871,27.5,False,27.5
22872,27.5,False,27.5
22873,27.5,False,27.5
22874,27.5,False,27.5
22875,27.5,False,27.5
22876,27.5,False,27.5
22877,27.5,False,27.5
22878,27.5,False,27.5
22879,27.5,False,27.5
22880,27.5,False,27.5
22881,27.5,False,27.5
22882,27.5,False,27.5
22883,27.5,False,27.5
22884,27.5,False,27.5
22885,27.5,False,27.5
22886,27.5,False,27.5
22887,27.5,False,27.5
22888,27.5,False,27.5
22889,27.5,False,27.5
22890,27.5,False,27.5
22891,27.5,False,27.5
22892,27.5,False,27.5
22893,27.5,False,27.5
22894,27.5,False,27.5
22895,27.5,False,27.5
22896,27.5,False,27.5
22897,27.5,False,27.5
22898,27.5,False,27.5
22899,27.5,False,27.5
22900,27.5,False,27.5
22901,27.5,False,27.5
22902,27.5,False,27.5
22903,27.5,False,27.5
22904,27.5,False,27.5
22905,27.5,False,27.5
22906,27.5,False,27.5
22907,27.5,False,27.5
22908,27.5,False,27.5
22909,27.5,False,27.5
22910,27.5,False,27.5
22911,27.5,False,27.5
22912,27.5,False,27.5
22913,27.5,False,27.5
22914,27.5,False,27.5
22915,27.5,False,27.5
22916,27.5,False,27.5
22917,27.5,False,27.5
22918,27.5,False,27.5
22919,27.5,False,27.5
22920,27.5,False,27.5
22921,27.5,False,27.5
22922,27.5,False,27.5
22923,27.5,False,27.5
22924,27.5,False,27.5
22925,27.5,False,27.5
22926,27.5,False,27.5
22927,27.5,False,27.5
22928,27.5,False,27.5
22929,27.5,False,27.5
22930,27.5,False,27.5
22931,27.5,False,27.5
22932,27.5,False,27.5
22933,27.5,False,27.5
22934,27.5,False,27.5
22935,27.5,False,27.5
22936,27.5,False,27.5
22937,27.5,False,27.5
22938,27.5,False,27.5
22939,27.5,False,27.5
22940,27.5,False,27.5
22941,27.5,False,27.5
22942,27.5,False,27.5
22943,27.5,False,27.5
22944,27.5,False,27.5
22945,27.5,False,27.5
22946,27.5,False,27.5
22947,27.5,False,27.5
22948,27.5,False,27.5
22949,27.5,False,27.5
22950,27.5,False,27.5
22951,27.5,False,27.5
22952,27.5,False,27.5
22953,27.5,False,27.5
22954,27.5,False,27.5
22955,27.5,False,27.5
22956,27.5,False,27.5
22957,27.5,False,27.5
22958,27.5,False,27.5
22959,27.5,False,27.5
22960,27.5,False,27.5
22961,27.5,False,27.5
22962,27.5,False,27.5
22963,27.5,False,27.5
22964,27.5,False,27.5
22965,27.5,False,27.5
22966,27.5,False,27.5
22967,27.5,False,27.5
22968,27.5,False,27.5
22969,27.5,False,27.5
22970,27.5,False,27.5
22971,27.5,False,27.5
22972,27.5,False,27.5
22973,27.5,False,27.5
22974,27.5,False,27.5
22975,27.5,False,27.5
22976,27.5,False,27.5
22977,27.5,False,27.5
22978,28.33,False,27.665999999999997
22979,28.33,False,27.832
22980,28.33,False,27.998
22981,28.33,False,28.163999999999998
22982,28.33,False,28.33
22983,28.33,False,28.33
22984,28.33,False,28.33
22985,28.33,False,28.33
22986,28.33,False,28.33
22987,28.33,False,28.33
22988,28.33,False,28.33
22989,28.33,False,28.33
22990,28.33,False,28.33
22991,28.33,False,28.33
22992,28.33,False,28.33
22993,28.33,False,28.33
22994,28.33,False,28.33
22995,28.33,False,28.33
22996,28.33,False,28.33
22997,28.33,False,28.33
22998,28.33,False,28.33
22999,28.33,False,28.33
23000,28.33,False,28.33
23001,28.33,False,28.33
23002,28.33,False,28.33
23003,28.33,False,28.33
23004,28.33,False,28.33
23005,28.33,False,28.33
23006,28.33,False,28.33
23007,28.33,False,28.33
23008,28.33,False,28.33
23009,28.33,False,28.33
23010,28.33,False,28.33
23011,28.33,False,28.33
23012,28.33,False,28.33
23013,28.33,False,28.33
23014,28.33,False,28.33
23015,28.33,False,28.33
23016,28.33,False,28.33
23017,28.33,False,28.33
23018,28.33,False,28.33
23019,28.33,False,28.33
23020,28.33,False,28.33
23021,28.33,False,28.33
23022,28.33,False,28.33
23023,28.33,False,28.33
23024,28.33,False,28.33
23025,28.33,False,28.33
23026,28.33,False,28.33
23027,28.33,False,28.33
23028,28.33,False,28.33
23029,28.33,False,28.33
23030,28.33,False,28.33
23031,28.33,False,28.33
23032,28.33,False,28.33
23033,28.33,False,28.33
23034,28.33,False,28.33
23035,28.33,False,28.33
23036,28.33,False,28.33
23037,28.33,False,28.33
23038,28.33,False,28.33
23039,28.33,False,28.33
23040,28.33,False,28.33
23041,29.17,False,28.498
23042,29.17,False,28.665999999999997
23043,29.17,False,28.834000000000003
23044,29.17,False,29.002
23045,29.17,False,29.17
23046,29.17,False,29.17
23047,29.17,False,29.17
23048,29.17,False,29.17
23049,29.17,False,29.17
23050,29.17,False,29.17
23051,29.17,False,29.17
23052,29.17,False,29.17
23053,29.17,False,29.17
23054,29.17,False,29.17
23055,29.17,False,29.17
23056,29.17,False,29.17
23057,29.17,False,29.17
23058,29.17,False,29.17
23059,29.17,False,29.17
23060,28.33,False,29.002
23061,28.33,False,28.834000000000003
23062,28.33,False,28.665999999999997
23063,28.33,False,28.498
23064,28.33,False,28.33
23065,28.33,False,28.33
23066,28.33,False,28.33
23067,28.33,False,28.33
23068,28.33,False,28.33
23069,28.33,False,28.33
23070,28.33,False,28.33
23071,28.33,False,28.33
23072,28.33,False,28.33
23073,28.33,False,28.33
23074,28.33,False,28.33
23075,28.33,False,28.33
23076,28.33,False,28.33
23077,28.33,False,28.33
23078,28.33,False,28.33
23079,28.33,False,28.33
23080,28.33,False,28.33
23081,28.33,False,28.33
23082,28.33,False,28.33
23083,28.33,False,28.33
23084,28.33,False,28.33
23085,28.33,False,28.33
23086,28.33,False,28.33
23087,28.33,False,28.33
23088,28.33,False,28.33
23089,28.33,False,28.33
23090,28.33,False,28.33
23091,28.33,False,28.33
23092,28.33,False,28.33
23093,28.33,False,28.33
23094,28.33,False,28.33
23095,28.33,False,28.33
23096,28.33,False,28.33
23097,28.33,False,28.33
23098,28.33,False,28.33
23099,28.33,False,28.33
23100,28.33,False,28.33
23101,28.33,False,28.33
23102,28.33,False,28.33
23103,28.33,False,28.33
23104,28.33,False,28.33
23105,28.33,False,28.33
23106,28.33,False,28.33
23107,28.33,False,28.33
23108,28.33,False,28.33
23109,28.33,False,28.33
23110,28.33,False,28.33
23111,28.33,False,28.33
23112,28.33,False,28.33
23113,28.33,False,28.33
23114,28.33,False,28.33
23115,28.33,False,28.33
23116,28.33,False,28.33
23117,28.33,False,28.33
23118,28.33,False,28.33
23119,28.33,False,28.33
23120,28.33,False,28.33
23121,28.33,False,28.33
23122,28.33,False,28.33
23123,28.33,False,28.33
23124,28.33,False,28.33
23125,28.33,False,28.33
23126,28.33,False,28.33
23127,28.33,False,28.33
23128,28.33,False,28.33
23129,28.33,False,28.33
23130,28.33,False,28.33
23131,28.33,False,28.33
23132,28.33,False,28.33
23133,28.33,False,28.33
23134,28.33,False,28.33
23135,28.33,False,28.33
23136,28.33,False,28.33
23137,28.33,False,28.33
23138,28.33,False,28.33
23139,28.33,False,28.33
23140,28.33,False,28.33
23141,28.33,False,28.33
23142,28.33,False,28.33
23143,28.33,False,28.33
23144,28.33,False,28.33
23145,28.33,False,28.33
23146,28.33,False,28.33
23147,28.33,False,28.33
23148,28.33,False,28.33
23149,28.33,False,28.33
23150,28.33,False,28.33
23151,27.5,False,28.163999999999998
23152,27.5,False,27.998
23153,27.5,False,27.832
23154,27.5,False,27.665999999999997
23155,27.5,False,27.5
23156,27.5,False,27.5
23157,27.5,False,27.5
23158,27.5,False,27.5
23159,27.5,False,27.5
23160,27.5,False,27.5
23161,27.5,False,27.5
23162,27.5,False,27.5
23163,27.5,False,27.5
23164,27.5,False,27.5
23165,27.5,False,27.5
23166,27.5,False,27.5
23167,27.5,False,27.5
23168,27.5,False,27.5
23169,27.5,False,27.5
23170,27.5,False,27.5
23171,27.5,False,27.5
23172,27.5,False,27.5
23173,27.5,False,27.5
23174,27.5,False,27.5
23175,27.5,False,27.5
23176,27.5,False,27.5
23177,27.5,False,27.5
23178,27.5,False,27.5
23179,27.5,False,27.5
23180,27.5,False,27.5
23181,27.5,False,27.5
23182,28.33,False,27.665999999999997
23183,28.33,False,27.832
23184,28.33,False,27.998
23185,28.33,False,28.163999999999998
23186,28.33,False,28.33
23187,28.33,False,28.33
23188,28.33,False,28.33
23189,28.33,False,28.33
23190,28.33,False,28.33
23191,28.33,False,28.33
23192,28.33,False,28.33
23193,28.33,False,28.33
23194,28.33,False,28.33
23195,28.33,False,28.33
23196,28.33,False,28.33
23197,28.33,False,28.33
23198,28.33,False,28.33
23199,28.33,False,28.33
23200,28.33,False,28.33
23201,28.33,False,28.33
23202,28.33,False,28.33
23203,28.33,False,28.33
23204,28.33,False,28.33
23205,28.33,False,28.33
23206,28.33,False,28.33
23207,28.33,False,28.33
23208,28.33,False,28.33
23209,28.33,False,28.33
23210,28.33,False,28.33
23211,28.33,False,28.33
23212,28.33,False,28.33
23213,28.33,False,28.33
23214,28.33,False,28.33
23215,28.33,False,28.33
23216,28.33,False,28.33
23217,28.33,False,28.33
23218,28.33,False,28.33
23219,28.33,False,28.33
23220,28.33,False,28.33
23221,28.33,False,28.33
23222,28.33,False,28.33
23223,28.33,False,28.33
23224,28.33,False,28.33
23225,28.33,False,28.33
23226,28.33,False,28.33
23227,28.33,False,28.33
23228,28.33,False,28.33
23229,28.33,False,28.33
23230,28.33,False,28.33
23231,28.33,False,28.33
23232,28.33,False,28.33
23233,28.33,False,28.33
23234,28.33,False,28.33
23235,28.33,False,28.33
23236,28.33,False,28.33
23237,28.33,False,28.33
23238,28.33,False,28.33
23239,28.33,False,28.33
23240,28.33,False,28.33
23241,28.33,False,28.33
23242,28.33,False,28.33
23243,27.5,False,28.163999999999998
23244,27.5,False,27.998
23245,27.5,False,27.832
23246,27.5,False,27.665999999999997
23247,27.5,False,27.5
23248,27.5,False,27.5
23249,27.5,False,27.5
23250,27.5,False,27.5
23251,27.5,False,27.5
23252,27.5,False,27.5
23253,27.5,False,27.5
23254,27.5,False,27.5
23255,27.5,False,27.5
23256,27.5,False,27.5
23257,27.5,False,27.5
23258,27.5,False,27.5
23259,27.5,False,27.5
23260,27.5,False,27.5
23261,27.5,False,27.5
23262,27.5,False,27.5
23263,27.5,False,27.5
23264,27.5,False,27.5
23265,27.5,False,27.5
23266,27.5,False,27.5
23267,27.5,False,27.5
23268,27.5,False,27.5
23269,27.5,False,27.5
23270,27.5,False,27.5
23271,27.5,False,27.5
23272,27.5,False,27.5
23273,28.33,False,27.665999999999997
23274,28.33,False,27.832
23275,28.33,False,27.998
23276,28.33,False,28.163999999999998
23277,28.33,False,28.33
23278,28.33,False,28.33
23279,28.33,False,28.33
23280,28.33,False,28.33
23281,28.33,False,28.33
23282,28.33,False,28.33
23283,28.33,False,28.33
23284,28.33,False,28.33
23285,28.33,False,28.33
23286,28.33,False,28.33
23287,28.33,False,28.33
23288,28.33,False,28.33
23289,28.33,False,28.33
23290,28.33,False,28.33
23291,28.33,False,28.33
23292,28.33,False,28.33
23293,28.33,False,28.33
23294,28.33,False,28.33
23295,28.33,False,28.33
23296,28.33,False,28.33
23297,28.33,False,28.33
23298,28.33,False,28.33
23299,28.33,False,28.33
23300,28.33,False,28.33
23301,28.33,False,28.33
23302,28.33,False,28.33
23303,28.33,False,28.33
23304,28.33,False,28.33
23305,28.33,False,28.33
23306,28.33,False,28.33
23307,28.33,False,28.33
23308,28.33,False,28.33
23309,28.33,False,28.33
23310,28.33,False,28.33
23311,28.33,False,28.33
23312,28.33,False,28.33
23313,28.33,False,28.33
23314,28.33,False,28.33
23315,28.33,False,28.33
23316,28.33,False,28.33
23317,28.33,False,28.33
23318,28.33,False,28.33
23319,28.33,False,28.33
23320,28.33,False,28.33
23321,28.33,False,28.33
23322,28.33,False,28.33
23323,28.33,False,28.33
23324,28.33,False,28.33
23325,27.5,False,28.163999999999998
23326,27.5,False,27.998
23327,27.5,False,27.832
23328,27.5,False,27.665999999999997
23329,27.5,False,27.5
23330,27.5,False,27.5
23331,27.5,False,27.5
23332,27.5,False,27.5
23333,27.5,False,27.5
23334,27.5,False,27.5
23335,27.5,False,27.5
23336,27.5,False,27.5
23337,27.5,False,27.5
23338,27.5,False,27.5
23339,27.5,False,27.5
23340,27.5,False,27.5
23341,27.5,False,27.5
23342,27.5,False,27.5
23343,27.5,False,27.5
23344,27.5,False,27.5
23345,27.5,False,27.5
23346,27.5,False,27.5
23347,27.5,False,27.5
23348,27.5,False,27.5
23349,27.5,False,27.5
23350,27.5,False,27.5
23351,27.5,False,27.5
23352,27.5,False,27.5
23353,27.5,False,27.5
23354,27.5,False,27.5
23355,27.5,False,27.5
23356,27.5,False,27.5
23357,27.5,False,27.5
23358,27.5,False,27.5
23359,27.5,False,27.5
23360,27.5,False,27.5
23361,27.5,False,27.5
23362,27.5,False,27.5
23363,27.5,False,27.5
23364,27.5,False,27.5
23365,27.5,False,27.5
23366,27.5,False,27.5
23367,27.5,False,27.5
23368,27.5,False,27.5
23369,27.5,False,27.5
23370,27.5,False,27.5
23371,27.5,False,27.5
23372,27.5,False,27.5
23373,27.5,False,27.5
23374,27.5,False,27.5
23375,27.5,False,27.5
23376,27.5,False,27.5
23377,27.5,False,27.5
23378,27.5,False,27.5
23379,27.5,False,27.5
23380,27.5,False,27.5
23381,27.5,False,27.5
23382,27.5,False,27.5
23383,27.5,False,27.5
23384,27.5,False,27.5
23385,27.5,False,27.5
23386,28.33,False,27.665999999999997
23387,28.33,False,27.832
23388,28.33,False,27.998
23389,28.33,False,28.163999999999998
23390,28.33,False,28.33
23391,28.33,False,28.33
23392,28.33,False,28.33
23393,28.33,False,28.33
23394,28.33,False,28.33
23395,28.33,False,28.33
23396,28.33,False,28.33
23397,28.33,False,28.33
23398,28.33,False,28.33
23399,28.33,False,28.33
23400,28.33,False,28.33
23401,28.33,False,28.33
23402,28.33,False,28.33
23403,28.33,False,28.33
23404,28.33,False,28.33
23405,28.33,False,28.33
23406,28.33,False,28.33
23407,28.33,False,28.33
23408,28.33,False,28.33
23409,28.33,False,28.33
23410,28.33,False,28.33
23411,28.33,False,28.33
23412,28.33,False,28.33
23413,28.33,False,28.33
23414,28.33,False,28.33
23415,28.33,False,28.33
23416,28.33,False,28.33
23417,28.33,False,28.33
23418,28.33,False,28.33
23419,28.33,False,28.33
23420,28.33,False,28.33
23421,28.33,False,28.33
23422,28.33,False,28.33
23423,28.33,False,28.33
23424,28.33,False,28.33
23425,28.33,False,28.33
23426,28.33,False,28.33
23427,28.33,False,28.33
23428,28.33,False,28.33
23429,28.33,False,28.33
23430,28.33,False,28.33
23431,28.33,False,28.33
23432,28.33,False,28.33
23433,28.33,False,28.33
23434,28.33,False,28.33
23435,28.33,False,28.33
23436,28.33,False,28.33
23437,28.33,False,28.33
23438,28.33,False,28.33
23439,28.33,False,28.33
23440,28.33,False,28.33
23441,28.33,False,28.33
23442,28.33,False,28.33
23443,28.33,False,28.33
23444,28.33,False,28.33
23445,28.33,False,28.33
23446,28.33,False,28.33
23447,28.33,False,28.33
23448,28.33,False,28.33
23449,28.33,False,28.33
23450,28.33,False,28.33
23451,28.33,False,28.33
23452,28.33,False,28.33
23453,28.33,False,28.33
23454,28.33,False,28.33
23455,28.33,False,28.33
23456,28.33,False,28.33
23457,28.33,False,28.33
23458,28.33,False,28.33
23459,28.33,False,28.33
23460,28.33,False,28.33
23461,28.33,False,28.33
23462,28.33,False,28.33
23463,28.33,False,28.33
23464,28.33,False,28.33
23465,28.33,False,28.33
23466,28.33,False,28.33
23467,28.33,False,28.33
23468,28.33,False,28.33
23469,28.33,False,28.33
23470,28.33,False,28.33
23471,28.33,False,28.33
23472,28.33,False,28.33
23473,28.33,False,28.33
23474,28.33,False,28.33
23475,28.33,False,28.33
23476,28.33,False,28.33
23477,29.17,False,28.498
23478,29.17,False,28.665999999999997
23479,29.17,False,28.834000000000003
23480,29.17,False,29.002
23481,29.17,False,29.17
23482,29.17,False,29.17
23483,29.17,False,29.17
23484,29.17,False,29.17
23485,29.17,False,29.17
23486,29.17,False,29.17
23487,29.17,False,29.17
23488,29.17,False,29.17
23489,29.17,False,29.17
23490,29.17,False,29.17
23491,29.17,False,29.17
23492,29.17,False,29.17
23493,29.17,False,29.17
23494,29.17,False,29.17
23495,29.17,False,29.17
23496,29.17,False,29.17
23497,29.17,False,29.17
23498,29.17,False,29.17
23499,29.17,False,29.17
23500,29.17,False,29.17
23501,29.17,False,29.17
23502,29.17,False,29.17
23503,29.17,False,29.17
23504,29.17,False,29.17
23505,29.17,False,29.17
23506,29.17,False,29.17
23507,29.17,False,29.17
23508,29.17,False,29.17
23509,29.17,False,29.17
23510,29.17,False,29.17
23511,29.17,False,29.17
23512,29.17,False,29.17
23513,29.17,False,29.17
23514,29.17,False,29.17
23515,29.17,False,29.17
23516,29.17,False,29.17
23517,29.17,False,29.17
23518,29.17,False,29.17
23519,29.17,False,29.17
23520,29.17,False,29.17
23521,29.17,False,29.17
23522,29.17,False,29.17
23523,29.17,False,29.17
23524,29.17,False,29.17
23525,29.17,False,29.17
23526,29.17,False,29.17
23527,29.17,False,29.17
23528,29.17,False,29.17
23529,29.17,False,29.17
23530,29.17,False,29.17
23531,29.17,False,29.17
23532,29.17,False,29.17
23533,29.17,False,29.17
23534,29.17,False,29.17
23535,29.17,False,29.17
23536,29.17,False,29.17
23537,29.17,False,29.17
23538,29.17,False,29.17
23539,29.17,False,29.17
23540,29.17,False,29.17
23541,29.17,False,29.17
23542,29.17,False,29.17
23543,29.17,False,29.17
23544,29.17,False,29.17
23545,29.17,False,29.17
23546,29.17,False,29.17
23547,29.17,False,29.17
23548,29.17,False,29.17
23549,29.17,False,29.17
23550,29.17,False,29.17
23551,29.17,False,29.17
23552,29.17,False,29.17
23553,30.0,False,29.336000000000002
23554,30.0,False,29.502
23555,30.0,False,29.668
23556,30.0,False,29.834000000000003
23557,30.0,False,30.0
23558,30.0,False,30.0
23559,30.83,False,30.165999999999997
23560,30.83,False,30.332
23561,30.83,False,30.498
23562,30.83,False,30.663999999999998
23563,30.83,False,30.83
23564,30.83,False,30.83
23565,30.83,False,30.83
23566,30.83,False,30.83
23567,30.83,False,30.83
23568,30.83,False,30.83
23569,30.83,False,30.83
23570,30.83,False,30.83
23571,30.83,False,30.83
23572,30.83,False,30.83
23573,30.83,False,30.83
23574,30.83,False,30.83
23575,30.83,False,30.83
23576,30.83,False,30.83
23577,30.83,False,30.83
23578,30.83,False,30.83
23579,30.83,False,30.83
23580,30.83,False,30.83
23581,30.83,False,30.83
23582,30.83,False,30.83
23583,30.83,False,30.83
23584,30.83,False,30.83
23585,30.83,False,30.83
23586,30.83,False,30.83
23587,30.83,False,30.83
23588,30.83,False,30.83
23589,30.83,False,30.83
23590,30.0,False,30.663999999999998
23591,30.0,False,30.498
23592,30.0,False,30.332
23593,30.0,False,30.165999999999997
23594,30.0,False,30.0
23595,30.0,False,30.0
23596,30.0,False,30.0
23597,30.0,False,30.0
23598,30.0,False,30.0
23599,30.0,False,30.0
23600,30.0,False,30.0
23601,30.0,False,30.0
23602,30.0,False,30.0
23603,30.0,False,30.0
23604,30.0,False,30.0
23605,30.0,False,30.0
23606,30.0,False,30.0
23607,30.0,False,30.0
23608,30.0,False,30.0
23609,30.0,False,30.0
23610,30.0,False,30.0
23611,30.0,False,30.0
23612,30.0,False,30.0
23613,30.0,False,30.0
23614,30.0,False,30.0
23615,30.0,False,30.0
23616,30.0,False,30.0
23617,30.0,False,30.0
23618,30.0,False,30.0
23619,30.0,False,30.0
23620,30.83,False,30.165999999999997
23621,30.83,False,30.332
23622,30.83,False,30.498
23623,30.83,False,30.663999999999998
23624,30.83,False,30.83
23625,30.83,False,30.83
23626,30.83,False,30.83
23627,30.83,False,30.83
23628,30.83,False,30.83
23629,30.83,False,30.83
23630,30.83,False,30.83
23631,30.83,False,30.83
23632,30.83,False,30.83
23633,30.83,False,30.83
23634,30.83,False,30.83
23635,30.83,False,30.83
23636,30.83,False,30.83
23637,30.83,False,30.83
23638,30.83,False,30.83
23639,30.83,False,30.83
23640,30.83,False,30.83
23641,30.83,False,30.83
23642,30.83,False,30.83
23643,30.83,False,30.83
23644,30.83,False,30.83
23645,30.83,False,30.83
23646,30.83,False,30.83
23647,30.83,False,30.83
23648,30.83,False,30.83
23649,30.83,False,30.83
23650,30.83,False,30.83
23651,30.83,False,30.83
23652,30.83,False,30.83
23653,30.83,False,30.83
23654,30.83,False,30.83
23655,30.83,False,30.83
23656,30.83,False,30.83
23657,30.83,False,30.83
23658,30.83,False,30.83
23659,30.83,False,30.83
23660,30.83,False,30.83
23661,30.83,False,30.83
23662,30.83,False,30.83
23663,30.83,False,30.83
23664,30.83,False,30.83
23665,30.83,False,30.83
23666,30.83,False,30.83
23667,30.83,False,30.83
23668,30.83,False,30.83
23669,30.83,False,30.83
23670,30.83,False,30.83
23671,30.83,False,30.83
23672,30.83,False,30.83
23673,30.83,False,30.83
23674,30.83,False,30.83
23675,30.83,False,30.83
23676,30.83,False,30.83
23677,30.83,False,30.83
23678,30.83,False,30.83
23679,30.83,False,30.83
23680,30.83,False,30.83
23681,30.83,False,30.83
23682,30.83,False,30.83
23683,30.83,False,30.83
23684,30.83,False,30.83
23685,30.83,False,30.83
23686,30.83,False,30.83
23687,30.83,False,30.83
23688,30.83,False,30.83
23689,30.83,False,30.83
23690,30.83,False,30.83
23691,30.83,False,30.83
23692,30.83,False,30.83
23693,30.83,False,30.83
23694,30.83,False,30.83
23695,30.83,False,30.83
23696,30.83,False,30.83
23697,30.83,False,30.83
23698,30.83,False,30.83
23699,30.83,False,30.83
23700,30.83,False,30.83
23701,30.83,False,30.83
23702,30.83,False,30.83
23703,30.83,False,30.83
23704,30.83,False,30.83
23705,30.83,False,30.83
23706,30.83,False,30.83
23707,30.83,False,30.83
23708,30.83,False,30.83
23709,30.83,False,30.83
23710,30.83,False,30.83
23711,30.83,False,30.83
23712,34.17,False,31.498
23713,34.17,False,32.166
23714,34.17,False,32.834
23715,34.17,False,33.501999999999995
23716,34.17,False,34.17
23717,34.17,False,34.17
23718,34.17,False,34.17
23719,34.17,False,34.17
23720,34.17,False,34.17
23721,34.17,False,34.17
23722,34.17,False,34.17
23723,34.17,False,34.17
23724,34.17,False,34.17
23725,34.17,False,34.17
23726,34.17,False,34.17
23727,34.17,False,34.17
23728,34.17,False,34.17
23729,34.17,False,34.17
23730,34.17,False,34.17
23731,34.17,False,34.17
23732,34.17,False,34.17
23733,34.17,False,34.17
23734,34.17,False,34.17
23735,34.17,False,34.17
23736,34.17,False,34.17
23737,34.17,False,34.17
23738,34.17,False,34.17
23739,34.17,False,34.17
23740,34.17,False,34.17
23741,34.17,False,34.17
23742,39.17,False,35.17
23743,39.17,False,36.17
23744,39.17,False,37.17
23745,39.17,False,38.17
23746,39.17,False,39.17
23747,39.17,False,39.17
23748,39.17,False,39.17
23749,39.17,False,39.17
23750,39.17,False,39.17
23751,39.17,False,39.17
23752,39.17,False,39.17
23753,39.17,False,39.17
23754,39.17,False,39.17
23755,39.17,False,39.17
23756,39.17,False,39.17
23757,39.17,False,39.17
23758,39.17,False,39.17
23759,39.17,False,39.17
23760,39.17,False,39.17
23761,39.17,False,39.17
23762,39.17,False,39.17
23763,39.17,False,39.17
23764,39.17,False,39.17
23765,39.17,False,39.17
23766,39.17,False,39.17
23767,39.17,False,39.17
23768,39.17,False,39.17
23769,39.17,False,39.17
23770,39.17,False,39.17
23771,39.17,False,39.17
23772,39.17,False,39.17
23773,47.5,False,40.836
23774,47.5,False,42.501999999999995
23775,47.5,False,44.168
23776,47.5,False,45.834
23777,47.5,False,47.5
23778,47.5,False,47.5
23779,47.5,False,47.5
23780,47.5,False,47.5
23781,47.5,False,47.5
23782,47.5,False,47.5
23783,47.5,False,47.5
23784,47.5,False,47.5
23785,47.5,False,47.5
23786,47.5,False,47.5
23787,47.5,False,47.5
23788,47.5,False,47.5
23789,47.5,False,47.5
23790,47.5,False,47.5
23791,47.5,False,47.5
23792,47.5,False,47.5
23793,47.5,False,47.5
23794,47.5,False,47.5
23795,47.5,False,47.5
23796,47.5,False,47.5
23797,47.5,False,47.5
23798,47.5,False,47.5
23799,47.5,False,47.5
23800,47.5,False,47.5
23801,47.5,False,47.5
23802,47.5,False,47.5
23803,55.83,False,49.166
23804,55.83,False,50.832
23805,55.83,False,52.498000000000005
23806,55.83,False,54.164
23807,55.83,False,55.83
23808,55.83,False,55.83
23809,60.83,False,56.83
23810,60.83,False,57.83
23811,60.83,False,58.83
23812,60.83,False,59.83
23813,60.83,False,60.83
23814,60.83,False,60.83
23815,60.83,False,60.83
23816,60.83,False,60.83
23817,60.83,False,60.83
23818,60.83,False,60.83
23819,60.83,False,60.83
23820,60.83,False,60.83
23821,60.83,False,60.83
23822,60.83,False,60.83
23823,60.83,False,60.83
23824,66.67,False,61.998000000000005
23825,66.67,False,63.166
23826,66.67,False,64.334
23827,66.67,False,65.50200000000001
23828,66.67,False,66.67
23829,66.67,False,66.67
23830,66.67,False,66.67
23831,66.67,False,66.67
23832,66.67,False,66.67
23833,66.67,False,66.67
23834,66.67,False,66.67
23835,66.67,False,66.67
23836,66.67,False,66.67
23837,66.67,False,66.67
23838,66.67,False,66.67
23839,66.67,False,66.67
23840,66.67,False,66.67
23841,66.67,False,66.67
23842,66.67,False,66.67
23843,66.67,False,66.67
23844,66.67,False,66.67
23845,66.67,False,66.67
23846,66.67,False,66.67
23847,66.67,False,66.67
23848,66.67,False,66.67
23849,66.67,False,66.67
23850,66.67,False,66.67
23851,66.67,False,66.67
23852,66.67,False,66.67
23853,66.67,False,66.67
23854,68.33,False,67.002
23855,68.33,False,67.334
23856,68.33,False,67.666
23857,68.33,False,67.99799999999999
23858,68.33,False,68.33
23859,68.33,False,68.33
23860,68.33,False,68.33
23861,68.33,False,68.33
23862,68.33,False,68.33
23863,68.33,False,68.33
23864,68.33,False,68.33
23865,68.33,False,68.33
23866,68.33,False,68.33
23867,68.33,False,68.33
23868,68.33,False,68.33
23869,68.33,False,68.33
23870,68.33,False,68.33
23871,68.33,False,68.33
23872,68.33,False,68.33
23873,68.33,False,68.33
23874,68.33,False,68.33
23875,68.33,False,68.33
23876,68.33,False,68.33
23877,68.33,False,68.33
23878,68.33,False,68.33
23879,68.33,False,68.33
23880,68.33,False,68.33
23881,68.33,False,68.33
23882,68.33,False,68.33
23883,68.33,False,68.33
23884,68.33,False,68.33
23885,70.0,False,68.664
23886,70.0,False,68.998
23887,70.0,False,69.332
23888,70.0,False,69.666
23889,70.0,False,70.0
23890,70.0,False,70.0
23891,70.0,False,70.0
23892,70.0,False,70.0
23893,70.0,False,70.0
23894,70.0,False,70.0
23895,70.0,False,70.0
23896,70.0,False,70.0
23897,70.0,False,70.0
23898,70.0,False,70.0
23899,70.0,False,70.0
23900,70.0,False,70.0
23901,70.0,False,70.0
23902,70.0,False,70.0
23903,70.0,False,70.0
23904,70.0,False,70.0
23905,70.0,False,70.0
23906,70.0,False,70.0
23907,70.0,False,70.0
23908,70.0,False,70.0
23909,70.0,False,70.0
23910,70.0,False,70.0
23911,70.0,False,70.0
23912,70.0,False,70.0
23913,70.0,False,70.0
23914,70.0,False,70.0
23915,69.17,False,69.834
23916,69.17,False,69.668
23917,69.17,False,69.502
23918,69.17,False,69.336
23919,69.17,False,69.17
23920,69.17,False,69.17
23921,69.17,False,69.17
23922,69.17,False,69.17
23923,69.17,False,69.17
23924,69.17,False,69.17
23925,69.17,False,69.17
23926,69.17,False,69.17
23927,69.17,False,69.17
23928,69.17,False,69.17
23929,69.17,False,69.17
23930,69.17,False,69.17
23931,69.17,False,69.17
23932,69.17,False,69.17
23933,69.17,False,69.17
23934,69.17,False,69.17
23935,69.17,False,69.17
23936,69.17,False,69.17
23937,69.17,False,69.17
23938,69.17,False,69.17
23939,69.17,False,69.17
23940,69.17,False,69.17
23941,69.17,False,69.17
23942,69.17,False,69.17
23943,69.17,False,69.17
23944,69.17,False,69.17
23945,69.17,False,69.17
23946,70.0,False,69.336
23947,70.0,False,69.502
23948,70.0,False,69.66799999999999
23949,70.0,False,69.83399999999999
23950,70.0,False,70.0
23951,70.0,False,70.0
23952,70.0,False,70.0
23953,70.0,False,70.0
23954,70.0,False,70.0
23955,70.0,False,70.0
23956,70.0,False,70.0
23957,70.0,False,70.0
23958,70.0,False,70.0
23959,70.0,False,70.0
23960,70.0,False,70.0
23961,70.0,False,70.0
23962,70.0,False,70.0
23963,70.0,False,70.0
23964,70.0,False,70.0
23965,70.0,False,70.0
23966,70.0,False,70.0
23967,70.0,False,70.0
23968,70.0,False,70.0
23969,70.0,False,70.0
23970,70.0,False,70.0
23971,70.0,False,70.0
23972,70.0,False,70.0
23973,70.0,False,70.0
23974,70.0,False,70.0
23975,70.0,False,70.0
23976,70.83,False,70.16600000000001
23977,70.83,False,70.33200000000001
23978,70.83,False,70.498
23979,70.83,False,70.664
23980,70.83,False,70.83
23981,70.83,False,70.83
23982,70.83,False,70.83
23983,70.83,False,70.83
23984,70.83,False,70.83
23985,70.83,False,70.83
23986,70.83,False,70.83
23987,70.83,False,70.83
23988,70.83,False,70.83
23989,70.83,False,70.83
23990,70.83,False,70.83
23991,70.83,False,70.83
23992,70.83,False,70.83
23993,70.83,False,70.83
23994,70.83,False,70.83
23995,70.83,False,70.83
23996,70.83,False,70.83
23997,70.83,False,70.83
23998,70.83,False,70.83
23999,70.83,False,70.83
24000,70.83,False,70.83
24001,70.83,False,70.83
24002,70.83,False,70.83
24003,70.83,False,70.83
24004,70.83,False,70.83
24005,70.83,False,70.83
24006,70.83,False,70.83
24007,70.0,False,70.664
24008,70.0,False,70.498
24009,70.0,False,70.332
24010,70.0,False,70.166
24011,70.0,False,70.0
24012,70.0,False,70.0
24013,70.0,False,70.0
24014,70.0,False,70.0
24015,70.0,False,70.0
24016,70.0,False,70.0
24017,70.0,False,70.0
24018,70.0,False,70.0
24019,70.0,False,70.0
24020,70.0,False,70.0
24021,70.0,False,70.0
24022,70.0,False,70.0
24023,70.0,False,70.0
24024,70.0,False,70.0
24025,70.0,False,70.0
24026,70.0,False,70.0
24027,70.0,False,70.0
24028,70.0,False,70.0
24029,70.0,False,70.0
24030,70.0,False,70.0
24031,70.0,False,70.0
24032,70.0,False,70.0
24033,70.0,False,70.0
24034,70.0,False,70.0
24035,70.0,False,70.0
24036,70.0,False,70.0
24037,68.33,False,69.666
24038,68.33,False,69.332
24039,68.33,False,68.998
24040,68.33,False,68.664
24041,68.33,False,68.33
24042,68.33,False,68.33
24043,68.33,False,68.33
24044,68.33,False,68.33
24045,68.33,False,68.33
24046,68.33,False,68.33
24047,68.33,False,68.33
24048,68.33,False,68.33
24049,68.33,False,68.33
24050,68.33,False,68.33
24051,68.33,False,68.33
24052,68.33,False,68.33
24053,68.33,False,68.33
24054,68.33,False,68.33
24055,68.33,False,68.33
24056,68.33,False,68.33
24057,68.33,False,68.33
24058,68.33,False,68.33
24059,68.33,False,68.33
24060,68.33,False,68.33
24061,68.33,False,68.33
24062,68.33,False,68.33
24063,68.33,False,68.33
24064,68.33,False,68.33
24065,67.5,False,68.164
24066,67.5,False,67.998
24067,67.5,False,67.832
24068,67.5,False,67.666
24069,67.5,False,67.5
24070,67.5,False,67.5
24071,67.5,False,67.5
24072,67.5,False,67.5
24073,67.5,False,67.5
24074,67.5,False,67.5
24075,67.5,False,67.5
24076,67.5,False,67.5
24077,67.5,False,67.5
24078,67.5,False,67.5
24079,67.5,False,67.5
24080,67.5,False,67.5
24081,67.5,False,67.5
24082,67.5,False,67.5
24083,67.5,False,67.5
24084,67.5,False,67.5
24085,67.5,False,67.5
24086,67.5,False,67.5
24087,67.5,False,67.5
24088,67.5,False,67.5
24089,67.5,False,67.5
24090,67.5,False,67.5
24091,67.5,False,67.5
24092,67.5,False,67.5
24093,67.5,False,67.5
24094,67.5,False,67.5
24095,67.5,False,67.5
24096,67.5,False,67.5
24097,67.5,False,67.5
24098,67.5,False,67.5
24099,67.5,False,67.5
24100,67.5,False,67.5
24101,67.5,False,67.5
24102,67.5,False,67.5
24103,67.5,False,67.5
24104,67.5,False,67.5
24105,67.5,False,67.5
24106,67.5,False,67.5
24107,67.5,False,67.5
24108,67.5,False,67.5
24109,67.5,False,67.5
24110,67.5,False,67.5
24111,67.5,False,67.5
24112,67.5,False,67.5
24113,67.5,False,67.5
24114,67.5,False,67.5
24115,67.5,False,67.5
24116,67.5,False,67.5
24117,67.5,False,67.5
24118,67.5,False,67.5
24119,66.67,False,67.334
24120,66.67,False,67.168
24121,66.67,False,67.002
24122,66.67,False,66.836
24123,66.67,False,66.67
24124,66.67,False,66.67
24125,66.67,False,66.67
24126,66.67,False,66.67
24127,66.67,False,66.67
24128,66.67,False,66.67
24129,66.67,False,66.67
24130,66.67,False,66.67
24131,66.67,False,66.67
24132,66.67,False,66.67
24133,66.67,False,66.67
24134,66.67,False,66.67
24135,66.67,False,66.67
24136,66.67,False,66.67
24137,66.67,False,66.67
24138,66.67,False,66.67
24139,66.67,False,66.67
24140,66.67,False,66.67
24141,66.67,False,66.67
24142,66.67,False,66.67
24143,66.67,False,66.67
24144,66.67,False,66.67
24145,66.67,False,66.67
24146,66.67,False,66.67
24147,66.67,False,66.67
24148,66.67,False,66.67
24149,65.83,False,66.50200000000001
24150,65.83,False,66.334
24151,65.83,False,66.166
24152,65.83,False,65.998
24153,65.83,False,65.83
24154,65.83,False,65.83
24155,65.83,False,65.83
24156,65.83,False,65.83
24157,65.83,False,65.83
24158,65.83,False,65.83
24159,65.83,False,65.83
24160,65.83,False,65.83
24161,65.83,False,65.83
24162,65.83,False,65.83
24163,65.83,False,65.83
24164,65.83,False,65.83
24165,65.83,False,65.83
24166,65.83,False,65.83
24167,65.83,False,65.83
24168,65.83,False,65.83
24169,65.83,False,65.83
24170,65.83,False,65.83
24171,65.83,False,65.83
24172,65.83,False,65.83
24173,65.83,False,65.83
24174,65.83,False,65.83
24175,65.83,False,65.83
24176,65.83,False,65.83
24177,65.83,False,65.83
24178,65.83,False,65.83
24179,65.83,False,65.83
24180,65.83,False,65.83
24181,65.83,False,65.83
24182,65.83,False,65.83
24183,65.83,False,65.83
24184,65.83,False,65.83
24185,65.83,False,65.83
24186,65.83,False,65.83
24187,65.83,False,65.83
24188,65.83,False,65.83
24189,65.83,False,65.83
24190,65.83,False,65.83
24191,65.83,False,65.83
24192,65.83,False,65.83
24193,65.83,False,65.83
24194,65.83,False,65.83
24195,65.83,False,65.83
24196,65.83,False,65.83
24197,65.83,False,65.83
24198,65.83,False,65.83
24199,65.83,False,65.83
24200,65.83,False,65.83
24201,65.83,False,65.83
24202,65.83,False,65.83
24203,65.83,False,65.83
24204,65.83,False,65.83
24205,65.83,False,65.83
24206,65.83,False,65.83
24207,65.83,False,65.83
24208,65.83,False,65.83
24209,65.83,False,65.83
24210,66.67,False,65.998
24211,66.67,False,66.166
24212,66.67,False,66.334
24213,66.67,False,66.50200000000001
24214,66.67,False,66.67
24215,66.67,False,66.67
24216,66.67,False,66.67
24217,66.67,False,66.67
24218,66.67,False,66.67
24219,66.67,False,66.67
24220,66.67,False,66.67
24221,66.67,False,66.67
24222,66.67,False,66.67
24223,66.67,False,66.67
24224,66.67,False,66.67
24225,66.67,False,66.67
24226,66.67,False,66.67
24227,66.67,False,66.67
24228,66.67,False,66.67
24229,66.67,False,66.67
24230,66.67,False,66.67
24231,66.67,False,66.67
24232,66.67,False,66.67
24233,66.67,False,66.67
24234,66.67,False,66.67
24235,66.67,False,66.67
24236,66.67,False,66.67
24237,66.67,False,66.67
24238,66.67,False,66.67
24239,66.67,False,66.67
24240,68.33,False,67.002
24241,68.33,False,67.334
24242,68.33,False,67.666
24243,68.33,False,67.99799999999999
24244,68.33,False,68.33
24245,68.33,False,68.33
24246,68.33,False,68.33
24247,68.33,False,68.33
24248,68.33,False,68.33
24249,68.33,False,68.33
24250,68.33,False,68.33
24251,68.33,False,68.33
24252,68.33,False,68.33
24253,68.33,False,68.33
24254,68.33,False,68.33
24255,68.33,False,68.33
24256,68.33,False,68.33
24257,68.33,False,68.33
24258,68.33,False,68.33
24259,68.33,False,68.33
24260,68.33,False,68.33
24261,68.33,False,68.33
24262,68.33,False,68.33
24263,68.33,False,68.33
24264,68.33,False,68.33
24265,68.33,False,68.33
24266,68.33,False,68.33
24267,68.33,False,68.33
24268,68.33,False,68.33
24269,68.33,False,68.33
24270,68.33,False,68.33
24271,70.83,False,68.83
24272,70.83,False,69.33
24273,70.83,False,69.83
24274,70.83,False,70.33
24275,70.83,False,70.83
24276,70.83,False,70.83
24277,70.83,False,70.83
24278,70.83,False,70.83
24279,70.83,False,70.83
24280,70.83,False,70.83
24281,70.83,False,70.83
24282,70.83,False,70.83
24283,70.83,False,70.83
24284,70.83,False,70.83
24285,70.83,False,70.83
24286,70.83,False,70.83
24287,70.83,False,70.83
24288,70.83,False,70.83
24289,70.83,False,70.83
24290,70.83,False,70.83
24291,70.83,False,70.83
24292,70.83,False,70.83
24293,70.83,False,70.83
24294,70.83,False,70.83
24295,70.83,False,70.83
24296,70.83,False,70.83
24297,70.83,False,70.83
24298,70.83,False,70.83
24299,70.83,False,70.83
24300,70.83,False,70.83
24301,72.5,False,71.16399999999999
24302,72.5,False,71.498
24303,72.5,False,71.832
24304,72.5,False,72.16600000000001
24305,72.5,False,72.5
24306,72.5,False,72.5
24307,72.5,False,72.5
24308,72.5,False,72.5
24309,72.5,False,72.5
24310,72.5,False,72.5
24311,72.5,False,72.5
24312,72.5,False,72.5
24313,72.5,False,72.5
24314,72.5,False,72.5
24315,72.5,False,72.5
24316,72.5,False,72.5
24317,72.5,False,72.5
24318,72.5,False,72.5
24319,72.5,False,72.5
24320,72.5,False,72.5
24321,73.33,False,72.666
24322,74.17,False,73.0
24323,74.17,False,73.334
24324,74.17,False,73.66799999999999
24325,74.17,False,74.00200000000001
24326,74.17,False,74.17
24327,74.17,False,74.17
24328,74.17,False,74.17
24329,74.17,False,74.17
24330,74.17,False,74.17
24331,74.17,False,74.17
24332,74.17,False,74.17
24333,74.17,False,74.17
24334,74.17,False,74.17
24335,74.17,False,74.17
24336,74.17,False,74.17
24337,74.17,False,74.17
24338,74.17,False,74.17
24339,74.17,False,74.17
24340,74.17,False,74.17
24341,74.17,False,74.17
24342,74.17,False,74.17
24343,74.17,False,74.17
24344,74.17,False,74.17
24345,74.17,False,74.17
24346,74.17,False,74.17
24347,74.17,False,74.17
24348,74.17,False,74.17
24349,74.17,False,74.17
24350,74.17,False,74.17
24351,74.17,False,74.17
24352,74.17,False,74.17
24353,74.17,False,74.17
24354,74.17,False,74.17
24355,74.17,False,74.17
24356,74.17,False,74.17
24357,74.17,False,74.17
24358,74.17,False,74.17
24359,74.17,False,74.17
24360,74.17,False,74.17
24361,74.17,False,74.17
24362,74.17,False,74.17
24363,74.17,False,74.17
24364,74.17,False,74.17
24365,74.17,False,74.17
24366,74.17,False,74.17
24367,74.17,False,74.17
24368,74.17,False,74.17
24369,74.17,False,74.17
24370,74.17,False,74.17
24371,74.17,False,74.17
24372,74.17,False,74.17
24373,74.17,False,74.17
24374,74.17,False,74.17
24375,74.17,False,74.17
24376,74.17,False,74.17
24377,74.17,False,74.17
24378,74.17,False,74.17
24379,74.17,False,74.17
24380,74.17,False,74.17
24381,74.17,False,74.17
24382,74.17,False,74.17
24383,75.0,False,74.33600000000001
24384,75.0,False,74.502
24385,75.0,False,74.668
24386,75.0,False,74.83399999999999
24387,75.0,False,75.0
24388,75.0,False,75.0
24389,75.0,False,75.0
24390,75.0,False,75.0
24391,75.0,False,75.0
24392,75.0,False,75.0
24393,75.0,False,75.0
24394,75.0,False,75.0
24395,75.0,False,75.0
24396,75.0,False,75.0
24397,75.0,False,75.0
24398,75.0,False,75.0
24399,75.0,False,75.0
24400,75.0,False,75.0
24401,75.0,False,75.0
24402,75.0,False,75.0
24403,75.0,False,75.0
24404,75.0,False,75.0
24405,75.0,False,75.0
24406,75.0,False,75.0
24407,75.0,False,75.0
24408,75.0,False,75.0
24409,75.0,False,75.0
24410,75.0,False,75.0
24411,75.0,False,75.0
24412,75.0,False,75.0
24413,73.33,False,74.66600000000001
24414,73.33,False,74.33200000000001
24415,73.33,False,73.99799999999999
24416,73.33,False,73.66400000000002
24417,73.33,False,73.33
24418,73.33,False,73.33
24419,73.33,False,73.33
24420,73.33,False,73.33
24421,73.33,False,73.33
24422,73.33,False,73.33
24423,73.33,False,73.33
24424,73.33,False,73.33
24425,73.33,False,73.33
24426,73.33,False,73.33
24427,73.33,False,73.33
24428,73.33,False,73.33
24429,73.33,False,73.33
24430,73.33,False,73.33
24431,73.33,False,73.33
24432,73.33,False,73.33
24433,73.33,False,73.33
24434,73.33,False,73.33
24435,73.33,False,73.33
24436,73.33,False,73.33
24437,73.33,False,73.33
24438,73.33,False,73.33
24439,73.33,False,73.33
24440,73.33,False,73.33
24441,73.33,False,73.33
24442,73.33,False,73.33
24443,73.33,False,73.33
24444,72.5,False,73.164
24445,72.5,False,72.998
24446,72.5,False,72.832
24447,72.5,False,72.666
24448,72.5,False,72.5
24449,72.5,False,72.5
24450,72.5,False,72.5
24451,72.5,False,72.5
24452,72.5,False,72.5
24453,72.5,False,72.5
24454,72.5,False,72.5
24455,72.5,False,72.5
24456,72.5,False,72.5
24457,72.5,False,72.5
24458,72.5,False,72.5
24459,72.5,False,72.5
24460,72.5,False,72.5
24461,72.5,False,72.5
24462,72.5,False,72.5
24463,72.5,False,72.5
24464,72.5,False,72.5
24465,72.5,False,72.5
24466,72.5,False,72.5
24467,72.5,False,72.5
24468,72.5,False,72.5
24469,72.5,False,72.5
24470,72.5,False,72.5
24471,72.5,False,72.5
24472,72.5,False,72.5
24473,72.5,False,72.5
24474,71.67,False,72.334
24475,71.67,False,72.168
24476,71.67,False,72.002
24477,71.67,False,71.836
24478,71.67,False,71.67
24479,71.67,False,71.67
24480,71.67,False,71.67
24481,71.67,False,71.67
24482,71.67,False,71.67
24483,71.67,False,71.67
24484,71.67,False,71.67
24485,71.67,False,71.67
24486,71.67,False,71.67
24487,71.67,False,71.67
24488,71.67,False,71.67
24489,71.67,False,71.67
24490,71.67,False,71.67
24491,71.67,False,71.67
24492,71.67,False,71.67
24493,71.67,False,71.67
24494,71.67,False,71.67
24495,71.67,False,71.67
24496,71.67,False,71.67
24497,71.67,False,71.67
24498,71.67,False,71.67
24499,71.67,False,71.67
24500,71.67,False,71.67
24501,71.67,False,71.67
24502,71.67,False,71.67
24503,71.67,False,71.67
24504,71.67,False,71.67
24505,70.0,False,71.33600000000001
24506,70.0,False,71.002
24507,70.0,False,70.668
24508,70.0,False,70.33399999999999
24509,70.0,False,70.0
24510,70.0,False,70.0
24511,70.0,False,70.0
24512,70.0,False,70.0
24513,70.0,False,70.0
24514,70.0,False,70.0
24515,70.0,False,70.0
24516,70.0,False,70.0
24517,70.0,False,70.0
24518,70.0,False,70.0
24519,70.0,False,70.0
24520,70.0,False,70.0
24521,70.0,False,70.0
24522,70.0,False,70.0
24523,70.0,False,70.0
24524,70.0,False,70.0
24525,70.0,False,70.0
24526,70.0,False,70.0
24527,70.0,False,70.0
24528,70.0,False,70.0
24529,70.0,False,70.0
24530,70.0,False,70.0
24531,70.0,False,70.0
24532,70.0,False,70.0
24533,70.0,False,70.0
24534,70.0,False,70.0
24535,70.0,False,70.0
24536,70.0,False,70.0
24537,70.0,False,70.0
24538,70.0,False,70.0
24539,70.0,False,70.0
24540,70.0,False,70.0
24541,70.0,False,70.0
24542,70.0,False,70.0
24543,70.0,False,70.0
24544,70.0,False,70.0
24545,70.0,False,70.0
24546,70.0,False,70.0
24547,70.0,False,70.0
24548,70.0,False,70.0
24549,70.0,False,70.0
24550,70.0,False,70.0
24551,70.0,False,70.0
24552,70.0,False,70.0
24553,70.0,False,70.0
24554,70.0,False,70.0
24555,70.0,False,70.0
24556,70.0,False,70.0
24557,70.0,False,70.0
24558,70.0,False,70.0
24559,70.0,False,70.0
24560,70.0,False,70.0
24561,70.0,False,70.0
24562,70.0,False,70.0
24563,70.0,False,70.0
24564,70.0,False,70.0
24565,70.0,False,70.0
24566,70.83,False,70.16600000000001
24567,70.83,False,70.33200000000001
24568,70.83,False,70.49799999999999
24569,70.83,False,70.66400000000002
24570,70.83,False,70.83
24571,70.83,False,70.83
24572,70.83,False,70.83
24573,70.83,False,70.83
24574,70.83,False,70.83
24575,70.83,False,70.83
24576,70.83,False,70.83
24577,71.67,False,70.998
24578,71.67,False,71.166
24579,71.67,False,71.33399999999999
24580,71.67,False,71.502
24581,71.67,False,71.67
24582,71.67,False,71.67
24583,71.67,False,71.67
24584,71.67,False,71.67
24585,71.67,False,71.67
24586,71.67,False,71.67
24587,71.67,False,71.67
24588,71.67,False,71.67
24589,71.67,False,71.67
24590,71.67,False,71.67
24591,71.67,False,71.67
24592,71.67,False,71.67
24593,71.67,False,71.67
24594,71.67,False,71.67
24595,71.67,False,71.67
24596,71.67,False,71.67
24597,71.67,False,71.67
24598,71.67,False,71.67
24599,71.67,False,71.67
24600,71.67,False,71.67
24601,71.67,False,71.67
24602,71.67,False,71.67
24603,71.67,False,71.67
24604,71.67,False,71.67
24605,71.67,False,71.67
24606,71.67,False,71.67
24607,71.67,False,71.67
24608,71.67,False,71.67
24609,71.67,False,71.67
24610,71.67,False,71.67
24611,71.67,False,71.67
24612,71.67,False,71.67
24613,71.67,False,71.67
24614,71.67,False,71.67
24615,71.67,False,71.67
24616,71.67,False,71.67
24617,72.5,False,71.836
24618,72.5,False,72.002
24619,72.5,False,72.16799999999999
24620,72.5,False,72.33399999999999
24621,72.5,False,72.5
24622,72.5,False,72.5
24623,72.5,False,72.5
24624,72.5,False,72.5
24625,72.5,False,72.5
24626,72.5,False,72.5
24627,72.5,False,72.5
24628,72.5,False,72.5
24629,72.5,False,72.5
24630,72.5,False,72.5
24631,72.5,False,72.5
24632,72.5,False,72.5
24633,72.5,False,72.5
24634,72.5,False,72.5
24635,72.5,False,72.5
24636,72.5,False,72.5
24637,72.5,False,72.5
24638,72.5,False,72.5
24639,72.5,False,72.5
24640,72.5,False,72.5
24641,72.5,False,72.5
24642,72.5,False,72.5
24643,72.5,False,72.5
24644,72.5,False,72.5
24645,72.5,False,72.5
24646,72.5,False,72.5
24647,72.5,False,72.5
24648,72.5,False,72.5
24649,72.5,False,72.5
24650,72.5,False,72.5
24651,72.5,False,72.5
24652,72.5,False,72.5
24653,72.5,False,72.5
24654,72.5,False,72.5
24655,72.5,False,72.5
24656,72.5,False,72.5
24657,72.5,False,72.5
24658,72.5,False,72.5
24659,72.5,False,72.5
24660,72.5,False,72.5
24661,72.5,False,72.5
24662,72.5,False,72.5
24663,72.5,False,72.5
24664,72.5,False,72.5
24665,72.5,False,72.5
24666,72.5,False,72.5
24667,72.5,False,72.5
24668,72.5,False,72.5
24669,72.5,False,72.5
24670,72.5,False,72.5
24671,72.5,False,72.5
24672,72.5,False,72.5
24673,72.5,False,72.5
24674,72.5,False,72.5
24675,72.5,False,72.5
24676,72.5,False,72.5
24677,72.5,False,72.5
24678,72.5,False,72.5
24679,72.5,False,72.5
24680,72.5,False,72.5
24681,72.5,False,72.5
24682,72.5,False,72.5
24683,72.5,False,72.5
24684,72.5,False,72.5
24685,72.5,False,72.5
24686,72.5,False,72.5
24687,72.5,False,72.5
24688,72.5,False,72.5
24689,72.5,False,72.5
24690,72.5,False,72.5
24691,72.5,False,72.5
24692,72.5,False,72.5
24693,72.5,False,72.5
24694,72.5,False,72.5
24695,72.5,False,72.5
24696,72.5,False,72.5
24697,72.5,False,72.5
24698,72.5,False,72.5
24699,72.5,False,72.5
24700,72.5,False,72.5
24701,72.5,False,72.5
24702,72.5,False,72.5
24703,72.5,False,72.5
24704,72.5,False,72.5
24705,72.5,False,72.5
24706,72.5,False,72.5
24707,72.5,False,72.5
24708,72.5,False,72.5
24709,72.5,False,72.5
24710,72.5,False,72.5
24711,72.5,False,72.5
24712,72.5,False,72.5
24713,72.5,False,72.5
24714,72.5,False,72.5
24715,72.5,False,72.5
24716,72.5,False,72.5
24717,72.5,False,72.5
24718,72.5,False,72.5
24719,72.5,False,72.5
24720,72.5,False,72.5
24721,72.5,False,72.5
24722,72.5,False,72.5
24723,72.5,False,72.5
24724,72.5,False,72.5
24725,72.5,False,72.5
24726,72.5,False,72.5
24727,72.5,False,72.5
24728,72.5,False,72.5
24729,72.5,False,72.5
24730,72.5,False,72.5
24731,72.5,False,72.5
24732,72.5,False,72.5
24733,72.5,False,72.5
24734,72.5,False,72.5
24735,72.5,False,72.5
24736,72.5,False,72.5
24737,72.5,False,72.5
24738,72.5,False,72.5
24739,72.5,False,72.5
24740,72.5,False,72.5
24741,72.5,False,72.5
24742,72.5,False,72.5
24743,72.5,False,72.5
24744,72.5,False,72.5
24745,72.5,False,72.5
24746,72.5,False,72.5
24747,72.5,False,72.5
24748,72.5,False,72.5
24749,72.5,False,72.5
24750,72.5,False,72.5
24751,72.5,False,72.5
24752,72.5,False,72.5
24753,72.5,False,72.5
24754,72.5,False,72.5
24755,72.5,False,72.5
24756,72.5,False,72.5
24757,72.5,False,72.5
24758,72.5,False,72.5
24759,72.5,False,72.5
24760,72.5,False,72.5
24761,72.5,False,72.5
24762,72.5,False,72.5
24763,72.5,False,72.5
24764,72.5,False,72.5
24765,72.5,False,72.5
24766,72.5,False,72.5
24767,72.5,False,72.5
24768,72.5,False,72.5
24769,71.67,False,72.334
24770,71.67,False,72.168
24771,71.67,False,72.002
24772,71.67,False,71.836
24773,71.67,False,71.67
24774,71.67,False,71.67
24775,71.67,False,71.67
24776,71.67,False,71.67
24777,71.67,False,71.67
24778,71.67,False,71.67
24779,71.67,False,71.67
24780,71.67,False,71.67
24781,71.67,False,71.67
24782,71.67,False,71.67
24783,71.67,False,71.67
24784,71.67,False,71.67
24785,71.67,False,71.67
24786,71.67,False,71.67
24787,71.67,False,71.67
24788,71.67,False,71.67
24789,71.67,False,71.67
24790,71.67,False,71.67
24791,71.67,False,71.67
24792,71.67,False,71.67
24793,71.67,False,71.67
24794,71.67,False,71.67
24795,71.67,False,71.67
24796,71.67,False,71.67
24797,71.67,False,71.67
24798,71.67,False,71.67
24799,71.67,False,71.67
24800,70.83,False,71.50200000000001
24801,70.83,False,71.334
24802,70.83,False,71.166
24803,70.83,False,70.998
24804,70.83,False,70.83
24805,70.83,False,70.83
24806,70.83,False,70.83
24807,70.83,False,70.83
24808,70.83,False,70.83
24809,70.83,False,70.83
24810,70.83,False,70.83
24811,70.83,False,70.83
24812,70.83,False,70.83
24813,70.83,False,70.83
24814,70.83,False,70.83
24815,70.83,False,70.83
24816,70.83,False,70.83
24817,70.83,False,70.83
24818,70.83,False,70.83
24819,70.83,False,70.83
24820,70.83,False,70.83
24821,70.83,False,70.83
24822,70.83,False,70.83
24823,70.83,False,70.83
24824,70.83,False,70.83
24825,70.83,False,70.83
24826,70.83,False,70.83
24827,70.83,False,70.83
24828,70.83,False,70.83
24829,70.83,False,70.83
24830,70.0,False,70.664
24831,70.0,False,70.498
24832,70.0,False,70.332
24833,71.67,False,70.5
24834,71.67,False,70.668
24835,71.67,False,71.002
24836,71.67,False,71.336
24837,71.67,False,71.67
24838,71.67,False,71.67
24839,71.67,False,71.67
24840,71.67,False,71.67
24841,71.67,False,71.67
24842,71.67,False,71.67
24843,71.67,False,71.67
24844,71.67,False,71.67
24845,71.67,False,71.67
24846,71.67,False,71.67
24847,71.67,False,71.67
24848,71.67,False,71.67
24849,71.67,False,71.67
24850,71.67,False,71.67
24851,71.67,False,71.67
24852,71.67,False,71.67
24853,71.67,False,71.67
24854,71.67,False,71.67
24855,71.67,False,71.67
24856,71.67,False,71.67
24857,71.67,False,71.67
24858,71.67,False,71.67
24859,71.67,False,71.67
24860,71.67,False,71.67
24861,71.67,False,71.67
24862,71.67,False,71.67
24863,71.67,False,71.67
24864,71.67,False,71.67
24865,71.67,False,71.67
24866,71.67,False,71.67
24867,71.67,False,71.67
24868,71.67,False,71.67
24869,71.67,False,71.67
24870,71.67,False,71.67
24871,71.67,False,71.67
24872,71.67,False,71.67
24873,71.67,False,71.67
24874,71.67,False,71.67
24875,71.67,False,71.67
24876,71.67,False,71.67
24877,71.67,False,71.67
24878,71.67,False,71.67
24879,71.67,False,71.67
24880,71.67,False,71.67
24881,70.83,False,71.502
24882,70.83,False,71.33399999999999
24883,70.83,False,71.16600000000001
24884,70.83,False,70.998
24885,70.83,False,70.83
24886,70.83,False,70.83
24887,70.83,False,70.83
24888,70.83,False,70.83
24889,70.83,False,70.83
24890,70.83,False,70.83
24891,70.83,False,70.83
24892,70.83,False,70.83
24893,70.83,False,70.83
24894,70.83,False,70.83
24895,70.83,False,70.83
24896,70.83,False,70.83
24897,70.83,False,70.83
24898,70.83,False,70.83
24899,70.83,False,70.83
24900,70.83,False,70.83
24901,70.83,False,70.83
24902,70.83,False,70.83
24903,70.83,False,70.83
24904,70.83,False,70.83
24905,70.83,False,70.83
24906,70.83,False,70.83
24907,70.83,False,70.83
24908,70.83,False,70.83
24909,70.83,False,70.83
24910,70.83,False,70.83
24911,70.83,False,70.83
24912,70.83,False,70.83
24913,70.83,False,70.83
24914,70.83,False,70.83
24915,70.83,False,70.83
24916,70.83,False,70.83
24917,70.83,False,70.83
24918,70.83,False,70.83
24919,70.83,False,70.83
24920,70.83,False,70.83
24921,70.83,False,70.83
24922,70.83,False,70.83
24923,70.83,False,70.83
24924,70.83,False,70.83
24925,70.83,False,70.83
24926,70.83,False,70.83
24927,70.83,False,70.83
24928,70.83,False,70.83
24929,70.83,False,70.83
24930,70.83,False,70.83
24931,70.83,False,70.83
24932,70.83,False,70.83
24933,70.83,False,70.83
24934,70.83,False,70.83
24935,70.83,False,70.83
24936,70.83,False,70.83
24937,70.83,False,70.83
24938,70.83,False,70.83
24939,70.83,False,70.83
24940,70.83,False,70.83
24941,70.83,False,70.83
24942,70.83,False,70.83
24943,70.83,False,70.83
24944,70.83,False,70.83
24945,70.83,False,70.83
24946,70.83,False,70.83
24947,70.83,False,70.83
24948,70.83,False,70.83
24949,70.83,False,70.83
24950,70.83,False,70.83
24951,70.83,False,70.83
24952,70.83,False,70.83
24953,70.83,False,70.83
24954,70.83,False,70.83
24955,70.83,False,70.83
24956,70.83,False,70.83
24957,70.83,False,70.83
24958,70.83,False,70.83
24959,70.83,False,70.83
24960,70.83,False,70.83
24961,70.83,False,70.83
24962,70.83,False,70.83
24963,70.83,False,70.83
24964,70.83,False,70.83
24965,70.83,False,70.83
24966,70.83,False,70.83
24967,70.83,False,70.83
24968,70.83,False,70.83
24969,70.83,False,70.83
24970,70.83,False,70.83
24971,70.83,False,70.83
24972,70.83,False,70.83
24973,70.83,False,70.83
24974,70.83,False,70.83
24975,70.83,False,70.83
24976,70.83,False,70.83
24977,70.83,False,70.83
24978,70.83,False,70.83
24979,70.83,False,70.83
24980,70.83,False,70.83
24981,70.83,False,70.83
24982,70.83,False,70.83
24983,70.83,False,70.83
24984,70.83,False,70.83
24985,70.83,False,70.83
24986,70.83,False,70.83
24987,70.83,False,70.83
24988,70.83,False,70.83
24989,70.83,False,70.83
24990,70.83,False,70.83
24991,70.83,False,70.83
24992,70.83,False,70.83
24993,70.83,False,70.83
24994,70.83,False,70.83
24995,70.83,False,70.83
24996,70.83,False,70.83
24997,70.83,False,70.83
24998,70.83,False,70.83
24999,70.83,False,70.83
25000,70.83,False,70.83
25001,70.83,False,70.83
25002,70.83,False,70.83
25003,70.0,False,70.66399999999999
25004,70.0,False,70.498
25005,70.0,False,70.332
25006,70.0,False,70.16600000000001
25007,70.0,False,70.0
25008,70.0,False,70.0
25009,70.0,False,70.0
25010,70.0,False,70.0
25011,70.0,False,70.0
25012,70.0,False,70.0
25013,70.0,False,70.0
25014,70.0,False,70.0
25015,70.0,False,70.0
25016,70.0,False,70.0
25017,70.0,False,70.0
25018,70.0,False,70.0
25019,70.0,False,70.0
25020,70.0,False,70.0
25021,70.0,False,70.0
25022,70.0,False,70.0
25023,70.0,False,70.0
25024,70.0,False,70.0
25025,70.0,False,70.0
25026,70.0,False,70.0
25027,70.0,False,70.0
25028,70.0,False,70.0
25029,70.0,False,70.0
25030,70.0,False,70.0
25031,70.0,False,70.0
25032,70.0,False,70.0
25033,70.0,False,70.0
25034,70.0,False,70.0
25035,70.0,False,70.0
25036,70.0,False,70.0
25037,70.0,False,70.0
25038,70.0,False,70.0
25039,70.0,False,70.0
25040,70.0,False,70.0
25041,70.0,False,70.0
25042,70.0,False,70.0
25043,70.0,False,70.0
25044,70.0,False,70.0
25045,70.0,False,70.0
25046,70.0,False,70.0
25047,70.0,False,70.0
25048,70.0,False,70.0
25049,70.0,False,70.0
25050,70.0,False,70.0
25051,70.0,False,70.0
25052,70.0,False,70.0
25053,70.0,False,70.0
25054,70.0,False,70.0
25055,70.0,False,70.0
25056,70.0,False,70.0
25057,70.0,False,70.0
25058,70.0,False,70.0
25059,70.0,False,70.0
25060,70.0,False,70.0
25061,70.0,False,70.0
25062,70.0,False,70.0
25063,70.0,False,70.0
25064,69.17,False,69.83399999999999
25065,69.17,False,69.66799999999999
25066,69.17,False,69.50200000000001
25067,69.17,False,69.33599999999998
25068,69.17,False,69.17
25069,69.17,False,69.17
25070,69.17,False,69.17
25071,69.17,False,69.17
25072,69.17,False,69.17
25073,69.17,False,69.17
25074,69.17,False,69.17
25075,69.17,False,69.17
25076,69.17,False,69.17
25077,69.17,False,69.17
25078,69.17,False,69.17
25079,69.17,False,69.17
25080,69.17,False,69.17
25081,69.17,False,69.17
25082,69.17,False,69.17
25083,69.17,False,69.17
25084,69.17,False,69.17
25085,69.17,False,69.17
25086,69.17,False,69.17
25087,69.17,False,69.17
25088,69.17,False,69.17
25089,69.17,False,69.17
25090,69.17,False,69.17
25091,69.17,False,69.17
25092,69.17,False,69.17
25093,69.17,False,69.17
25094,69.17,False,69.17
25095,69.17,False,69.17
25096,69.17,False,69.17
25097,69.17,False,69.17
25098,69.17,False,69.17
25099,69.17,False,69.17
25100,69.17,False,69.17
25101,69.17,False,69.17
25102,69.17,False,69.17
25103,69.17,False,69.17
25104,69.17,False,69.17
25105,69.17,False,69.17
25106,69.17,False,69.17
25107,69.17,False,69.17
25108,69.17,False,69.17
25109,69.17,False,69.17
25110,69.17,False,69.17
25111,69.17,False,69.17
25112,69.17,False,69.17
25113,69.17,False,69.17
25114,69.17,False,69.17
25115,68.33,False,69.002
25116,68.33,False,68.834
25117,68.33,False,68.66600000000001
25118,68.33,False,68.498
25119,68.33,False,68.33
25120,68.33,False,68.33
25121,68.33,False,68.33
25122,68.33,False,68.33
25123,68.33,False,68.33
25124,68.33,False,68.33
25125,68.33,False,68.33
25126,68.33,False,68.33
25127,68.33,False,68.33
25128,68.33,False,68.33
25129,68.33,False,68.33
25130,68.33,False,68.33
25131,68.33,False,68.33
25132,68.33,False,68.33
25133,68.33,False,68.33
25134,68.33,False,68.33
25135,68.33,False,68.33
25136,68.33,False,68.33
25137,68.33,False,68.33
25138,68.33,False,68.33
25139,68.33,False,68.33
25140,68.33,False,68.33
25141,68.33,False,68.33
25142,68.33,False,68.33
25143,68.33,False,68.33
25144,68.33,False,68.33
25145,67.5,False,68.164
25146,67.5,False,67.998
25147,67.5,False,67.832
25148,67.5,False,67.666
25149,67.5,False,67.5
25150,67.5,False,67.5
25151,67.5,False,67.5
25152,67.5,False,67.5
25153,67.5,False,67.5
25154,67.5,False,67.5
25155,67.5,False,67.5
25156,67.5,False,67.5
25157,67.5,False,67.5
25158,67.5,False,67.5
25159,67.5,False,67.5
25160,67.5,False,67.5
25161,67.5,False,67.5
25162,67.5,False,67.5
25163,67.5,False,67.5
25164,67.5,False,67.5
25165,67.5,False,67.5
25166,67.5,False,67.5
25167,67.5,False,67.5
25168,67.5,False,67.5
25169,67.5,False,67.5
25170,67.5,False,67.5
25171,67.5,False,67.5
25172,67.5,False,67.5
25173,67.5,False,67.5
25174,67.5,False,67.5
25175,67.5,False,67.5
25176,67.5,False,67.5
25177,67.5,False,67.5
25178,67.5,False,67.5
25179,67.5,False,67.5
25180,67.5,False,67.5
25181,67.5,False,67.5
25182,67.5,False,67.5
25183,67.5,False,67.5
25184,67.5,False,67.5
25185,67.5,False,67.5
25186,67.5,False,67.5
25187,67.5,False,67.5
25188,67.5,False,67.5
25189,67.5,False,67.5
25190,67.5,False,67.5
25191,67.5,False,67.5
25192,67.5,False,67.5
25193,67.5,False,67.5
25194,67.5,False,67.5
25195,67.5,False,67.5
25196,67.5,False,67.5
25197,67.5,False,67.5
25198,67.5,False,67.5
25199,67.5,False,67.5
25200,67.5,False,67.5
25201,67.5,False,67.5
25202,67.5,False,67.5
25203,67.5,False,67.5
25204,67.5,False,67.5
25205,67.5,False,67.5
25206,67.5,False,67.5
25207,67.5,False,67.5
25208,67.5,False,67.5
25209,67.5,False,67.5
25210,67.5,False,67.5
25211,67.5,False,67.5
25212,67.5,False,67.5
25213,67.5,False,67.5
25214,67.5,False,67.5
25215,67.5,False,67.5
25216,67.5,False,67.5
25217,67.5,False,67.5
25218,67.5,False,67.5
25219,67.5,False,67.5
25220,67.5,False,67.5
25221,67.5,False,67.5
25222,67.5,False,67.5
25223,67.5,False,67.5
25224,67.5,False,67.5
25225,67.5,False,67.5
25226,67.5,False,67.5
25227,67.5,False,67.5
25228,67.5,False,67.5
25229,67.5,False,67.5
25230,67.5,False,67.5
25231,67.5,False,67.5
25232,67.5,False,67.5
25233,67.5,False,67.5
25234,67.5,False,67.5
25235,67.5,False,67.5
25236,67.5,False,67.5
25237,66.67,False,67.334
25238,66.67,False,67.168
25239,66.67,False,67.002
25240,66.67,False,66.836
25241,66.67,False,66.67
25242,66.67,False,66.67
25243,66.67,False,66.67
25244,66.67,False,66.67
25245,66.67,False,66.67
25246,66.67,False,66.67
25247,66.67,False,66.67
25248,66.67,False,66.67
25249,66.67,False,66.67
25250,66.67,False,66.67
25251,66.67,False,66.67
25252,66.67,False,66.67
25253,66.67,False,66.67
25254,66.67,False,66.67
25255,66.67,False,66.67
25256,66.67,False,66.67
25257,66.67,False,66.67
25258,66.67,False,66.67
25259,66.67,False,66.67
25260,66.67,False,66.67
25261,66.67,False,66.67
25262,66.67,False,66.67
25263,66.67,False,66.67
25264,66.67,False,66.67
25265,66.67,False,66.67
25266,66.67,False,66.67
25267,66.67,False,66.67
25268,66.67,False,66.67
25269,66.67,False,66.67
25270,66.67,False,66.67
25271,66.67,False,66.67
25272,66.67,False,66.67
25273,66.67,False,66.67
25274,66.67,False,66.67
25275,66.67,False,66.67
25276,66.67,False,66.67
25277,66.67,False,66.67
25278,66.67,False,66.67
25279,66.67,False,66.67
25280,66.67,False,66.67
25281,66.67,False,66.67
25282,66.67,False,66.67
25283,66.67,False,66.67
25284,66.67,False,66.67
25285,66.67,False,66.67
25286,66.67,False,66.67
25287,66.67,False,66.67
25288,66.67,False,66.67
25289,66.67,False,66.67
25290,66.67,False,66.67
25291,66.67,False,66.67
25292,66.67,False,66.67
25293,66.67,False,66.67
25294,66.67,False,66.67
25295,66.67,False,66.67
25296,66.67,False,66.67
25297,66.67,False,66.67
25298,66.67,False,66.67
25299,66.67,False,66.67
25300,66.67,False,66.67
25301,66.67,False,66.67
25302,66.67,False,66.67
25303,66.67,False,66.67
25304,66.67,False,66.67
25305,66.67,False,66.67
25306,66.67,False,66.67
25307,66.67,False,66.67
25308,66.67,False,66.67
25309,66.67,False,66.67
25310,66.67,False,66.67
25311,66.67,False,66.67
25312,66.67,False,66.67
25313,66.67,False,66.67
25314,66.67,False,66.67
25315,66.67,False,66.67
25316,66.67,False,66.67
25317,66.67,False,66.67
25318,66.67,False,66.67
25319,66.67,False,66.67
25320,66.67,False,66.67
25321,66.67,False,66.67
25322,66.67,False,66.67
25323,66.67,False,66.67
25324,66.67,False,66.67
25325,66.67,False,66.67
25326,66.67,False,66.67
25327,66.67,False,66.67
25328,66.67,False,66.67
25329,66.67,False,66.67
25330,66.67,False,66.67
25331,66.67,False,66.67
25332,66.67,False,66.67
25333,66.67,False,66.67
25334,66.67,False,66.67
25335,66.67,False,66.67
25336,66.67,False,66.67
25337,66.67,False,66.67
25338,66.67,False,66.67
25339,66.67,False,66.67
25340,66.67,False,66.67
25341,66.67,False,66.67
25342,66.67,False,66.67
25343,66.67,False,66.67
25344,66.67,False,66.67
25345,67.5,False,66.836
25346,67.5,False,67.002
25347,67.5,False,67.16799999999999
25348,67.5,False,67.33399999999999
25349,67.5,False,67.5
25350,67.5,False,67.5
25351,67.5,False,67.5
25352,67.5,False,67.5
25353,67.5,False,67.5
25354,67.5,False,67.5
25355,67.5,False,67.5
25356,67.5,False,67.5
25357,67.5,False,67.5
25358,67.5,False,67.5
25359,67.5,False,67.5
25360,67.5,False,67.5
25361,67.5,False,67.5
25362,67.5,False,67.5
25363,67.5,False,67.5
25364,67.5,False,67.5
25365,67.5,False,67.5
25366,67.5,False,67.5
25367,67.5,False,67.5
25368,67.5,False,67.5
25369,67.5,False,67.5
25370,67.5,False,67.5
25371,67.5,False,67.5
25372,67.5,False,67.5
25373,67.5,False,67.5
25374,67.5,False,67.5
25375,67.5,False,67.5
25376,67.5,False,67.5
25377,67.5,False,67.5
25378,67.5,False,67.5
25379,66.67,False,67.334
25380,66.67,False,67.168
25381,66.67,False,67.002
25382,66.67,False,66.836
25383,66.67,False,66.67
25384,66.67,False,66.67
25385,66.67,False,66.67
25386,66.67,False,66.67
25387,66.67,False,66.67
25388,66.67,False,66.67
25389,66.67,False,66.67
25390,66.67,False,66.67
25391,66.67,False,66.67
25392,66.67,False,66.67
25393,66.67,False,66.67
25394,66.67,False,66.67
25395,66.67,False,66.67
25396,66.67,False,66.67
25397,66.67,False,66.67
25398,66.67,False,66.67
25399,66.67,False,66.67
25400,66.67,False,66.67
25401,66.67,False,66.67
25402,66.67,False,66.67
25403,66.67,False,66.67
25404,66.67,False,66.67
25405,66.67,False,66.67
25406,66.67,False,66.67
25407,66.67,False,66.67
25408,66.67,False,66.67
25409,66.67,False,66.67
25410,66.67,False,66.67
25411,66.67,False,66.67
25412,66.67,False,66.67
25413,66.67,False,66.67
25414,66.67,False,66.67
25415,66.67,False,66.67
25416,66.67,False,66.67
25417,66.67,False,66.67
25418,66.67,False,66.67
25419,66.67,False,66.67
25420,66.67,False,66.67
25421,66.67,False,66.67
25422,66.67,False,66.67
25423,66.67,False,66.67
25424,66.67,False,66.67
25425,66.67,False,66.67
25426,66.67,False,66.67
25427,66.67,False,66.67
25428,66.67,False,66.67
25429,66.67,False,66.67
25430,66.67,False,66.67
25431,66.67,False,66.67
25432,66.67,False,66.67
25433,66.67,False,66.67
25434,66.67,False,66.67
25435,66.67,False,66.67
25436,66.67,False,66.67
25437,66.67,False,66.67
25438,66.67,False,66.67
25439,66.67,False,66.67
25440,66.67,False,66.67
25441,66.67,False,66.67
25442,66.67,False,66.67
25443,66.67,False,66.67
25444,66.67,False,66.67
25445,66.67,False,66.67
25446,66.67,False,66.67
25447,66.67,False,66.67
25448,66.67,False,66.67
25449,66.67,False,66.67
25450,66.67,False,66.67
25451,66.67,False,66.67
25452,66.67,False,66.67
25453,66.67,False,66.67
25454,66.67,False,66.67
25455,66.67,False,66.67
25456,66.67,False,66.67
25457,66.67,False,66.67
25458,66.67,False,66.67
25459,66.67,False,66.67
25460,66.67,False,66.67
25461,66.67,False,66.67
25462,66.67,False,66.67
25463,66.67,False,66.67
25464,66.67,False,66.67
25465,66.67,False,66.67
25466,66.67,False,66.67
25467,66.67,False,66.67
25468,66.67,False,66.67
25469,66.67,False,66.67
25470,66.67,False,66.67
25471,66.67,False,66.67
25472,66.67,False,66.67
25473,66.67,False,66.67
25474,66.67,False,66.67
25475,66.67,False,66.67
25476,66.67,False,66.67
25477,66.67,False,66.67
25478,66.67,False,66.67
25479,66.67,False,66.67
25480,66.67,False,66.67
25481,66.67,False,66.67
25482,66.67,False,66.67
25483,66.67,False,66.67
25484,66.67,False,66.67
25485,66.67,False,66.67
25486,66.67,False,66.67
25487,66.67,False,66.67
25488,66.67,False,66.67
25489,66.67,False,66.67
25490,66.67,False,66.67
25491,66.67,False,66.67
25492,66.67,False,66.67
25493,66.67,False,66.67
25494,66.67,False,66.67
25495,66.67,False,66.67
25496,66.67,False,66.67
25497,66.67,False,66.67
25498,66.67,False,66.67
25499,66.67,False,66.67
25500,66.67,False,66.67
25501,68.33,False,67.002
25502,68.33,False,67.334
25503,68.33,False,67.66600000000001
25504,68.33,False,67.998
25505,68.33,False,68.33
25506,68.33,False,68.33
25507,68.33,False,68.33
25508,68.33,False,68.33
25509,68.33,False,68.33
25510,68.33,False,68.33
25511,68.33,False,68.33
25512,68.33,False,68.33
25513,68.33,False,68.33
25514,68.33,False,68.33
25515,68.33,False,68.33
25516,68.33,False,68.33
25517,68.33,False,68.33
25518,68.33,False,68.33
25519,68.33,False,68.33
25520,68.33,False,68.33
25521,68.33,False,68.33
25522,68.33,False,68.33
25523,68.33,False,68.33
25524,68.33,False,68.33
25525,68.33,False,68.33
25526,68.33,False,68.33
25527,68.33,False,68.33
25528,68.33,False,68.33
25529,68.33,False,68.33
25530,68.33,False,68.33
25531,69.17,False,68.498
25532,69.17,False,68.666
25533,69.17,False,68.83399999999999
25534,69.17,False,69.002
25535,69.17,False,69.17
25536,69.17,False,69.17
25537,69.17,False,69.17
25538,69.17,False,69.17
25539,69.17,False,69.17
25540,69.17,False,69.17
25541,69.17,False,69.17
25542,69.17,False,69.17
25543,69.17,False,69.17
25544,69.17,False,69.17
25545,69.17,False,69.17
25546,69.17,False,69.17
25547,69.17,False,69.17
25548,69.17,False,69.17
25549,69.17,False,69.17
25550,69.17,False,69.17
25551,69.17,False,69.17
25552,69.17,False,69.17
25553,69.17,False,69.17
25554,69.17,False,69.17
25555,69.17,False,69.17
25556,69.17,False,69.17
25557,69.17,False,69.17
25558,69.17,False,69.17
25559,69.17,False,69.17
25560,69.17,False,69.17
25561,70.0,False,69.336
25562,70.0,False,69.502
25563,70.0,False,69.668
25564,70.0,False,69.834
25565,70.0,False,70.0
25566,70.0,False,70.0
25567,70.0,False,70.0
25568,70.0,False,70.0
25569,70.0,False,70.0
25570,70.0,False,70.0
25571,70.0,False,70.0
25572,70.0,False,70.0
25573,70.0,False,70.0
25574,70.0,False,70.0
25575,70.0,False,70.0
25576,70.0,False,70.0
25577,70.0,False,70.0
25578,70.0,False,70.0
25579,70.0,False,70.0
25580,70.0,False,70.0
25581,70.0,False,70.0
25582,70.0,False,70.0
25583,70.0,False,70.0
25584,70.0,False,70.0
25585,70.0,False,70.0
25586,70.0,False,70.0
25587,70.0,False,70.0
25588,70.0,False,70.0
25589,70.0,False,70.0
25590,70.0,False,70.0
25591,70.0,False,70.0
25592,70.0,False,70.0
25593,70.0,False,70.0
25594,70.0,False,70.0
25595,70.0,False,70.0
25596,70.0,False,70.0
25597,70.0,False,70.0
25598,70.0,False,70.0
25599,70.0,False,70.0
25600,70.0,False,70.0
25601,70.83,False,70.166
25602,70.83,False,70.332
25603,70.83,False,70.498
25604,70.83,False,70.664
25605,70.83,False,70.83
25606,70.83,False,70.83
25607,70.83,False,70.83
25608,70.83,False,70.83
25609,70.83,False,70.83
25610,70.83,False,70.83
25611,70.83,False,70.83
25612,70.0,False,70.66399999999999
25613,70.0,False,70.498
25614,70.0,False,70.332
25615,70.0,False,70.16600000000001
25616,70.0,False,70.0
25617,70.0,False,70.0
25618,70.0,False,70.0
25619,70.0,False,70.0
25620,70.0,False,70.0
25621,70.0,False,70.0
25622,70.0,False,70.0
25623,70.0,False,70.0
25624,70.0,False,70.0
25625,70.0,False,70.0
25626,70.0,False,70.0
25627,70.0,False,70.0
25628,70.0,False,70.0
25629,70.0,False,70.0
25630,70.0,False,70.0
25631,70.0,False,70.0
25632,70.0,False,70.0
25633,70.0,False,70.0
25634,70.0,False,70.0
25635,70.0,False,70.0
25636,70.0,False,70.0
25637,70.0,False,70.0
25638,70.0,False,70.0
25639,70.0,False,70.0
25640,70.0,False,70.0
25641,70.0,False,70.0
25642,70.0,False,70.0
25643,69.17,False,69.83399999999999
25644,69.17,False,69.66799999999999
25645,69.17,False,69.50200000000001
25646,69.17,False,69.33599999999998
25647,69.17,False,69.17
25648,69.17,False,69.17
25649,69.17,False,69.17
25650,69.17,False,69.17
25651,69.17,False,69.17
25652,69.17,False,69.17
25653,69.17,False,69.17
25654,69.17,False,69.17
25655,69.17,False,69.17
25656,69.17,False,69.17
25657,69.17,False,69.17
25658,69.17,False,69.17
25659,69.17,False,69.17
25660,69.17,False,69.17
25661,69.17,False,69.17
25662,69.17,False,69.17
25663,69.17,False,69.17
25664,69.17,False,69.17
25665,69.17,False,69.17
25666,69.17,False,69.17
25667,69.17,False,69.17
25668,69.17,False,69.17
25669,69.17,False,69.17
25670,69.17,False,69.17
25671,69.17,False,69.17
25672,69.17,False,69.17
25673,69.17,False,69.17
25674,69.17,False,69.17
25675,69.17,False,69.17
25676,69.17,False,69.17
25677,69.17,False,69.17
25678,69.17,False,69.17
25679,69.17,False,69.17
25680,69.17,False,69.17
25681,69.17,False,69.17
25682,69.17,False,69.17
25683,69.17,False,69.17
25684,69.17,False,69.17
25685,69.17,False,69.17
25686,69.17,False,69.17
25687,69.17,False,69.17
25688,69.17,False,69.17
25689,69.17,False,69.17
25690,69.17,False,69.17
25691,69.17,False,69.17
25692,69.17,False,69.17
25693,69.17,False,69.17
25694,69.17,False,69.17
25695,69.17,False,69.17
25696,69.17,False,69.17
25697,69.17,False,69.17
25698,69.17,False,69.17
25699,69.17,False,69.17
25700,69.17,False,69.17
25701,69.17,False,69.17
25702,69.17,False,69.17
25703,69.17,False,69.17
25704,70.0,False,69.336
25705,70.0,False,69.502
25706,70.0,False,69.66799999999999
25707,70.0,False,69.83399999999999
25708,70.0,False,70.0
25709,70.0,False,70.0
25710,70.0,False,70.0
25711,70.0,False,70.0
25712,70.0,False,70.0
25713,70.0,False,70.0
25714,70.0,False,70.0
25715,70.0,False,70.0
25716,70.0,False,70.0
25717,70.0,False,70.0
25718,70.0,False,70.0
25719,70.0,False,70.0
25720,70.0,False,70.0
25721,70.0,False,70.0
25722,70.0,False,70.0
25723,70.0,False,70.0
25724,70.0,False,70.0
25725,70.0,False,70.0
25726,70.0,False,70.0
25727,70.0,False,70.0
25728,70.0,False,70.0
25729,70.0,False,70.0
25730,70.0,False,70.0
25731,70.0,False,70.0
25732,70.0,False,70.0
25733,70.0,False,70.0
25734,70.0,False,70.0
25735,70.0,False,70.0
25736,70.0,False,70.0
25737,70.0,False,70.0
25738,70.0,False,70.0
25739,70.0,False,70.0
25740,70.0,False,70.0
25741,70.0,False,70.0
25742,70.0,False,70.0
25743,70.0,False,70.0
25744,70.0,False,70.0
25745,70.0,False,70.0
25746,70.0,False,70.0
25747,70.0,False,70.0
25748,70.0,False,70.0
25749,70.0,False,70.0
25750,70.0,False,70.0
25751,70.0,False,70.0
25752,70.0,False,70.0
25753,70.0,False,70.0
25754,70.0,False,70.0
25755,70.0,False,70.0
25756,70.0,False,70.0
25757,70.0,False,70.0
25758,70.0,False,70.0
25759,70.0,False,70.0
25760,70.0,False,70.0
25761,70.0,False,70.0
25762,70.0,False,70.0
25763,70.0,False,70.0
25764,70.0,False,70.0
25765,70.0,False,70.0
25766,70.0,False,70.0
25767,70.0,False,70.0
25768,70.0,False,70.0
25769,70.0,False,70.0
25770,70.0,False,70.0
25771,70.0,False,70.0
25772,70.0,False,70.0
25773,70.0,False,70.0
25774,70.0,False,70.0
25775,70.0,False,70.0
25776,70.0,False,70.0
25777,70.0,False,70.0
25778,70.0,False,70.0
25779,70.0,False,70.0
25780,70.0,False,70.0
25781,70.0,False,70.0
25782,70.0,False,70.0
25783,70.0,False,70.0
25784,70.0,False,70.0
25785,70.0,False,70.0
25786,70.0,False,70.0
25787,70.0,False,70.0
25788,70.0,False,70.0
25789,70.0,False,70.0
25790,70.0,False,70.0
25791,70.0,False,70.0
25792,70.0,False,70.0
25793,70.0,False,70.0
25794,70.0,False,70.0
25795,71.67,False,70.334
25796,71.67,False,70.668
25797,71.67,False,71.002
25798,71.67,False,71.336
25799,71.67,False,71.67
25800,71.67,False,71.67
25801,71.67,False,71.67
25802,71.67,False,71.67
25803,71.67,False,71.67
25804,71.67,False,71.67
25805,71.67,False,71.67
25806,71.67,False,71.67
25807,71.67,False,71.67
25808,71.67,False,71.67
25809,71.67,False,71.67
25810,71.67,False,71.67
25811,71.67,False,71.67
25812,71.67,False,71.67
25813,71.67,False,71.67
25814,71.67,False,71.67
25815,71.67,False,71.67
25816,71.67,False,71.67
25817,71.67,False,71.67
25818,71.67,False,71.67
25819,71.67,False,71.67
25820,71.67,False,71.67
25821,71.67,False,71.67
25822,71.67,False,71.67
25823,71.67,False,71.67
25824,71.67,False,71.67
25825,71.67,False,71.67
25826,71.67,False,71.67
25827,71.67,False,71.67
25828,71.67,False,71.67
25829,71.67,False,71.67
25830,71.67,False,71.67
25831,71.67,False,71.67
25832,71.67,False,71.67
25833,71.67,False,71.67
25834,71.67,False,71.67
25835,71.67,False,71.67
25836,71.67,False,71.67
25837,71.67,False,71.67
25838,71.67,False,71.67
25839,71.67,False,71.67
25840,71.67,False,71.67
25841,71.67,False,71.67
25842,71.67,False,71.67
25843,71.67,False,71.67
25844,71.67,False,71.67
25845,71.67,False,71.67
25846,71.67,False,71.67
25847,71.67,False,71.67
25848,71.67,False,71.67
25849,71.67,False,71.67
25850,71.67,False,71.67
25851,71.67,False,71.67
25852,71.67,False,71.67
25853,71.67,False,71.67
25854,71.67,False,71.67
25855,71.67,False,71.67
25856,70.83,False,71.502
25857,70.83,False,71.33399999999999
25858,70.83,False,71.16600000000001
25859,70.83,False,70.998
25860,70.83,False,70.83
25861,70.83,False,70.83
25862,70.83,False,70.83
25863,70.83,False,70.83
25864,70.83,False,70.83
25865,70.83,False,70.83
25866,70.83,False,70.83
25867,70.83,False,70.83
25868,70.83,False,70.83
25869,70.83,False,70.83
25870,70.83,False,70.83
25871,70.83,False,70.83
25872,70.83,False,70.83
25873,70.83,False,70.83
25874,70.83,False,70.83
25875,70.83,False,70.83
25876,70.83,False,70.83
25877,70.83,False,70.83
25878,70.83,False,70.83
25879,70.83,False,70.83
25880,70.83,False,70.83
25881,70.83,False,70.83
25882,70.83,False,70.83
25883,70.83,False,70.83
25884,70.83,False,70.83
25885,70.83,False,70.83
25886,70.83,False,70.83
25887,70.83,False,70.83
25888,70.83,False,70.83
25889,70.83,False,70.83
25890,70.83,False,70.83
25891,70.83,False,70.83
25892,70.83,False,70.83
25893,70.83,False,70.83
25894,70.83,False,70.83
25895,70.83,False,70.83
25896,70.83,False,70.83
25897,70.83,False,70.83
25898,70.83,False,70.83
25899,70.83,False,70.83
25900,70.83,False,70.83
25901,70.83,False,70.83
25902,70.83,False,70.83
25903,70.83,False,70.83
25904,70.83,False,70.83
25905,70.83,False,70.83
25906,70.83,False,70.83
25907,70.83,False,70.83
25908,70.83,False,70.83
25909,70.83,False,70.83
25910,70.83,False,70.83
25911,70.83,False,70.83
25912,70.83,False,70.83
25913,70.83,False,70.83
25914,70.83,False,70.83
25915,70.83,False,70.83
25916,70.83,False,70.83
25917,70.83,False,70.83
25918,70.83,False,70.83
25919,70.83,False,70.83
25920,70.83,False,70.83
25921,70.83,False,70.83
25922,70.83,False,70.83
25923,70.83,False,70.83
25924,70.83,False,70.83
25925,70.83,False,70.83
25926,70.83,False,70.83
25927,70.83,False,70.83
25928,70.83,False,70.83
25929,70.83,False,70.83
25930,70.83,False,70.83
25931,70.83,False,70.83
25932,70.83,False,70.83
25933,70.83,False,70.83
25934,70.83,False,70.83
25935,70.83,False,70.83
25936,70.83,False,70.83
25937,70.83,False,70.83
25938,70.83,False,70.83
25939,70.83,False,70.83
25940,70.83,False,70.83
25941,70.83,False,70.83
25942,70.83,False,70.83
25943,70.83,False,70.83
25944,70.83,False,70.83
25945,70.83,False,70.83
25946,70.83,False,70.83
25947,70.83,False,70.83
25948,70.83,False,70.83
25949,70.83,False,70.83
25950,70.83,False,70.83
25951,70.83,False,70.83
25952,70.83,False,70.83
25953,70.83,False,70.83
25954,70.83,False,70.83
25955,70.83,False,70.83
25956,70.83,False,70.83
25957,70.83,False,70.83
25958,70.83,False,70.83
25959,70.83,False,70.83
25960,70.83,False,70.83
25961,70.83,False,70.83
25962,70.83,False,70.83
25963,70.83,False,70.83
25964,70.83,False,70.83
25965,70.83,False,70.83
25966,70.83,False,70.83
25967,70.83,False,70.83
25968,70.0,False,70.664
25969,70.0,False,70.498
25970,70.0,False,70.332
25971,70.0,False,70.166
25972,70.0,False,70.0
25973,70.0,False,70.0
25974,70.0,False,70.0
25975,70.0,False,70.0
25976,70.0,False,70.0
25977,70.0,False,70.0
25978,70.0,False,70.0
25979,70.0,False,70.0
25980,70.0,False,70.0
25981,70.0,False,70.0
25982,70.0,False,70.0
25983,70.0,False,70.0
25984,70.0,False,70.0
25985,70.0,False,70.0
25986,70.0,False,70.0
25987,70.0,False,70.0
25988,70.0,False,70.0
25989,70.0,False,70.0
25990,70.0,False,70.0
25991,70.0,False,70.0
25992,70.0,False,70.0
25993,70.0,False,70.0
25994,70.0,False,70.0
25995,70.0,False,70.0
25996,70.0,False,70.0
25997,70.0,False,70.0
25998,70.0,False,70.0
25999,70.0,False,70.0
26000,70.0,False,70.0
26001,70.0,False,70.0
26002,70.0,False,70.0
26003,70.0,False,70.0
26004,70.0,False,70.0
26005,70.0,False,70.0
26006,70.0,False,70.0
26007,70.0,False,70.0
26008,70.0,False,70.0
26009,70.0,False,70.0
26010,70.0,False,70.0
26011,70.0,False,70.0
26012,70.0,False,70.0
26013,70.0,False,70.0
26014,70.0,False,70.0
26015,70.0,False,70.0
26016,70.0,False,70.0
26017,70.0,False,70.0
26018,70.0,False,70.0
26019,70.0,False,70.0
26020,70.0,False,70.0
26021,70.0,False,70.0
26022,70.0,False,70.0
26023,70.0,False,70.0
26024,70.0,False,70.0
26025,70.0,False,70.0
26026,70.0,False,70.0
26027,70.0,False,70.0
26028,70.0,False,70.0
26029,70.83,False,70.166
26030,70.83,False,70.332
26031,70.83,False,70.498
26032,70.83,False,70.664
26033,70.83,False,70.83
26034,70.83,False,70.83
26035,70.83,False,70.83
26036,70.83,False,70.83
26037,70.83,False,70.83
26038,70.83,False,70.83
26039,70.83,False,70.83
26040,70.83,False,70.83
26041,70.83,False,70.83
26042,70.83,False,70.83
26043,70.83,False,70.83
26044,70.83,False,70.83
26045,70.83,False,70.83
26046,70.83,False,70.83
26047,70.83,False,70.83
26048,70.83,False,70.83
26049,70.83,False,70.83
26050,70.83,False,70.83
26051,70.83,False,70.83
26052,70.83,False,70.83
26053,70.83,False,70.83
26054,70.83,False,70.83
26055,70.83,False,70.83
26056,70.83,False,70.83
26057,70.83,False,70.83
26058,70.83,False,70.83
26059,70.83,False,70.83
26060,71.67,False,70.998
26061,71.67,False,71.166
26062,71.67,False,71.334
26063,71.67,False,71.50200000000001
26064,71.67,False,71.67
26065,71.67,False,71.67
26066,71.67,False,71.67
26067,71.67,False,71.67
26068,71.67,False,71.67
26069,71.67,False,71.67
26070,71.67,False,71.67
26071,71.67,False,71.67
26072,71.67,False,71.67
26073,71.67,False,71.67
26074,71.67,False,71.67
26075,71.67,False,71.67
26076,71.67,False,71.67
26077,71.67,False,71.67
26078,71.67,False,71.67
26079,71.67,False,71.67
26080,71.67,False,71.67
26081,71.67,False,71.67
26082,71.67,False,71.67
26083,71.67,False,71.67
26084,71.67,False,71.67
26085,71.67,False,71.67
26086,71.67,False,71.67
26087,71.67,False,71.67
26088,71.67,False,71.67
26089,71.67,False,71.67
26090,71.67,False,71.67
26091,71.67,False,71.67
26092,71.67,False,71.67
26093,71.67,False,71.67
26094,71.67,False,71.67
26095,71.67,False,71.67
26096,71.67,False,71.67
26097,71.67,False,71.67
26098,71.67,False,71.67
26099,71.67,False,71.67
26100,71.67,False,71.67
26101,71.67,False,71.67
26102,71.67,False,71.67
26103,71.67,False,71.67
26104,71.67,False,71.67
26105,71.67,False,71.67
26106,71.67,False,71.67
26107,71.67,False,71.67
26108,71.67,False,71.67
26109,71.67,False,71.67
26110,71.67,False,71.67
26111,71.67,False,71.67
26112,71.67,False,71.67
26113,72.5,False,71.83600000000001
26114,72.5,False,72.002
26115,72.5,False,72.168
26116,72.5,False,72.33399999999999
26117,72.5,False,72.5
26118,72.5,False,72.5
26119,72.5,False,72.5
26120,72.5,False,72.5
26121,72.5,False,72.5
26122,72.5,False,72.5
26123,72.5,False,72.5
26124,72.5,False,72.5
26125,72.5,False,72.5
26126,72.5,False,72.5
26127,72.5,False,72.5
26128,72.5,False,72.5
26129,72.5,False,72.5
26130,72.5,False,72.5
26131,72.5,False,72.5
26132,72.5,False,72.5
26133,72.5,False,72.5
26134,72.5,False,72.5
26135,72.5,False,72.5
26136,72.5,False,72.5
26137,72.5,False,72.5
26138,72.5,False,72.5
26139,72.5,False,72.5
26140,72.5,False,72.5
26141,71.67,False,72.334
26142,71.67,False,72.16799999999999
26143,71.67,False,72.00200000000001
26144,71.67,False,71.83599999999998
26145,71.67,False,71.67
26146,71.67,False,71.67
26147,71.67,False,71.67
26148,71.67,False,71.67
26149,71.67,False,71.67
26150,71.67,False,71.67
26151,71.67,False,71.67
26152,71.67,False,71.67
26153,71.67,False,71.67
26154,71.67,False,71.67
26155,71.67,False,71.67
26156,71.67,False,71.67
26157,71.67,False,71.67
26158,71.67,False,71.67
26159,71.67,False,71.67
26160,71.67,False,71.67
26161,71.67,False,71.67
26162,71.67,False,71.67
26163,71.67,False,71.67
26164,71.67,False,71.67
26165,71.67,False,71.67
26166,71.67,False,71.67
26167,71.67,False,71.67
26168,71.67,False,71.67
26169,71.67,False,71.67
26170,71.67,False,71.67
26171,70.83,False,71.502
26172,70.83,False,71.33399999999999
26173,70.83,False,71.16600000000001
26174,70.83,False,70.998
26175,70.83,False,70.83
26176,70.83,False,70.83
26177,70.83,False,70.83
26178,70.83,False,70.83
26179,70.83,False,70.83
26180,70.83,False,70.83
26181,70.83,False,70.83
26182,70.83,False,70.83
26183,70.83,False,70.83
26184,70.83,False,70.83
26185,70.83,False,70.83
26186,70.83,False,70.83
26187,70.83,False,70.83
26188,70.83,False,70.83
26189,70.83,False,70.83
26190,70.83,False,70.83
26191,70.83,False,70.83
26192,70.83,False,70.83
26193,70.83,False,70.83
26194,70.83,False,70.83
26195,70.83,False,70.83
26196,70.83,False,70.83
26197,70.83,False,70.83
26198,70.83,False,70.83
26199,70.83,False,70.83
26200,70.83,False,70.83
26201,70.83,False,70.83
26202,70.83,False,70.83
26203,70.83,False,70.83
26204,70.83,False,70.83
26205,70.83,False,70.83
26206,70.83,False,70.83
26207,70.83,False,70.83
26208,70.83,False,70.83
26209,70.83,False,70.83
26210,70.83,False,70.83
26211,70.83,False,70.83
26212,70.83,False,70.83
26213,70.83,False,70.83
26214,70.83,False,70.83
26215,70.83,False,70.83
26216,70.83,False,70.83
26217,70.83,False,70.83
26218,70.83,False,70.83
26219,70.83,False,70.83
26220,70.83,False,70.83
26221,70.83,False,70.83
26222,70.83,False,70.83
26223,70.83,False,70.83
26224,70.83,False,70.83
26225,70.83,False,70.83
26226,70.83,False,70.83
26227,70.83,False,70.83
26228,70.83,False,70.83
26229,70.83,False,70.83
26230,70.83,False,70.83
26231,70.83,False,70.83
26232,70.83,False,70.83
26233,70.83,False,70.83
26234,70.83,False,70.83
26235,70.83,False,70.83
26236,70.83,False,70.83
26237,70.83,False,70.83
26238,70.83,False,70.83
26239,70.83,False,70.83
26240,70.83,False,70.83
26241,70.83,False,70.83
26242,70.83,False,70.83
26243,70.83,False,70.83
26244,70.83,False,70.83
26245,70.83,False,70.83
26246,70.83,False,70.83
26247,70.83,False,70.83
26248,70.83,False,70.83
26249,70.83,False,70.83
26250,70.83,False,70.83
26251,70.83,False,70.83
26252,70.83,False,70.83
26253,70.83,False,70.83
26254,70.83,False,70.83
26255,70.83,False,70.83
26256,70.83,False,70.83
26257,70.83,False,70.83
26258,70.83,False,70.83
26259,70.83,False,70.83
26260,70.83,False,70.83
26261,70.83,False,70.83
26262,70.83,False,70.83
26263,70.83,False,70.83
26264,70.83,False,70.83
26265,70.83,False,70.83
26266,70.83,False,70.83
26267,70.83,False,70.83
26268,70.83,False,70.83
26269,70.83,False,70.83
26270,70.83,False,70.83
26271,70.83,False,70.83
26272,70.83,False,70.83
26273,70.83,False,70.83
26274,70.83,False,70.83
26275,70.83,False,70.83
26276,70.83,False,70.83
26277,70.83,False,70.83
26278,70.83,False,70.83
26279,70.83,False,70.83
26280,70.83,False,70.83
26281,70.83,False,70.83
26282,70.83,False,70.83
26283,70.83,False,70.83
26284,70.83,False,70.83
26285,70.83,False,70.83
26286,70.83,False,70.83
26287,70.83,False,70.83
26288,70.83,False,70.83
26289,70.83,False,70.83
26290,70.83,False,70.83
26291,70.83,False,70.83
26292,70.83,False,70.83
26293,70.0,False,70.66399999999999
26294,70.0,False,70.498
26295,70.0,False,70.332
26296,70.0,False,70.16600000000001
26297,70.0,False,70.0
26298,70.0,False,70.0
26299,70.0,False,70.0
26300,70.0,False,70.0
26301,70.0,False,70.0
26302,70.0,False,70.0
26303,70.0,False,70.0
26304,70.0,False,70.0
26305,70.0,False,70.0
26306,70.0,False,70.0
26307,70.0,False,70.0
26308,70.0,False,70.0
26309,70.0,False,70.0
26310,70.0,False,70.0
26311,70.0,False,70.0
26312,70.0,False,70.0
26313,70.0,False,70.0
26314,70.0,False,70.0
26315,70.0,False,70.0
26316,70.0,False,70.0
26317,70.0,False,70.0
26318,70.0,False,70.0
26319,70.0,False,70.0
26320,70.0,False,70.0
26321,70.0,False,70.0
26322,70.0,False,70.0
26323,70.0,False,70.0
26324,70.0,False,70.0
26325,70.0,False,70.0
26326,70.0,False,70.0
26327,70.0,False,70.0
26328,70.0,False,70.0
26329,70.0,False,70.0
26330,70.0,False,70.0
26331,70.0,False,70.0
26332,70.0,False,70.0
26333,70.0,False,70.0
26334,70.0,False,70.0
26335,70.0,False,70.0
26336,70.0,False,70.0
26337,70.0,False,70.0
26338,70.0,False,70.0
26339,70.0,False,70.0
26340,70.0,False,70.0
26341,70.0,False,70.0
26342,70.0,False,70.0
26343,70.0,False,70.0
26344,70.0,False,70.0
26345,70.0,False,70.0
26346,70.0,False,70.0
26347,70.0,False,70.0
26348,70.0,False,70.0
26349,70.0,False,70.0
26350,70.0,False,70.0
26351,70.0,False,70.0
26352,70.0,False,70.0
26353,70.0,False,70.0
26354,70.0,False,70.0
26355,70.0,False,70.0
26356,70.0,False,70.0
26357,70.0,False,70.0
26358,70.0,False,70.0
26359,70.0,False,70.0
26360,70.0,False,70.0
26361,70.0,False,70.0
26362,70.0,False,70.0
26363,70.0,False,70.0
26364,70.0,False,70.0
26365,70.0,False,70.0
26366,70.0,False,70.0
26367,70.0,False,70.0
26368,70.0,False,70.0
26369,70.83,False,70.166
26370,70.83,False,70.33200000000001
26371,70.83,False,70.49799999999999
26372,70.83,False,70.66400000000002
26373,70.83,False,70.83
26374,70.83,False,70.83
26375,70.0,False,70.664
26376,70.0,False,70.498
26377,70.0,False,70.332
26378,70.0,False,70.166
26379,70.0,False,70.0
26380,70.0,False,70.0
26381,70.0,False,70.0
26382,70.0,False,70.0
26383,70.0,False,70.0
26384,70.0,False,70.0
26385,70.0,False,70.0
26386,70.0,False,70.0
26387,70.0,False,70.0
26388,70.0,False,70.0
26389,70.0,False,70.0
26390,70.0,False,70.0
26391,70.0,False,70.0
26392,70.0,False,70.0
26393,70.0,False,70.0
26394,70.0,False,70.0
26395,70.0,False,70.0
26396,70.0,False,70.0
26397,70.0,False,70.0
26398,70.0,False,70.0
26399,70.0,False,70.0
26400,70.0,False,70.0
26401,70.0,False,70.0
26402,70.0,False,70.0
26403,70.0,False,70.0
26404,70.0,False,70.0
26405,70.0,False,70.0
26406,70.0,False,70.0
26407,70.0,False,70.0
26408,70.0,False,70.0
26409,70.0,False,70.0
26410,70.0,False,70.0
26411,70.0,False,70.0
26412,70.0,False,70.0
26413,70.0,False,70.0
26414,70.0,False,70.0
26415,70.0,False,70.0
26416,70.0,False,70.0
26417,70.0,False,70.0
26418,70.0,False,70.0
26419,70.0,False,70.0
26420,70.0,False,70.0
26421,70.0,False,70.0
26422,70.0,False,70.0
26423,70.0,False,70.0
26424,70.0,False,70.0
26425,70.0,False,70.0
26426,70.0,False,70.0
26427,70.0,False,70.0
26428,70.0,False,70.0
26429,70.0,False,70.0
26430,70.0,False,70.0
26431,70.0,False,70.0
26432,70.0,False,70.0
26433,70.0,False,70.0
26434,70.0,False,70.0
26435,70.0,False,70.0
26436,70.0,False,70.0
26437,70.0,False,70.0
26438,70.0,False,70.0
26439,70.0,False,70.0
26440,70.0,False,70.0
26441,70.0,False,70.0
26442,70.0,False,70.0
26443,70.0,False,70.0
26444,70.0,False,70.0
26445,70.0,False,70.0
26446,70.0,False,70.0
26447,70.0,False,70.0
26448,70.0,False,70.0
26449,70.0,False,70.0
26450,70.0,False,70.0
26451,70.0,False,70.0
26452,70.0,False,70.0
26453,70.0,False,70.0
26454,70.0,False,70.0
26455,70.0,False,70.0
26456,70.0,False,70.0
26457,70.0,False,70.0
26458,70.0,False,70.0
26459,70.0,False,70.0
26460,70.0,False,70.0
26461,70.0,False,70.0
26462,70.0,False,70.0
26463,70.0,False,70.0
26464,70.0,False,70.0
26465,70.0,False,70.0
26466,70.0,False,70.0
26467,70.0,False,70.0
26468,70.0,False,70.0
26469,70.0,False,70.0
26470,70.0,False,70.0
26471,70.0,False,70.0
26472,70.0,False,70.0
26473,70.0,False,70.0
26474,70.0,False,70.0
26475,70.0,False,70.0
26476,70.0,False,70.0
26477,70.0,False,70.0
26478,70.0,False,70.0
26479,70.0,False,70.0
26480,70.0,False,70.0
26481,70.0,False,70.0
26482,70.0,False,70.0
26483,70.0,False,70.0
26484,70.0,False,70.0
26485,70.0,False,70.0
26486,70.0,False,70.0
26487,70.0,False,70.0
26488,70.0,False,70.0
26489,70.0,False,70.0
26490,70.0,False,70.0
26491,70.0,False,70.0
26492,70.0,False,70.0
26493,70.0,False,70.0
26494,70.0,False,70.0
26495,70.0,False,70.0
26496,70.0,False,70.0
26497,70.0,False,70.0
26498,70.0,False,70.0
26499,70.0,False,70.0
26500,70.0,False,70.0
26501,70.0,False,70.0
26502,70.0,False,70.0
26503,70.0,False,70.0
26504,70.0,False,70.0
26505,70.0,False,70.0
26506,70.0,False,70.0
26507,70.0,False,70.0
26508,70.0,False,70.0
26509,70.0,False,70.0
26510,70.0,False,70.0
26511,70.0,False,70.0
26512,70.0,False,70.0
26513,70.0,False,70.0
26514,70.0,False,70.0
26515,70.0,False,70.0
26516,70.0,False,70.0
26517,70.0,False,70.0
26518,70.0,False,70.0
26519,70.0,False,70.0
26520,70.0,False,70.0
26521,70.0,False,70.0
26522,70.0,False,70.0
26523,70.0,False,70.0
26524,70.0,False,70.0
26525,70.0,False,70.0
26526,70.0,False,70.0
26527,70.0,False,70.0
26528,70.0,False,70.0
26529,70.0,False,70.0
26530,70.0,False,70.0
26531,70.0,False,70.0
26532,70.0,False,70.0
26533,70.0,False,70.0
26534,70.0,False,70.0
26535,70.0,False,70.0
26536,70.0,False,70.0
26537,70.0,False,70.0
26538,70.0,False,70.0
26539,70.0,False,70.0
26540,70.0,False,70.0
26541,70.0,False,70.0
26542,70.0,False,70.0
26543,70.0,False,70.0
26544,70.0,False,70.0
26545,70.0,False,70.0
26546,70.0,False,70.0
26547,70.0,False,70.0
26548,70.0,False,70.0
26549,70.0,False,70.0
26550,70.0,False,70.0
26551,70.0,False,70.0
26552,70.0,False,70.0
26553,70.0,False,70.0
26554,70.0,False,70.0
26555,70.0,False,70.0
26556,70.0,False,70.0
26557,70.0,False,70.0
26558,70.0,False,70.0
26559,70.0,False,70.0
26560,70.0,False,70.0
26561,70.0,False,70.0
26562,70.0,False,70.0
26563,70.0,False,70.0
26564,70.0,False,70.0
26565,70.0,False,70.0
26566,70.0,False,70.0
26567,70.0,False,70.0
26568,70.0,False,70.0
26569,70.0,False,70.0
26570,70.0,False,70.0
26571,70.0,False,70.0
26572,70.0,False,70.0
26573,70.0,False,70.0
26574,70.0,False,70.0
26575,70.0,False,70.0
26576,70.0,False,70.0
26577,70.0,False,70.0
26578,70.0,False,70.0
26579,70.0,False,70.0
26580,70.0,False,70.0
26581,70.0,False,70.0
26582,70.0,False,70.0
26583,70.0,False,70.0
26584,70.0,False,70.0
26585,70.0,False,70.0
26586,70.0,False,70.0
26587,70.0,False,70.0
26588,69.17,False,69.834
26589,69.17,False,69.668
26590,69.17,False,69.502
26591,69.17,False,69.336
26592,69.17,False,69.17
26593,69.17,False,69.17
26594,69.17,False,69.17
26595,69.17,False,69.17
26596,69.17,False,69.17
26597,69.17,False,69.17
26598,69.17,False,69.17
26599,69.17,False,69.17
26600,69.17,False,69.17
26601,69.17,False,69.17
26602,69.17,False,69.17
26603,69.17,False,69.17
26604,69.17,False,69.17
26605,69.17,False,69.17
26606,69.17,False,69.17
26607,69.17,False,69.17
26608,69.17,False,69.17
26609,69.17,False,69.17
26610,69.17,False,69.17
26611,69.17,False,69.17
26612,69.17,False,69.17
26613,69.17,False,69.17
26614,69.17,False,69.17
26615,69.17,False,69.17
26616,69.17,False,69.17
26617,69.17,False,69.17
26618,69.17,False,69.17
26619,69.17,False,69.17
26620,69.17,False,69.17
26621,69.17,False,69.17
26622,69.17,False,69.17
26623,69.17,False,69.17
26624,69.17,False,69.17
26625,69.17,False,69.17
26626,69.17,False,69.17
26627,69.17,False,69.17
26628,69.17,False,69.17
26629,69.17,False,69.17
26630,69.17,False,69.17
26631,69.17,False,69.17
26632,69.17,False,69.17
26633,69.17,False,69.17
26634,69.17,False,69.17
26635,69.17,False,69.17
26636,69.17,False,69.17
26637,69.17,False,69.17
26638,69.17,False,69.17
26639,69.17,False,69.17
26640,69.17,False,69.17
26641,69.17,False,69.17
26642,69.17,False,69.17
26643,69.17,False,69.17
26644,69.17,False,69.17
26645,69.17,False,69.17
26646,69.17,False,69.17
26647,69.17,False,69.17
26648,69.17,False,69.17
26649,69.17,False,69.17
26650,69.17,False,69.17
26651,69.17,False,69.17
26652,69.17,False,69.17
26653,69.17,False,69.17
26654,69.17,False,69.17
26655,69.17,False,69.17
26656,69.17,False,69.17
26657,69.17,False,69.17
26658,69.17,False,69.17
26659,69.17,False,69.17
26660,69.17,False,69.17
26661,69.17,False,69.17
26662,69.17,False,69.17
26663,69.17,False,69.17
26664,69.17,False,69.17
26665,69.17,False,69.17
26666,69.17,False,69.17
26667,69.17,False,69.17
26668,69.17,False,69.17
26669,69.17,False,69.17
26670,69.17,False,69.17
26671,69.17,False,69.17
26672,69.17,False,69.17
26673,69.17,False,69.17
26674,69.17,False,69.17
26675,69.17,False,69.17
26676,69.17,False,69.17
26677,69.17,False,69.17
26678,69.17,False,69.17
26679,69.17,False,69.17
26680,69.17,False,69.17
26681,69.17,False,69.17
26682,69.17,False,69.17
26683,69.17,False,69.17
26684,69.17,False,69.17
26685,69.17,False,69.17
26686,69.17,False,69.17
26687,69.17,False,69.17
26688,69.17,False,69.17
26689,69.17,False,69.17
26690,69.17,False,69.17
26691,69.17,False,69.17
26692,69.17,False,69.17
26693,69.17,False,69.17
26694,69.17,False,69.17
26695,69.17,False,69.17
26696,69.17,False,69.17
26697,69.17,False,69.17
26698,69.17,False,69.17
26699,69.17,False,69.17
26700,69.17,False,69.17
26701,69.17,False,69.17
26702,69.17,False,69.17
26703,69.17,False,69.17
26704,69.17,False,69.17
26705,69.17,False,69.17
26706,69.17,False,69.17
26707,69.17,False,69.17
26708,69.17,False,69.17
26709,69.17,False,69.17
26710,69.17,False,69.17
26711,69.17,False,69.17
26712,69.17,False,69.17
26713,69.17,False,69.17
26714,69.17,False,69.17
26715,69.17,False,69.17
26716,69.17,False,69.17
26717,69.17,False,69.17
26718,69.17,False,69.17
26719,69.17,False,69.17
26720,69.17,False,69.17
26721,69.17,False,69.17
26722,69.17,False,69.17
26723,69.17,False,69.17
26724,69.17,False,69.17
26725,69.17,False,69.17
26726,69.17,False,69.17
26727,69.17,False,69.17
26728,69.17,False,69.17
26729,69.17,False,69.17
26730,69.17,False,69.17
26731,69.17,False,69.17
26732,69.17,False,69.17
26733,69.17,False,69.17
26734,69.17,False,69.17
26735,69.17,False,69.17
26736,69.17,False,69.17
26737,69.17,False,69.17
26738,69.17,False,69.17
26739,69.17,False,69.17
26740,69.17,False,69.17
26741,69.17,False,69.17
26742,69.17,False,69.17
26743,69.17,False,69.17
26744,69.17,False,69.17
26745,69.17,False,69.17
26746,69.17,False,69.17
26747,69.17,False,69.17
26748,69.17,False,69.17
26749,69.17,False,69.17
26750,69.17,False,69.17
26751,69.17,False,69.17
26752,69.17,False,69.17
26753,69.17,False,69.17
26754,69.17,False,69.17
26755,69.17,False,69.17
26756,69.17,False,69.17
26757,69.17,False,69.17
26758,69.17,False,69.17
26759,69.17,False,69.17
26760,69.17,False,69.17
26761,68.33,False,69.002
26762,68.33,False,68.834
26763,68.33,False,68.66600000000001
26764,68.33,False,68.498
26765,68.33,False,68.33
26766,68.33,False,68.33
26767,68.33,False,68.33
26768,68.33,False,68.33
26769,68.33,False,68.33
26770,68.33,False,68.33
26771,68.33,False,68.33
26772,68.33,False,68.33
26773,68.33,False,68.33
26774,68.33,False,68.33
26775,68.33,False,68.33
26776,68.33,False,68.33
26777,68.33,False,68.33
26778,68.33,False,68.33
26779,68.33,False,68.33
26780,68.33,False,68.33
26781,68.33,False,68.33
26782,68.33,False,68.33
26783,68.33,False,68.33
26784,68.33,False,68.33
26785,68.33,False,68.33
26786,68.33,False,68.33
26787,68.33,False,68.33
26788,68.33,False,68.33
26789,68.33,False,68.33
26790,68.33,False,68.33
26791,68.33,False,68.33
26792,69.17,False,68.49799999999999
26793,69.17,False,68.666
26794,69.17,False,68.834
26795,69.17,False,69.002
26796,69.17,False,69.17
26797,69.17,False,69.17
26798,69.17,False,69.17
26799,69.17,False,69.17
26800,69.17,False,69.17
26801,69.17,False,69.17
26802,69.17,False,69.17
26803,69.17,False,69.17
26804,69.17,False,69.17
26805,69.17,False,69.17
26806,69.17,False,69.17
26807,69.17,False,69.17
26808,69.17,False,69.17
26809,69.17,False,69.17
26810,69.17,False,69.17
26811,69.17,False,69.17
26812,69.17,False,69.17
26813,69.17,False,69.17
26814,69.17,False,69.17
26815,69.17,False,69.17
26816,69.17,False,69.17
26817,69.17,False,69.17
26818,69.17,False,69.17
26819,69.17,False,69.17
26820,69.17,False,69.17
26821,69.17,False,69.17
26822,69.17,False,69.17
26823,69.17,False,69.17
26824,69.17,False,69.17
26825,69.17,False,69.17
26826,69.17,False,69.17
26827,69.17,False,69.17
26828,69.17,False,69.17
26829,69.17,False,69.17
26830,69.17,False,69.17
26831,69.17,False,69.17
26832,69.17,False,69.17
26833,69.17,False,69.17
26834,69.17,False,69.17
26835,69.17,False,69.17
26836,69.17,False,69.17
26837,69.17,False,69.17
26838,69.17,False,69.17
26839,69.17,False,69.17
26840,69.17,False,69.17
26841,69.17,False,69.17
26842,69.17,False,69.17
26843,69.17,False,69.17
26844,69.17,False,69.17
26845,69.17,False,69.17
26846,69.17,False,69.17
26847,69.17,False,69.17
26848,69.17,False,69.17
26849,69.17,False,69.17
26850,69.17,False,69.17
26851,69.17,False,69.17
26852,69.17,False,69.17
26853,68.33,False,69.002
26854,68.33,False,68.834
26855,68.33,False,68.666
26856,68.33,False,68.49799999999999
26857,68.33,False,68.33
26858,68.33,False,68.33
26859,68.33,False,68.33
26860,68.33,False,68.33
26861,68.33,False,68.33
26862,68.33,False,68.33
26863,68.33,False,68.33
26864,68.33,False,68.33
26865,68.33,False,68.33
26866,68.33,False,68.33
26867,68.33,False,68.33
26868,68.33,False,68.33
26869,68.33,False,68.33
26870,68.33,False,68.33
26871,68.33,False,68.33
26872,68.33,False,68.33
26873,68.33,False,68.33
26874,68.33,False,68.33
26875,68.33,False,68.33
26876,68.33,False,68.33
26877,68.33,False,68.33
26878,68.33,False,68.33
26879,68.33,False,68.33
26880,68.33,False,68.33
26881,68.33,False,68.33
26882,68.33,False,68.33
26883,68.33,False,68.33
26884,68.33,False,68.33
26885,68.33,False,68.33
26886,68.33,False,68.33
26887,68.33,False,68.33
26888,68.33,False,68.33
26889,68.33,False,68.33
26890,68.33,False,68.33
26891,68.33,False,68.33
26892,68.33,False,68.33
26893,68.33,False,68.33
26894,68.33,False,68.33
26895,68.33,False,68.33
26896,68.33,False,68.33
26897,68.33,False,68.33
26898,68.33,False,68.33
26899,68.33,False,68.33
26900,68.33,False,68.33
26901,68.33,False,68.33
26902,68.33,False,68.33
26903,68.33,False,68.33
26904,68.33,False,68.33
26905,68.33,False,68.33
26906,68.33,False,68.33
26907,68.33,False,68.33
26908,68.33,False,68.33
26909,68.33,False,68.33
26910,68.33,False,68.33
26911,68.33,False,68.33
26912,68.33,False,68.33
26913,68.33,False,68.33
26914,68.33,False,68.33
26915,68.33,False,68.33
26916,68.33,False,68.33
26917,68.33,False,68.33
26918,68.33,False,68.33
26919,68.33,False,68.33
26920,68.33,False,68.33
26921,68.33,False,68.33
26922,68.33,False,68.33
26923,68.33,False,68.33
26924,68.33,False,68.33
26925,68.33,False,68.33
26926,68.33,False,68.33
26927,68.33,False,68.33
26928,68.33,False,68.33
26929,68.33,False,68.33
26930,68.33,False,68.33
26931,68.33,False,68.33
26932,68.33,False,68.33
26933,68.33,False,68.33
26934,66.67,False,67.99799999999999
26935,66.67,False,67.666
26936,66.67,False,67.334
26937,66.67,False,67.002
26938,66.67,False,66.67
26939,66.67,False,66.67
26940,66.67,False,66.67
26941,66.67,False,66.67
26942,66.67,False,66.67
26943,66.67,False,66.67
26944,66.67,False,66.67
26945,66.67,False,66.67
26946,66.67,False,66.67
26947,66.67,False,66.67
26948,66.67,False,66.67
26949,66.67,False,66.67
26950,66.67,False,66.67
26951,66.67,False,66.67
26952,66.67,False,66.67
26953,66.67,False,66.67
26954,66.67,False,66.67
26955,66.67,False,66.67
26956,66.67,False,66.67
26957,66.67,False,66.67
26958,66.67,False,66.67
26959,66.67,False,66.67
26960,66.67,False,66.67
26961,66.67,False,66.67
26962,66.67,False,66.67
26963,66.67,False,66.67
26964,66.67,False,66.67
26965,66.67,False,66.67
26966,66.67,False,66.67
26967,66.67,False,66.67
26968,66.67,False,66.67
26969,66.67,False,66.67
26970,66.67,False,66.67
26971,66.67,False,66.67
26972,66.67,False,66.67
26973,66.67,False,66.67
26974,66.67,False,66.67
26975,66.67,False,66.67
26976,66.67,False,66.67
26977,66.67,False,66.67
26978,66.67,False,66.67
26979,66.67,False,66.67
26980,66.67,False,66.67
26981,66.67,False,66.67
26982,66.67,False,66.67
26983,66.67,False,66.67
26984,66.67,False,66.67
26985,66.67,False,66.67
26986,66.67,False,66.67
26987,66.67,False,66.67
26988,66.67,False,66.67
26989,66.67,False,66.67
26990,66.67,False,66.67
26991,66.67,False,66.67
26992,66.67,False,66.67
26993,66.67,False,66.67
26994,66.67,False,66.67
26995,67.5,False,66.836
26996,67.5,False,67.002
26997,67.5,False,67.16799999999999
26998,67.5,False,67.33399999999999
26999,67.5,False,67.5
27000,67.5,False,67.5
27001,67.5,False,67.5
27002,67.5,False,67.5
27003,67.5,False,67.5
27004,67.5,False,67.5
27005,67.5,False,67.5
27006,67.5,False,67.5
27007,67.5,False,67.5
27008,67.5,False,67.5
27009,67.5,False,67.5
27010,67.5,False,67.5
27011,67.5,False,67.5
27012,67.5,False,67.5
27013,67.5,False,67.5
27014,67.5,False,67.5
27015,67.5,False,67.5
27016,67.5,False,67.5
27017,67.5,False,67.5
27018,67.5,False,67.5
27019,67.5,False,67.5
27020,67.5,False,67.5
27021,67.5,False,67.5
27022,67.5,False,67.5
27023,67.5,False,67.5
27024,67.5,False,67.5
27025,66.67,False,67.334
27026,66.67,False,67.168
27027,66.67,False,67.002
27028,66.67,False,66.836
27029,66.67,False,66.67
27030,66.67,False,66.67
27031,66.67,False,66.67
27032,66.67,False,66.67
27033,66.67,False,66.67
27034,66.67,False,66.67
27035,66.67,False,66.67
27036,66.67,False,66.67
27037,66.67,False,66.67
27038,66.67,False,66.67
27039,66.67,False,66.67
27040,66.67,False,66.67
27041,66.67,False,66.67
27042,66.67,False,66.67
27043,66.67,False,66.67
27044,66.67,False,66.67
27045,66.67,False,66.67
27046,66.67,False,66.67
27047,66.67,False,66.67
27048,66.67,False,66.67
27049,66.67,False,66.67
27050,66.67,False,66.67
27051,66.67,False,66.67
27052,66.67,False,66.67
27053,66.67,False,66.67
27054,66.67,False,66.67
27055,66.67,False,66.67
27056,65.83,False,66.50200000000001
27057,65.83,False,66.334
27058,65.83,False,66.166
27059,65.83,False,65.998
27060,65.83,False,65.83
27061,65.83,False,65.83
27062,65.83,False,65.83
27063,65.83,False,65.83
27064,65.83,False,65.83
27065,65.83,False,65.83
27066,65.83,False,65.83
27067,65.83,False,65.83
27068,65.83,False,65.83
27069,65.83,False,65.83
27070,65.83,False,65.83
27071,65.83,False,65.83
27072,65.83,False,65.83
27073,65.83,False,65.83
27074,65.83,False,65.83
27075,65.83,False,65.83
27076,65.83,False,65.83
27077,65.83,False,65.83
27078,65.83,False,65.83
27079,65.83,False,65.83
27080,65.83,False,65.83
27081,65.83,False,65.83
27082,65.83,False,65.83
27083,65.83,False,65.83
27084,65.83,False,65.83
27085,65.83,False,65.83
27086,65.0,False,65.664
27087,65.0,False,65.498
27088,65.0,False,65.332
27089,65.0,False,65.166
27090,65.0,False,65.0
27091,65.0,False,65.0
27092,65.0,False,65.0
27093,65.0,False,65.0
27094,65.0,False,65.0
27095,65.0,False,65.0
27096,65.0,False,65.0
27097,65.0,False,65.0
27098,65.0,False,65.0
27099,65.0,False,65.0
27100,65.0,False,65.0
27101,65.0,False,65.0
27102,65.0,False,65.0
27103,65.0,False,65.0
27104,65.0,False,65.0
27105,65.0,False,65.0
27106,65.0,False,65.0
27107,65.0,False,65.0
27108,65.0,False,65.0
27109,65.0,False,65.0
27110,65.0,False,65.0
27111,65.0,False,65.0
27112,65.0,False,65.0
27113,65.0,False,65.0
27114,65.0,False,65.0
27115,65.0,False,65.0
27116,65.0,False,65.0
27117,65.0,False,65.0
27118,65.0,False,65.0
27119,65.0,False,65.0
27120,65.0,False,65.0
27121,65.0,False,65.0
27122,65.0,False,65.0
27123,65.0,False,65.0
27124,65.0,False,65.0
27125,65.0,False,65.0
27126,65.0,False,65.0
27127,65.0,False,65.0
27128,65.0,False,65.0
27129,65.0,False,65.0
27130,65.0,False,65.0
27131,65.0,False,65.0
27132,65.0,False,65.0
27133,65.0,False,65.0
27134,65.0,False,65.0
27135,65.0,False,65.0
27136,65.0,False,65.0
27137,65.0,False,65.0
27138,65.0,False,65.0
27139,65.0,False,65.0
27140,65.0,False,65.0
27141,65.0,False,65.0
27142,65.0,False,65.0
27143,65.0,False,65.0
27144,65.0,False,65.0
27145,65.0,False,65.0
27146,65.0,False,65.0
27147,65.0,False,65.0
27148,65.0,False,65.0
27149,65.0,False,65.0
27150,65.0,False,65.0
27151,65.0,False,65.0
27152,65.0,False,65.0
27153,65.0,False,65.0
27154,65.0,False,65.0
27155,65.0,False,65.0
27156,65.0,False,65.0
27157,65.0,False,65.0
27158,65.0,False,65.0
27159,65.0,False,65.0
27160,65.0,False,65.0
27161,65.0,False,65.0
27162,65.0,False,65.0
27163,65.0,False,65.0
27164,65.0,False,65.0
27165,65.0,False,65.0
27166,65.0,False,65.0
27167,64.17,False,64.834
27168,64.17,False,64.668
27169,64.17,False,64.502
27170,64.17,False,64.336
27171,64.17,False,64.17
27172,64.17,False,64.17
27173,64.17,False,64.17
27174,64.17,False,64.17
27175,64.17,False,64.17
27176,64.17,False,64.17
27177,64.17,False,64.17
27178,64.17,False,64.17
27179,64.17,False,64.17
27180,64.17,False,64.17
27181,64.17,False,64.17
27182,64.17,False,64.17
27183,64.17,False,64.17
27184,64.17,False,64.17
27185,64.17,False,64.17
27186,64.17,False,64.17
27187,64.17,False,64.17
27188,64.17,False,64.17
27189,64.17,False,64.17
27190,64.17,False,64.17
27191,64.17,False,64.17
27192,64.17,False,64.17
27193,64.17,False,64.17
27194,64.17,False,64.17
27195,64.17,False,64.17
27196,64.17,False,64.17
27197,64.17,False,64.17
27198,63.33,False,64.002
27199,63.33,False,63.834
27200,63.33,False,63.666
27201,63.33,False,63.498000000000005
27202,63.33,False,63.33
27203,63.33,False,63.33
27204,63.33,False,63.33
27205,63.33,False,63.33
27206,63.33,False,63.33
27207,63.33,False,63.33
27208,63.33,False,63.33
27209,63.33,False,63.33
27210,63.33,False,63.33
27211,63.33,False,63.33
27212,63.33,False,63.33
27213,63.33,False,63.33
27214,63.33,False,63.33
27215,63.33,False,63.33
27216,63.33,False,63.33
27217,63.33,False,63.33
27218,63.33,False,63.33
27219,63.33,False,63.33
27220,63.33,False,63.33
27221,63.33,False,63.33
27222,63.33,False,63.33
27223,63.33,False,63.33
27224,63.33,False,63.33
27225,63.33,False,63.33
27226,63.33,False,63.33
27227,63.33,False,63.33
27228,61.67,False,62.998000000000005
27229,61.67,False,62.666
27230,61.67,False,62.334
27231,61.67,False,62.001999999999995
27232,61.67,False,61.67
27233,61.67,False,61.67
27234,61.67,False,61.67
27235,61.67,False,61.67
27236,61.67,False,61.67
27237,61.67,False,61.67
27238,61.67,False,61.67
27239,61.67,False,61.67
27240,61.67,False,61.67
27241,61.67,False,61.67
27242,61.67,False,61.67
27243,61.67,False,61.67
27244,61.67,False,61.67
27245,61.67,False,61.67
27246,61.67,False,61.67
27247,61.67,False,61.67
27248,61.67,False,61.67
27249,61.67,False,61.67
27250,61.67,False,61.67
27251,61.67,False,61.67
27252,61.67,False,61.67
27253,61.67,False,61.67
27254,61.67,False,61.67
27255,61.67,False,61.67
27256,61.67,False,61.67
27257,61.67,False,61.67
27258,61.67,False,61.67
27259,60.0,False,61.336
27260,60.0,False,61.001999999999995
27261,60.0,False,60.668000000000006
27262,60.0,False,60.33399999999999
27263,60.0,False,60.0
27264,60.0,False,60.0
27265,60.0,False,60.0
27266,60.0,False,60.0
27267,60.0,False,60.0
27268,60.0,False,60.0
27269,60.0,False,60.0
27270,60.0,False,60.0
27271,60.0,False,60.0
27272,60.0,False,60.0
27273,60.0,False,60.0
27274,60.0,False,60.0
27275,60.0,False,60.0
27276,60.0,False,60.0
27277,60.0,False,60.0
27278,60.0,False,60.0
27279,60.0,False,60.0
27280,60.0,False,60.0
27281,60.0,False,60.0
27282,60.0,False,60.0
27283,60.0,False,60.0
27284,60.0,False,60.0
27285,60.0,False,60.0
27286,60.0,False,60.0
27287,60.0,False,60.0
27288,60.0,False,60.0
27289,58.33,False,59.666
27290,58.33,False,59.331999999999994
27291,58.33,False,58.998000000000005
27292,58.33,False,58.664
27293,58.33,False,58.33
27294,58.33,False,58.33
27295,58.33,False,58.33
27296,58.33,False,58.33
27297,58.33,False,58.33
27298,58.33,False,58.33
27299,58.33,False,58.33
27300,58.33,False,58.33
27301,58.33,False,58.33
27302,58.33,False,58.33
27303,58.33,False,58.33
27304,58.33,False,58.33
27305,58.33,False,58.33
27306,58.33,False,58.33
27307,58.33,False,58.33
27308,58.33,False,58.33
27309,58.33,False,58.33
27310,58.33,False,58.33
27311,58.33,False,58.33
27312,58.33,False,58.33
27313,58.33,False,58.33
27314,58.33,False,58.33
27315,58.33,False,58.33
27316,58.33,False,58.33
27317,58.33,False,58.33
27318,58.33,False,58.33
27319,58.33,False,58.33
27320,58.33,False,58.33
27321,58.33,False,58.33
27322,58.33,False,58.33
27323,58.33,False,58.33
27324,58.33,False,58.33
27325,58.33,False,58.33
27326,58.33,False,58.33
27327,58.33,False,58.33
27328,58.33,False,58.33
27329,58.33,False,58.33
27330,58.33,False,58.33
27331,58.33,False,58.33
27332,58.33,False,58.33
27333,58.33,False,58.33
27334,58.33,False,58.33
27335,58.33,False,58.33
27336,58.33,False,58.33
27337,58.33,False,58.33
27338,58.33,False,58.33
27339,58.33,False,58.33
27340,58.33,False,58.33
27341,58.33,False,58.33
27342,58.33,False,58.33
27343,58.33,False,58.33
27344,58.33,False,58.33
27345,58.33,False,58.33
27346,58.33,False,58.33
27347,58.33,False,58.33
27348,58.33,False,58.33
27349,58.33,False,58.33
27350,59.17,False,58.498000000000005
27351,59.17,False,58.666
27352,59.17,False,58.834
27353,59.17,False,59.001999999999995
27354,59.17,False,59.17
27355,59.17,False,59.17
27356,59.17,False,59.17
27357,59.17,False,59.17
27358,59.17,False,59.17
27359,59.17,False,59.17
27360,59.17,False,59.17
27361,59.17,False,59.17
27362,59.17,False,59.17
27363,59.17,False,59.17
27364,59.17,False,59.17
27365,59.17,False,59.17
27366,59.17,False,59.17
27367,59.17,False,59.17
27368,59.17,False,59.17
27369,59.17,False,59.17
27370,59.17,False,59.17
27371,59.17,False,59.17
27372,59.17,False,59.17
27373,59.17,False,59.17
27374,59.17,False,59.17
27375,59.17,False,59.17
27376,59.17,False,59.17
27377,59.17,False,59.17
27378,59.17,False,59.17
27379,59.17,False,59.17
27380,58.33,False,59.001999999999995
27381,58.33,False,58.834
27382,58.33,False,58.666
27383,58.33,False,58.498000000000005
27384,58.33,False,58.33
27385,58.33,False,58.33
27386,58.33,False,58.33
27387,58.33,False,58.33
27388,58.33,False,58.33
27389,58.33,False,58.33
27390,58.33,False,58.33
27391,58.33,False,58.33
27392,58.33,False,58.33
27393,57.5,False,58.164
27394,57.5,False,57.998000000000005
27395,57.5,False,57.831999999999994
27396,57.5,False,57.66600000000001
27397,57.5,False,57.5
27398,57.5,False,57.5
27399,57.5,False,57.5
27400,56.67,False,57.334
27401,56.67,False,57.168000000000006
27402,56.67,False,57.001999999999995
27403,56.67,False,56.836
27404,56.67,False,56.67
27405,56.67,False,56.67
27406,56.67,False,56.67
27407,56.67,False,56.67
27408,56.67,False,56.67
27409,56.67,False,56.67
27410,56.67,False,56.67
27411,56.67,False,56.67
27412,56.67,False,56.67
27413,56.67,False,56.67
27414,56.67,False,56.67
27415,56.67,False,56.67
27416,56.67,False,56.67
27417,56.67,False,56.67
27418,56.67,False,56.67
27419,56.67,False,56.67
27420,56.67,False,56.67
27421,56.67,False,56.67
27422,56.67,False,56.67
27423,56.67,False,56.67
27424,56.67,False,56.67
27425,56.67,False,56.67
27426,56.67,False,56.67
27427,56.67,False,56.67
27428,56.67,False,56.67
27429,56.67,False,56.67
27430,56.67,False,56.67
27431,54.17,False,56.17
27432,54.17,False,55.67
27433,54.17,False,55.17
27434,54.17,False,54.67
27435,54.17,False,54.17
27436,54.17,False,54.17
27437,54.17,False,54.17
27438,54.17,False,54.17
27439,54.17,False,54.17
27440,54.17,False,54.17
27441,54.17,False,54.17
27442,54.17,False,54.17
27443,54.17,False,54.17
27444,54.17,False,54.17
27445,54.17,False,54.17
27446,54.17,False,54.17
27447,54.17,False,54.17
27448,54.17,False,54.17
27449,54.17,False,54.17
27450,54.17,False,54.17
27451,54.17,False,54.17
27452,54.17,False,54.17
27453,54.17,False,54.17
27454,54.17,False,54.17
27455,54.17,False,54.17
27456,54.17,False,54.17
27457,54.17,False,54.17
27458,54.17,False,54.17
27459,54.17,False,54.17
27460,54.17,False,54.17
27461,51.67,False,53.67
27462,51.67,False,53.17
27463,51.67,False,52.67
27464,51.67,False,52.17
27465,51.67,False,51.67
27466,51.67,False,51.67
27467,51.67,False,51.67
27468,51.67,False,51.67
27469,51.67,False,51.67
27470,51.67,False,51.67
27471,51.67,False,51.67
27472,51.67,False,51.67
27473,51.67,False,51.67
27474,51.67,False,51.67
27475,51.67,False,51.67
27476,51.67,False,51.67
27477,51.67,False,51.67
27478,51.67,False,51.67
27479,51.67,False,51.67
27480,51.67,False,51.67
27481,51.67,False,51.67
27482,51.67,False,51.67
27483,51.67,False,51.67
27484,51.67,False,51.67
27485,51.67,False,51.67
27486,51.67,False,51.67
27487,51.67,False,51.67
27488,51.67,False,51.67
27489,51.67,False,51.67
27490,51.67,False,51.67
27491,51.67,False,51.67
27492,50.83,False,51.501999999999995
27493,50.83,False,51.33399999999999
27494,50.83,False,51.166
27495,50.83,False,50.998
27496,50.83,False,50.83
27497,50.83,False,50.83
27498,50.83,False,50.83
27499,50.83,False,50.83
27500,50.83,False,50.83
27501,50.83,False,50.83
27502,50.83,False,50.83
27503,50.83,False,50.83
27504,50.83,False,50.83
27505,50.83,False,50.83
27506,50.83,False,50.83
27507,50.83,False,50.83
27508,50.83,False,50.83
27509,50.83,False,50.83
27510,50.83,False,50.83
27511,50.83,False,50.83
27512,50.83,False,50.83
27513,50.83,False,50.83
27514,50.83,False,50.83
27515,50.83,False,50.83
27516,50.83,False,50.83
27517,50.83,False,50.83
27518,50.83,False,50.83
27519,50.83,False,50.83
27520,50.83,False,50.83
27521,50.83,False,50.83
27522,50.83,False,50.83
27523,54.17,False,51.498000000000005
27524,54.17,False,52.166
27525,54.17,False,52.834
27526,54.17,False,53.501999999999995
27527,54.17,False,54.17
27528,54.17,False,54.17
27529,54.17,False,54.17
27530,54.17,False,54.17
27531,54.17,False,54.17
27532,54.17,False,54.17
27533,54.17,False,54.17
27534,54.17,False,54.17
27535,54.17,False,54.17
27536,54.17,False,54.17
27537,54.17,False,54.17
27538,54.17,False,54.17
27539,54.17,False,54.17
27540,54.17,False,54.17
27541,54.17,False,54.17
27542,54.17,False,54.17
27543,54.17,False,54.17
27544,54.17,False,54.17
27545,54.17,False,54.17
27546,54.17,False,54.17
27547,54.17,False,54.17
27548,54.17,False,54.17
27549,54.17,False,54.17
27550,54.17,False,54.17
27551,54.17,False,54.17
27552,54.17,False,54.17
27553,58.33,False,55.001999999999995
27554,58.33,False,55.834
27555,58.33,False,56.666
27556,58.33,False,57.498000000000005
27557,58.33,False,58.33
27558,58.33,False,58.33
27559,58.33,False,58.33
27560,58.33,False,58.33
27561,58.33,False,58.33
27562,58.33,False,58.33
27563,58.33,False,58.33
27564,58.33,False,58.33
27565,58.33,False,58.33
27566,58.33,False,58.33
27567,58.33,False,58.33
27568,58.33,False,58.33
27569,58.33,False,58.33
27570,58.33,False,58.33
27571,58.33,False,58.33
27572,58.33,False,58.33
27573,58.33,False,58.33
27574,58.33,False,58.33
27575,58.33,False,58.33
27576,58.33,False,58.33
27577,58.33,False,58.33
27578,58.33,False,58.33
27579,58.33,False,58.33
27580,58.33,False,58.33
27581,58.33,False,58.33
27582,58.33,False,58.33
27583,63.33,False,59.33
27584,63.33,False,60.33
27585,63.33,False,61.33
27586,63.33,False,62.33
27587,63.33,False,63.33
27588,63.33,False,63.33
27589,63.33,False,63.33
27590,63.33,False,63.33
27591,63.33,False,63.33
27592,63.33,False,63.33
27593,63.33,False,63.33
27594,63.33,False,63.33
27595,63.33,False,63.33
27596,63.33,False,63.33
27597,63.33,False,63.33
27598,63.33,False,63.33
27599,63.33,False,63.33
27600,63.33,False,63.33
27601,63.33,False,63.33
27602,63.33,False,63.33
27603,63.33,False,63.33
27604,63.33,False,63.33
27605,63.33,False,63.33
27606,63.33,False,63.33
27607,63.33,False,63.33
27608,63.33,False,63.33
27609,63.33,False,63.33
27610,63.33,False,63.33
27611,63.33,False,63.33
27612,63.33,False,63.33
27613,63.33,False,63.33
27614,68.33,False,64.33
27615,68.33,False,65.33
27616,68.33,False,66.33
27617,68.33,False,67.33
27618,68.33,False,68.33
27619,68.33,False,68.33
27620,68.33,False,68.33
27621,68.33,False,68.33
27622,68.33,False,68.33
27623,68.33,False,68.33
27624,68.33,False,68.33
27625,68.33,False,68.33
27626,68.33,False,68.33
27627,68.33,False,68.33
27628,68.33,False,68.33
27629,68.33,False,68.33
27630,68.33,False,68.33
27631,68.33,False,68.33
27632,68.33,False,68.33
27633,68.33,False,68.33
27634,68.33,False,68.33
27635,68.33,False,68.33
27636,68.33,False,68.33
27637,68.33,False,68.33
27638,68.33,False,68.33
27639,68.33,False,68.33
27640,68.33,False,68.33
27641,68.33,False,68.33
27642,68.33,False,68.33
27643,68.33,False,68.33
27644,71.67,False,68.99799999999999
27645,71.67,False,69.666
27646,71.67,False,70.334
27647,71.67,False,71.002
27648,71.67,False,71.67
27649,75.83,False,72.502
27650,75.83,False,73.334
27651,75.83,False,74.166
27652,75.83,False,74.99799999999999
27653,75.83,False,75.83
27654,75.83,False,75.83
27655,75.83,False,75.83
27656,75.83,False,75.83
27657,75.83,False,75.83
27658,75.83,False,75.83
27659,75.83,False,75.83
27660,75.83,False,75.83
27661,75.83,False,75.83
27662,75.83,False,75.83
27663,75.83,False,75.83
27664,75.83,False,75.83
27665,77.5,False,76.164
27666,77.5,False,76.498
27667,77.5,False,76.832
27668,77.5,False,77.166
27669,77.5,False,77.5
27670,77.5,False,77.5
27671,77.5,False,77.5
27672,77.5,False,77.5
27673,77.5,False,77.5
27674,77.5,False,77.5
27675,77.5,False,77.5
27676,77.5,False,77.5
27677,77.5,False,77.5
27678,77.5,False,77.5
27679,77.5,False,77.5
27680,77.5,False,77.5
27681,77.5,False,77.5
27682,77.5,False,77.5
27683,77.5,False,77.5
27684,77.5,False,77.5
27685,77.5,False,77.5
27686,77.5,False,77.5
27687,77.5,False,77.5
27688,77.5,False,77.5
27689,77.5,False,77.5
27690,77.5,False,77.5
27691,77.5,False,77.5
27692,77.5,False,77.5
27693,77.5,False,77.5
27694,77.5,False,77.5
27695,77.5,False,77.5
27696,77.5,False,77.5
27697,77.5,False,77.5
27698,77.5,False,77.5
27699,77.5,False,77.5
27700,77.5,False,77.5
27701,77.5,False,77.5
27702,77.5,False,77.5
27703,77.5,False,77.5
27704,77.5,False,77.5
27705,77.5,False,77.5
27706,77.5,False,77.5
27707,77.5,False,77.5
27708,77.5,False,77.5
27709,77.5,False,77.5
27710,77.5,False,77.5
27711,77.5,False,77.5
27712,77.5,False,77.5
27713,77.5,False,77.5
27714,77.5,False,77.5
27715,77.5,False,77.5
27716,77.5,False,77.5
27717,77.5,False,77.5
27718,77.5,False,77.5
27719,77.5,False,77.5
27720,77.5,False,77.5
27721,77.5,False,77.5
27722,77.5,False,77.5
27723,77.5,False,77.5
27724,77.5,False,77.5
27725,77.5,False,77.5
27726,80.83,False,78.16600000000001
27727,80.83,False,78.83200000000001
27728,80.83,False,79.498
27729,80.83,False,80.164
27730,80.83,False,80.83
27731,80.83,False,80.83
27732,80.83,False,80.83
27733,80.83,False,80.83
27734,80.83,False,80.83
27735,80.83,False,80.83
27736,80.83,False,80.83
27737,80.83,False,80.83
27738,80.83,False,80.83
27739,80.83,False,80.83
27740,80.83,False,80.83
27741,80.83,False,80.83
27742,80.83,False,80.83
27743,80.83,False,80.83
27744,80.83,False,80.83
27745,80.83,False,80.83
27746,80.83,False,80.83
27747,80.83,False,80.83
27748,80.83,False,80.83
27749,80.83,False,80.83
27750,80.83,False,80.83
27751,80.83,False,80.83
27752,80.83,False,80.83
27753,80.83,False,80.83
27754,80.83,False,80.83
27755,80.83,False,80.83
27756,83.33,False,81.33
27757,83.33,False,81.83
27758,83.33,False,82.33
27759,83.33,False,82.83
27760,83.33,False,83.33
27761,83.33,False,83.33
27762,83.33,False,83.33
27763,83.33,False,83.33
27764,83.33,False,83.33
27765,83.33,False,83.33
27766,83.33,False,83.33
27767,83.33,False,83.33
27768,83.33,False,83.33
27769,83.33,False,83.33
27770,83.33,False,83.33
27771,83.33,False,83.33
27772,83.33,False,83.33
27773,83.33,False,83.33
27774,83.33,False,83.33
27775,83.33,False,83.33
27776,83.33,False,83.33
27777,83.33,False,83.33
27778,83.33,False,83.33
27779,83.33,False,83.33
27780,83.33,False,83.33
27781,83.33,False,83.33
27782,83.33,False,83.33
27783,83.33,False,83.33
27784,83.33,False,83.33
27785,83.33,False,83.33
27786,83.33,False,83.33
27787,85.83,False,83.83
27788,85.83,False,84.33
27789,85.83,False,84.83
27790,85.83,False,85.33
27791,85.83,False,85.83
27792,85.83,False,85.83
27793,85.83,False,85.83
27794,85.83,False,85.83
27795,85.83,False,85.83
27796,85.83,False,85.83
27797,85.83,False,85.83
27798,85.83,False,85.83
27799,85.83,False,85.83
27800,85.83,False,85.83
27801,85.83,False,85.83
27802,85.83,False,85.83
27803,85.83,False,85.83
27804,85.83,False,85.83
27805,85.83,False,85.83
27806,85.83,False,85.83
27807,85.83,False,85.83
27808,85.83,False,85.83
27809,85.83,False,85.83
27810,85.83,False,85.83
27811,85.83,False,85.83
27812,85.83,False,85.83
27813,85.83,False,85.83
27814,85.83,False,85.83
27815,85.83,False,85.83
27816,85.83,False,85.83
27817,85.83,False,85.83
27818,86.67,False,85.998
27819,86.67,False,86.166
27820,86.67,False,86.33399999999999
27821,86.67,False,86.502
27822,86.67,False,86.67
27823,86.67,False,86.67
27824,86.67,False,86.67
27825,86.67,False,86.67
27826,86.67,False,86.67
27827,86.67,False,86.67
27828,86.67,False,86.67
27829,86.67,False,86.67
27830,86.67,False,86.67
27831,86.67,False,86.67
27832,86.67,False,86.67
27833,86.67,False,86.67
27834,86.67,False,86.67
27835,86.67,False,86.67
27836,86.67,False,86.67
27837,86.67,False,86.67
27838,86.67,False,86.67
27839,86.67,False,86.67
27840,86.67,False,86.67
27841,86.67,False,86.67
27842,86.67,False,86.67
27843,86.67,False,86.67
27844,86.67,False,86.67
27845,86.67,False,86.67
27846,86.67,False,86.67
27847,86.67,False,86.67
27848,85.83,False,86.502
27849,85.83,False,86.334
27850,85.83,False,86.16600000000001
27851,85.83,False,85.998
27852,85.83,False,85.83
27853,85.83,False,85.83
27854,85.83,False,85.83
27855,85.83,False,85.83
27856,85.83,False,85.83
27857,85.83,False,85.83
27858,85.83,False,85.83
27859,85.83,False,85.83
27860,85.83,False,85.83
27861,85.83,False,85.83
27862,85.83,False,85.83
27863,85.83,False,85.83
27864,85.83,False,85.83
27865,85.83,False,85.83
27866,85.83,False,85.83
27867,85.83,False,85.83
27868,85.83,False,85.83
27869,85.83,False,85.83
27870,85.83,False,85.83
27871,85.83,False,85.83
27872,85.83,False,85.83
27873,85.83,False,85.83
27874,85.83,False,85.83
27875,85.83,False,85.83
27876,85.83,False,85.83
27877,85.83,False,85.83
27878,85.83,False,85.83
27879,86.67,False,85.99799999999999
27880,86.67,False,86.166
27881,86.67,False,86.334
27882,86.67,False,86.502
27883,86.67,False,86.67
27884,86.67,False,86.67
27885,86.67,False,86.67
27886,86.67,False,86.67
27887,86.67,False,86.67
27888,86.67,False,86.67
27889,86.67,False,86.67
27890,86.67,False,86.67
27891,86.67,False,86.67
27892,86.67,False,86.67
27893,86.67,False,86.67
27894,86.67,False,86.67
27895,86.67,False,86.67
27896,86.67,False,86.67
27897,86.67,False,86.67
27898,86.67,False,86.67
27899,86.67,False,86.67
27900,86.67,False,86.67
27901,86.67,False,86.67
27902,86.67,False,86.67
27903,86.67,False,86.67
27904,86.67,False,86.67
27905,92.5,False,87.836
27906,92.5,False,89.002
27907,92.5,False,90.168
27908,92.5,False,91.334
27909,92.5,False,92.5
27910,92.5,False,92.5
27911,92.5,False,92.5
27912,92.5,False,92.5
27913,92.5,False,92.5
27914,92.5,False,92.5
27915,92.5,False,92.5
27916,92.5,False,92.5
27917,92.5,False,92.5
27918,92.5,False,92.5
27919,92.5,False,92.5
27920,92.5,False,92.5
27921,92.5,False,92.5
27922,92.5,False,92.5
27923,92.5,False,92.5
27924,92.5,False,92.5
27925,92.5,False,92.5
27926,92.5,False,92.5
27927,92.5,False,92.5
27928,92.5,False,92.5
27929,92.5,False,92.5
27930,93.33,False,92.666
27931,93.33,False,92.832
27932,93.33,False,92.998
27933,93.33,False,93.164
27934,93.33,False,93.33
27935,93.33,False,93.33
27936,93.33,False,93.33
27937,93.33,False,93.33
27938,93.33,False,93.33
27939,93.33,False,93.33
27940,93.33,False,93.33
27941,93.33,False,93.33
27942,93.33,False,93.33
27943,93.33,False,93.33
27944,93.33,False,93.33
27945,93.33,False,93.33
27946,93.33,False,93.33
27947,93.33,False,93.33
27948,93.33,False,93.33
27949,93.33,False,93.33
27950,93.33,False,93.33
27951,93.33,False,93.33
27952,93.33,False,93.33
27953,93.33,False,93.33
27954,93.33,False,93.33
27955,93.33,False,93.33
27956,93.33,False,93.33
27957,93.33,False,93.33
27958,93.33,False,93.33
27959,93.33,False,93.33
27960,93.33,False,93.33
27961,95.0,False,93.664
27962,95.0,False,93.998
27963,95.0,False,94.33200000000001
27964,95.0,False,94.66600000000001
27965,95.0,False,95.0
27966,95.0,False,95.0
27967,95.0,False,95.0
27968,95.0,False,95.0
27969,95.0,False,95.0
27970,95.0,False,95.0
27971,95.0,False,95.0
27972,95.0,False,95.0
27973,95.0,False,95.0
27974,95.0,False,95.0
27975,95.0,False,95.0
27976,95.0,False,95.0
27977,95.0,False,95.0
27978,95.0,False,95.0
27979,95.0,False,95.0
27980,95.0,False,95.0
27981,95.0,False,95.0
27982,95.0,False,95.0
27983,95.0,False,95.0
27984,95.0,False,95.0
27985,95.0,False,95.0
27986,95.0,False,95.0
27987,95.0,False,95.0
27988,95.0,False,95.0
27989,95.0,False,95.0
27990,95.0,False,95.0
27991,95.0,False,95.0
27992,95.83,False,95.166
27993,95.83,False,95.332
27994,95.83,False,95.498
27995,95.83,False,95.664
27996,95.83,False,95.83
27997,95.83,False,95.83
27998,95.83,False,95.83
27999,95.83,False,95.83
28000,95.83,False,95.83
28001,95.83,False,95.83
28002,95.83,False,95.83
28003,95.83,False,95.83
28004,95.83,False,95.83
28005,95.83,False,95.83
28006,95.83,False,95.83
28007,95.83,False,95.83
28008,95.83,False,95.83
28009,95.83,False,95.83
28010,95.83,False,95.83
28011,95.83,False,95.83
28012,95.83,False,95.83
28013,95.83,False,95.83
28014,95.83,False,95.83
28015,95.83,False,95.83
28016,95.83,False,95.83
28017,95.83,False,95.83
28018,95.83,False,95.83
28019,95.83,False,95.83
28020,95.83,False,95.83
28021,95.83,False,95.83
28022,97.5,False,96.164
28023,97.5,False,96.498
28024,97.5,False,96.832
28025,97.5,False,97.166
28026,97.5,False,97.5
28027,97.5,False,97.5
28028,97.5,False,97.5
28029,97.5,False,97.5
28030,97.5,False,97.5
28031,97.5,False,97.5
28032,97.5,False,97.5
28033,97.5,False,97.5
28034,97.5,False,97.5
28035,97.5,False,97.5
28036,97.5,False,97.5
28037,97.5,False,97.5
28038,97.5,False,97.5
28039,97.5,False,97.5
28040,97.5,False,97.5
28041,97.5,False,97.5
28042,97.5,False,97.5
28043,97.5,False,97.5
28044,97.5,False,97.5
28045,97.5,False,97.5
28046,97.5,False,97.5
28047,97.5,False,97.5
28048,97.5,False,97.5
28049,97.5,False,97.5
28050,97.5,False,97.5
28051,97.5,False,97.5
28052,97.5,False,97.5
28053,97.5,False,97.5
28054,97.5,False,97.5
28055,97.5,False,97.5
28056,97.5,False,97.5
28057,97.5,False,97.5
28058,97.5,False,97.5
28059,97.5,False,97.5
28060,97.5,False,97.5
28061,97.5,False,97.5
28062,97.5,False,97.5
28063,97.5,False,97.5
28064,97.5,False,97.5
28065,97.5,False,97.5
28066,97.5,False,97.5
28067,97.5,False,97.5
28068,97.5,False,97.5
28069,97.5,False,97.5
28070,97.5,False,97.5
28071,97.5,False,97.5
28072,97.5,False,97.5
28073,97.5,False,97.5
28074,97.5,False,97.5
28075,97.5,False,97.5
28076,97.5,False,97.5
28077,97.5,False,97.5
28078,97.5,False,97.5
28079,97.5,False,97.5
28080,97.5,False,97.5
28081,97.5,False,97.5
28082,97.5,False,97.5
28083,97.5,False,97.5
28084,97.5,False,97.5
28085,97.5,False,97.5
28086,97.5,False,97.5
28087,97.5,False,97.5
28088,97.5,False,97.5
28089,97.5,False,97.5
28090,97.5,False,97.5
28091,97.5,False,97.5
28092,97.5,False,97.5
28093,97.5,False,97.5
28094,97.5,False,97.5
28095,97.5,False,97.5
28096,97.5,False,97.5
28097,97.5,False,97.5
28098,97.5,False,97.5
28099,97.5,False,97.5
28100,97.5,False,97.5
28101,97.5,False,97.5
28102,97.5,False,97.5
28103,97.5,False,97.5
28104,97.5,False,97.5
28105,97.5,False,97.5
28106,97.5,False,97.5
28107,97.5,False,97.5
28108,97.5,False,97.5
28109,97.5,False,97.5
28110,97.5,False,97.5
28111,97.5,False,97.5
28112,97.5,False,97.5
28113,97.5,False,97.5
28114,97.5,False,97.5
28115,97.5,False,97.5
28116,97.5,False,97.5
28117,97.5,False,97.5
28118,97.5,False,97.5
28119,97.5,False,97.5
28120,97.5,False,97.5
28121,97.5,False,97.5
28122,97.5,False,97.5
28123,97.5,False,97.5
28124,97.5,False,97.5
28125,97.5,False,97.5
28126,97.5,False,97.5
28127,97.5,False,97.5
28128,97.5,False,97.5
28129,97.5,False,97.5
28130,97.5,False,97.5
28131,97.5,False,97.5
28132,97.5,False,97.5
28133,97.5,False,97.5
28134,97.5,False,97.5
28135,97.5,False,97.5
28136,97.5,False,97.5
28137,97.5,False,97.5
28138,97.5,False,97.5
28139,97.5,False,97.5
28140,97.5,False,97.5
28141,97.5,False,97.5
28142,97.5,False,97.5
28143,97.5,False,97.5
28144,97.5,False,97.5
28145,97.5,False,97.5
28146,97.5,False,97.5
28147,97.5,False,97.5
28148,97.5,False,97.5
28149,97.5,False,97.5
28150,97.5,False,97.5
28151,97.5,False,97.5
28152,97.5,False,97.5
28153,97.5,False,97.5
28154,97.5,False,97.5
28155,97.5,False,97.5
28156,97.5,False,97.5
28157,97.5,False,97.5
28158,97.5,False,97.5
28159,97.5,False,97.5
28160,97.5,False,97.5
28161,96.67,False,97.334
28162,96.67,False,97.168
28163,96.67,False,97.002
28164,96.67,False,96.836
28165,96.67,False,96.67
28166,96.67,False,96.67
28167,96.67,False,96.67
28168,96.67,False,96.67
28169,96.67,False,96.67
28170,96.67,False,96.67
28171,96.67,False,96.67
28172,96.67,False,96.67
28173,96.67,False,96.67
28174,96.67,False,96.67
28175,96.67,False,96.67
28176,96.67,False,96.67
28177,96.67,False,96.67
28178,96.67,False,96.67
28179,96.67,False,96.67
28180,96.67,False,96.67
28181,96.67,False,96.67
28182,96.67,False,96.67
28183,96.67,False,96.67
28184,96.67,False,96.67
28185,96.67,False,96.67
28186,96.67,False,96.67
28187,96.67,False,96.67
28188,96.67,False,96.67
28189,96.67,False,96.67
28190,96.67,False,96.67
28191,96.67,False,96.67
28192,96.67,False,96.67
28193,96.67,False,96.67
28194,96.67,False,96.67
28195,96.67,False,96.67
28196,96.67,False,96.67
28197,95.83,False,96.502
28198,95.83,False,96.334
28199,95.83,False,96.166
28200,95.83,False,95.99799999999999
28201,95.83,False,95.83
28202,95.83,False,95.83
28203,95.83,False,95.83
28204,95.83,False,95.83
28205,95.83,False,95.83
28206,95.83,False,95.83
28207,95.83,False,95.83
28208,95.83,False,95.83
28209,95.83,False,95.83
28210,95.83,False,95.83
28211,95.83,False,95.83
28212,95.83,False,95.83
28213,95.83,False,95.83
28214,95.83,False,95.83
28215,95.83,False,95.83
28216,95.83,False,95.83
28217,95.83,False,95.83
28218,95.83,False,95.83
28219,95.83,False,95.83
28220,95.83,False,95.83
28221,95.83,False,95.83
28222,95.83,False,95.83
28223,95.83,False,95.83
28224,95.83,False,95.83
28225,95.83,False,95.83
28226,95.83,False,95.83
28227,97.5,False,96.164
28228,97.5,False,96.498
28229,97.5,False,96.83200000000001
28230,97.5,False,97.16600000000001
28231,97.5,False,97.5
28232,97.5,False,97.5
28233,97.5,False,97.5
28234,97.5,False,97.5
28235,97.5,False,97.5
28236,97.5,False,97.5
28237,97.5,False,97.5
28238,97.5,False,97.5
28239,97.5,False,97.5
28240,97.5,False,97.5
28241,97.5,False,97.5
28242,97.5,False,97.5
28243,97.5,False,97.5
28244,97.5,False,97.5
28245,97.5,False,97.5
28246,97.5,False,97.5
28247,97.5,False,97.5
28248,97.5,False,97.5
28249,97.5,False,97.5
28250,97.5,False,97.5
28251,97.5,False,97.5
28252,97.5,False,97.5
28253,97.5,False,97.5
28254,97.5,False,97.5
28255,97.5,False,97.5
28256,97.5,False,97.5
28257,97.5,False,97.5
28258,96.67,False,97.33399999999999
28259,96.67,False,97.16799999999999
28260,96.67,False,97.002
28261,96.67,False,96.836
28262,96.67,False,96.67
28263,96.67,False,96.67
28264,96.67,False,96.67
28265,96.67,False,96.67
28266,96.67,False,96.67
28267,96.67,False,96.67
28268,96.67,False,96.67
28269,96.67,False,96.67
28270,96.67,False,96.67
28271,96.67,False,96.67
28272,96.67,False,96.67
28273,96.67,False,96.67
28274,96.67,False,96.67
28275,96.67,False,96.67
28276,96.67,False,96.67
28277,96.67,False,96.67
28278,96.67,False,96.67
28279,96.67,False,96.67
28280,96.67,False,96.67
28281,96.67,False,96.67
28282,96.67,False,96.67
28283,96.67,False,96.67
28284,96.67,False,96.67
28285,96.67,False,96.67
28286,96.67,False,96.67
28287,96.67,False,96.67
28288,96.67,False,96.67
28289,93.33,False,96.002
28290,93.33,False,95.33399999999999
28291,93.33,False,94.66600000000001
28292,93.33,False,93.998
28293,93.33,False,93.33
28294,93.33,False,93.33
28295,93.33,False,93.33
28296,93.33,False,93.33
28297,93.33,False,93.33
28298,93.33,False,93.33
28299,93.33,False,93.33
28300,93.33,False,93.33
28301,93.33,False,93.33
28302,93.33,False,93.33
28303,93.33,False,93.33
28304,93.33,False,93.33
28305,93.33,False,93.33
28306,93.33,False,93.33
28307,93.33,False,93.33
28308,93.33,False,93.33
28309,93.33,False,93.33
28310,93.33,False,93.33
28311,93.33,False,93.33
28312,93.33,False,93.33
28313,93.33,False,93.33
28314,93.33,False,93.33
28315,93.33,False,93.33
28316,93.33,False,93.33
28317,93.33,False,93.33
28318,93.33,False,93.33
28319,93.33,False,93.33
28320,93.33,False,93.33
28321,93.33,False,93.33
28322,93.33,False,93.33
28323,93.33,False,93.33
28324,93.33,False,93.33
28325,93.33,False,93.33
28326,93.33,False,93.33
28327,93.33,False,93.33
28328,93.33,False,93.33
28329,93.33,False,93.33
28330,93.33,False,93.33
28331,93.33,False,93.33
28332,93.33,False,93.33
28333,93.33,False,93.33
28334,93.33,False,93.33
28335,93.33,False,93.33
28336,93.33,False,93.33
28337,93.33,False,93.33
28338,93.33,False,93.33
28339,93.33,False,93.33
28340,93.33,False,93.33
28341,93.33,False,93.33
28342,93.33,False,93.33
28343,93.33,False,93.33
28344,93.33,False,93.33
28345,93.33,False,93.33
28346,93.33,False,93.33
28347,93.33,False,93.33
28348,93.33,False,93.33
28349,93.33,False,93.33
28350,98.33,False,94.33
28351,98.33,False,95.33
28352,98.33,False,96.33
28353,98.33,False,97.33
28354,98.33,False,98.33
28355,98.33,False,98.33
28356,98.33,False,98.33
28357,98.33,False,98.33
28358,98.33,False,98.33
28359,98.33,False,98.33
28360,98.33,False,98.33
28361,98.33,False,98.33
28362,98.33,False,98.33
28363,98.33,False,98.33
28364,98.33,False,98.33
28365,98.33,False,98.33
28366,98.33,False,98.33
28367,98.33,False,98.33
28368,98.33,False,98.33
28369,98.33,False,98.33
28370,98.33,False,98.33
28371,98.33,False,98.33
28372,98.33,False,98.33
28373,98.33,False,98.33
28374,98.33,False,98.33
28375,98.33,False,98.33
28376,98.33,False,98.33
28377,98.33,False,98.33
28378,98.33,False,98.33
28379,98.33,False,98.33
28380,98.33,False,98.33
28381,100.0,False,98.664
28382,100.0,False,98.998
28383,100.0,False,99.332
28384,100.0,False,99.666
28385,100.0,False,100.0
28386,100.0,False,100.0
28387,100.0,False,100.0
28388,100.0,False,100.0
28389,100.0,False,100.0
28390,100.0,False,100.0
28391,100.0,False,100.0
28392,100.0,False,100.0
28393,100.0,False,100.0
28394,100.0,False,100.0
28395,100.0,False,100.0
28396,100.0,False,100.0
28397,100.0,False,100.0
28398,100.0,False,100.0
28399,100.0,False,100.0
28400,100.0,False,100.0
28401,100.0,False,100.0
28402,100.0,False,100.0
28403,100.0,False,100.0
28404,100.0,False,100.0
28405,100.0,False,100.0
28406,100.0,False,100.0
28407,100.0,False,100.0
28408,100.0,False,100.0
28409,100.0,False,100.0
28410,100.0,False,100.0
28411,95.83,False,99.166
28412,95.83,False,98.332
28413,95.83,False,97.498
28414,95.83,False,96.664
28415,95.83,False,95.83
28416,95.83,False,95.83
28417,95.0,False,95.66399999999999
28418,95.0,False,95.498
28419,95.0,False,95.332
28420,95.0,False,95.16600000000001
28421,95.0,False,95.0
28422,95.0,False,95.0
28423,95.0,False,95.0
28424,95.0,False,95.0
28425,95.0,False,95.0
28426,95.0,False,95.0
28427,95.0,False,95.0
28428,95.0,False,95.0
28429,95.0,False,95.0
28430,95.0,False,95.0
28431,97.5,False,95.5
28432,97.5,False,96.0
28433,97.5,False,96.5
28434,97.5,False,97.0
28435,97.5,False,97.5
28436,97.5,False,97.5
28437,97.5,False,97.5
28438,97.5,False,97.5
28439,97.5,False,97.5
28440,97.5,False,97.5
28441,97.5,False,97.5
28442,97.5,False,97.5
28443,97.5,False,97.5
28444,97.5,False,97.5
28445,97.5,False,97.5
28446,97.5,False,97.5
28447,97.5,False,97.5
28448,97.5,False,97.5
28449,97.5,False,97.5
28450,97.5,False,97.5
28451,97.5,False,97.5
28452,97.5,False,97.5
28453,97.5,False,97.5
28454,97.5,False,97.5
28455,97.5,False,97.5
28456,97.5,False,97.5
28457,97.5,False,97.5
28458,97.5,False,97.5
28459,97.5,False,97.5
28460,97.5,False,97.5
28461,97.5,False,97.5
28462,95.83,False,97.166
28463,95.83,False,96.83200000000001
28464,95.83,False,96.49799999999999
28465,95.83,False,96.16400000000002
28466,95.83,False,95.83
28467,95.83,False,95.83
28468,95.83,False,95.83
28469,95.83,False,95.83
28470,95.83,False,95.83
28471,95.83,False,95.83
28472,95.83,False,95.83
28473,95.83,False,95.83
28474,95.83,False,95.83
28475,95.83,False,95.83
28476,95.83,False,95.83
28477,95.83,False,95.83
28478,95.83,False,95.83
28479,95.83,False,95.83
28480,95.83,False,95.83
28481,95.83,False,95.83
28482,95.83,False,95.83
28483,95.83,False,95.83
28484,95.83,False,95.83
28485,95.83,False,95.83
28486,95.83,False,95.83
28487,95.83,False,95.83
28488,95.83,False,95.83
28489,95.83,False,95.83
28490,95.83,False,95.83
28491,95.83,False,95.83
28492,95.83,False,95.83
28493,95.0,False,95.664
28494,95.0,False,95.498
28495,95.0,False,95.332
28496,95.0,False,95.166
28497,95.0,False,95.0
28498,95.0,False,95.0
28499,95.0,False,95.0
28500,95.0,False,95.0
28501,95.0,False,95.0
28502,95.0,False,95.0
28503,95.0,False,95.0
28504,95.0,False,95.0
28505,95.0,False,95.0
28506,95.0,False,95.0
28507,95.0,False,95.0
28508,95.0,False,95.0
28509,95.0,False,95.0
28510,95.0,False,95.0
28511,95.0,False,95.0
28512,95.0,False,95.0
28513,95.0,False,95.0
28514,95.0,False,95.0
28515,95.0,False,95.0
28516,95.0,False,95.0
28517,95.0,False,95.0
28518,95.0,False,95.0
28519,95.0,False,95.0
28520,95.0,False,95.0
28521,95.0,False,95.0
28522,95.0,False,95.0
28523,98.33,False,95.66600000000001
28524,98.33,False,96.33200000000001
28525,98.33,False,96.998
28526,98.33,False,97.664
28527,98.33,False,98.33
28528,98.33,False,98.33
28529,98.33,False,98.33
28530,98.33,False,98.33
28531,98.33,False,98.33
28532,98.33,False,98.33
28533,98.33,False,98.33
28534,98.33,False,98.33
28535,98.33,False,98.33
28536,98.33,False,98.33
28537,98.33,False,98.33
28538,98.33,False,98.33
28539,98.33,False,98.33
28540,98.33,False,98.33
28541,98.33,False,98.33
28542,98.33,False,98.33
28543,98.33,False,98.33
28544,98.33,False,98.33
28545,98.33,False,98.33
28546,98.33,False,98.33
28547,98.33,False,98.33
28548,98.33,False,98.33
28549,98.33,False,98.33
28550,98.33,False,98.33
28551,98.33,False,98.33
28552,98.33,False,98.33
28553,98.33,False,98.33
28554,97.5,False,98.164
28555,97.5,False,97.998
28556,97.5,False,97.832
28557,97.5,False,97.666
28558,97.5,False,97.5
28559,97.5,False,97.5
28560,97.5,False,97.5
28561,97.5,False,97.5
28562,97.5,False,97.5
28563,97.5,False,97.5
28564,97.5,False,97.5
28565,97.5,False,97.5
28566,97.5,False,97.5
28567,97.5,False,97.5
28568,97.5,False,97.5
28569,97.5,False,97.5
28570,97.5,False,97.5
28571,97.5,False,97.5
28572,97.5,False,97.5
28573,97.5,False,97.5
28574,97.5,False,97.5
28575,97.5,False,97.5
28576,97.5,False,97.5
28577,97.5,False,97.5
28578,97.5,False,97.5
28579,97.5,False,97.5
28580,97.5,False,97.5
28581,97.5,False,97.5
28582,97.5,False,97.5
28583,97.5,False,97.5
28584,106.67,False,99.334
28585,106.67,False,101.168
28586,106.67,False,103.002
28587,106.67,False,104.83600000000001
28588,106.67,False,106.67
28589,106.67,False,106.67
28590,106.67,False,106.67
28591,106.67,False,106.67
28592,106.67,False,106.67
28593,106.67,False,106.67
28594,106.67,False,106.67
28595,106.67,False,106.67
28596,106.67,False,106.67
28597,106.67,False,106.67
28598,106.67,False,106.67
28599,106.67,False,106.67
28600,106.67,False,106.67
28601,106.67,False,106.67
28602,106.67,False,106.67
28603,106.67,False,106.67
28604,106.67,False,106.67
28605,106.67,False,106.67
28606,106.67,False,106.67
28607,106.67,False,106.67
28608,106.67,False,106.67
28609,106.67,False,106.67
28610,106.67,False,106.67
28611,106.67,False,106.67
28612,106.67,False,106.67
28613,106.67,False,106.67
28614,106.67,False,106.67
28615,100.0,False,105.33600000000001
28616,100.0,False,104.002
28617,100.0,False,102.668
28618,100.0,False,101.334
28619,100.0,False,100.0
28620,100.0,False,100.0
28621,100.0,False,100.0
28622,100.0,False,100.0
28623,100.0,False,100.0
28624,100.0,False,100.0
28625,100.0,False,100.0
28626,100.0,False,100.0
28627,100.0,False,100.0
28628,100.0,False,100.0
28629,100.0,False,100.0
28630,100.0,False,100.0
28631,100.0,False,100.0
28632,100.0,False,100.0
28633,100.0,False,100.0
28634,100.0,False,100.0
28635,100.0,False,100.0
28636,100.0,False,100.0
28637,100.0,False,100.0
28638,100.0,False,100.0
28639,100.0,False,100.0
28640,100.0,False,100.0
28641,100.0,False,100.0
28642,100.0,False,100.0
28643,100.0,False,100.0
28644,100.0,False,100.0
28645,100.0,False,100.0
28646,69.17,False,93.834
28647,69.17,False,87.668
28648,69.17,False,81.502
28649,69.17,False,75.336
28650,69.17,False,69.17
28651,69.17,False,69.17
28652,69.17,False,69.17
28653,69.17,False,69.17
28654,69.17,False,69.17
28655,69.17,False,69.17
28656,69.17,False,69.17
28657,69.17,False,69.17
28658,69.17,False,69.17
28659,69.17,False,69.17
28660,69.17,False,69.17
28661,69.17,False,69.17
28662,69.17,False,69.17
28663,69.17,False,69.17
28664,69.17,False,69.17
28665,69.17,False,69.17
28666,69.17,False,69.17
28667,69.17,False,69.17
28668,69.17,False,69.17
28669,69.17,False,69.17
28670,69.17,False,69.17
28671,69.17,False,69.17
28672,69.17,False,69.17
28673,41.67,False,63.67
28674,41.67,False,58.17
28675,41.67,False,52.67
28676,41.67,False,47.17
28677,41.67,False,41.67
28678,41.67,False,41.67
28679,41.67,False,41.67
28680,41.67,False,41.67
28681,41.67,False,41.67
28682,41.67,False,41.67
28683,41.67,False,41.67
28684,41.67,False,41.67
28685,41.67,False,41.67
28686,41.67,False,41.67
28687,41.67,False,41.67
28688,41.67,False,41.67
28689,41.67,False,41.67
28690,41.67,False,41.67
28691,41.67,False,41.67
28692,41.67,False,41.67
28693,41.67,False,41.67
28694,41.67,False,41.67
28695,41.67,False,41.67
28696,35.83,False,40.501999999999995
28697,35.83,False,39.334
28698,35.83,False,38.166
28699,35.83,False,36.998000000000005
28700,35.83,False,35.83
28701,35.83,False,35.83
28702,35.83,False,35.83
28703,35.83,False,35.83
28704,35.83,False,35.83
28705,35.83,False,35.83
28706,35.83,False,35.83
28707,35.83,False,35.83
28708,35.83,False,35.83
28709,35.83,False,35.83
28710,35.83,False,35.83
28711,35.83,False,35.83
28712,35.83,False,35.83
28713,35.83,False,35.83
28714,35.83,False,35.83
28715,35.83,False,35.83
28716,35.83,False,35.83
28717,35.83,False,35.83
28718,35.83,False,35.83
28719,35.83,False,35.83
28720,35.83,False,35.83
28721,35.83,False,35.83
28722,35.83,False,35.83
28723,35.83,False,35.83
28724,35.83,False,35.83
28725,35.83,False,35.83
28726,33.33,False,35.33
28727,33.33,False,34.83
28728,33.33,False,34.33
28729,33.33,False,33.83
28730,33.33,False,33.33
28731,33.33,False,33.33
28732,33.33,False,33.33
28733,33.33,False,33.33
28734,33.33,False,33.33
28735,33.33,False,33.33
28736,33.33,False,33.33
28737,33.33,False,33.33
28738,33.33,False,33.33
28739,33.33,False,33.33
28740,33.33,False,33.33
28741,33.33,False,33.33
28742,33.33,False,33.33
28743,33.33,False,33.33
28744,33.33,False,33.33
28745,33.33,False,33.33
28746,33.33,False,33.33
28747,33.33,False,33.33
28748,33.33,False,33.33
28749,33.33,False,33.33
28750,33.33,False,33.33
28751,33.33,False,33.33
28752,33.33,False,33.33
28753,33.33,False,33.33
28754,33.33,False,33.33
28755,33.33,False,33.33
28756,33.33,False,33.33
28757,30.0,False,32.664
28758,30.0,False,31.998
28759,30.0,False,31.332
28760,30.0,False,30.665999999999997
28761,30.0,False,30.0
28762,30.0,False,30.0
28763,30.0,False,30.0
28764,30.0,False,30.0
28765,30.0,False,30.0
28766,30.0,False,30.0
28767,30.0,False,30.0
28768,30.0,False,30.0
28769,30.0,False,30.0
28770,30.0,False,30.0
28771,30.0,False,30.0
28772,30.0,False,30.0
28773,30.0,False,30.0
28774,30.0,False,30.0
28775,30.0,False,30.0
28776,30.0,False,30.0
28777,30.0,False,30.0
28778,30.0,False,30.0
28779,30.0,False,30.0
28780,30.0,False,30.0
28781,30.0,False,30.0
28782,30.0,False,30.0
28783,30.0,False,30.0
28784,30.0,False,30.0
28785,30.0,False,30.0
28786,30.0,False,30.0
28787,29.17,False,29.834000000000003
28788,29.17,False,29.668
28789,29.17,False,29.502
28790,29.17,False,29.336000000000002
28791,29.17,False,29.17
28792,29.17,False,29.17
28793,29.17,False,29.17
28794,29.17,False,29.17
28795,29.17,False,29.17
28796,29.17,False,29.17
28797,29.17,False,29.17
28798,29.17,False,29.17
28799,29.17,False,29.17
28800,29.17,False,29.17
28801,29.17,False,29.17
28802,29.17,False,29.17
28803,29.17,False,29.17
28804,29.17,False,29.17
28805,29.17,False,29.17
28806,29.17,False,29.17
28807,29.17,False,29.17
28808,29.17,False,29.17
28809,29.17,False,29.17
28810,29.17,False,29.17
28811,29.17,False,29.17
28812,29.17,False,29.17
28813,29.17,False,29.17
28814,29.17,False,29.17
28815,29.17,False,29.17
28816,29.17,False,29.17
28817,29.17,False,29.17
28818,28.33,False,29.002
28819,28.33,False,28.834000000000003
28820,28.33,False,28.665999999999997
28821,28.33,False,28.498
28822,28.33,False,28.33
28823,28.33,False,28.33
28824,28.33,False,28.33
28825,28.33,False,28.33
28826,28.33,False,28.33
28827,28.33,False,28.33
28828,28.33,False,28.33
28829,28.33,False,28.33
28830,28.33,False,28.33
28831,28.33,False,28.33
28832,28.33,False,28.33
28833,28.33,False,28.33
28834,28.33,False,28.33
28835,28.33,False,28.33
28836,28.33,False,28.33
28837,28.33,False,28.33
28838,28.33,False,28.33
28839,28.33,False,28.33
28840,28.33,False,28.33
28841,28.33,False,28.33
28842,28.33,False,28.33
28843,28.33,False,28.33
28844,28.33,False,28.33
28845,28.33,False,28.33
28846,28.33,False,28.33
28847,28.33,False,28.33
28848,28.33,False,28.33
28849,27.5,False,28.163999999999998
28850,27.5,False,27.998
28851,27.5,False,27.832
28852,27.5,False,27.665999999999997
28853,27.5,False,27.5
28854,27.5,False,27.5
28855,27.5,False,27.5
28856,27.5,False,27.5
28857,27.5,False,27.5
28858,27.5,False,27.5
28859,27.5,False,27.5
28860,27.5,False,27.5
28861,27.5,False,27.5
28862,27.5,False,27.5
28863,27.5,False,27.5
28864,27.5,False,27.5
28865,27.5,False,27.5
28866,27.5,False,27.5
28867,27.5,False,27.5
28868,27.5,False,27.5
28869,27.5,False,27.5
28870,27.5,False,27.5
28871,27.5,False,27.5
28872,27.5,False,27.5
28873,27.5,False,27.5
28874,27.5,False,27.5
28875,27.5,False,27.5
28876,27.5,False,27.5
28877,27.5,False,27.5
28878,27.5,False,27.5
28879,27.5,False,27.5
28880,27.5,False,27.5
28881,27.5,False,27.5
28882,27.5,False,27.5
28883,27.5,False,27.5
28884,27.5,False,27.5
28885,27.5,False,27.5
28886,27.5,False,27.5
28887,27.5,False,27.5
28888,27.5,False,27.5
28889,27.5,False,27.5
28890,27.5,False,27.5
28891,27.5,False,27.5
28892,27.5,False,27.5
28893,27.5,False,27.5
28894,27.5,False,27.5
28895,27.5,False,27.5
28896,27.5,False,27.5
28897,27.5,False,27.5
28898,27.5,False,27.5
28899,27.5,False,27.5
28900,27.5,False,27.5
28901,27.5,False,27.5
28902,27.5,False,27.5
28903,27.5,False,27.5
28904,27.5,False,27.5
28905,27.5,False,27.5
28906,27.5,False,27.5
28907,27.5,False,27.5
28908,27.5,False,27.5
28909,27.5,False,27.5
28910,27.5,False,27.5
28911,27.5,False,27.5
28912,27.5,False,27.5
28913,27.5,False,27.5
28914,27.5,False,27.5
28915,27.5,False,27.5
28916,27.5,False,27.5
28917,27.5,False,27.5
28918,27.5,False,27.5
28919,27.5,False,27.5
28920,27.5,False,27.5
28921,27.5,False,27.5
28922,27.5,False,27.5
28923,27.5,False,27.5
28924,27.5,False,27.5
28925,27.5,False,27.5
28926,27.5,False,27.5
28927,27.5,False,27.5
28928,27.5,False,27.5
28929,28.33,False,27.665999999999997
28930,28.33,False,27.832
28931,28.33,False,27.998
28932,28.33,False,28.163999999999998
28933,28.33,False,28.33
28934,28.33,False,28.33
28935,28.33,False,28.33
28936,28.33,False,28.33
28937,28.33,False,28.33
28938,28.33,False,28.33
28939,28.33,False,28.33
28940,28.33,False,28.33
28941,28.33,False,28.33
28942,28.33,False,28.33
28943,28.33,False,28.33
28944,28.33,False,28.33
28945,28.33,False,28.33
28946,28.33,False,28.33
28947,28.33,False,28.33
28948,28.33,False,28.33
28949,28.33,False,28.33
28950,28.33,False,28.33
28951,28.33,False,28.33
28952,28.33,False,28.33
28953,28.33,False,28.33
28954,28.33,False,28.33
28955,28.33,False,28.33
28956,28.33,False,28.33
28957,28.33,False,28.33
28958,28.33,False,28.33
28959,28.33,False,28.33
28960,28.33,False,28.33
28961,27.5,False,28.163999999999998
28962,27.5,False,27.998
28963,27.5,False,27.832
28964,27.5,False,27.665999999999997
28965,27.5,False,27.5
28966,27.5,False,27.5
28967,27.5,False,27.5
28968,27.5,False,27.5
28969,27.5,False,27.5
28970,27.5,False,27.5
28971,27.5,False,27.5
28972,27.5,False,27.5
28973,27.5,False,27.5
28974,27.5,False,27.5
28975,27.5,False,27.5
28976,27.5,False,27.5
28977,27.5,False,27.5
28978,27.5,False,27.5
28979,27.5,False,27.5
28980,27.5,False,27.5
28981,27.5,False,27.5
28982,27.5,False,27.5
28983,27.5,False,27.5
28984,27.5,False,27.5
28985,27.5,False,27.5
28986,27.5,False,27.5
28987,27.5,False,27.5
28988,27.5,False,27.5
28989,27.5,False,27.5
28990,27.5,False,27.5
28991,27.5,False,27.5
28992,27.5,False,27.5
28993,27.5,False,27.5
28994,27.5,False,27.5
28995,27.5,False,27.5
28996,27.5,False,27.5
28997,27.5,False,27.5
28998,27.5,False,27.5
28999,27.5,False,27.5
29000,27.5,False,27.5
29001,27.5,False,27.5
29002,27.5,False,27.5
29003,27.5,False,27.5
29004,27.5,False,27.5
29005,27.5,False,27.5
29006,27.5,False,27.5
29007,27.5,False,27.5
29008,27.5,False,27.5
29009,27.5,False,27.5
29010,27.5,False,27.5
29011,27.5,False,27.5
29012,27.5,False,27.5
29013,27.5,False,27.5
29014,27.5,False,27.5
29015,27.5,False,27.5
29016,27.5,False,27.5
29017,27.5,False,27.5
29018,27.5,False,27.5
29019,27.5,False,27.5
29020,27.5,False,27.5
29021,27.5,False,27.5
29022,27.5,False,27.5
29023,27.5,False,27.5
29024,27.5,False,27.5
29025,27.5,False,27.5
29026,27.5,False,27.5
29027,27.5,False,27.5
29028,27.5,False,27.5
29029,27.5,False,27.5
29030,27.5,False,27.5
29031,27.5,False,27.5
29032,27.5,False,27.5
29033,27.5,False,27.5
29034,27.5,False,27.5
29035,27.5,False,27.5
29036,27.5,False,27.5
29037,27.5,False,27.5
29038,27.5,False,27.5
29039,27.5,False,27.5
29040,27.5,False,27.5
29041,27.5,False,27.5
29042,27.5,False,27.5
29043,27.5,False,27.5
29044,27.5,False,27.5
29045,27.5,False,27.5
29046,27.5,False,27.5
29047,27.5,False,27.5
29048,27.5,False,27.5
29049,27.5,False,27.5
29050,27.5,False,27.5
29051,27.5,False,27.5
29052,27.5,False,27.5
29053,26.67,False,27.334000000000003
29054,26.67,False,27.168
29055,26.67,False,27.002
29056,26.67,False,26.836000000000002
29057,26.67,False,26.67
29058,26.67,False,26.67
29059,26.67,False,26.67
29060,26.67,False,26.67
29061,26.67,False,26.67
29062,26.67,False,26.67
29063,26.67,False,26.67
29064,26.67,False,26.67
29065,26.67,False,26.67
29066,26.67,False,26.67
29067,26.67,False,26.67
29068,26.67,False,26.67
29069,26.67,False,26.67
29070,26.67,False,26.67
29071,26.67,False,26.67
29072,26.67,False,26.67
29073,26.67,False,26.67
29074,26.67,False,26.67
29075,26.67,False,26.67
29076,26.67,False,26.67
29077,26.67,False,26.67
29078,26.67,False,26.67
29079,26.67,False,26.67
29080,26.67,False,26.67
29081,26.67,False,26.67
29082,26.67,False,26.67
29083,26.67,False,26.67
29084,26.67,False,26.67
29085,26.67,False,26.67
29086,26.67,False,26.67
29087,26.67,False,26.67
29088,26.67,False,26.67
29089,26.67,False,26.67
29090,26.67,False,26.67
29091,26.67,False,26.67
29092,26.67,False,26.67
29093,26.67,False,26.67
29094,26.67,False,26.67
29095,26.67,False,26.67
29096,26.67,False,26.67
29097,26.67,False,26.67
29098,26.67,False,26.67
29099,26.67,False,26.67
29100,26.67,False,26.67
29101,26.67,False,26.67
29102,26.67,False,26.67
29103,26.67,False,26.67
29104,26.67,False,26.67
29105,26.67,False,26.67
29106,26.67,False,26.67
29107,26.67,False,26.67
29108,26.67,False,26.67
29109,26.67,False,26.67
29110,26.67,False,26.67
29111,26.67,False,26.67
29112,26.67,False,26.67
29113,26.67,False,26.67
29114,26.67,False,26.67
29115,26.67,False,26.67
29116,26.67,False,26.67
29117,26.67,False,26.67
29118,26.67,False,26.67
29119,26.67,False,26.67
29120,26.67,False,26.67
29121,26.67,False,26.67
29122,26.67,False,26.67
29123,26.67,False,26.67
29124,26.67,False,26.67
29125,26.67,False,26.67
29126,26.67,False,26.67
29127,26.67,False,26.67
29128,26.67,False,26.67
29129,26.67,False,26.67
29130,26.67,False,26.67
29131,26.67,False,26.67
29132,26.67,False,26.67
29133,26.67,False,26.67
29134,26.67,False,26.67
29135,26.67,False,26.67
29136,26.67,False,26.67
29137,26.67,False,26.67
29138,26.67,False,26.67
29139,26.67,False,26.67
29140,26.67,False,26.67
29141,26.67,False,26.67
29142,26.67,False,26.67
29143,26.67,False,26.67
29144,27.5,False,26.836000000000002
29145,27.5,False,27.002
29146,27.5,False,27.168
29147,27.5,False,27.334000000000003
29148,27.5,False,27.5
29149,27.5,False,27.5
29150,27.5,False,27.5
29151,27.5,False,27.5
29152,27.5,False,27.5
29153,27.5,False,27.5
29154,27.5,False,27.5
29155,27.5,False,27.5
29156,27.5,False,27.5
29157,27.5,False,27.5
29158,27.5,False,27.5
29159,27.5,False,27.5
29160,27.5,False,27.5
29161,27.5,False,27.5
29162,27.5,False,27.5
29163,27.5,False,27.5
29164,27.5,False,27.5
29165,27.5,False,27.5
29166,27.5,False,27.5
29167,27.5,False,27.5
29168,27.5,False,27.5
29169,27.5,False,27.5
29170,27.5,False,27.5
29171,27.5,False,27.5
29172,27.5,False,27.5
29173,27.5,False,27.5
29174,27.5,False,27.5
29175,27.5,False,27.5
29176,27.5,False,27.5
29177,27.5,False,27.5
29178,27.5,False,27.5
29179,27.5,False,27.5
29180,27.5,False,27.5
29181,27.5,False,27.5
29182,27.5,False,27.5
29183,27.5,False,27.5
29184,27.5,False,27.5
29185,28.33,False,27.665999999999997
29186,28.33,False,27.832
29187,28.33,False,27.998
29188,28.33,False,28.163999999999998
29189,28.33,False,28.33
29190,28.33,False,28.33
29191,28.33,False,28.33
29192,28.33,False,28.33
29193,28.33,False,28.33
29194,28.33,False,28.33
29195,28.33,False,28.33
29196,28.33,False,28.33
29197,28.33,False,28.33
29198,28.33,False,28.33
29199,28.33,False,28.33
29200,28.33,False,28.33
29201,28.33,False,28.33
29202,28.33,False,28.33
29203,28.33,False,28.33
29204,28.33,False,28.33
29205,28.33,False,28.33
29206,28.33,False,28.33
29207,28.33,False,28.33
29208,28.33,False,28.33
29209,28.33,False,28.33
29210,28.33,False,28.33
29211,28.33,False,28.33
29212,28.33,False,28.33
29213,28.33,False,28.33
29214,28.33,False,28.33
29215,28.33,False,28.33
29216,28.33,False,28.33
29217,28.33,False,28.33
29218,28.33,False,28.33
29219,28.33,False,28.33
29220,28.33,False,28.33
29221,28.33,False,28.33
29222,28.33,False,28.33
29223,28.33,False,28.33
29224,28.33,False,28.33
29225,28.33,False,28.33
29226,28.33,False,28.33
29227,28.33,False,28.33
29228,28.33,False,28.33
29229,28.33,False,28.33
29230,28.33,False,28.33
29231,28.33,False,28.33
29232,28.33,False,28.33
29233,28.33,False,28.33
29234,28.33,False,28.33
29235,28.33,False,28.33
29236,28.33,False,28.33
29237,28.33,False,28.33
29238,28.33,False,28.33
29239,28.33,False,28.33
29240,28.33,False,28.33
29241,28.33,False,28.33
29242,28.33,False,28.33
29243,28.33,False,28.33
29244,28.33,False,28.33
29245,28.33,False,28.33
29246,28.33,False,28.33
29247,28.33,False,28.33
29248,28.33,False,28.33
29249,28.33,False,28.33
29250,28.33,False,28.33
29251,28.33,False,28.33
29252,28.33,False,28.33
29253,28.33,False,28.33
29254,28.33,False,28.33
29255,28.33,False,28.33
29256,28.33,False,28.33
29257,29.17,False,28.498
29258,29.17,False,28.665999999999997
29259,29.17,False,28.834000000000003
29260,29.17,False,29.002
29261,29.17,False,29.17
29262,29.17,False,29.17
29263,29.17,False,29.17
29264,29.17,False,29.17
29265,29.17,False,29.17
29266,29.17,False,29.17
29267,29.17,False,29.17
29268,29.17,False,29.17
29269,29.17,False,29.17
29270,29.17,False,29.17
29271,29.17,False,29.17
29272,29.17,False,29.17
29273,29.17,False,29.17
29274,29.17,False,29.17
29275,29.17,False,29.17
29276,29.17,False,29.17
29277,29.17,False,29.17
29278,29.17,False,29.17
29279,29.17,False,29.17
29280,29.17,False,29.17
29281,29.17,False,29.17
29282,29.17,False,29.17
29283,29.17,False,29.17
29284,29.17,False,29.17
29285,29.17,False,29.17
29286,29.17,False,29.17
29287,28.33,False,29.002
29288,28.33,False,28.834000000000003
29289,28.33,False,28.665999999999997
29290,28.33,False,28.498
29291,28.33,False,28.33
29292,28.33,False,28.33
29293,28.33,False,28.33
29294,28.33,False,28.33
29295,28.33,False,28.33
29296,28.33,False,28.33
29297,28.33,False,28.33
29298,28.33,False,28.33
29299,28.33,False,28.33
29300,28.33,False,28.33
29301,28.33,False,28.33
29302,28.33,False,28.33
29303,28.33,False,28.33
29304,28.33,False,28.33
29305,28.33,False,28.33
29306,28.33,False,28.33
29307,28.33,False,28.33
29308,28.33,False,28.33
29309,28.33,False,28.33
29310,28.33,False,28.33
29311,28.33,False,28.33
29312,28.33,False,28.33
29313,28.33,False,28.33
29314,28.33,False,28.33
29315,28.33,False,28.33
29316,28.33,False,28.33
29317,28.33,False,28.33
29318,27.5,False,28.163999999999998
29319,27.5,False,27.998
29320,27.5,False,27.832
29321,27.5,False,27.665999999999997
29322,27.5,False,27.5
29323,27.5,False,27.5
29324,27.5,False,27.5
29325,27.5,False,27.5
29326,27.5,False,27.5
29327,27.5,False,27.5
29328,27.5,False,27.5
29329,27.5,False,27.5
29330,27.5,False,27.5
29331,27.5,False,27.5
29332,27.5,False,27.5
29333,27.5,False,27.5
29334,27.5,False,27.5
29335,27.5,False,27.5
29336,27.5,False,27.5
29337,27.5,False,27.5
29338,27.5,False,27.5
29339,27.5,False,27.5
29340,27.5,False,27.5
29341,27.5,False,27.5
29342,27.5,False,27.5
29343,27.5,False,27.5
29344,27.5,False,27.5
29345,27.5,False,27.5
29346,27.5,False,27.5
29347,27.5,False,27.5
29348,35.83,False,29.165999999999997
29349,35.83,False,30.832
29350,35.83,False,32.498000000000005
29351,35.83,False,34.164
29352,35.83,False,35.83
29353,35.83,False,35.83
29354,35.83,False,35.83
29355,35.83,False,35.83
29356,35.83,False,35.83
29357,35.83,False,35.83
29358,35.83,False,35.83
29359,35.83,False,35.83
29360,35.83,False,35.83
29361,35.83,False,35.83
29362,35.83,False,35.83
29363,35.83,False,35.83
29364,35.83,False,35.83
29365,35.83,False,35.83
29366,35.83,False,35.83
29367,35.83,False,35.83
29368,35.83,False,35.83
29369,35.83,False,35.83
29370,35.83,False,35.83
29371,35.83,False,35.83
29372,35.83,False,35.83
29373,35.83,False,35.83
29374,35.83,False,35.83
29375,35.83,False,35.83
29376,35.83,False,35.83
29377,35.83,False,35.83
29378,35.83,False,35.83
29379,75.83,False,43.83
29380,75.83,False,51.83
29381,75.83,False,59.83
29382,75.83,False,67.83
29383,75.83,False,75.83
29384,75.83,False,75.83
29385,75.83,False,75.83
29386,75.83,False,75.83
29387,75.83,False,75.83
29388,75.83,False,75.83
29389,75.83,False,75.83
29390,75.83,False,75.83
29391,75.83,False,75.83
29392,75.83,False,75.83
29393,75.83,False,75.83
29394,75.83,False,75.83
29395,75.83,False,75.83
29396,75.83,False,75.83
29397,75.83,False,75.83
29398,75.83,False,75.83
29399,75.83,False,75.83
29400,75.83,False,75.83
29401,75.83,False,75.83
29402,75.83,False,75.83
29403,75.83,False,75.83
29404,75.83,False,75.83
29405,75.83,False,75.83
29406,75.83,False,75.83
29407,75.83,False,75.83
29408,75.83,False,75.83
29409,75.83,False,75.83
29410,100.83,False,80.83
29411,100.83,False,85.83
29412,100.83,False,90.83
29413,100.83,False,95.83
29414,100.83,False,100.83
29415,100.83,False,100.83
29416,100.83,False,100.83
29417,100.83,False,100.83
29418,100.83,False,100.83
29419,100.83,False,100.83
29420,100.83,False,100.83
29421,100.83,False,100.83
29422,100.83,False,100.83
29423,100.83,False,100.83
29424,100.83,False,100.83
29425,100.83,False,100.83
29426,100.83,False,100.83
29427,100.83,False,100.83
29428,100.83,False,100.83
29429,100.83,False,100.83
29430,100.83,False,100.83
29431,100.83,False,100.83
29432,100.83,False,100.83
29433,100.83,False,100.83
29434,100.83,False,100.83
29435,100.83,False,100.83
29436,100.83,False,100.83
29437,100.83,False,100.83
29438,100.83,False,100.83
29439,100.83,False,100.83
29440,121.67,False,104.998
29441,152.5,False,115.33200000000002
29442,152.5,False,125.66599999999998
29443,152.5,False,136.0
29444,152.5,False,146.334
29445,152.5,False,152.5
29446,152.5,False,152.5
29447,152.5,False,152.5
29448,152.5,False,152.5
29449,152.5,False,152.5
29450,152.5,False,152.5
29451,152.5,False,152.5
29452,152.5,False,152.5
29453,152.5,False,152.5
29454,152.5,False,152.5
29455,152.5,False,152.5
29456,152.5,False,152.5
29457,152.5,False,152.5
29458,152.5,False,152.5
29459,152.5,False,152.5
29718,145.0,False,151.0
29719,145.0,False,149.5
29720,145.0,False,148.0
29721,145.0,False,146.5
29722,145.0,False,145.0
29723,145.0,False,145.0
29724,145.0,False,145.0
29725,145.0,False,145.0
29726,145.0,False,145.0
29727,145.0,False,145.0
29728,145.0,False,145.0
29729,145.0,False,145.0
29730,145.0,False,145.0
29731,145.0,False,145.0
29732,145.0,False,145.0
29733,145.0,False,145.0
29734,145.0,False,145.0
29735,145.0,False,145.0
29736,145.0,False,145.0
29737,145.0,False,145.0
29738,145.0,False,145.0
29739,145.0,False,145.0
29740,145.0,False,145.0
29741,145.0,False,145.0
29742,145.0,False,145.0
29743,145.0,False,145.0
29744,145.0,False,145.0
29745,145.0,False,145.0
29746,145.0,False,145.0
29747,145.0,False,145.0
29748,145.0,False,145.0
29749,142.5,False,144.5
29750,142.5,False,144.0
29751,142.5,False,143.5
29752,142.5,False,143.0
29753,142.5,False,142.5
29754,142.5,False,142.5
29755,142.5,False,142.5
29756,142.5,False,142.5
29757,142.5,False,142.5
29758,142.5,False,142.5
29759,142.5,False,142.5
29760,142.5,False,142.5
29761,142.5,False,142.5
29762,142.5,False,142.5
29763,142.5,False,142.5
29764,142.5,False,142.5
29765,142.5,False,142.5
29766,142.5,False,142.5
29767,142.5,False,142.5
29768,142.5,False,142.5
29769,142.5,False,142.5
29770,142.5,False,142.5
29771,142.5,False,142.5
29772,142.5,False,142.5
29773,142.5,False,142.5
29774,142.5,False,142.5
29775,142.5,False,142.5
29776,142.5,False,142.5
29777,142.5,False,142.5
29778,142.5,False,142.5
29779,142.5,False,142.5
29780,142.5,False,142.5
29781,142.5,False,142.5
29782,142.5,False,142.5
29783,142.5,False,142.5
29784,142.5,False,142.5
29785,142.5,False,142.5
29786,142.5,False,142.5
29787,142.5,False,142.5
29788,142.5,False,142.5
29789,142.5,False,142.5
29790,142.5,False,142.5
29791,142.5,False,142.5
29792,142.5,False,142.5
29793,142.5,False,142.5
29794,142.5,False,142.5
29795,142.5,False,142.5
29796,142.5,False,142.5
29797,142.5,False,142.5
29798,142.5,False,142.5
29799,142.5,False,142.5
29800,142.5,False,142.5
29801,142.5,False,142.5
29802,142.5,False,142.5
29803,142.5,False,142.5
29804,142.5,False,142.5
29805,142.5,False,142.5
29806,142.5,False,142.5
29807,142.5,False,142.5
29808,142.5,False,142.5
29809,142.5,False,142.5
29810,149.17,False,143.834
29811,149.17,False,145.168
29812,149.17,False,146.50199999999998
29813,149.17,False,147.836
29814,149.17,False,149.17
29815,149.17,False,149.17
29816,149.17,False,149.17
29817,149.17,False,149.17
29818,149.17,False,149.17
29819,149.17,False,149.17
29820,149.17,False,149.17
29821,149.17,False,149.17
29822,149.17,False,149.17
29823,149.17,False,149.17
29824,149.17,False,149.17
29825,149.17,False,149.17
29826,149.17,False,149.17
29827,149.17,False,149.17
29828,149.17,False,149.17
29829,149.17,False,149.17
29830,149.17,False,149.17
29831,149.17,False,149.17
29832,149.17,False,149.17
29833,149.17,False,149.17
29834,149.17,False,149.17
29835,149.17,False,149.17
29836,149.17,False,149.17
29837,149.17,False,149.17
29838,149.17,False,149.17
29839,149.17,False,149.17
30068,153.33,False,150.002
30069,153.33,False,150.834
30070,153.33,False,151.666
30071,153.33,False,152.498
30072,153.33,False,153.33
30073,153.33,False,153.33
30074,153.33,False,153.33
30075,153.33,False,153.33
30076,153.33,False,153.33
30077,153.33,False,153.33
30078,153.33,False,153.33
30079,153.33,False,153.33
30080,153.33,False,153.33
30081,153.33,False,153.33
30082,153.33,False,153.33
30083,153.33,False,153.33
30084,153.33,False,153.33
30085,153.33,False,153.33
30086,153.33,False,153.33
30087,153.33,False,153.33
30088,153.33,False,153.33
30089,153.33,False,153.33
30090,153.33,False,153.33
30091,153.33,False,153.33
30092,153.33,False,153.33
30093,153.33,False,153.33
30094,153.33,False,153.33
30095,153.33,False,153.33
30096,153.33,False,153.33
30097,153.33,False,153.33
30098,153.33,False,153.33
30099,153.33,False,153.33
30100,153.33,False,153.33
30101,153.33,False,153.33
30102,153.33,False,153.33
30103,153.33,False,153.33
30104,153.33,False,153.33
30105,153.33,False,153.33
30106,153.33,False,153.33
30107,153.33,False,153.33
30108,153.33,False,153.33
30109,153.33,False,153.33
30110,153.33,False,153.33
30111,153.33,False,153.33
30112,153.33,False,153.33
30113,153.33,False,153.33
30114,153.33,False,153.33
30115,153.33,False,153.33
30116,153.33,False,153.33
30117,153.33,False,153.33
30118,153.33,False,153.33
30119,153.33,False,153.33
30120,153.33,False,153.33
30121,153.33,False,153.33
30122,153.33,False,153.33
30123,153.33,False,153.33
30124,153.33,False,153.33
30125,153.33,False,153.33
30126,153.33,False,153.33
30127,153.33,False,153.33
30128,153.33,False,153.33
30129,153.33,False,153.33
30130,146.67,False,151.99800000000002
30131,146.67,False,150.666
30132,146.67,False,149.334
30133,146.67,False,148.002
30134,146.67,False,146.67
30135,146.67,False,146.67
30136,146.67,False,146.67
30137,146.67,False,146.67
30138,146.67,False,146.67
30139,146.67,False,146.67
30140,146.67,False,146.67
30141,146.67,False,146.67
30142,146.67,False,146.67
30143,146.67,False,146.67
30144,146.67,False,146.67
30145,146.67,False,146.67
30146,146.67,False,146.67
30147,146.67,False,146.67
30148,146.67,False,146.67
30149,146.67,False,146.67
30150,146.67,False,146.67
30151,146.67,False,146.67
30152,146.67,False,146.67
30153,146.67,False,146.67
30154,146.67,False,146.67
30155,146.67,False,146.67
30156,146.67,False,146.67
30157,146.67,False,146.67
30158,146.67,False,146.67
30159,146.67,False,146.67
30160,139.17,False,145.17
30161,139.17,False,143.67
30162,139.17,False,142.17
30163,139.17,False,140.67
30164,139.17,False,139.17
30165,139.17,False,139.17
30166,139.17,False,139.17
30167,139.17,False,139.17
30168,139.17,False,139.17
30169,139.17,False,139.17
30170,139.17,False,139.17
30171,139.17,False,139.17
30172,139.17,False,139.17
30173,139.17,False,139.17
30174,139.17,False,139.17
30175,139.17,False,139.17
30176,139.17,False,139.17
30177,139.17,False,139.17
30178,139.17,False,139.17
30179,139.17,False,139.17
30180,139.17,False,139.17
30181,139.17,False,139.17
30182,139.17,False,139.17
30183,139.17,False,139.17
30184,139.17,False,139.17
30185,139.17,False,139.17
30186,139.17,False,139.17
30187,139.17,False,139.17
30188,139.17,False,139.17
30189,139.17,False,139.17
30190,139.17,False,139.17
30191,133.33,False,138.002
30192,133.33,False,136.834
30193,133.33,False,135.666
30194,133.33,False,134.49800000000002
30195,133.33,False,133.33
30196,133.33,False,133.33
30197,133.33,False,133.33
30198,133.33,False,133.33
30199,133.33,False,133.33
30200,133.33,False,133.33
30201,133.33,False,133.33
30202,133.33,False,133.33
30203,133.33,False,133.33
30204,133.33,False,133.33
30205,133.33,False,133.33
30206,133.33,False,133.33
30207,133.33,False,133.33
30208,133.33,False,133.33
30209,130.0,False,132.66400000000002
30210,130.0,False,131.998
30211,130.0,False,131.332
30212,130.0,False,130.666
30213,130.0,False,130.0
30214,130.0,False,130.0
30215,130.0,False,130.0
30216,130.0,False,130.0
30217,130.0,False,130.0
30218,130.0,False,130.0
30219,130.0,False,130.0
30220,130.0,False,130.0
30221,130.0,False,130.0
30222,130.0,False,130.0
30223,130.0,False,130.0
30224,130.0,False,130.0
30225,130.0,False,130.0
30226,130.0,False,130.0
30227,130.0,False,130.0
30228,130.0,False,130.0
30229,130.0,False,130.0
30230,130.0,False,130.0
30231,130.0,False,130.0
30232,130.0,False,130.0
30233,130.0,False,130.0
30234,130.0,False,130.0
30235,131.67,False,130.334
30236,131.67,False,130.668
30237,131.67,False,131.002
30238,131.67,False,131.33599999999998
30239,131.67,False,131.67
30240,131.67,False,131.67
30241,131.67,False,131.67
30242,131.67,False,131.67
30243,131.67,False,131.67
30244,131.67,False,131.67
30245,131.67,False,131.67
30246,131.67,False,131.67
30247,131.67,False,131.67
30248,131.67,False,131.67
30249,131.67,False,131.67
30250,131.67,False,131.67
30251,131.67,False,131.67
30252,131.67,False,131.67
30253,131.67,False,131.67
30254,131.67,False,131.67
30255,131.67,False,131.67
30256,131.67,False,131.67
30257,131.67,False,131.67
30258,131.67,False,131.67
30259,131.67,False,131.67
30260,131.67,False,131.67
30261,131.67,False,131.67
30262,131.67,False,131.67
30263,131.67,False,131.67
30264,131.67,False,131.67
30265,131.67,False,131.67
30266,132.5,False,131.83599999999998
30267,132.5,False,132.002
30268,132.5,False,132.16799999999998
30269,132.5,False,132.334
30270,132.5,False,132.5
30271,132.5,False,132.5
30272,132.5,False,132.5
30273,132.5,False,132.5
30274,132.5,False,132.5
30275,132.5,False,132.5
30276,132.5,False,132.5
30277,132.5,False,132.5
30278,132.5,False,132.5
30279,132.5,False,132.5
30280,132.5,False,132.5
30281,132.5,False,132.5
30282,132.5,False,132.5
30283,132.5,False,132.5
30284,132.5,False,132.5
30285,132.5,False,132.5
30286,132.5,False,132.5
30287,132.5,False,132.5
30288,132.5,False,132.5
30289,132.5,False,132.5
30290,132.5,False,132.5
30291,132.5,False,132.5
30292,132.5,False,132.5
30293,132.5,False,132.5
30294,132.5,False,132.5
30295,132.5,False,132.5
30296,130.83,False,132.166
30297,130.83,False,131.83200000000002
30298,130.83,False,131.498
30299,130.83,False,131.16400000000002
30300,130.83,False,130.83
30301,130.83,False,130.83
30302,130.83,False,130.83
30303,130.83,False,130.83
30304,130.83,False,130.83
30305,130.83,False,130.83
30306,130.83,False,130.83
30307,130.83,False,130.83
30308,130.83,False,130.83
30309,130.83,False,130.83
30310,130.83,False,130.83
30311,130.83,False,130.83
30312,130.83,False,130.83
30313,130.83,False,130.83
30314,130.83,False,130.83
30315,130.83,False,130.83
30316,130.83,False,130.83
30317,130.83,False,130.83
30318,130.83,False,130.83
30319,130.83,False,130.83
30320,130.83,False,130.83
30321,130.83,False,130.83
30322,130.83,False,130.83
30323,130.83,False,130.83
30324,130.83,False,130.83
30325,130.83,False,130.83
30326,130.83,False,130.83
30327,130.83,False,130.83
30328,130.83,False,130.83
30329,130.83,False,130.83
30330,130.83,False,130.83
30331,130.83,False,130.83
30332,130.83,False,130.83
30333,130.83,False,130.83
30334,130.83,False,130.83
30335,130.83,False,130.83
30336,130.83,False,130.83
30337,130.83,False,130.83
30338,130.83,False,130.83
30339,130.83,False,130.83
30340,130.83,False,130.83
30341,130.83,False,130.83
30342,130.83,False,130.83
30343,130.83,False,130.83
30344,130.83,False,130.83
30345,130.83,False,130.83
30346,130.83,False,130.83
30347,130.83,False,130.83
30348,130.83,False,130.83
30349,130.83,False,130.83
30350,130.83,False,130.83
30351,130.83,False,130.83
30352,130.83,False,130.83
30353,130.83,False,130.83
30354,130.83,False,130.83
30355,130.83,False,130.83
30356,130.83,False,130.83
30357,129.17,False,130.498
30358,129.17,False,130.166
30359,129.17,False,129.834
30360,129.17,False,129.502
30361,129.17,False,129.17
30362,129.17,False,129.17
30363,129.17,False,129.17
30364,129.17,False,129.17
30365,129.17,False,129.17
30366,129.17,False,129.17
30367,129.17,False,129.17
30368,129.17,False,129.17
30369,129.17,False,129.17
30370,129.17,False,129.17
30371,129.17,False,129.17
30372,129.17,False,129.17
30373,129.17,False,129.17
30374,129.17,False,129.17
30375,129.17,False,129.17
30376,129.17,False,129.17
30377,129.17,False,129.17
30378,129.17,False,129.17
30379,129.17,False,129.17
30380,129.17,False,129.17
30381,129.17,False,129.17
30382,129.17,False,129.17
30383,129.17,False,129.17
30384,129.17,False,129.17
30385,129.17,False,129.17
30386,129.17,False,129.17
30387,129.17,False,129.17
30388,126.67,False,128.67
30389,126.67,False,128.17
30390,126.67,False,127.67
30391,126.67,False,127.17
30392,126.67,False,126.67
30393,126.67,False,126.67
30394,126.67,False,126.67
30395,126.67,False,126.67
30396,126.67,False,126.67
30397,126.67,False,126.67
30398,126.67,False,126.67
30399,126.67,False,126.67
30400,126.67,False,126.67
30401,126.67,False,126.67
30402,126.67,False,126.67
30403,126.67,False,126.67
30404,126.67,False,126.67
30405,126.67,False,126.67
30406,126.67,False,126.67
30407,126.67,False,126.67
30408,126.67,False,126.67
30409,126.67,False,126.67
30410,126.67,False,126.67
30411,126.67,False,126.67
30412,126.67,False,126.67
30413,126.67,False,126.67
30414,126.67,False,126.67
30415,126.67,False,126.67
30416,126.67,False,126.67
30417,126.67,False,126.67
30418,123.33,False,126.002
30419,123.33,False,125.33400000000002
30420,123.33,False,124.66600000000001
30421,123.33,False,123.998
30422,123.33,False,123.33
30423,123.33,False,123.33
30424,123.33,False,123.33
30425,123.33,False,123.33
30426,123.33,False,123.33
30427,123.33,False,123.33
30428,123.33,False,123.33
30429,123.33,False,123.33
30430,123.33,False,123.33
30431,123.33,False,123.33
30432,123.33,False,123.33
30433,123.33,False,123.33
30434,123.33,False,123.33
30435,123.33,False,123.33
30436,123.33,False,123.33
30437,123.33,False,123.33
30438,123.33,False,123.33
30439,123.33,False,123.33
30440,123.33,False,123.33
30441,123.33,False,123.33
30442,123.33,False,123.33
30443,123.33,False,123.33
30444,123.33,False,123.33
30445,123.33,False,123.33
30446,123.33,False,123.33
30447,123.33,False,123.33
30448,123.33,False,123.33
30449,122.5,False,123.16400000000002
30450,122.5,False,122.998
30451,122.5,False,122.832
30452,122.5,False,122.66600000000001
30453,122.5,False,122.5
30454,122.5,False,122.5
30455,122.5,False,122.5
30456,122.5,False,122.5
30457,122.5,False,122.5
30458,122.5,False,122.5
30459,122.5,False,122.5
30460,122.5,False,122.5
30461,122.5,False,122.5
30462,122.5,False,122.5
30463,122.5,False,122.5
30464,122.5,False,122.5
30465,123.33,False,122.66600000000001
30466,123.33,False,122.832
30467,123.33,False,122.998
30468,123.33,False,123.16400000000002
30469,123.33,False,123.33
30470,123.33,False,123.33
30471,123.33,False,123.33
30472,123.33,False,123.33
30473,123.33,False,123.33
30474,123.33,False,123.33
30475,123.33,False,123.33
30476,123.33,False,123.33
30477,123.33,False,123.33
30478,123.33,False,123.33
30479,123.33,False,123.33
30480,123.33,False,123.33
30481,123.33,False,123.33
30482,123.33,False,123.33
30483,123.33,False,123.33
30484,123.33,False,123.33
30485,123.33,False,123.33
30486,123.33,False,123.33
30487,123.33,False,123.33
30488,123.33,False,123.33
30489,123.33,False,123.33
30490,123.33,False,123.33
30491,123.33,False,123.33
30492,123.33,False,123.33
30493,121.67,False,122.998
30494,121.67,False,122.66599999999998
30495,121.67,False,122.33399999999999
30496,121.67,False,122.002
30497,121.67,False,121.67
30498,121.67,False,121.67
30499,121.67,False,121.67
30500,121.67,False,121.67
30501,121.67,False,121.67
30502,121.67,False,121.67
30503,121.67,False,121.67
30504,121.67,False,121.67
30505,121.67,False,121.67
30506,121.67,False,121.67
30507,121.67,False,121.67
30508,121.67,False,121.67
30509,121.67,False,121.67
30510,121.67,False,121.67
30511,121.67,False,121.67
30512,121.67,False,121.67
30513,121.67,False,121.67
30514,121.67,False,121.67
30515,121.67,False,121.67
30516,121.67,False,121.67
30517,121.67,False,121.67
30518,121.67,False,121.67
30519,121.67,False,121.67
30520,121.67,False,121.67
30521,121.67,False,121.67
30522,121.67,False,121.67
30523,121.67,False,121.67
30524,123.33,False,122.002
30525,123.33,False,122.33400000000002
30526,123.33,False,122.66600000000001
30527,123.33,False,122.998
30528,123.33,False,123.33
30529,123.33,False,123.33
30530,123.33,False,123.33
30531,123.33,False,123.33
30532,123.33,False,123.33
30533,123.33,False,123.33
30534,123.33,False,123.33
30535,123.33,False,123.33
30536,123.33,False,123.33
30537,123.33,False,123.33
30538,123.33,False,123.33
30539,123.33,False,123.33
30540,123.33,False,123.33
30541,123.33,False,123.33
30542,123.33,False,123.33
30543,123.33,False,123.33
30544,123.33,False,123.33
30545,123.33,False,123.33
30546,123.33,False,123.33
30547,123.33,False,123.33
30548,123.33,False,123.33
30549,123.33,False,123.33
30550,123.33,False,123.33
30551,123.33,False,123.33
30552,123.33,False,123.33
30553,123.33,False,123.33
30554,124.17,False,123.498
30555,124.17,False,123.66600000000001
30556,124.17,False,123.83399999999999
30557,124.17,False,124.002
30558,124.17,False,124.17
30559,124.17,False,124.17
30560,124.17,False,124.17
30561,124.17,False,124.17
30562,124.17,False,124.17
30563,124.17,False,124.17
30564,124.17,False,124.17
30565,124.17,False,124.17
30566,124.17,False,124.17
30567,124.17,False,124.17
30568,124.17,False,124.17
30569,124.17,False,124.17
30570,124.17,False,124.17
30571,124.17,False,124.17
30572,124.17,False,124.17
30573,124.17,False,124.17
30574,124.17,False,124.17
30575,124.17,False,124.17
30576,124.17,False,124.17
30577,124.17,False,124.17
30578,124.17,False,124.17
30579,124.17,False,124.17
30580,124.17,False,124.17
30581,124.17,False,124.17
30582,124.17,False,124.17
30583,124.17,False,124.17
30584,124.17,False,124.17
30585,124.17,False,124.17
30586,124.17,False,124.17
30587,124.17,False,124.17
30588,124.17,False,124.17
30589,124.17,False,124.17
30590,124.17,False,124.17
30591,124.17,False,124.17
30592,124.17,False,124.17
30593,124.17,False,124.17
30594,124.17,False,124.17
30595,124.17,False,124.17
30596,124.17,False,124.17
30597,124.17,False,124.17
30598,124.17,False,124.17
30599,124.17,False,124.17
30600,124.17,False,124.17
30601,124.17,False,124.17
30602,124.17,False,124.17
30603,124.17,False,124.17
30604,124.17,False,124.17
30605,124.17,False,124.17
30606,124.17,False,124.17
30607,124.17,False,124.17
30608,124.17,False,124.17
30609,124.17,False,124.17
30610,124.17,False,124.17
30611,124.17,False,124.17
30612,124.17,False,124.17
30613,124.17,False,124.17
30614,124.17,False,124.17
30615,125.0,False,124.33599999999998
30616,125.0,False,124.502
30617,125.0,False,124.668
30618,125.0,False,124.83399999999999
30619,125.0,False,125.0
30620,125.0,False,125.0
30621,125.0,False,125.0
30622,125.0,False,125.0
30623,125.0,False,125.0
30624,125.0,False,125.0
30625,125.0,False,125.0
30626,125.0,False,125.0
30627,125.0,False,125.0
30628,125.0,False,125.0
30629,125.0,False,125.0
30630,125.0,False,125.0
30631,125.0,False,125.0
30632,125.0,False,125.0
30633,125.0,False,125.0
30634,125.0,False,125.0
30635,125.0,False,125.0
30636,125.0,False,125.0
30637,125.0,False,125.0
30638,125.0,False,125.0
30639,125.0,False,125.0
30640,125.0,False,125.0
30641,125.0,False,125.0
30642,125.0,False,125.0
30643,125.0,False,125.0
30644,125.0,False,125.0
30645,125.0,False,125.0
30646,125.83,False,125.16599999999998
30647,125.83,False,125.332
30648,125.83,False,125.498
30649,125.83,False,125.66399999999999
30650,125.83,False,125.83
30651,125.83,False,125.83
30652,125.83,False,125.83
30653,125.83,False,125.83
30654,125.83,False,125.83
30655,125.83,False,125.83
30656,125.83,False,125.83
30657,125.83,False,125.83
30658,125.83,False,125.83
30659,125.83,False,125.83
30660,125.83,False,125.83
30661,125.83,False,125.83
30662,125.83,False,125.83
30663,125.83,False,125.83
30664,125.83,False,125.83
30665,125.83,False,125.83
30666,125.83,False,125.83
30667,125.83,False,125.83
30668,125.83,False,125.83
30669,125.83,False,125.83
30670,125.83,False,125.83
30671,125.83,False,125.83
30672,125.83,False,125.83
30673,125.83,False,125.83
30674,125.83,False,125.83
30675,125.83,False,125.83
30676,125.83,False,125.83
30677,125.83,False,125.83
30678,125.83,False,125.83
30679,125.83,False,125.83
30680,125.83,False,125.83
30681,125.83,False,125.83
30682,125.83,False,125.83
30683,125.83,False,125.83
30684,125.83,False,125.83
30685,125.83,False,125.83
30686,125.83,False,125.83
30687,125.83,False,125.83
30688,125.83,False,125.83
30689,125.83,False,125.83
30690,125.83,False,125.83
30691,125.83,False,125.83
30692,125.83,False,125.83
30693,125.83,False,125.83
30694,125.83,False,125.83
30695,125.83,False,125.83
30696,125.83,False,125.83
30697,125.83,False,125.83
30698,125.83,False,125.83
30699,125.83,False,125.83
30700,125.83,False,125.83
30701,125.83,False,125.83
30702,125.83,False,125.83
30703,125.83,False,125.83
30704,125.83,False,125.83
30705,125.83,False,125.83
30706,125.83,False,125.83
30707,125.83,False,125.83
30708,125.83,False,125.83
30709,125.83,False,125.83
30710,125.83,False,125.83
30711,125.83,False,125.83
30712,125.83,False,125.83
30713,125.83,False,125.83
30714,125.83,False,125.83
30715,125.83,False,125.83
30716,125.83,False,125.83
30717,125.83,False,125.83
30718,125.83,False,125.83
30719,125.83,False,125.83
30720,125.83,False,125.83
30721,126.67,False,125.998
30722,126.67,False,126.16599999999998
30723,126.67,False,126.33399999999999
30724,126.67,False,126.502
30725,126.67,False,126.67
30726,126.67,False,126.67
30727,126.67,False,126.67
30728,126.67,False,126.67
30729,126.67,False,126.67
30730,126.67,False,126.67
30731,126.67,False,126.67
30732,126.67,False,126.67
30733,126.67,False,126.67
30734,126.67,False,126.67
30735,126.67,False,126.67
30736,126.67,False,126.67
30737,126.67,False,126.67
30738,126.67,False,126.67
30739,126.67,False,126.67
30740,126.67,False,126.67
30741,126.67,False,126.67
30742,126.67,False,126.67
30743,126.67,False,126.67
30744,126.67,False,126.67
30745,126.67,False,126.67
30746,126.67,False,126.67
30747,126.67,False,126.67
30748,126.67,False,126.67
30749,126.67,False,126.67
30750,126.67,False,126.67
30751,126.67,False,126.67
30752,125.0,False,126.33599999999998
30753,125.0,False,126.002
30754,125.0,False,125.668
30755,125.0,False,125.33399999999999
30756,125.0,False,125.0
30757,125.0,False,125.0
30758,125.0,False,125.0
30759,125.0,False,125.0
30760,125.0,False,125.0
30761,125.0,False,125.0
30762,125.0,False,125.0
30763,125.0,False,125.0
30764,125.0,False,125.0
30765,125.0,False,125.0
30766,125.0,False,125.0
30767,125.0,False,125.0
30768,125.0,False,125.0
30769,125.0,False,125.0
30770,125.0,False,125.0
30771,125.0,False,125.0
30772,125.0,False,125.0
30773,125.0,False,125.0
30774,125.0,False,125.0
30775,125.0,False,125.0
30776,125.0,False,125.0
30777,125.0,False,125.0
30778,125.0,False,125.0
30779,125.0,False,125.0
30780,125.0,False,125.0
30781,125.0,False,125.0
30782,122.5,False,124.5
30783,122.5,False,124.0
30784,122.5,False,123.5
30785,122.5,False,123.0
30786,122.5,False,122.5
30787,122.5,False,122.5
30788,122.5,False,122.5
30789,122.5,False,122.5
30790,122.5,False,122.5
30791,122.5,False,122.5
30792,122.5,False,122.5
30793,122.5,False,122.5
30794,122.5,False,122.5
30795,122.5,False,122.5
30796,122.5,False,122.5
30797,122.5,False,122.5
30798,122.5,False,122.5
30799,122.5,False,122.5
30800,122.5,False,122.5
30801,122.5,False,122.5
30802,122.5,False,122.5
30803,122.5,False,122.5
30804,122.5,False,122.5
30805,122.5,False,122.5
30806,122.5,False,122.5
30807,122.5,False,122.5
30808,122.5,False,122.5
30809,122.5,False,122.5
30810,122.5,False,122.5
30811,122.5,False,122.5
30812,118.33,False,121.66599999999998
30813,118.33,False,120.832
30814,118.33,False,119.998
30815,118.33,False,119.16399999999999
30816,118.33,False,118.33
30817,118.33,False,118.33
30818,118.33,False,118.33
30819,118.33,False,118.33
30820,118.33,False,118.33
30821,118.33,False,118.33
30822,118.33,False,118.33
30823,118.33,False,118.33
30824,118.33,False,118.33
30825,118.33,False,118.33
30826,118.33,False,118.33
30827,118.33,False,118.33
30828,118.33,False,118.33
30829,118.33,False,118.33
30830,118.33,False,118.33
30831,118.33,False,118.33
30832,118.33,False,118.33
30833,118.33,False,118.33
30834,118.33,False,118.33
30835,118.33,False,118.33
30836,118.33,False,118.33
30837,118.33,False,118.33
30838,118.33,False,118.33
30839,118.33,False,118.33
30840,118.33,False,118.33
30841,118.33,False,118.33
30842,118.33,False,118.33
30843,107.5,False,116.16399999999999
30844,107.5,False,113.998
30845,107.5,False,111.832
30846,107.5,False,109.66600000000001
30847,107.5,False,107.5
30848,107.5,False,107.5
30849,107.5,False,107.5
30850,107.5,False,107.5
30851,107.5,False,107.5
30852,107.5,False,107.5
30853,107.5,False,107.5
30854,107.5,False,107.5
30855,107.5,False,107.5
30856,107.5,False,107.5
30857,107.5,False,107.5
30858,107.5,False,107.5
30859,107.5,False,107.5
30860,107.5,False,107.5
30861,107.5,False,107.5
30862,107.5,False,107.5
30863,107.5,False,107.5
30864,107.5,False,107.5
30865,107.5,False,107.5
30866,107.5,False,107.5
30867,107.5,False,107.5
30868,107.5,False,107.5
30869,107.5,False,107.5
30870,107.5,False,107.5
30871,107.5,False,107.5
30872,107.5,False,107.5
30873,95.0,False,105.0
30874,95.0,False,102.5
30875,95.0,False,100.0
30876,95.0,False,97.5
30877,95.0,False,95.0
30878,95.0,False,95.0
30879,95.0,False,95.0
30880,95.0,False,95.0
30881,95.0,False,95.0
30882,95.0,False,95.0
30883,95.0,False,95.0
30884,95.0,False,95.0
30885,95.0,False,95.0
30886,95.0,False,95.0
30887,95.0,False,95.0
30888,95.0,False,95.0
30889,95.0,False,95.0
30890,95.0,False,95.0
30891,95.0,False,95.0
30892,95.0,False,95.0
30893,95.0,False,95.0
30894,95.0,False,95.0
30895,95.0,False,95.0
30896,95.0,False,95.0
30897,95.0,False,95.0
30898,95.0,False,95.0
30899,95.0,False,95.0
30900,95.0,False,95.0
30901,95.0,False,95.0
30902,95.0,False,95.0
30903,95.0,False,95.0
30904,84.17,False,92.83399999999999
30905,84.17,False,90.66799999999999
30906,84.17,False,88.50200000000001
30907,84.17,False,86.33599999999998
30908,84.17,False,84.17
30909,84.17,False,84.17
30910,84.17,False,84.17
30911,84.17,False,84.17
30912,84.17,False,84.17
30913,84.17,False,84.17
30914,84.17,False,84.17
30915,84.17,False,84.17
30916,84.17,False,84.17
30917,84.17,False,84.17
30918,84.17,False,84.17
30919,84.17,False,84.17
30920,84.17,False,84.17
30921,84.17,False,84.17
30922,84.17,False,84.17
30923,84.17,False,84.17
30924,84.17,False,84.17
30925,84.17,False,84.17
30926,84.17,False,84.17
30927,84.17,False,84.17
30928,84.17,False,84.17
30929,84.17,False,84.17
30930,84.17,False,84.17
30931,84.17,False,84.17
30932,84.17,False,84.17
30933,84.17,False,84.17
30934,84.17,False,84.17
30935,79.17,False,83.17
30936,79.17,False,82.17
30937,79.17,False,81.17
30938,79.17,False,80.17
30939,79.17,False,79.17
30940,79.17,False,79.17
30941,79.17,False,79.17
30942,79.17,False,79.17
30943,79.17,False,79.17
30944,79.17,False,79.17
30945,79.17,False,79.17
30946,79.17,False,79.17
30947,79.17,False,79.17
30948,79.17,False,79.17
30949,79.17,False,79.17
30950,79.17,False,79.17
30951,79.17,False,79.17
30952,79.17,False,79.17
30953,79.17,False,79.17
30954,79.17,False,79.17
30955,79.17,False,79.17
30956,79.17,False,79.17
30957,79.17,False,79.17
30958,79.17,False,79.17
30959,79.17,False,79.17
30960,79.17,False,79.17
30961,79.17,False,79.17
30962,79.17,False,79.17
30963,79.17,False,79.17
30964,79.17,False,79.17
30965,82.5,False,79.836
30966,82.5,False,80.502
30967,82.5,False,81.16799999999999
30968,82.5,False,81.83399999999999
30969,82.5,False,82.5
30970,82.5,False,82.5
30971,82.5,False,82.5
30972,82.5,False,82.5
30973,82.5,False,82.5
30974,82.5,False,82.5
30975,82.5,False,82.5
30976,82.5,False,82.5
30977,92.5,False,84.5
30978,92.5,False,86.5
30979,92.5,False,88.5
30980,92.5,False,90.5
30981,92.5,False,92.5
30982,95.83,False,93.16600000000001
30983,95.83,False,93.83200000000001
30984,95.83,False,94.498
30985,95.83,False,95.164
30986,95.83,False,95.83
30987,95.83,False,95.83
30988,95.83,False,95.83
30989,95.83,False,95.83
30990,95.83,False,95.83
30991,95.83,False,95.83
30992,95.83,False,95.83
30993,95.83,False,95.83
30994,95.83,False,95.83
30995,95.83,False,95.83
30996,95.83,False,95.83
30997,95.83,False,95.83
30998,95.83,False,95.83
30999,95.83,False,95.83
31000,95.83,False,95.83
31001,95.83,False,95.83
31002,95.83,False,95.83
31003,95.83,False,95.83
31004,95.83,False,95.83
31005,95.83,False,95.83
31006,95.83,False,95.83
31007,95.83,False,95.83
31008,95.83,False,95.83
31009,95.83,False,95.83
31010,95.83,False,95.83
31011,95.83,False,95.83
31012,95.83,False,95.83
31013,90.0,False,94.664
31014,90.0,False,93.498
31015,90.0,False,92.332
31016,90.0,False,91.166
31017,90.0,False,90.0
31018,90.0,False,90.0
31019,90.0,False,90.0
31020,90.0,False,90.0
31021,90.0,False,90.0
31022,90.0,False,90.0
31023,90.0,False,90.0
31024,90.0,False,90.0
31025,90.0,False,90.0
31026,90.0,False,90.0
31027,90.0,False,90.0
31028,90.0,False,90.0
31029,90.0,False,90.0
31030,90.0,False,90.0
31031,90.0,False,90.0
31032,90.0,False,90.0
31033,90.0,False,90.0
31034,90.0,False,90.0
31035,90.0,False,90.0
31036,90.0,False,90.0
31037,90.0,False,90.0
31038,90.0,False,90.0
31039,90.0,False,90.0
31040,90.0,False,90.0
31041,90.0,False,90.0
31042,90.0,False,90.0
31043,84.17,False,88.834
31044,84.17,False,87.668
31045,84.17,False,86.502
31046,84.17,False,85.336
31047,84.17,False,84.17
31048,84.17,False,84.17
31049,84.17,False,84.17
31050,84.17,False,84.17
31051,84.17,False,84.17
31052,84.17,False,84.17
31053,84.17,False,84.17
31054,84.17,False,84.17
31055,84.17,False,84.17
31056,84.17,False,84.17
31057,84.17,False,84.17
31058,84.17,False,84.17
31059,84.17,False,84.17
31060,84.17,False,84.17
31061,84.17,False,84.17
31062,84.17,False,84.17
31063,84.17,False,84.17
31064,84.17,False,84.17
31065,84.17,False,84.17
31066,84.17,False,84.17
31067,84.17,False,84.17
31068,84.17,False,84.17
31069,84.17,False,84.17
31070,84.17,False,84.17
31071,84.17,False,84.17
31072,84.17,False,84.17
31073,84.17,False,84.17
31074,85.83,False,84.502
31075,85.83,False,84.834
31076,85.83,False,85.166
31077,85.83,False,85.49799999999999
31078,85.83,False,85.83
31079,85.83,False,85.83
31080,85.83,False,85.83
31081,85.83,False,85.83
31082,85.83,False,85.83
31083,85.83,False,85.83
31084,85.83,False,85.83
31085,85.83,False,85.83
31086,85.83,False,85.83
31087,85.83,False,85.83
31088,85.83,False,85.83
31089,85.83,False,85.83
31090,85.83,False,85.83
31091,85.83,False,85.83
31092,85.83,False,85.83
31093,85.83,False,85.83
31094,85.83,False,85.83
31095,85.83,False,85.83
31096,85.83,False,85.83
31097,85.83,False,85.83
31098,85.83,False,85.83
31099,85.83,False,85.83
31100,85.83,False,85.83
31101,85.83,False,85.83
31102,85.83,False,85.83
31103,85.83,False,85.83
31104,98.33,False,88.33
31105,98.33,False,90.83
31106,98.33,False,93.33
31107,98.33,False,95.83
31108,98.33,False,98.33
31109,98.33,False,98.33
31110,98.33,False,98.33
31111,98.33,False,98.33
31112,98.33,False,98.33
31113,98.33,False,98.33
31114,98.33,False,98.33
31115,98.33,False,98.33
31116,98.33,False,98.33
31117,98.33,False,98.33
31118,98.33,False,98.33
31119,98.33,False,98.33
31120,98.33,False,98.33
31121,98.33,False,98.33
31122,98.33,False,98.33
31123,98.33,False,98.33
31124,98.33,False,98.33
31125,98.33,False,98.33
31126,98.33,False,98.33
31127,98.33,False,98.33
31128,98.33,False,98.33
31129,98.33,False,98.33
31130,98.33,False,98.33
31131,98.33,False,98.33
31132,98.33,False,98.33
31133,98.33,False,98.33
31134,98.33,False,98.33
31135,99.17,False,98.49799999999999
31136,99.17,False,98.666
31137,99.17,False,98.834
31138,99.17,False,99.002
31139,99.17,False,99.17
31140,99.17,False,99.17
31141,99.17,False,99.17
31142,99.17,False,99.17
31143,99.17,False,99.17
31144,99.17,False,99.17
31145,99.17,False,99.17
31146,99.17,False,99.17
31147,99.17,False,99.17
31148,99.17,False,99.17
31149,99.17,False,99.17
31150,99.17,False,99.17
31151,99.17,False,99.17
31152,99.17,False,99.17
31153,99.17,False,99.17
31154,99.17,False,99.17
31155,99.17,False,99.17
31156,99.17,False,99.17
31157,99.17,False,99.17
31158,99.17,False,99.17
31159,99.17,False,99.17
31160,99.17,False,99.17
31161,99.17,False,99.17
31162,99.17,False,99.17
31163,99.17,False,99.17
31164,99.17,False,99.17
31165,99.17,False,99.17
31166,88.33,False,97.002
31167,88.33,False,94.834
31168,88.33,False,92.66600000000001
31169,88.33,False,90.498
31170,88.33,False,88.33
31171,88.33,False,88.33
31172,88.33,False,88.33
31173,88.33,False,88.33
31174,88.33,False,88.33
31175,88.33,False,88.33
31176,88.33,False,88.33
31177,88.33,False,88.33
31178,88.33,False,88.33
31179,88.33,False,88.33
31180,88.33,False,88.33
31181,88.33,False,88.33
31182,88.33,False,88.33
31183,88.33,False,88.33
31184,88.33,False,88.33
31185,88.33,False,88.33
31186,88.33,False,88.33
31187,88.33,False,88.33
31188,88.33,False,88.33
31189,88.33,False,88.33
31190,88.33,False,88.33
31191,88.33,False,88.33
31192,88.33,False,88.33
31193,88.33,False,88.33
31194,88.33,False,88.33
31195,88.33,False,88.33
31196,92.5,False,89.164
31197,92.5,False,89.998
31198,92.5,False,90.832
31199,92.5,False,91.666
31200,92.5,False,92.5
31201,92.5,False,92.5
31202,92.5,False,92.5
31203,92.5,False,92.5
31204,92.5,False,92.5
31205,92.5,False,92.5
31206,92.5,False,92.5
31207,92.5,False,92.5
31208,92.5,False,92.5
31209,92.5,False,92.5
31210,92.5,False,92.5
31211,92.5,False,92.5
31212,92.5,False,92.5
31213,92.5,False,92.5
31214,92.5,False,92.5
31215,92.5,False,92.5
31216,92.5,False,92.5
31217,92.5,False,92.5
31218,92.5,False,92.5
31219,92.5,False,92.5
31220,92.5,False,92.5
31221,92.5,False,92.5
31222,92.5,False,92.5
31223,92.5,False,92.5
31224,92.5,False,92.5
31225,92.5,False,92.5
31226,92.5,False,92.5
31227,123.33,False,98.66600000000001
31228,123.33,False,104.832
31229,123.33,False,110.998
31230,123.33,False,117.16400000000002
31231,123.33,False,123.33
31232,123.33,False,123.33
31233,135.0,False,125.66399999999999
31234,135.0,False,127.998
31235,135.0,False,130.332
31236,135.0,False,132.666
31237,135.0,False,135.0
31238,135.0,False,135.0
31239,135.0,False,135.0
31240,135.0,False,135.0
31241,135.0,False,135.0
31242,135.0,False,135.0
31243,135.0,False,135.0
31244,135.0,False,135.0
31245,135.0,False,135.0
31246,135.0,False,135.0
31247,135.0,False,135.0
31248,97.5,False,127.5
31249,97.5,False,120.0
31250,97.5,False,112.5
31251,97.5,False,105.0
31252,97.5,False,97.5
31253,97.5,False,97.5
31254,97.5,False,97.5
31255,97.5,False,97.5
31256,97.5,False,97.5
31257,97.5,False,97.5
31258,97.5,False,97.5
31259,97.5,False,97.5
31260,97.5,False,97.5
31261,97.5,False,97.5
31262,97.5,False,97.5
31263,97.5,False,97.5
31264,97.5,False,97.5
31265,97.5,False,97.5
31266,97.5,False,97.5
31267,97.5,False,97.5
31268,97.5,False,97.5
31269,97.5,False,97.5
31270,97.5,False,97.5
31271,97.5,False,97.5
31272,97.5,False,97.5
31273,97.5,False,97.5
31274,97.5,False,97.5
31275,97.5,False,97.5
31276,97.5,False,97.5
31277,97.5,False,97.5
31278,92.5,False,96.5
31279,92.5,False,95.5
31280,92.5,False,94.5
31281,92.5,False,93.5
31282,92.5,False,92.5
31283,92.5,False,92.5
31284,92.5,False,92.5
31285,92.5,False,92.5
31286,92.5,False,92.5
31287,92.5,False,92.5
31288,92.5,False,92.5
31289,92.5,False,92.5
31290,92.5,False,92.5
31291,92.5,False,92.5
31292,92.5,False,92.5
31293,92.5,False,92.5
31294,92.5,False,92.5
31295,92.5,False,92.5
31296,92.5,False,92.5
31297,92.5,False,92.5
31298,92.5,False,92.5
31299,92.5,False,92.5
31300,92.5,False,92.5
31301,92.5,False,92.5
31302,92.5,False,92.5
31303,92.5,False,92.5
31304,92.5,False,92.5
31305,92.5,False,92.5
31306,92.5,False,92.5
31307,92.5,False,92.5
31308,92.5,False,92.5
31309,138.33,False,101.66600000000001
31310,138.33,False,110.83200000000002
31311,138.33,False,119.998
31312,138.33,False,129.16400000000002
31313,138.33,False,138.33
31314,138.33,False,138.33
31315,138.33,False,138.33
31316,138.33,False,138.33
31317,138.33,False,138.33
31318,138.33,False,138.33
31319,138.33,False,138.33
31320,138.33,False,138.33
31321,138.33,False,138.33
31322,138.33,False,138.33
31323,138.33,False,138.33
31324,138.33,False,138.33
31325,138.33,False,138.33
31326,138.33,False,138.33
31327,138.33,False,138.33
31328,138.33,False,138.33
31329,138.33,False,138.33
31330,138.33,False,138.33
31331,138.33,False,138.33
31332,138.33,False,138.33
31333,138.33,False,138.33
31334,138.33,False,138.33
31335,138.33,False,138.33
31336,138.33,False,138.33
31337,138.33,False,138.33
31338,138.33,False,138.33
31339,124.17,False,135.49800000000002
31340,124.17,False,132.666
31341,124.17,False,129.834
31342,124.17,False,127.002
31343,124.17,False,124.17
31344,124.17,False,124.17
31345,124.17,False,124.17
31346,124.17,False,124.17
31347,124.17,False,124.17
31348,124.17,False,124.17
31349,124.17,False,124.17
31350,124.17,False,124.17
31351,124.17,False,124.17
31352,124.17,False,124.17
31353,124.17,False,124.17
31354,124.17,False,124.17
31355,124.17,False,124.17
31356,124.17,False,124.17
31357,124.17,False,124.17
31358,124.17,False,124.17
31359,124.17,False,124.17
31360,124.17,False,124.17
31361,124.17,False,124.17
31362,124.17,False,124.17
31363,124.17,False,124.17
31364,124.17,False,124.17
31365,124.17,False,124.17
31366,124.17,False,124.17
31367,124.17,False,124.17
31368,124.17,False,124.17
31369,124.17,False,124.17
31370,79.17,False,115.17
31371,79.17,False,106.17
31372,79.17,False,97.17
31373,79.17,False,88.17
31374,79.17,False,79.17
31375,79.17,False,79.17
31376,79.17,False,79.17
31377,79.17,False,79.17
31378,79.17,False,79.17
31379,79.17,False,79.17
31380,79.17,False,79.17
31381,79.17,False,79.17
31382,79.17,False,79.17
31383,79.17,False,79.17
31384,79.17,False,79.17
31385,79.17,False,79.17
31386,79.17,False,79.17
31387,79.17,False,79.17
31388,79.17,False,79.17
31389,79.17,False,79.17
31390,79.17,False,79.17
31391,79.17,False,79.17
31392,79.17,False,79.17
31393,79.17,False,79.17
31394,79.17,False,79.17
31395,79.17,False,79.17
31396,79.17,False,79.17
31397,79.17,False,79.17
31398,79.17,False,79.17
31399,79.17,False,79.17
31400,84.17,False,80.17
31401,84.17,False,81.17
31402,84.17,False,82.17
31403,84.17,False,83.17
31404,84.17,False,84.17
31405,84.17,False,84.17
31406,84.17,False,84.17
31407,84.17,False,84.17
31408,84.17,False,84.17
31409,84.17,False,84.17
31410,84.17,False,84.17
31411,84.17,False,84.17
31412,84.17,False,84.17
31413,84.17,False,84.17
31414,84.17,False,84.17
31415,84.17,False,84.17
31416,84.17,False,84.17
31417,84.17,False,84.17
31418,84.17,False,84.17
31419,84.17,False,84.17
31420,84.17,False,84.17
31421,84.17,False,84.17
31422,84.17,False,84.17
31423,84.17,False,84.17
31424,84.17,False,84.17
31425,84.17,False,84.17
31426,84.17,False,84.17
31427,84.17,False,84.17
31428,84.17,False,84.17
31429,84.17,False,84.17
31430,84.17,False,84.17
31431,136.67,False,94.67
31432,136.67,False,105.16999999999999
31433,136.67,False,115.67
31434,136.67,False,126.16999999999999
31435,136.67,False,136.67
31436,136.67,False,136.67
31437,136.67,False,136.67
31438,136.67,False,136.67
31439,136.67,False,136.67
31440,136.67,False,136.67
31441,136.67,False,136.67
31442,136.67,False,136.67
31443,136.67,False,136.67
31444,136.67,False,136.67
31445,136.67,False,136.67
31446,136.67,False,136.67
31447,136.67,False,136.67
31448,136.67,False,136.67
31449,136.67,False,136.67
31450,136.67,False,136.67
31451,136.67,False,136.67
31452,136.67,False,136.67
31453,136.67,False,136.67
31454,136.67,False,136.67
31455,136.67,False,136.67
31456,136.67,False,136.67
31457,136.67,False,136.67
31458,136.67,False,136.67
31459,136.67,False,136.67
31460,136.67,False,136.67
31461,132.5,False,135.83599999999998
31462,132.5,False,135.002
31463,132.5,False,134.16799999999998
31464,132.5,False,133.334
31465,132.5,False,132.5
31466,132.5,False,132.5
31467,132.5,False,132.5
31468,132.5,False,132.5
31469,132.5,False,132.5
31470,132.5,False,132.5
31471,132.5,False,132.5
31472,132.5,False,132.5
31473,132.5,False,132.5
31474,132.5,False,132.5
31475,132.5,False,132.5
31476,132.5,False,132.5
31477,132.5,False,132.5
31478,132.5,False,132.5
31479,132.5,False,132.5
31480,132.5,False,132.5
31481,132.5,False,132.5
31482,132.5,False,132.5
31483,132.5,False,132.5
31484,132.5,False,132.5
31485,132.5,False,132.5
31486,132.5,False,132.5
31487,132.5,False,132.5
31488,132.5,False,132.5
31489,123.33,False,130.666
31490,123.33,False,128.832
31491,123.33,False,126.998
31492,123.33,False,125.16399999999999
31493,123.33,False,123.33
31494,123.33,False,123.33
31495,123.33,False,123.33
31496,123.33,False,123.33
31497,123.33,False,123.33
31498,123.33,False,123.33
31499,123.33,False,123.33
31500,123.33,False,123.33
31501,123.33,False,123.33
31502,123.33,False,123.33
31503,123.33,False,123.33
31504,123.33,False,123.33
31505,123.33,False,123.33
31506,123.33,False,123.33
31507,123.33,False,123.33
31508,123.33,False,123.33
31540,108.33,False,120.33
31541,108.33,False,117.33
31542,108.33,False,114.33
31543,108.33,False,111.33
31544,108.33,False,108.33
31545,108.33,False,108.33
31546,108.33,False,108.33
31547,108.33,False,108.33
31548,108.33,False,108.33
31549,108.33,False,108.33
31550,108.33,False,108.33
31551,108.33,False,108.33
31552,108.33,False,108.33
31553,108.33,False,108.33
31554,108.33,False,108.33
31555,108.33,False,108.33
31556,108.33,False,108.33
31557,108.33,False,108.33
31558,108.33,False,108.33
31559,108.33,False,108.33
31560,108.33,False,108.33
31561,108.33,False,108.33
31562,108.33,False,108.33
31563,108.33,False,108.33
31564,108.33,False,108.33
31565,108.33,False,108.33
31566,108.33,False,108.33
31567,108.33,False,108.33
31568,108.33,False,108.33
31569,108.33,False,108.33
31570,106.67,False,107.998
31571,106.67,False,107.66599999999998
31572,106.67,False,107.33399999999999
31573,106.67,False,107.002
31574,106.67,False,106.67
31575,106.67,False,106.67
31576,106.67,False,106.67
31577,106.67,False,106.67
31578,106.67,False,106.67
31579,106.67,False,106.67
31580,106.67,False,106.67
31581,106.67,False,106.67
31582,106.67,False,106.67
31583,106.67,False,106.67
31584,106.67,False,106.67
31585,106.67,False,106.67
31586,106.67,False,106.67
31587,106.67,False,106.67
31588,106.67,False,106.67
31589,106.67,False,106.67
31590,106.67,False,106.67
31591,106.67,False,106.67
31592,106.67,False,106.67
31593,106.67,False,106.67
31594,106.67,False,106.67
31595,106.67,False,106.67
31596,106.67,False,106.67
31597,106.67,False,106.67
31598,106.67,False,106.67
31599,106.67,False,106.67
31631,119.17,False,109.17
31632,119.17,False,111.67
31633,119.17,False,114.17
31634,119.17,False,116.67
31635,119.17,False,119.17
31636,119.17,False,119.17
31637,119.17,False,119.17
31638,119.17,False,119.17
31639,119.17,False,119.17
31640,119.17,False,119.17
31641,119.17,False,119.17
31642,119.17,False,119.17
31643,119.17,False,119.17
31644,119.17,False,119.17
31645,119.17,False,119.17
31646,119.17,False,119.17
31647,119.17,False,119.17
31648,119.17,False,119.17
31649,119.17,False,119.17
31650,119.17,False,119.17
31651,119.17,False,119.17
31652,119.17,False,119.17
31653,119.17,False,119.17
31654,119.17,False,119.17
31655,119.17,False,119.17
31656,119.17,False,119.17
31657,119.17,False,119.17
31658,119.17,False,119.17
31659,119.17,False,119.17
31660,119.17,False,119.17
31661,85.83,False,112.502
31662,85.83,False,105.83400000000002
31663,85.83,False,99.166
31664,85.83,False,92.498
31665,85.83,False,85.83
31666,85.83,False,85.83
31667,85.83,False,85.83
31668,85.83,False,85.83
31669,85.83,False,85.83
31670,85.83,False,85.83
31671,85.83,False,85.83
31672,85.83,False,85.83
31673,85.83,False,85.83
31674,85.83,False,85.83
31675,85.83,False,85.83
31676,85.83,False,85.83
31677,85.83,False,85.83
31678,85.83,False,85.83
31679,85.83,False,85.83
31680,85.83,False,85.83
31681,85.83,False,85.83
31682,85.83,False,85.83
31683,85.83,False,85.83
31684,85.83,False,85.83
31685,85.83,False,85.83
31686,85.83,False,85.83
31687,85.83,False,85.83
31688,85.83,False,85.83
31689,85.83,False,85.83
31690,85.83,False,85.83
31691,85.83,False,85.83
31692,97.5,False,88.164
31693,97.5,False,90.498
31694,97.5,False,92.832
31695,97.5,False,95.166
31696,97.5,False,97.5
31697,97.5,False,97.5
31698,97.5,False,97.5
31699,97.5,False,97.5
31700,97.5,False,97.5
31701,97.5,False,97.5
31702,97.5,False,97.5
31703,97.5,False,97.5
31704,97.5,False,97.5
31705,97.5,False,97.5
31706,97.5,False,97.5
31707,97.5,False,97.5
31708,97.5,False,97.5
31709,97.5,False,97.5
31710,97.5,False,97.5
31711,97.5,False,97.5
31712,97.5,False,97.5
31713,97.5,False,97.5
31714,97.5,False,97.5
31715,97.5,False,97.5
31716,97.5,False,97.5
31717,97.5,False,97.5
31718,97.5,False,97.5
31719,97.5,False,97.5
31720,97.5,False,97.5
31721,97.5,False,97.5
31722,97.5,False,97.5
31745,100.0,False,98.0
31746,100.0,False,98.5
31747,100.0,False,99.0
31748,100.0,False,99.5
31749,100.0,False,100.0
31750,100.0,False,100.0
31751,100.0,False,100.0
31752,100.0,False,100.0
31753,100.0,False,100.0
31754,100.0,False,100.0
31755,100.0,False,100.0
31756,100.0,False,100.0
31757,100.0,False,100.0
31758,100.0,False,100.0
31759,100.0,False,100.0
31760,100.0,False,100.0
31761,100.0,False,100.0
31762,100.0,False,100.0
31763,100.0,False,100.0
31764,100.0,False,100.0
31765,100.0,False,100.0
31766,100.0,False,100.0
31767,100.0,False,100.0
31768,100.0,False,100.0
31799,106.67,False,101.334
31800,106.67,False,102.668
31801,106.67,False,104.002
31802,106.67,False,105.33600000000001
31803,106.67,False,106.67
31804,106.67,False,106.67
31805,106.67,False,106.67
31806,106.67,False,106.67
31807,106.67,False,106.67
31808,106.67,False,106.67
31809,106.67,False,106.67
31810,106.67,False,106.67
31811,106.67,False,106.67
31812,106.67,False,106.67
31813,106.67,False,106.67
31814,106.67,False,106.67
31815,106.67,False,106.67
31816,106.67,False,106.67
31817,106.67,False,106.67
31818,106.67,False,106.67
31819,106.67,False,106.67
31820,106.67,False,106.67
31821,106.67,False,106.67
31822,106.67,False,106.67
31823,106.67,False,106.67
31824,106.67,False,106.67
31825,106.67,False,106.67
31826,106.67,False,106.67
31827,106.67,False,106.67
31828,106.67,False,106.67
31829,106.67,False,106.67
31830,88.33,False,103.002
31831,88.33,False,99.334
31832,88.33,False,95.666
31833,88.33,False,91.998
31834,88.33,False,88.33
31835,88.33,False,88.33
31836,88.33,False,88.33
31837,88.33,False,88.33
31838,88.33,False,88.33
31839,88.33,False,88.33
31840,88.33,False,88.33
31841,88.33,False,88.33
31842,88.33,False,88.33
31843,88.33,False,88.33
31844,88.33,False,88.33
31845,88.33,False,88.33
31846,88.33,False,88.33
31847,88.33,False,88.33
31848,88.33,False,88.33
31849,88.33,False,88.33
31850,88.33,False,88.33
31851,88.33,False,88.33
31852,88.33,False,88.33
31853,88.33,False,88.33
31854,88.33,False,88.33
31855,88.33,False,88.33
31856,88.33,False,88.33
31857,88.33,False,88.33
31858,88.33,False,88.33
31859,88.33,False,88.33
31860,115.0,False,93.664
31861,115.0,False,98.998
31862,115.0,False,104.332
31863,115.0,False,109.66599999999998
31864,115.0,False,115.0
31865,115.0,False,115.0
31866,115.0,False,115.0
31867,115.0,False,115.0
31868,115.0,False,115.0
31869,115.0,False,115.0
31870,115.0,False,115.0
31871,115.0,False,115.0
31872,115.0,False,115.0
31873,115.0,False,115.0
31874,115.0,False,115.0
31875,115.0,False,115.0
31876,115.0,False,115.0
31877,115.0,False,115.0
31878,115.0,False,115.0
31879,115.0,False,115.0
31880,115.0,False,115.0
31881,115.0,False,115.0
31882,115.0,False,115.0
31883,115.0,False,115.0
31884,115.0,False,115.0
31885,115.0,False,115.0
31886,115.0,False,115.0
31887,115.0,False,115.0
31888,115.0,False,115.0
31889,115.0,False,115.0
31890,115.0,False,115.0
31891,150.83,False,122.16600000000001
31892,150.83,False,129.33200000000002
31893,150.83,False,136.498
31894,150.83,False,143.66400000000002
31895,150.83,False,150.83
31896,150.83,False,150.83
31897,150.83,False,150.83
31898,150.83,False,150.83
31899,150.83,False,150.83
31900,150.83,False,150.83
31901,150.83,False,150.83
31902,150.83,False,150.83
31903,150.83,False,150.83
31904,150.83,False,150.83
31905,150.83,False,150.83
31906,150.83,False,150.83
31907,150.83,False,150.83
31908,150.83,False,150.83
31909,150.83,False,150.83
31910,150.83,False,150.83
31911,150.83,False,150.83
31912,150.83,False,150.83
31913,150.83,False,150.83
31914,150.83,False,150.83
31915,150.83,False,150.83
31916,150.83,False,150.83
31917,150.83,False,150.83
31918,150.83,False,150.83
31919,150.83,False,150.83
31920,150.83,False,150.83
31921,150.83,False,150.83
31922,84.17,False,137.49800000000002
31923,84.17,False,124.16600000000001
31924,84.17,False,110.83399999999999
31925,84.17,False,97.502
31926,84.17,False,84.17
31927,84.17,False,84.17
31928,84.17,False,84.17
31929,84.17,False,84.17
31930,84.17,False,84.17
31931,84.17,False,84.17
31932,84.17,False,84.17
31933,84.17,False,84.17
31934,84.17,False,84.17
31935,84.17,False,84.17
31936,84.17,False,84.17
31937,84.17,False,84.17
31938,84.17,False,84.17
31939,84.17,False,84.17
31940,84.17,False,84.17
31941,84.17,False,84.17
31942,84.17,False,84.17
31943,84.17,False,84.17
31944,84.17,False,84.17
31945,84.17,False,84.17
31946,84.17,False,84.17
31947,84.17,False,84.17
31948,84.17,False,84.17
31949,84.17,False,84.17
31950,84.17,False,84.17
31951,84.17,False,84.17
31952,104.17,False,88.17
31953,104.17,False,92.17
31954,104.17,False,96.17
31955,104.17,False,100.17
31956,104.17,False,104.17
31957,104.17,False,104.17
31958,104.17,False,104.17
31959,104.17,False,104.17
31960,104.17,False,104.17
31961,104.17,False,104.17
31962,104.17,False,104.17
31963,104.17,False,104.17
31964,104.17,False,104.17
31965,104.17,False,104.17
31966,104.17,False,104.17
31967,104.17,False,104.17
31968,104.17,False,104.17
31969,104.17,False,104.17
31970,104.17,False,104.17
31971,104.17,False,104.17
31972,104.17,False,104.17
31973,104.17,False,104.17
31974,104.17,False,104.17
31975,104.17,False,104.17
31976,104.17,False,104.17
31977,104.17,False,104.17
31978,104.17,False,104.17
31979,104.17,False,104.17
31980,104.17,False,104.17
31981,104.17,False,104.17
31982,104.17,False,104.17
32001,83.33,False,100.002
32002,83.33,False,95.834
32003,83.33,False,91.666
32004,83.33,False,87.49799999999999
32005,83.33,False,83.33
32006,83.33,False,83.33
32007,83.33,False,83.33
32008,83.33,False,83.33
32009,83.33,False,83.33
32010,83.33,False,83.33
32011,83.33,False,83.33
32012,83.33,False,83.33
32013,83.33,False,83.33
32014,83.33,False,83.33
32015,83.33,False,83.33
32016,83.33,False,83.33
32017,83.33,False,83.33
32018,83.33,False,83.33
32019,83.33,False,83.33
32020,83.33,False,83.33
32021,83.33,False,83.33
32022,83.33,False,83.33
32023,83.33,False,83.33
32024,83.33,False,83.33
32025,83.33,False,83.33
32026,83.33,False,83.33
32027,83.33,False,83.33
32028,83.33,False,83.33
32029,147.5,False,96.164
32030,147.5,False,108.998
32031,147.5,False,121.832
32032,147.5,False,134.666
32033,147.5,False,147.5
32034,147.5,False,147.5
32035,147.5,False,147.5
32036,147.5,False,147.5
32037,147.5,False,147.5
32038,147.5,False,147.5
32039,147.5,False,147.5
32040,147.5,False,147.5
32041,147.5,False,147.5
32042,147.5,False,147.5
32043,147.5,False,147.5
32044,147.5,False,147.5
32045,147.5,False,147.5
32046,147.5,False,147.5
32047,147.5,False,147.5
32048,147.5,False,147.5
32049,147.5,False,147.5
32050,147.5,False,147.5
32051,147.5,False,147.5
32052,147.5,False,147.5
32053,147.5,False,147.5
32054,147.5,False,147.5
32055,147.5,False,147.5
32056,147.5,False,147.5
32057,147.5,False,147.5
32058,147.5,False,147.5
32059,147.5,False,147.5
32060,120.83,False,142.166
32061,120.83,False,136.832
32062,120.83,False,131.498
32063,120.83,False,126.16399999999999
32064,120.83,False,120.83
32065,120.83,False,120.83
32066,120.83,False,120.83
32067,120.83,False,120.83
32068,120.83,False,120.83
32069,120.83,False,120.83
32070,120.83,False,120.83
32071,120.83,False,120.83
32072,120.83,False,120.83
32073,120.83,False,120.83
32074,120.83,False,120.83
32075,120.83,False,120.83
32076,120.83,False,120.83
32077,120.83,False,120.83
32078,120.83,False,120.83
32079,120.83,False,120.83
32080,120.83,False,120.83
32081,120.83,False,120.83
32082,120.83,False,120.83
32083,120.83,False,120.83
32084,120.83,False,120.83
32085,120.83,False,120.83
32086,120.83,False,120.83
32087,120.83,False,120.83
32088,120.83,False,120.83
32089,120.83,False,120.83
32090,80.83,False,112.83
32091,80.83,False,104.83
32092,80.83,False,96.83
32093,80.83,False,88.83
32094,80.83,False,80.83
32095,80.83,False,80.83
32096,80.83,False,80.83
32097,80.83,False,80.83
32098,80.83,False,80.83
32099,80.83,False,80.83
32100,80.83,False,80.83
32101,80.83,False,80.83
32102,80.83,False,80.83
32103,80.83,False,80.83
32104,80.83,False,80.83
32105,80.83,False,80.83
32106,80.83,False,80.83
32107,80.83,False,80.83
32108,80.83,False,80.83
32109,80.83,False,80.83
32110,80.83,False,80.83
32111,80.83,False,80.83
32112,80.83,False,80.83
32113,80.83,False,80.83
32114,80.83,False,80.83
32115,80.83,False,80.83
32116,80.83,False,80.83
32117,80.83,False,80.83
32118,80.83,False,80.83
32119,80.83,False,80.83
32120,80.83,False,80.83
32121,89.17,False,82.498
32122,89.17,False,84.166
32123,89.17,False,85.83399999999999
32124,89.17,False,87.502
32125,89.17,False,89.17
32126,89.17,False,89.17
32127,89.17,False,89.17
32128,89.17,False,89.17
32129,89.17,False,89.17
32130,89.17,False,89.17
32131,89.17,False,89.17
32132,89.17,False,89.17
32133,89.17,False,89.17
32134,89.17,False,89.17
32135,89.17,False,89.17
32136,89.17,False,89.17
32137,89.17,False,89.17
32138,89.17,False,89.17
32139,89.17,False,89.17
32140,89.17,False,89.17
32141,89.17,False,89.17
32142,89.17,False,89.17
32143,89.17,False,89.17
32144,89.17,False,89.17
32145,89.17,False,89.17
32146,89.17,False,89.17
32147,89.17,False,89.17
32148,89.17,False,89.17
32149,89.17,False,89.17
32150,89.17,False,89.17
32151,119.17,False,95.17
32152,119.17,False,101.17
32153,119.17,False,107.17
32154,119.17,False,113.17
32155,119.17,False,119.17
32156,119.17,False,119.17
32157,119.17,False,119.17
32158,119.17,False,119.17
32159,119.17,False,119.17
32160,119.17,False,119.17
32161,119.17,False,119.17
32162,119.17,False,119.17
32163,119.17,False,119.17
32164,119.17,False,119.17
32165,119.17,False,119.17
32166,119.17,False,119.17
32167,119.17,False,119.17
32168,119.17,False,119.17
32169,119.17,False,119.17
32170,119.17,False,119.17
32171,119.17,False,119.17
32172,119.17,False,119.17
32173,119.17,False,119.17
32174,119.17,False,119.17
32175,119.17,False,119.17
32176,119.17,False,119.17
32177,119.17,False,119.17
32178,119.17,False,119.17
32179,119.17,False,119.17
32180,119.17,False,119.17
32181,119.17,False,119.17
32182,88.33,False,113.002
32183,88.33,False,106.83399999999999
32184,88.33,False,100.66600000000001
32185,88.33,False,94.498
32186,88.33,False,88.33
32187,88.33,False,88.33
32188,88.33,False,88.33
32189,88.33,False,88.33
32190,88.33,False,88.33
32191,88.33,False,88.33
32192,88.33,False,88.33
32193,88.33,False,88.33
32194,88.33,False,88.33
32195,88.33,False,88.33
32196,88.33,False,88.33
32197,88.33,False,88.33
32198,88.33,False,88.33
32199,88.33,False,88.33
32200,88.33,False,88.33
32201,88.33,False,88.33
32202,88.33,False,88.33
32203,88.33,False,88.33
32204,88.33,False,88.33
32205,88.33,False,88.33
32206,88.33,False,88.33
32207,88.33,False,88.33
32208,88.33,False,88.33
32209,88.33,False,88.33
32210,88.33,False,88.33
32211,88.33,False,88.33
32212,88.33,False,88.33
32213,87.5,False,88.164
32214,87.5,False,87.998
32215,87.5,False,87.83200000000001
32216,87.5,False,87.66600000000001
32217,87.5,False,87.5
32218,87.5,False,87.5
32219,87.5,False,87.5
32220,87.5,False,87.5
32221,87.5,False,87.5
32222,87.5,False,87.5
32223,87.5,False,87.5
32224,87.5,False,87.5
32225,87.5,False,87.5
32226,87.5,False,87.5
32227,87.5,False,87.5
32228,87.5,False,87.5
32229,87.5,False,87.5
32230,87.5,False,87.5
32231,87.5,False,87.5
32232,87.5,False,87.5
32233,87.5,False,87.5
32234,87.5,False,87.5
32235,87.5,False,87.5
32236,87.5,False,87.5
32237,87.5,False,87.5
32238,87.5,False,87.5
32239,87.5,False,87.5
32240,87.5,False,87.5
32241,87.5,False,87.5
32242,87.5,False,87.5
32243,95.0,False,89.0
32244,95.0,False,90.5
32245,95.0,False,92.0
32246,95.0,False,93.5
32247,95.0,False,95.0
32248,95.0,False,95.0
32249,95.0,False,95.0
32250,95.0,False,95.0
32251,95.0,False,95.0
32252,95.0,False,95.0
32253,95.0,False,95.0
32254,95.0,False,95.0
32255,95.0,False,95.0
32256,95.0,False,95.0
32257,137.5,False,103.5
32258,137.5,False,112.0
32259,137.5,False,120.5
32260,137.5,False,129.0
32261,137.5,False,137.5
32262,87.5,False,127.5
32263,87.5,False,117.5
32264,87.5,False,107.5
32265,87.5,False,97.5
32266,87.5,False,87.5
32267,87.5,False,87.5
32268,87.5,False,87.5
32269,87.5,False,87.5
32270,87.5,False,87.5
32271,87.5,False,87.5
32272,87.5,False,87.5
32273,87.5,False,87.5
32274,87.5,False,87.5
32275,87.5,False,87.5
32276,87.5,False,87.5
32277,87.5,False,87.5
32278,87.5,False,87.5
32279,87.5,False,87.5
32280,87.5,False,87.5
32281,87.5,False,87.5
32282,87.5,False,87.5
32283,87.5,False,87.5
32284,87.5,False,87.5
32285,87.5,False,87.5
32286,87.5,False,87.5
32287,87.5,False,87.5
32288,87.5,False,87.5
32289,87.5,False,87.5
32290,87.5,False,87.5
32291,87.5,False,87.5
32292,90.0,False,88.0
32293,90.0,False,88.5
32294,90.0,False,89.0
32295,90.0,False,89.5
32296,90.0,False,90.0
32297,90.0,False,90.0
32298,90.0,False,90.0
32299,90.0,False,90.0
32300,90.0,False,90.0
32301,90.0,False,90.0
32302,90.0,False,90.0
32303,90.0,False,90.0
32304,90.0,False,90.0
32305,90.0,False,90.0
32306,90.0,False,90.0
32307,90.0,False,90.0
32308,90.0,False,90.0
32309,90.0,False,90.0
32310,90.0,False,90.0
32311,90.0,False,90.0
32312,90.0,False,90.0
32313,90.0,False,90.0
32314,90.0,False,90.0
32315,90.0,False,90.0
32316,90.0,False,90.0
32317,90.0,False,90.0
32318,90.0,False,90.0
32319,90.0,False,90.0
32320,90.0,False,90.0
32321,90.0,False,90.0
32322,90.0,False,90.0
32323,126.67,False,97.334
32324,126.67,False,104.668
32325,126.67,False,112.002
32326,126.67,False,119.33600000000001
32327,126.67,False,126.67
32328,126.67,False,126.67
32329,126.67,False,126.67
32330,126.67,False,126.67
32331,126.67,False,126.67
32332,126.67,False,126.67
32333,126.67,False,126.67
32334,126.67,False,126.67
32335,126.67,False,126.67
32336,126.67,False,126.67
32337,126.67,False,126.67
32338,126.67,False,126.67
32339,126.67,False,126.67
32340,126.67,False,126.67
32341,126.67,False,126.67
32342,126.67,False,126.67
32343,126.67,False,126.67
32344,126.67,False,126.67
32345,126.67,False,126.67
32346,126.67,False,126.67
32347,126.67,False,126.67
32348,126.67,False,126.67
32349,126.67,False,126.67
32350,126.67,False,126.67
32351,126.67,False,126.67
32352,126.67,False,126.67
32353,101.67,False,121.67
32354,101.67,False,116.67
32355,101.67,False,111.67
32356,101.67,False,106.67
32357,101.67,False,101.67
32358,101.67,False,101.67
32359,101.67,False,101.67
32360,101.67,False,101.67
32361,101.67,False,101.67
32362,101.67,False,101.67
32363,101.67,False,101.67
32364,101.67,False,101.67
32365,101.67,False,101.67
32366,101.67,False,101.67
32367,101.67,False,101.67
32368,101.67,False,101.67
32369,101.67,False,101.67
32370,101.67,False,101.67
32371,101.67,False,101.67
32372,101.67,False,101.67
32373,101.67,False,101.67
32374,101.67,False,101.67
32375,101.67,False,101.67
32376,101.67,False,101.67
32377,101.67,False,101.67
32378,101.67,False,101.67
32379,101.67,False,101.67
32380,101.67,False,101.67
32381,101.67,False,101.67
32382,101.67,False,101.67
32383,101.67,False,101.67
32384,95.0,False,100.336
32385,95.0,False,99.002
32386,95.0,False,97.668
32387,95.0,False,96.334
32388,95.0,False,95.0
32389,95.0,False,95.0
32390,95.0,False,95.0
32391,95.0,False,95.0
32392,95.0,False,95.0
32393,95.0,False,95.0
32394,95.0,False,95.0
32395,95.0,False,95.0
32396,95.0,False,95.0
32397,95.0,False,95.0
32398,95.0,False,95.0
32399,95.0,False,95.0
32400,95.0,False,95.0
32401,95.0,False,95.0
32402,95.0,False,95.0
32403,95.0,False,95.0
32404,95.0,False,95.0
32405,95.0,False,95.0
32406,95.0,False,95.0
32407,95.0,False,95.0
32408,95.0,False,95.0
32409,95.0,False,95.0
32410,95.0,False,95.0
32411,95.0,False,95.0
32412,95.0,False,95.0
32413,95.0,False,95.0
32414,95.0,False,95.0
32415,142.5,False,104.5
32416,142.5,False,114.0
32417,142.5,False,123.5
32418,142.5,False,133.0
32419,142.5,False,142.5
32420,142.5,False,142.5
32421,142.5,False,142.5
32422,142.5,False,142.5
32423,142.5,False,142.5
32424,142.5,False,142.5
32425,142.5,False,142.5
32426,142.5,False,142.5
32427,142.5,False,142.5
32428,142.5,False,142.5
32429,142.5,False,142.5
32430,142.5,False,142.5
32431,142.5,False,142.5
32432,142.5,False,142.5
32433,142.5,False,142.5
32434,142.5,False,142.5
32435,142.5,False,142.5
32436,142.5,False,142.5
32437,142.5,False,142.5
32438,142.5,False,142.5
32439,142.5,False,142.5
32440,142.5,False,142.5
32441,142.5,False,142.5
32442,142.5,False,142.5
32443,142.5,False,142.5
32444,142.5,False,142.5
32445,80.0,False,130.0
32446,80.0,False,117.5
32447,80.0,False,105.0
32448,80.0,False,92.5
32449,80.0,False,80.0
32450,80.0,False,80.0
32451,80.0,False,80.0
32452,80.0,False,80.0
32453,80.0,False,80.0
32454,80.0,False,80.0
32455,80.0,False,80.0
32456,80.0,False,80.0
32457,80.0,False,80.0
32458,80.0,False,80.0
32459,80.0,False,80.0
32460,80.0,False,80.0
32461,80.0,False,80.0
32462,80.0,False,80.0
32463,80.0,False,80.0
32464,80.0,False,80.0
32465,80.0,False,80.0
32466,80.0,False,80.0
32467,80.0,False,80.0
32468,80.0,False,80.0
32469,80.0,False,80.0
32470,80.0,False,80.0
32471,80.0,False,80.0
32472,80.0,False,80.0
32473,80.0,False,80.0
32474,80.0,False,80.0
32475,80.0,False,80.0
32476,105.0,False,85.0
32477,105.0,False,90.0
32478,105.0,False,95.0
32479,105.0,False,100.0
32480,105.0,False,105.0
32481,105.0,False,105.0
32482,105.0,False,105.0
32483,105.0,False,105.0
32484,105.0,False,105.0
32485,105.0,False,105.0
32486,105.0,False,105.0
32487,105.0,False,105.0
32488,105.0,False,105.0
32489,105.0,False,105.0
32490,105.0,False,105.0
32491,105.0,False,105.0
32492,105.0,False,105.0
32493,105.0,False,105.0
32494,105.0,False,105.0
32495,105.0,False,105.0
32496,105.0,False,105.0
32497,105.0,False,105.0
32498,105.0,False,105.0
32499,105.0,False,105.0
32500,105.0,False,105.0
32501,105.0,False,105.0
32502,105.0,False,105.0
32503,105.0,False,105.0
32504,105.0,False,105.0
32505,105.0,False,105.0
32506,112.5,False,106.5
32507,112.5,False,108.0
32508,112.5,False,109.5
32509,112.5,False,111.0
32510,112.5,False,112.5
32511,112.5,False,112.5
32512,112.5,False,112.5
32513,58.33,False,101.666
32514,58.33,False,90.832
32515,58.33,False,79.998
32516,58.33,False,69.164
32517,58.33,False,58.33
32518,58.33,False,58.33
32519,58.33,False,58.33
32520,58.33,False,58.33
32521,58.33,False,58.33
32522,58.33,False,58.33
32523,58.33,False,58.33
32524,112.5,False,69.164
32525,112.5,False,79.998
32526,112.5,False,90.832
32527,112.5,False,101.666
32528,112.5,False,112.5
32529,112.5,False,112.5
32530,112.5,False,112.5
32531,112.5,False,112.5
32532,112.5,False,112.5
32533,112.5,False,112.5
32534,112.5,False,112.5
32535,112.5,False,112.5
32536,112.5,False,112.5
32537,112.5,False,112.5
32538,112.5,False,112.5
32539,112.5,False,112.5
32540,112.5,False,112.5
32541,112.5,False,112.5
32542,112.5,False,112.5
32543,112.5,False,112.5
32544,112.5,False,112.5
32545,112.5,False,112.5
32546,112.5,False,112.5
32547,112.5,False,112.5
32548,112.5,False,112.5
32549,112.5,False,112.5
32550,112.5,False,112.5
32551,112.5,False,112.5
32552,112.5,False,112.5
32553,112.5,False,112.5
32554,94.17,False,108.83400000000002
32555,94.17,False,105.168
32556,94.17,False,101.502
32557,94.17,False,97.836
32558,94.17,False,94.17
32559,94.17,False,94.17
32560,94.17,False,94.17
32561,94.17,False,94.17
32562,94.17,False,94.17
32563,94.17,False,94.17
32564,94.17,False,94.17
32565,94.17,False,94.17
32566,94.17,False,94.17
32567,94.17,False,94.17
32568,94.17,False,94.17
32569,94.17,False,94.17
32570,94.17,False,94.17
32571,94.17,False,94.17
32572,94.17,False,94.17
32573,94.17,False,94.17
32574,94.17,False,94.17
32575,94.17,False,94.17
32576,94.17,False,94.17
32577,94.17,False,94.17
32578,94.17,False,94.17
32579,94.17,False,94.17
32580,94.17,False,94.17
32581,94.17,False,94.17
32582,94.17,False,94.17
32583,94.17,False,94.17
32584,94.17,False,94.17
32585,138.33,False,103.002
32586,138.33,False,111.83400000000002
32587,138.33,False,120.66600000000001
32588,138.33,False,129.498
32589,138.33,False,138.33
32590,138.33,False,138.33
32591,138.33,False,138.33
32592,138.33,False,138.33
32593,138.33,False,138.33
32594,138.33,False,138.33
32595,138.33,False,138.33
32596,138.33,False,138.33
32597,138.33,False,138.33
32598,138.33,False,138.33
32599,138.33,False,138.33
32600,138.33,False,138.33
32601,138.33,False,138.33
32602,138.33,False,138.33
32603,138.33,False,138.33
32604,138.33,False,138.33
32605,138.33,False,138.33
32606,138.33,False,138.33
32607,138.33,False,138.33
32608,138.33,False,138.33
32609,138.33,False,138.33
32610,138.33,False,138.33
32611,138.33,False,138.33
32612,138.33,False,138.33
32613,138.33,False,138.33
32614,138.33,False,138.33
32615,77.5,False,126.16400000000002
32616,77.5,False,113.998
32617,77.5,False,101.832
32618,77.5,False,89.66600000000001
32619,77.5,False,77.5
32620,77.5,False,77.5
32621,77.5,False,77.5
32622,77.5,False,77.5
32623,77.5,False,77.5
32624,77.5,False,77.5
32625,77.5,False,77.5
32626,77.5,False,77.5
32627,77.5,False,77.5
32628,77.5,False,77.5
32629,77.5,False,77.5
32630,77.5,False,77.5
32631,77.5,False,77.5
32632,77.5,False,77.5
32633,77.5,False,77.5
32634,77.5,False,77.5
32635,77.5,False,77.5
32636,77.5,False,77.5
32637,77.5,False,77.5
32638,77.5,False,77.5
32639,77.5,False,77.5
32640,77.5,False,77.5
32641,77.5,False,77.5
32642,77.5,False,77.5
32643,77.5,False,77.5
32644,77.5,False,77.5
32645,77.5,False,77.5
32646,100.83,False,82.166
32647,100.83,False,86.83200000000001
32648,100.83,False,91.49799999999999
32649,100.83,False,96.16400000000002
32650,100.83,False,100.83
32651,100.83,False,100.83
32652,100.83,False,100.83
32653,100.83,False,100.83
32654,100.83,False,100.83
32655,100.83,False,100.83
32656,100.83,False,100.83
32657,100.83,False,100.83
32658,100.83,False,100.83
32659,100.83,False,100.83
32660,100.83,False,100.83
32661,100.83,False,100.83
32662,100.83,False,100.83
32663,100.83,False,100.83
32664,100.83,False,100.83
32665,100.83,False,100.83
32666,100.83,False,100.83
32667,100.83,False,100.83
32668,100.83,False,100.83
32669,100.83,False,100.83
32670,100.83,False,100.83
32671,100.83,False,100.83
32672,100.83,False,100.83
32673,100.83,False,100.83
32674,100.83,False,100.83
32675,100.83,False,100.83
32676,100.83,False,100.83
32677,81.67,False,96.998
32678,81.67,False,93.166
32679,81.67,False,89.33399999999999
32680,81.67,False,85.502
32681,81.67,False,81.67
32682,81.67,False,81.67
32683,81.67,False,81.67
32684,81.67,False,81.67
32685,81.67,False,81.67
32686,81.67,False,81.67
32687,81.67,False,81.67
32688,81.67,False,81.67
32689,81.67,False,81.67
32690,81.67,False,81.67
32691,81.67,False,81.67
32692,81.67,False,81.67
32693,81.67,False,81.67
32694,81.67,False,81.67
32695,81.67,False,81.67
32696,81.67,False,81.67
32697,81.67,False,81.67
32698,81.67,False,81.67
32699,81.67,False,81.67
32700,81.67,False,81.67
32701,81.67,False,81.67
32702,81.67,False,81.67
32703,81.67,False,81.67
32704,81.67,False,81.67
32705,81.67,False,81.67
32706,81.67,False,81.67
32707,102.5,False,85.836
32708,102.5,False,90.002
32709,102.5,False,94.168
32710,102.5,False,98.334
32711,102.5,False,102.5
32712,102.5,False,102.5
32713,102.5,False,102.5
32714,102.5,False,102.5
32715,102.5,False,102.5
32716,102.5,False,102.5
32717,102.5,False,102.5
32718,102.5,False,102.5
32719,102.5,False,102.5
32720,102.5,False,102.5
32721,102.5,False,102.5
32722,102.5,False,102.5
32723,102.5,False,102.5
32724,102.5,False,102.5
32725,102.5,False,102.5
32726,102.5,False,102.5
32727,102.5,False,102.5
32728,102.5,False,102.5
32729,102.5,False,102.5
32730,102.5,False,102.5
32731,102.5,False,102.5
32732,102.5,False,102.5
32733,102.5,False,102.5
32734,102.5,False,102.5
32735,102.5,False,102.5
32736,102.5,False,102.5
32737,102.5,False,102.5
32738,101.67,False,102.33399999999999
32739,101.67,False,102.16799999999999
32740,101.67,False,102.002
32741,101.67,False,101.836
32742,101.67,False,101.67
32743,101.67,False,101.67
32744,101.67,False,101.67
32745,101.67,False,101.67
32746,101.67,False,101.67
32747,101.67,False,101.67
32748,101.67,False,101.67
32749,101.67,False,101.67
32750,101.67,False,101.67
32751,101.67,False,101.67
32752,101.67,False,101.67
32753,101.67,False,101.67
32754,101.67,False,101.67
32755,101.67,False,101.67
32756,101.67,False,101.67
32757,101.67,False,101.67
32758,101.67,False,101.67
32759,101.67,False,101.67
32760,101.67,False,101.67
32761,101.67,False,101.67
32762,101.67,False,101.67
32763,101.67,False,101.67
32764,101.67,False,101.67
32765,101.67,False,101.67
32766,101.67,False,101.67
32767,101.67,False,101.67
32768,101.67,False,101.67
32769,57.5,False,92.836
32770,57.5,False,84.002
32771,57.5,False,75.168
32772,57.5,False,66.334
32773,57.5,False,57.5
32774,57.5,False,57.5
32775,57.5,False,57.5
32776,57.5,False,57.5
32777,57.5,False,57.5
32778,57.5,False,57.5
32779,57.5,False,57.5
32780,57.5,False,57.5
32781,57.5,False,57.5
32782,57.5,False,57.5
32783,57.5,False,57.5
32784,57.5,False,57.5
32785,120.83,False,70.166
32786,120.83,False,82.832
32787,120.83,False,95.498
32788,120.83,False,108.16399999999999
32789,120.83,False,120.83
32790,120.83,False,120.83
32791,120.83,False,120.83
32792,120.83,False,120.83
32793,120.83,False,120.83
32794,120.83,False,120.83
32795,120.83,False,120.83
32796,120.83,False,120.83
32797,120.83,False,120.83
32798,120.83,False,120.83
32799,120.83,False,120.83
32800,120.83,False,120.83
32801,120.83,False,120.83
32802,120.83,False,120.83
32803,120.83,False,120.83
32804,120.83,False,120.83
32805,120.83,False,120.83
32806,120.83,False,120.83
32807,120.83,False,120.83
32808,120.83,False,120.83
32809,120.83,False,120.83
32810,120.83,False,120.83
32811,120.83,False,120.83
32812,120.83,False,120.83
32813,120.83,False,120.83
32814,120.83,False,120.83
32815,120.83,False,120.83
32816,115.83,False,119.83
32817,115.83,False,118.83
32818,115.83,False,117.83
32819,115.83,False,116.83
32820,115.83,False,115.83
32821,115.83,False,115.83
32822,115.83,False,115.83
32823,115.83,False,115.83
32824,115.83,False,115.83
32825,115.83,False,115.83
32826,115.83,False,115.83
32827,115.83,False,115.83
32828,115.83,False,115.83
32829,115.83,False,115.83
32830,115.83,False,115.83
32831,115.83,False,115.83
32832,115.83,False,115.83
32833,115.83,False,115.83
32834,115.83,False,115.83
32835,115.83,False,115.83
32836,115.83,False,115.83
32837,115.83,False,115.83
32838,115.83,False,115.83
32839,115.83,False,115.83
32840,115.83,False,115.83
32841,115.83,False,115.83
32842,115.83,False,115.83
32843,115.83,False,115.83
32844,115.83,False,115.83
32845,115.83,False,115.83
32846,131.67,False,118.998
32847,131.67,False,122.16599999999998
32848,131.67,False,125.33399999999999
32849,131.67,False,128.502
32850,131.67,False,131.67
32851,131.67,False,131.67
32852,131.67,False,131.67
32853,131.67,False,131.67
32854,131.67,False,131.67
32855,131.67,False,131.67
32856,131.67,False,131.67
32857,131.67,False,131.67
32858,131.67,False,131.67
32859,131.67,False,131.67
32860,131.67,False,131.67
32861,131.67,False,131.67
32862,131.67,False,131.67
32863,131.67,False,131.67
32864,131.67,False,131.67
32865,131.67,False,131.67
32866,131.67,False,131.67
32867,131.67,False,131.67
32868,131.67,False,131.67
32869,131.67,False,131.67
32870,131.67,False,131.67
32871,131.67,False,131.67
32872,131.67,False,131.67
32873,131.67,False,131.67
32874,131.67,False,131.67
32875,131.67,False,131.67
32876,131.67,False,131.67
32877,154.17,False,136.17
32878,154.17,False,140.67
32879,154.17,False,145.17
32880,154.17,False,149.67
32881,154.17,False,154.17
32882,154.17,False,154.17
32883,154.17,False,154.17
32884,154.17,False,154.17
32885,154.17,False,154.17
32886,154.17,False,154.17
32887,154.17,False,154.17
32888,154.17,False,154.17
32889,154.17,False,154.17
32890,154.17,False,154.17
32891,154.17,False,154.17
32892,154.17,False,154.17
32893,154.17,False,154.17
32894,154.17,False,154.17
32895,154.17,False,154.17
32896,154.17,False,154.17
32897,154.17,False,154.17
32898,154.17,False,154.17
32899,154.17,False,154.17
32900,154.17,False,154.17
32901,154.17,False,154.17
32902,154.17,False,154.17
32903,154.17,False,154.17
32904,154.17,False,154.17
32905,154.17,False,154.17
32906,154.17,False,154.17
32907,140.0,False,151.33599999999998
32908,140.0,False,148.502
32909,140.0,False,145.66799999999998
32910,140.0,False,142.834
32911,140.0,False,140.0
32912,140.0,False,140.0
32913,140.0,False,140.0
32914,140.0,False,140.0
32915,140.0,False,140.0
32916,140.0,False,140.0
32917,140.0,False,140.0
32918,140.0,False,140.0
32919,140.0,False,140.0
32920,140.0,False,140.0
32921,140.0,False,140.0
32922,140.0,False,140.0
32923,140.0,False,140.0
32924,140.0,False,140.0
32925,140.0,False,140.0
32926,140.0,False,140.0
32927,140.0,False,140.0
32928,140.0,False,140.0
32929,140.0,False,140.0
32930,140.0,False,140.0
32931,140.0,False,140.0
32932,140.0,False,140.0
32933,140.0,False,140.0
32934,140.0,False,140.0
32935,140.0,False,140.0
32936,140.0,False,140.0
32937,140.0,False,140.0
32938,138.33,False,139.666
32939,138.33,False,139.33200000000002
32940,138.33,False,138.998
32941,138.33,False,138.66400000000002
32942,138.33,False,138.33
32943,138.33,False,138.33
32944,138.33,False,138.33
32945,138.33,False,138.33
32946,138.33,False,138.33
32947,138.33,False,138.33
32948,138.33,False,138.33
32949,138.33,False,138.33
32950,138.33,False,138.33
32951,138.33,False,138.33
32952,138.33,False,138.33
32953,138.33,False,138.33
32954,138.33,False,138.33
32955,138.33,False,138.33
32956,138.33,False,138.33
32957,138.33,False,138.33
32958,138.33,False,138.33
32959,138.33,False,138.33
32960,138.33,False,138.33
32961,138.33,False,138.33
32962,138.33,False,138.33
32963,138.33,False,138.33
32964,138.33,False,138.33
32965,138.33,False,138.33
32966,138.33,False,138.33
32967,138.33,False,138.33
32968,138.33,False,138.33
32969,139.17,False,138.498
32970,139.17,False,138.666
32971,139.17,False,138.834
32972,139.17,False,139.00199999999998
32973,139.17,False,139.17
32974,139.17,False,139.17
32975,139.17,False,139.17
32976,139.17,False,139.17
32977,139.17,False,139.17
32978,139.17,False,139.17
32979,139.17,False,139.17
32980,139.17,False,139.17
32981,139.17,False,139.17
32982,139.17,False,139.17
32983,139.17,False,139.17
32984,139.17,False,139.17
32985,139.17,False,139.17
32986,139.17,False,139.17
32987,139.17,False,139.17
32988,139.17,False,139.17
32989,139.17,False,139.17
32990,139.17,False,139.17
32991,139.17,False,139.17
32992,139.17,False,139.17
32993,139.17,False,139.17
32994,139.17,False,139.17
32995,139.17,False,139.17
32996,139.17,False,139.17
32997,139.17,False,139.17
32998,139.17,False,139.17
32999,135.0,False,138.33599999999998
33000,135.0,False,137.502
33001,135.0,False,136.668
33002,135.0,False,135.834
33003,135.0,False,135.0
33004,135.0,False,135.0
33005,135.0,False,135.0
33006,135.0,False,135.0
33007,135.0,False,135.0
33008,135.0,False,135.0
33009,135.0,False,135.0
33010,135.0,False,135.0
33011,135.0,False,135.0
33012,135.0,False,135.0
33013,135.0,False,135.0
33014,135.0,False,135.0
33015,135.0,False,135.0
33016,135.0,False,135.0
33017,135.0,False,135.0
33018,135.0,False,135.0
33019,135.0,False,135.0
33020,135.0,False,135.0
33021,135.0,False,135.0
33022,135.0,False,135.0
33023,135.0,False,135.0
33024,135.0,False,135.0
33025,136.67,False,135.334
33026,136.67,False,135.66799999999998
33027,136.67,False,136.002
33028,136.67,False,136.33599999999998
33029,136.67,False,136.67
33030,136.67,False,136.67
33031,136.67,False,136.67
33032,136.67,False,136.67
33033,136.67,False,136.67
33034,136.67,False,136.67
33035,136.67,False,136.67
33036,136.67,False,136.67
33037,136.67,False,136.67
33038,136.67,False,136.67
33039,136.67,False,136.67
33040,136.67,False,136.67
33041,136.67,False,136.67
33042,136.67,False,136.67
33043,136.67,False,136.67
33044,135.0,False,136.33599999999996
33045,135.0,False,136.002
33046,135.0,False,135.66799999999998
33047,135.0,False,135.334
33048,135.0,False,135.0
33049,135.0,False,135.0
33050,135.0,False,135.0
33051,135.0,False,135.0
33052,135.0,False,135.0
33053,135.0,False,135.0
33054,135.0,False,135.0
33055,135.0,False,135.0
33056,135.0,False,135.0
33057,135.0,False,135.0
33058,135.0,False,135.0
33059,135.0,False,135.0
33060,135.0,False,135.0
33061,135.0,False,135.0
33062,135.0,False,135.0
33063,135.0,False,135.0
33064,135.0,False,135.0
33065,135.0,False,135.0
33066,135.0,False,135.0
33067,135.0,False,135.0
33068,135.0,False,135.0
33069,135.0,False,135.0
33070,135.0,False,135.0
33071,135.0,False,135.0
33072,135.0,False,135.0
33073,135.0,False,135.0
33074,135.0,False,135.0
33075,135.0,False,135.0
33076,135.0,False,135.0
33077,135.0,False,135.0
33078,135.0,False,135.0
33079,135.0,False,135.0
33080,135.0,False,135.0
33081,135.0,False,135.0
33082,135.0,False,135.0
33083,135.0,False,135.0
33084,135.0,False,135.0
33085,135.0,False,135.0
33086,135.0,False,135.0
33087,135.0,False,135.0
33088,135.0,False,135.0
33089,135.0,False,135.0
33090,135.0,False,135.0
33091,135.0,False,135.0
33092,135.0,False,135.0
33093,135.0,False,135.0
33094,135.0,False,135.0
33095,135.0,False,135.0
33096,135.0,False,135.0
33097,135.0,False,135.0
33098,135.0,False,135.0
33099,135.0,False,135.0
33100,135.0,False,135.0
33101,135.0,False,135.0
33102,135.0,False,135.0
33103,135.0,False,135.0
33104,135.0,False,135.0
33105,134.17,False,134.834
33106,134.17,False,134.668
33107,134.17,False,134.50199999999998
33108,134.17,False,134.336
33109,134.17,False,134.17
33110,134.17,False,134.17
33111,134.17,False,134.17
33112,134.17,False,134.17
33113,134.17,False,134.17
33114,134.17,False,134.17
33115,134.17,False,134.17
33116,134.17,False,134.17
33117,134.17,False,134.17
33118,134.17,False,134.17
33119,134.17,False,134.17
33120,134.17,False,134.17
33121,134.17,False,134.17
33122,134.17,False,134.17
33123,134.17,False,134.17
33124,134.17,False,134.17
33125,134.17,False,134.17
33126,134.17,False,134.17
33127,134.17,False,134.17
33128,134.17,False,134.17
33129,134.17,False,134.17
33130,134.17,False,134.17
33131,134.17,False,134.17
33132,134.17,False,134.17
33133,134.17,False,134.17
33134,134.17,False,134.17
33135,134.17,False,134.17
33136,133.33,False,134.002
33137,133.33,False,133.834
33138,133.33,False,133.666
33139,133.33,False,133.498
33140,133.33,False,133.33
33141,133.33,False,133.33
33142,133.33,False,133.33
33143,133.33,False,133.33
33144,133.33,False,133.33
33145,133.33,False,133.33
33146,133.33,False,133.33
33147,133.33,False,133.33
33148,133.33,False,133.33
33149,133.33,False,133.33
33150,133.33,False,133.33
33151,133.33,False,133.33
33152,133.33,False,133.33
33153,133.33,False,133.33
33154,133.33,False,133.33
33155,133.33,False,133.33
33156,133.33,False,133.33
33157,133.33,False,133.33
33158,133.33,False,133.33
33159,133.33,False,133.33
33160,133.33,False,133.33
33161,133.33,False,133.33
33162,133.33,False,133.33
33163,133.33,False,133.33
33164,133.33,False,133.33
33165,133.33,False,133.33
33166,133.33,False,133.33
33167,134.17,False,133.49800000000002
33168,134.17,False,133.666
33169,134.17,False,133.834
33170,134.17,False,134.002
33171,134.17,False,134.17
33172,134.17,False,134.17
33173,134.17,False,134.17
33174,134.17,False,134.17
33175,134.17,False,134.17
33176,134.17,False,134.17
33177,134.17,False,134.17
33178,134.17,False,134.17
33179,134.17,False,134.17
33180,134.17,False,134.17
33181,134.17,False,134.17
33182,134.17,False,134.17
33183,134.17,False,134.17
33184,134.17,False,134.17
33185,134.17,False,134.17
33186,134.17,False,134.17
33187,134.17,False,134.17
33188,134.17,False,134.17
33189,134.17,False,134.17
33190,134.17,False,134.17
33191,134.17,False,134.17
33192,134.17,False,134.17
33193,134.17,False,134.17
33194,134.17,False,134.17
33195,134.17,False,134.17
33196,134.17,False,134.17
33197,134.17,False,134.17
33198,134.17,False,134.17
33199,134.17,False,134.17
33200,134.17,False,134.17
33201,134.17,False,134.17
33202,134.17,False,134.17
33203,134.17,False,134.17
33204,134.17,False,134.17
33205,134.17,False,134.17
33206,134.17,False,134.17
33207,134.17,False,134.17
33208,134.17,False,134.17
33209,134.17,False,134.17
33210,134.17,False,134.17
33211,134.17,False,134.17
33212,134.17,False,134.17
33213,134.17,False,134.17
33214,134.17,False,134.17
33215,134.17,False,134.17
33216,134.17,False,134.17
33217,134.17,False,134.17
33218,134.17,False,134.17
33219,134.17,False,134.17
33220,134.17,False,134.17
33221,134.17,False,134.17
33222,134.17,False,134.17
33223,134.17,False,134.17
33224,134.17,False,134.17
33225,134.17,False,134.17
33226,134.17,False,134.17
33227,134.17,False,134.17
33228,134.17,False,134.17
33229,134.17,False,134.17
33230,134.17,False,134.17
33231,134.17,False,134.17
33232,134.17,False,134.17
33233,134.17,False,134.17
33234,134.17,False,134.17
33235,134.17,False,134.17
33236,134.17,False,134.17
33237,134.17,False,134.17
33238,134.17,False,134.17
33239,134.17,False,134.17
33240,134.17,False,134.17
33241,134.17,False,134.17
33242,134.17,False,134.17
33243,134.17,False,134.17
33244,134.17,False,134.17
33245,134.17,False,134.17
33246,134.17,False,134.17
33247,134.17,False,134.17
33248,134.17,False,134.17
33249,134.17,False,134.17
33250,134.17,False,134.17
33251,134.17,False,134.17
33252,134.17,False,134.17
33253,134.17,False,134.17
33254,134.17,False,134.17
33255,134.17,False,134.17
33256,134.17,False,134.17
33257,134.17,False,134.17
33258,135.83,False,134.502
33259,135.83,False,134.834
33260,135.83,False,135.166
33261,135.83,False,135.498
33262,135.83,False,135.83
33263,135.83,False,135.83
33264,135.83,False,135.83
33265,135.83,False,135.83
33266,135.83,False,135.83
33267,135.83,False,135.83
33268,135.83,False,135.83
33269,135.83,False,135.83
33270,135.83,False,135.83
33271,135.83,False,135.83
33272,135.83,False,135.83
33273,135.83,False,135.83
33274,135.83,False,135.83
33275,135.83,False,135.83
33276,135.83,False,135.83
33277,135.83,False,135.83
33278,135.83,False,135.83
33279,135.83,False,135.83
33280,135.83,False,135.83
33281,135.83,False,135.83
33282,135.83,False,135.83
33283,135.83,False,135.83
33284,135.83,False,135.83
33285,135.83,False,135.83
33286,135.83,False,135.83
33287,135.83,False,135.83
33288,135.83,False,135.83
33289,135.83,False,135.83
33290,135.83,False,135.83
33291,135.83,False,135.83
33292,135.83,False,135.83
33293,135.83,False,135.83
33294,135.83,False,135.83
33295,135.83,False,135.83
33296,135.83,False,135.83
33297,135.83,False,135.83
33298,135.83,False,135.83
33299,135.83,False,135.83
33300,135.83,False,135.83
33301,135.83,False,135.83
33302,135.83,False,135.83
33303,136.67,False,135.998
33304,136.67,False,136.166
33305,136.67,False,136.334
33306,136.67,False,136.502
33307,136.67,False,136.67
33308,136.67,False,136.67
33309,136.67,False,136.67
33310,136.67,False,136.67
33311,136.67,False,136.67
33312,136.67,False,136.67
33313,136.67,False,136.67
33314,136.67,False,136.67
33315,136.67,False,136.67
33316,136.67,False,136.67
33317,136.67,False,136.67
33318,136.67,False,136.67
33319,136.67,False,136.67
33320,136.67,False,136.67
33321,136.67,False,136.67
33322,136.67,False,136.67
33323,136.67,False,136.67
33324,136.67,False,136.67
33325,136.67,False,136.67
33326,136.67,False,136.67
33327,136.67,False,136.67
33328,136.67,False,136.67
33329,136.67,False,136.67
33330,136.67,False,136.67
33331,136.67,False,136.67
33332,136.67,False,136.67
33333,136.67,False,136.67
33334,135.83,False,136.502
33335,135.83,False,136.334
33336,135.83,False,136.166
33337,135.83,False,135.99800000000002
33338,135.83,False,135.83
33339,135.83,False,135.83
33340,135.83,False,135.83
33341,135.83,False,135.83
33342,135.83,False,135.83
33343,135.83,False,135.83
33344,135.83,False,135.83
33345,135.83,False,135.83
33346,135.83,False,135.83
33347,135.83,False,135.83
33348,135.83,False,135.83
33349,135.83,False,135.83
33350,135.83,False,135.83
33351,135.83,False,135.83
33352,135.83,False,135.83
33353,135.83,False,135.83
33354,135.83,False,135.83
33355,135.83,False,135.83
33356,135.83,False,135.83
33357,135.83,False,135.83
33358,135.83,False,135.83
33359,135.83,False,135.83
33360,135.83,False,135.83
33361,135.83,False,135.83
33362,135.83,False,135.83
33363,135.83,False,135.83
33364,135.83,False,135.83
33365,135.83,False,135.83
33366,135.83,False,135.83
33367,135.83,False,135.83
33368,135.83,False,135.83
33369,135.83,False,135.83
33370,135.83,False,135.83
33371,135.83,False,135.83
33372,135.83,False,135.83
33373,135.83,False,135.83
33374,135.83,False,135.83
33375,135.83,False,135.83
33376,135.83,False,135.83
33377,135.83,False,135.83
33378,135.83,False,135.83
33379,135.83,False,135.83
33380,135.83,False,135.83
33381,135.83,False,135.83
33382,135.83,False,135.83
33383,135.83,False,135.83
33384,135.83,False,135.83
33385,135.83,False,135.83
33386,135.83,False,135.83
33387,135.83,False,135.83
33388,135.83,False,135.83
33389,135.83,False,135.83
33390,135.83,False,135.83
33391,135.83,False,135.83
33392,135.83,False,135.83
33393,135.83,False,135.83
33394,135.83,False,135.83
33395,135.83,False,135.83
33396,135.83,False,135.83
33397,135.83,False,135.83
33398,135.83,False,135.83
33399,135.83,False,135.83
33400,135.83,False,135.83
33401,135.83,False,135.83
33402,135.83,False,135.83
33403,135.83,False,135.83
33404,135.83,False,135.83
33405,135.83,False,135.83
33406,135.83,False,135.83
33407,135.83,False,135.83
33408,135.83,False,135.83
33409,135.83,False,135.83
33410,135.83,False,135.83
33411,135.83,False,135.83
33412,135.83,False,135.83
33413,135.83,False,135.83
33414,135.83,False,135.83
33415,135.83,False,135.83
33416,135.83,False,135.83
33417,135.83,False,135.83
33418,135.83,False,135.83
33419,135.83,False,135.83
33420,135.83,False,135.83
33421,135.83,False,135.83
33422,135.83,False,135.83
33423,135.83,False,135.83
33424,135.83,False,135.83
33425,135.83,False,135.83
33426,135.83,False,135.83
33427,135.83,False,135.83
33428,135.83,False,135.83
33429,135.83,False,135.83
33430,135.83,False,135.83
33431,135.83,False,135.83
33432,135.83,False,135.83
33433,135.83,False,135.83
33434,135.83,False,135.83
33435,135.83,False,135.83
33436,135.83,False,135.83
33437,135.83,False,135.83
33438,135.83,False,135.83
33439,135.83,False,135.83
33440,135.83,False,135.83
33441,135.83,False,135.83
33442,135.83,False,135.83
33443,135.83,False,135.83
33444,135.83,False,135.83
33445,135.83,False,135.83
33446,135.83,False,135.83
33447,135.83,False,135.83
33448,135.83,False,135.83
33449,135.83,False,135.83
33450,135.83,False,135.83
33451,135.83,False,135.83
33452,135.83,False,135.83
33453,135.83,False,135.83
33454,135.83,False,135.83
33455,135.83,False,135.83
33456,135.0,False,135.66400000000002
33457,135.0,False,135.498
33458,135.0,False,135.332
33459,135.0,False,135.166
33460,135.0,False,135.0
33461,135.0,False,135.0
33462,135.0,False,135.0
33463,135.0,False,135.0
33464,135.0,False,135.0
33465,135.0,False,135.0
33466,135.0,False,135.0
33467,135.0,False,135.0
33468,135.0,False,135.0
33469,135.0,False,135.0
33470,135.0,False,135.0
33471,135.0,False,135.0
33472,135.0,False,135.0
33473,135.0,False,135.0
33474,135.0,False,135.0
33475,135.0,False,135.0
33476,135.0,False,135.0
33477,135.0,False,135.0
33478,135.0,False,135.0
33479,135.0,False,135.0
33480,135.0,False,135.0
33481,135.0,False,135.0
33482,135.0,False,135.0
33483,135.0,False,135.0
33484,135.0,False,135.0
33485,135.0,False,135.0
33486,135.0,False,135.0
33487,135.0,False,135.0
33488,135.0,False,135.0
33489,135.0,False,135.0
33490,135.0,False,135.0
33491,135.0,False,135.0
33492,135.0,False,135.0
33493,135.0,False,135.0
33494,135.0,False,135.0
33495,135.0,False,135.0
33496,135.0,False,135.0
33497,135.0,False,135.0
33498,135.0,False,135.0
33499,135.0,False,135.0
33500,135.0,False,135.0
33501,135.0,False,135.0
33502,135.0,False,135.0
33503,135.0,False,135.0
33504,135.0,False,135.0
33505,135.0,False,135.0
33506,135.0,False,135.0
33507,135.0,False,135.0
33508,135.0,False,135.0
33509,135.0,False,135.0
33510,135.0,False,135.0
33511,135.0,False,135.0
33512,135.0,False,135.0
33513,135.0,False,135.0
33514,135.0,False,135.0
33515,135.0,False,135.0
33516,135.0,False,135.0
33517,135.83,False,135.166
33518,135.83,False,135.33200000000002
33519,135.83,False,135.498
33520,135.83,False,135.66400000000002
33521,135.83,False,135.83
33522,135.83,False,135.83
33523,135.83,False,135.83
33524,135.83,False,135.83
33525,135.83,False,135.83
33526,135.83,False,135.83
33527,135.83,False,135.83
33528,135.83,False,135.83
33529,135.83,False,135.83
33530,135.83,False,135.83
33531,135.83,False,135.83
33532,135.83,False,135.83
33533,135.83,False,135.83
33534,135.83,False,135.83
33535,135.83,False,135.83
33536,135.83,False,135.83
33537,135.0,False,135.66400000000002
33538,135.0,False,135.498
33539,135.0,False,135.332
33540,135.0,False,135.166
33541,135.0,False,135.0
33542,135.0,False,135.0
33543,135.0,False,135.0
33544,135.0,False,135.0
33545,135.0,False,135.0
33546,135.0,False,135.0
33547,135.0,False,135.0
33548,135.0,False,135.0
33549,135.0,False,135.0
33550,135.0,False,135.0
33551,135.0,False,135.0
33552,135.0,False,135.0
33553,135.0,False,135.0
33554,135.0,False,135.0
33555,135.0,False,135.0
33556,135.0,False,135.0
33557,135.0,False,135.0
33558,135.0,False,135.0
33559,135.0,False,135.0
33560,135.0,False,135.0
33561,135.0,False,135.0
33562,133.33,False,134.666
33563,133.33,False,134.33200000000002
33564,133.33,False,133.998
33565,133.33,False,133.66400000000002
33566,133.33,False,133.33
33567,133.33,False,133.33
33568,133.33,False,133.33
33569,133.33,False,133.33
33570,133.33,False,133.33
33571,133.33,False,133.33
33572,133.33,False,133.33
33573,133.33,False,133.33
33574,133.33,False,133.33
33575,133.33,False,133.33
33576,133.33,False,133.33
33577,133.33,False,133.33
33578,133.33,False,133.33
33579,133.33,False,133.33
33580,133.33,False,133.33
33581,133.33,False,133.33
33582,133.33,False,133.33
33583,133.33,False,133.33
33584,133.33,False,133.33
33585,133.33,False,133.33
33586,133.33,False,133.33
33587,133.33,False,133.33
33588,133.33,False,133.33
33589,133.33,False,133.33
33590,133.33,False,133.33
33591,133.33,False,133.33
33592,133.33,False,133.33
33593,133.33,False,133.33
33594,133.33,False,133.33
33595,133.33,False,133.33
33596,133.33,False,133.33
33597,133.33,False,133.33
33598,133.33,False,133.33
33599,133.33,False,133.33
33600,133.33,False,133.33
33601,133.33,False,133.33
33602,133.33,False,133.33
33603,133.33,False,133.33
33604,133.33,False,133.33
33605,133.33,False,133.33
33606,133.33,False,133.33
33607,133.33,False,133.33
33608,133.33,False,133.33
33609,133.33,False,133.33
33610,133.33,False,133.33
33611,133.33,False,133.33
33612,133.33,False,133.33
33613,133.33,False,133.33
33614,133.33,False,133.33
33615,133.33,False,133.33
33616,133.33,False,133.33
33617,133.33,False,133.33
33618,133.33,False,133.33
33619,133.33,False,133.33
33620,133.33,False,133.33
33621,133.33,False,133.33
33622,133.33,False,133.33
33623,133.33,False,133.33
33624,133.33,False,133.33
33625,133.33,False,133.33
33626,133.33,False,133.33
33627,133.33,False,133.33
33628,133.33,False,133.33
33629,133.33,False,133.33
33630,133.33,False,133.33
33631,133.33,False,133.33
33632,133.33,False,133.33
33633,133.33,False,133.33
33634,133.33,False,133.33
33635,133.33,False,133.33
33636,133.33,False,133.33
33637,133.33,False,133.33
33638,133.33,False,133.33
33639,133.33,False,133.33
33640,133.33,False,133.33
33641,133.33,False,133.33
33642,133.33,False,133.33
33643,133.33,False,133.33
33644,133.33,False,133.33
33645,133.33,False,133.33
33646,133.33,False,133.33
33647,133.33,False,133.33
33648,133.33,False,133.33
33649,133.33,False,133.33
33650,133.33,False,133.33
33651,133.33,False,133.33
33652,133.33,False,133.33
33653,133.33,False,133.33
33654,133.33,False,133.33
33655,133.33,False,133.33
33656,133.33,False,133.33
33657,133.33,False,133.33
33658,133.33,False,133.33
33659,133.33,False,133.33
33660,133.33,False,133.33
33661,133.33,False,133.33
33662,133.33,False,133.33
33663,133.33,False,133.33
33664,133.33,False,133.33
33665,133.33,False,133.33
33666,133.33,False,133.33
33667,133.33,False,133.33
33668,133.33,False,133.33
33669,133.33,False,133.33
33670,133.33,False,133.33
33671,133.33,False,133.33
33672,133.33,False,133.33
33673,133.33,False,133.33
33674,133.33,False,133.33
33675,133.33,False,133.33
33676,133.33,False,133.33
33677,133.33,False,133.33
33678,133.33,False,133.33
33679,133.33,False,133.33
33680,133.33,False,133.33
33681,133.33,False,133.33
33682,133.33,False,133.33
33683,133.33,False,133.33
33684,132.5,False,133.16400000000002
33685,132.5,False,132.998
33686,132.5,False,132.83200000000002
33687,132.5,False,132.666
33688,132.5,False,132.5
33689,132.5,False,132.5
33690,132.5,False,132.5
33691,132.5,False,132.5
33692,132.5,False,132.5
33693,132.5,False,132.5
33694,132.5,False,132.5
33695,132.5,False,132.5
33696,132.5,False,132.5
33697,132.5,False,132.5
33698,132.5,False,132.5
33699,132.5,False,132.5
33700,132.5,False,132.5
33701,132.5,False,132.5
33702,132.5,False,132.5
33703,132.5,False,132.5
33704,132.5,False,132.5
33705,132.5,False,132.5
33706,132.5,False,132.5
33707,132.5,False,132.5
33708,132.5,False,132.5
33709,132.5,False,132.5
33710,132.5,False,132.5
33711,132.5,False,132.5
33712,132.5,False,132.5
33713,132.5,False,132.5
33714,132.5,False,132.5
33715,132.5,False,132.5
33716,132.5,False,132.5
33717,132.5,False,132.5
33718,132.5,False,132.5
33719,132.5,False,132.5
33720,132.5,False,132.5
33721,132.5,False,132.5
33722,132.5,False,132.5
33723,132.5,False,132.5
33724,132.5,False,132.5
33725,132.5,False,132.5
33726,132.5,False,132.5
33727,132.5,False,132.5
33728,132.5,False,132.5
33729,132.5,False,132.5
33730,132.5,False,132.5
33731,132.5,False,132.5
33732,132.5,False,132.5
33733,132.5,False,132.5
33734,132.5,False,132.5
33735,132.5,False,132.5
33736,132.5,False,132.5
33737,132.5,False,132.5
33738,132.5,False,132.5
33739,132.5,False,132.5
33740,132.5,False,132.5
33741,132.5,False,132.5
33742,132.5,False,132.5
33743,132.5,False,132.5
33744,132.5,False,132.5
33745,132.5,False,132.5
33746,132.5,False,132.5
33747,132.5,False,132.5
33748,132.5,False,132.5
33749,132.5,False,132.5
33750,132.5,False,132.5
33751,132.5,False,132.5
33752,132.5,False,132.5
33753,132.5,False,132.5
33754,132.5,False,132.5
33755,132.5,False,132.5
33756,132.5,False,132.5
33757,132.5,False,132.5
33758,132.5,False,132.5
33759,132.5,False,132.5
33760,132.5,False,132.5
33761,132.5,False,132.5
33762,132.5,False,132.5
33763,132.5,False,132.5
33764,132.5,False,132.5
33765,132.5,False,132.5
33766,132.5,False,132.5
33767,132.5,False,132.5
33768,132.5,False,132.5
33769,132.5,False,132.5
33770,132.5,False,132.5
33771,132.5,False,132.5
33772,132.5,False,132.5
33773,132.5,False,132.5
33774,132.5,False,132.5
33775,132.5,False,132.5
33776,132.5,False,132.5
33777,132.5,False,132.5
33778,132.5,False,132.5
33779,132.5,False,132.5
33780,132.5,False,132.5
33781,132.5,False,132.5
33782,132.5,False,132.5
33783,132.5,False,132.5
33784,132.5,False,132.5
33785,132.5,False,132.5
33786,132.5,False,132.5
33787,132.5,False,132.5
33788,132.5,False,132.5
33789,132.5,False,132.5
33790,132.5,False,132.5
33791,132.5,False,132.5
33792,132.5,False,132.5
33793,132.5,False,132.5
33794,132.5,False,132.5
33795,132.5,False,132.5
33796,132.5,False,132.5
33797,132.5,False,132.5
33798,132.5,False,132.5
33799,132.5,False,132.5
33800,132.5,False,132.5
33801,132.5,False,132.5
33802,132.5,False,132.5
33803,132.5,False,132.5
33804,132.5,False,132.5
33805,132.5,False,132.5
33806,132.5,False,132.5
33807,132.5,False,132.5
33808,132.5,False,132.5
33809,132.5,False,132.5
33810,132.5,False,132.5
33811,132.5,False,132.5
33812,132.5,False,132.5
33813,132.5,False,132.5
33814,132.5,False,132.5
33815,132.5,False,132.5
33816,132.5,False,132.5
33817,132.5,False,132.5
33818,132.5,False,132.5
33819,132.5,False,132.5
33820,130.83,False,132.166
33821,130.83,False,131.832
33822,130.83,False,131.498
33823,130.83,False,131.16400000000002
33824,130.83,False,130.83
33825,130.83,False,130.83
33826,130.83,False,130.83
33827,130.83,False,130.83
33828,130.83,False,130.83
33829,130.83,False,130.83
33830,130.83,False,130.83
33831,130.83,False,130.83
33832,130.83,False,130.83
33833,130.83,False,130.83
33834,130.83,False,130.83
33835,130.83,False,130.83
33836,130.83,False,130.83
33837,130.83,False,130.83
33838,130.83,False,130.83
33839,130.83,False,130.83
33840,130.83,False,130.83
33841,130.83,False,130.83
33842,130.83,False,130.83
33843,130.83,False,130.83
33844,130.83,False,130.83
33845,130.83,False,130.83
33846,130.83,False,130.83
33847,130.83,False,130.83
33848,130.83,False,130.83
33849,130.83,False,130.83
33850,127.5,False,130.16400000000002
33851,127.5,False,129.498
33852,127.5,False,128.832
33853,127.5,False,128.166
33854,127.5,False,127.5
33855,127.5,False,127.5
33856,127.5,False,127.5
33857,127.5,False,127.5
33858,127.5,False,127.5
33859,127.5,False,127.5
33860,127.5,False,127.5
33861,127.5,False,127.5
33862,127.5,False,127.5
33863,127.5,False,127.5
33864,127.5,False,127.5
33865,127.5,False,127.5
33866,127.5,False,127.5
33867,127.5,False,127.5
33868,127.5,False,127.5
33869,127.5,False,127.5
33870,127.5,False,127.5
33871,127.5,False,127.5
33872,127.5,False,127.5
33873,127.5,False,127.5
33874,127.5,False,127.5
33875,127.5,False,127.5
33876,127.5,False,127.5
33877,127.5,False,127.5
33878,127.5,False,127.5
33879,127.5,False,127.5
33880,127.5,False,127.5
33881,126.67,False,127.33400000000002
33882,126.67,False,127.168
33883,126.67,False,127.002
33884,126.67,False,126.83600000000001
33885,126.67,False,126.67
33886,126.67,False,126.67
33887,126.67,False,126.67
33888,126.67,False,126.67
33889,126.67,False,126.67
33890,126.67,False,126.67
33891,126.67,False,126.67
33892,126.67,False,126.67
33893,126.67,False,126.67
33894,126.67,False,126.67
33895,126.67,False,126.67
33896,126.67,False,126.67
33897,126.67,False,126.67
33898,126.67,False,126.67
33899,126.67,False,126.67
33900,126.67,False,126.67
33901,126.67,False,126.67
33902,126.67,False,126.67
33903,126.67,False,126.67
33904,126.67,False,126.67
33905,126.67,False,126.67
33906,126.67,False,126.67
33907,126.67,False,126.67
33908,126.67,False,126.67
33909,126.67,False,126.67
33910,126.67,False,126.67
33911,125.0,False,126.33600000000001
33912,125.0,False,126.002
33913,125.0,False,125.668
33914,125.0,False,125.33400000000002
33915,125.0,False,125.0
33916,125.0,False,125.0
33917,125.0,False,125.0
33918,125.0,False,125.0
33919,125.0,False,125.0
33920,125.0,False,125.0
33921,125.0,False,125.0
33922,125.0,False,125.0
33923,125.0,False,125.0
33924,125.0,False,125.0
33925,125.0,False,125.0
33926,125.0,False,125.0
33927,125.0,False,125.0
33928,125.0,False,125.0
33929,125.0,False,125.0
33930,125.0,False,125.0
33931,125.0,False,125.0
33932,125.0,False,125.0
33933,125.0,False,125.0
33934,125.0,False,125.0
33935,125.0,False,125.0
33936,125.0,False,125.0
33937,125.0,False,125.0
33938,125.0,False,125.0
33939,125.0,False,125.0
33940,125.0,False,125.0
33941,125.0,False,125.0
33942,123.33,False,124.66600000000001
33943,123.33,False,124.332
33944,123.33,False,123.998
33945,123.33,False,123.66399999999999
33946,123.33,False,123.33
33947,123.33,False,123.33
33948,123.33,False,123.33
33949,123.33,False,123.33
33950,123.33,False,123.33
33951,123.33,False,123.33
33952,123.33,False,123.33
33953,123.33,False,123.33
33954,123.33,False,123.33
33955,123.33,False,123.33
33956,123.33,False,123.33
33957,123.33,False,123.33
33958,123.33,False,123.33
33959,123.33,False,123.33
33960,123.33,False,123.33
33961,123.33,False,123.33
33962,123.33,False,123.33
33963,123.33,False,123.33
33964,123.33,False,123.33
33965,123.33,False,123.33
33966,123.33,False,123.33
33967,123.33,False,123.33
33968,123.33,False,123.33
33969,123.33,False,123.33
33970,123.33,False,123.33
33971,123.33,False,123.33
33972,120.83,False,122.83
33973,120.83,False,122.33
33974,120.83,False,121.83
33975,120.83,False,121.33
33976,120.83,False,120.83
33977,120.83,False,120.83
33978,120.83,False,120.83
33979,120.83,False,120.83
33980,120.83,False,120.83
33981,120.83,False,120.83
33982,120.83,False,120.83
33983,120.83,False,120.83
33984,120.83,False,120.83
33985,120.83,False,120.83
33986,120.83,False,120.83
33987,120.83,False,120.83
33988,120.83,False,120.83
33989,120.83,False,120.83
33990,120.83,False,120.83
33991,120.83,False,120.83
33992,120.83,False,120.83
33993,120.83,False,120.83
33994,120.83,False,120.83
33995,120.83,False,120.83
33996,120.83,False,120.83
33997,120.83,False,120.83
33998,120.83,False,120.83
33999,120.83,False,120.83
34000,120.83,False,120.83
34001,120.83,False,120.83
34002,120.83,False,120.83
34003,116.67,False,119.998
34004,116.67,False,119.16599999999998
34005,116.67,False,118.33399999999999
34006,116.67,False,117.502
34007,116.67,False,116.67
34008,116.67,False,116.67
34009,116.67,False,116.67
34010,116.67,False,116.67
34011,116.67,False,116.67
34012,116.67,False,116.67
34013,116.67,False,116.67
34014,116.67,False,116.67
34015,116.67,False,116.67
34016,116.67,False,116.67
34017,116.67,False,116.67
34018,116.67,False,116.67
34019,116.67,False,116.67
34020,116.67,False,116.67
34021,116.67,False,116.67
34022,116.67,False,116.67
34023,116.67,False,116.67
34024,116.67,False,116.67
34025,116.67,False,116.67
34026,116.67,False,116.67
34027,116.67,False,116.67
34028,116.67,False,116.67
34029,116.67,False,116.67
34030,116.67,False,116.67
34031,116.67,False,116.67
34032,116.67,False,116.67
34033,112.5,False,115.83599999999998
34034,112.5,False,115.002
34035,112.5,False,114.168
34036,112.5,False,113.33399999999999
34037,112.5,False,112.5
34038,112.5,False,112.5
34039,112.5,False,112.5
34040,112.5,False,112.5
34041,112.5,False,112.5
34042,112.5,False,112.5
34043,112.5,False,112.5
34044,112.5,False,112.5
34045,112.5,False,112.5
34046,112.5,False,112.5
34047,112.5,False,112.5
34048,112.5,False,112.5
34049,111.67,False,112.33399999999999
34050,111.67,False,112.168
34051,111.67,False,112.002
34052,111.67,False,111.83599999999998
34053,111.67,False,111.67
34054,111.67,False,111.67
34055,111.67,False,111.67
34056,111.67,False,111.67
34057,111.67,False,111.67
34058,111.67,False,111.67
34059,111.67,False,111.67
34060,111.67,False,111.67
34061,111.67,False,111.67
34062,111.67,False,111.67
34063,111.67,False,111.67
34064,111.67,False,111.67
34065,111.67,False,111.67
34066,111.67,False,111.67
34067,111.67,False,111.67
34068,111.67,False,111.67
34069,111.67,False,111.67
34070,111.67,False,111.67
34071,111.67,False,111.67
34072,111.67,False,111.67
34073,111.67,False,111.67
34074,111.67,False,111.67
34075,111.67,False,111.67
34076,111.67,False,111.67
34077,111.67,False,111.67
34078,111.67,False,111.67
34079,111.67,False,111.67
34080,111.67,False,111.67
34081,111.67,False,111.67
34082,111.67,False,111.67
34083,111.67,False,111.67
34084,111.67,False,111.67
34085,111.67,False,111.67
34086,111.67,False,111.67
34087,111.67,False,111.67
34088,111.67,False,111.67
34089,111.67,False,111.67
34090,111.67,False,111.67
34091,111.67,False,111.67
34092,111.67,False,111.67
34093,111.67,False,111.67
34094,111.67,False,111.67
34095,111.67,False,111.67
34096,111.67,False,111.67
34097,111.67,False,111.67
34098,111.67,False,111.67
34099,111.67,False,111.67
34100,111.67,False,111.67
34101,111.67,False,111.67
34102,111.67,False,111.67
34103,111.67,False,111.67
34104,111.67,False,111.67
34105,111.67,False,111.67
34106,111.67,False,111.67
34107,111.67,False,111.67
34108,112.5,False,111.83600000000001
34109,112.5,False,112.002
34110,112.5,False,112.168
34111,112.5,False,112.33400000000002
34112,112.5,False,112.5
34113,112.5,False,112.5
34114,112.5,False,112.5
34115,112.5,False,112.5
34116,112.5,False,112.5
34117,112.5,False,112.5
34118,112.5,False,112.5
34119,112.5,False,112.5
34120,112.5,False,112.5
34121,112.5,False,112.5
34122,112.5,False,112.5
34123,112.5,False,112.5
34124,112.5,False,112.5
34125,112.5,False,112.5
34126,112.5,False,112.5
34127,112.5,False,112.5
34128,112.5,False,112.5
34129,112.5,False,112.5
34130,112.5,False,112.5
34131,112.5,False,112.5
34132,112.5,False,112.5
34133,112.5,False,112.5
34134,112.5,False,112.5
34135,112.5,False,112.5
34136,112.5,False,112.5
34137,112.5,False,112.5
34138,115.0,False,113.0
34139,115.0,False,113.5
34140,115.0,False,114.0
34141,115.0,False,114.5
34142,115.0,False,115.0
34143,115.0,False,115.0
34144,115.0,False,115.0
34145,115.0,False,115.0
34146,115.0,False,115.0
34147,115.0,False,115.0
34148,115.0,False,115.0
34149,115.0,False,115.0
34150,115.0,False,115.0
34151,115.0,False,115.0
34152,115.0,False,115.0
34153,115.0,False,115.0
34154,115.0,False,115.0
34155,115.0,False,115.0
34156,115.0,False,115.0
34157,115.0,False,115.0
34158,115.0,False,115.0
34159,115.0,False,115.0
34160,115.0,False,115.0
34161,115.0,False,115.0
34162,115.0,False,115.0
34163,115.0,False,115.0
34164,115.0,False,115.0
34165,115.0,False,115.0
34166,115.0,False,115.0
34167,115.0,False,115.0
34168,115.0,False,115.0
34169,117.5,False,115.5
34170,117.5,False,116.0
34171,117.5,False,116.5
34172,117.5,False,117.0
34173,117.5,False,117.5
34174,117.5,False,117.5
34175,117.5,False,117.5
34176,117.5,False,117.5
34177,117.5,False,117.5
34178,117.5,False,117.5
34179,117.5,False,117.5
34180,117.5,False,117.5
34181,117.5,False,117.5
34182,117.5,False,117.5
34183,117.5,False,117.5
34184,117.5,False,117.5
34185,117.5,False,117.5
34186,117.5,False,117.5
34187,117.5,False,117.5
34188,117.5,False,117.5
34189,117.5,False,117.5
34190,117.5,False,117.5
34191,117.5,False,117.5
34192,117.5,False,117.5
34193,117.5,False,117.5
34194,117.5,False,117.5
34195,117.5,False,117.5
34196,117.5,False,117.5
34197,117.5,False,117.5
34198,117.5,False,117.5
34199,119.17,False,117.83399999999999
34200,119.17,False,118.168
34201,119.17,False,118.502
34202,119.17,False,118.83600000000001
34203,119.17,False,119.17
34204,119.17,False,119.17
34205,119.17,False,119.17
34206,119.17,False,119.17
34207,119.17,False,119.17
34208,119.17,False,119.17
34209,119.17,False,119.17
34210,119.17,False,119.17
34211,119.17,False,119.17
34212,119.17,False,119.17
34213,119.17,False,119.17
34214,119.17,False,119.17
34215,119.17,False,119.17
34216,119.17,False,119.17
34217,119.17,False,119.17
34218,119.17,False,119.17
34219,119.17,False,119.17
34220,119.17,False,119.17
34221,119.17,False,119.17
34222,119.17,False,119.17
34223,119.17,False,119.17
34224,119.17,False,119.17
34225,119.17,False,119.17
34226,119.17,False,119.17
34227,119.17,False,119.17
34228,119.17,False,119.17
34229,119.17,False,119.17
34230,121.67,False,119.67
34231,121.67,False,120.17
34232,121.67,False,120.67
34233,121.67,False,121.17
34234,121.67,False,121.67
34235,121.67,False,121.67
34236,121.67,False,121.67
34237,121.67,False,121.67
34238,121.67,False,121.67
34239,121.67,False,121.67
34240,121.67,False,121.67
34241,121.67,False,121.67
34242,121.67,False,121.67
34243,121.67,False,121.67
34244,121.67,False,121.67
34245,121.67,False,121.67
34246,121.67,False,121.67
34247,121.67,False,121.67
34248,121.67,False,121.67
34249,121.67,False,121.67
34250,121.67,False,121.67
34251,121.67,False,121.67
34252,121.67,False,121.67
34253,121.67,False,121.67
34254,121.67,False,121.67
34255,121.67,False,121.67
34256,121.67,False,121.67
34257,121.67,False,121.67
34258,121.67,False,121.67
34259,121.67,False,121.67
34260,121.67,False,121.67
34261,121.67,False,121.67
34262,121.67,False,121.67
34263,121.67,False,121.67
34264,121.67,False,121.67
34265,121.67,False,121.67
34266,121.67,False,121.67
34267,121.67,False,121.67
34268,121.67,False,121.67
34269,121.67,False,121.67
34270,121.67,False,121.67
34271,121.67,False,121.67
34272,121.67,False,121.67
34273,121.67,False,121.67
34274,121.67,False,121.67
34275,121.67,False,121.67
34276,121.67,False,121.67
34277,121.67,False,121.67
34278,121.67,False,121.67
34279,121.67,False,121.67
34280,121.67,False,121.67
34281,121.67,False,121.67
34282,121.67,False,121.67
34283,121.67,False,121.67
34284,121.67,False,121.67
34285,121.67,False,121.67
34286,121.67,False,121.67
34287,121.67,False,121.67
34288,121.67,False,121.67
34289,121.67,False,121.67
34290,118.33,False,121.002
34291,118.33,False,120.33399999999999
34292,118.33,False,119.66599999999998
34293,118.33,False,118.998
34294,118.33,False,118.33
34295,118.33,False,118.33
34296,118.33,False,118.33
34297,118.33,False,118.33
34298,118.33,False,118.33
34299,118.33,False,118.33
34300,118.33,False,118.33
34301,118.33,False,118.33
34302,118.33,False,118.33
34303,118.33,False,118.33
34304,118.33,False,118.33
34305,113.33,False,117.33
34306,113.33,False,116.33
34307,113.33,False,115.33
34308,113.33,False,114.33
34309,113.33,False,113.33
34310,113.33,False,113.33
34311,113.33,False,113.33
34312,113.33,False,113.33
34313,113.33,False,113.33
34314,113.33,False,113.33
34315,113.33,False,113.33
34316,113.33,False,113.33
34317,113.33,False,113.33
34318,113.33,False,113.33
34319,113.33,False,113.33
34320,113.33,False,113.33
34321,113.33,False,113.33
34322,113.33,False,113.33
34323,113.33,False,113.33
34324,113.33,False,113.33
34325,113.33,False,113.33
34326,113.33,False,113.33
34327,113.33,False,113.33
34328,113.33,False,113.33
34329,113.33,False,113.33
34330,113.33,False,113.33
34331,113.33,False,113.33
34332,113.33,False,113.33
34333,113.33,False,113.33
34334,113.33,False,113.33
34335,110.0,False,112.66399999999999
34336,110.0,False,111.998
34337,110.0,False,111.332
34338,110.0,False,110.66600000000001
34339,110.0,False,110.0
34340,110.0,False,110.0
34341,110.0,False,110.0
34342,110.0,False,110.0
34343,110.0,False,110.0
34344,110.0,False,110.0
34345,110.0,False,110.0
34346,110.0,False,110.0
34347,110.0,False,110.0
34348,110.0,False,110.0
34349,110.0,False,110.0
34350,110.0,False,110.0
34351,110.0,False,110.0
34352,110.0,False,110.0
34353,110.0,False,110.0
34354,110.0,False,110.0
34355,110.0,False,110.0
34356,110.0,False,110.0
34357,110.0,False,110.0
34358,110.0,False,110.0
34359,110.0,False,110.0
34360,110.0,False,110.0
34361,110.0,False,110.0
34362,110.0,False,110.0
34363,110.0,False,110.0
34364,110.0,False,110.0
34365,110.0,False,110.0
34366,100.83,False,108.16599999999998
34367,100.83,False,106.332
34368,100.83,False,104.498
34369,100.83,False,102.66399999999999
34370,100.83,False,100.83
34371,100.83,False,100.83
34372,100.83,False,100.83
34373,100.83,False,100.83
34374,100.83,False,100.83
34375,100.83,False,100.83
34376,100.83,False,100.83
34377,100.83,False,100.83
34378,100.83,False,100.83
34379,100.83,False,100.83
34380,100.83,False,100.83
34381,100.83,False,100.83
34382,100.83,False,100.83
34383,100.83,False,100.83
34384,100.83,False,100.83
34385,100.83,False,100.83
34386,100.83,False,100.83
34387,100.83,False,100.83
34388,100.83,False,100.83
34389,100.83,False,100.83
34390,100.83,False,100.83
34391,100.83,False,100.83
34392,100.83,False,100.83
34393,100.83,False,100.83
34394,100.83,False,100.83
34395,100.83,False,100.83
34396,94.17,False,99.498
34397,94.17,False,98.16600000000001
34398,94.17,False,96.83399999999999
34399,94.17,False,95.502
34400,94.17,False,94.17
34401,94.17,False,94.17
34402,94.17,False,94.17
34403,94.17,False,94.17
34404,94.17,False,94.17
34405,94.17,False,94.17
34406,94.17,False,94.17
34407,94.17,False,94.17
34408,94.17,False,94.17
34409,94.17,False,94.17
34410,94.17,False,94.17
34411,94.17,False,94.17
34412,94.17,False,94.17
34413,94.17,False,94.17
34414,94.17,False,94.17
34415,94.17,False,94.17
34416,94.17,False,94.17
34417,94.17,False,94.17
34418,94.17,False,94.17
34419,94.17,False,94.17
34420,94.17,False,94.17
34421,94.17,False,94.17
34422,94.17,False,94.17
34423,94.17,False,94.17
34424,94.17,False,94.17
34425,94.17,False,94.17
34426,94.17,False,94.17
34427,99.17,False,95.17
34428,99.17,False,96.17
34429,99.17,False,97.17
34430,99.17,False,98.17
34431,99.17,False,99.17
34432,99.17,False,99.17
34433,99.17,False,99.17
34434,99.17,False,99.17
34435,99.17,False,99.17
34436,99.17,False,99.17
34437,99.17,False,99.17
34438,99.17,False,99.17
34439,99.17,False,99.17
34440,99.17,False,99.17
34441,99.17,False,99.17
34442,99.17,False,99.17
34443,99.17,False,99.17
34444,99.17,False,99.17
34445,99.17,False,99.17
34446,99.17,False,99.17
34447,99.17,False,99.17
34448,99.17,False,99.17
34449,99.17,False,99.17
34450,99.17,False,99.17
34451,99.17,False,99.17
34452,99.17,False,99.17
34453,99.17,False,99.17
34454,99.17,False,99.17
34455,99.17,False,99.17
34456,99.17,False,99.17
34457,107.5,False,100.836
34458,107.5,False,102.502
34459,107.5,False,104.168
34460,107.5,False,105.83399999999999
34461,107.5,False,107.5
34462,107.5,False,107.5
34463,107.5,False,107.5
34464,107.5,False,107.5
34465,107.5,False,107.5
34466,107.5,False,107.5
34467,107.5,False,107.5
34468,107.5,False,107.5
34469,107.5,False,107.5
34470,107.5,False,107.5
34471,107.5,False,107.5
34472,107.5,False,107.5
34473,107.5,False,107.5
34474,107.5,False,107.5
34475,107.5,False,107.5
34476,107.5,False,107.5
34477,107.5,False,107.5
34478,107.5,False,107.5
34479,107.5,False,107.5
34480,107.5,False,107.5
34481,107.5,False,107.5
34482,107.5,False,107.5
34483,107.5,False,107.5
34484,107.5,False,107.5
34485,107.5,False,107.5
34486,107.5,False,107.5
34487,107.5,False,107.5
34488,112.5,False,108.5
34489,112.5,False,109.5
34490,112.5,False,110.5
34491,112.5,False,111.5
34492,112.5,False,112.5
34493,112.5,False,112.5
34494,112.5,False,112.5
34495,112.5,False,112.5
34496,112.5,False,112.5
34497,112.5,False,112.5
34498,112.5,False,112.5
34499,112.5,False,112.5
34500,112.5,False,112.5
34501,112.5,False,112.5
34502,112.5,False,112.5
34503,112.5,False,112.5
34504,112.5,False,112.5
34505,112.5,False,112.5
34506,112.5,False,112.5
34507,112.5,False,112.5
34508,112.5,False,112.5
34509,112.5,False,112.5
34510,112.5,False,112.5
34511,112.5,False,112.5
34512,112.5,False,112.5
34513,112.5,False,112.5
34514,112.5,False,112.5
34515,112.5,False,112.5
34516,112.5,False,112.5
34517,112.5,False,112.5
34518,115.83,False,113.16599999999998
34519,115.83,False,113.832
34520,115.83,False,114.498
34521,115.83,False,115.16399999999999
34522,115.83,False,115.83
34523,115.83,False,115.83
34524,115.83,False,115.83
34525,115.83,False,115.83
34526,115.83,False,115.83
34527,115.83,False,115.83
34528,115.83,False,115.83
34529,115.83,False,115.83
34530,115.83,False,115.83
34531,115.83,False,115.83
34532,115.83,False,115.83
34533,115.83,False,115.83
34534,115.83,False,115.83
34535,115.83,False,115.83
34536,115.83,False,115.83
34537,115.83,False,115.83
34538,115.83,False,115.83
34539,115.83,False,115.83
34540,115.83,False,115.83
34541,115.83,False,115.83
34542,115.83,False,115.83
34543,115.83,False,115.83
34544,115.83,False,115.83
34545,115.83,False,115.83
34546,115.83,False,115.83
34547,115.83,False,115.83
34548,120.0,False,116.66400000000002
34549,120.0,False,117.498
34550,120.0,False,118.332
34551,120.0,False,119.16600000000001
34552,120.0,False,120.0
34553,120.0,False,120.0
34554,120.0,False,120.0
34555,120.0,False,120.0
34556,120.0,False,120.0
34557,120.0,False,120.0
34558,120.0,False,120.0
34559,120.0,False,120.0
34560,120.0,False,120.0
34561,83.33,False,112.66600000000001
34562,83.33,False,105.332
34563,83.33,False,97.998
34564,58.33,False,85.664
34565,58.33,False,73.33
34566,58.33,False,68.33
34567,58.33,False,63.33
34568,58.33,False,58.33
34569,58.33,False,58.33
34570,58.33,False,58.33
34571,58.33,False,58.33
34572,58.33,False,58.33
34573,58.33,False,58.33
34574,58.33,False,58.33
34575,58.33,False,58.33
34576,58.33,False,58.33
34577,58.33,False,58.33
34578,58.33,False,58.33
34579,58.33,False,58.33
34580,58.33,False,58.33
34581,58.33,False,58.33
34582,58.33,False,58.33
34583,58.33,False,58.33
34584,58.33,False,58.33
34585,58.33,False,58.33
34586,58.33,False,58.33
34587,58.33,False,58.33
34588,58.33,False,58.33
34589,58.33,False,58.33
34590,58.33,False,58.33
34591,58.33,False,58.33
34592,58.33,False,58.33
34593,58.33,False,58.33
34594,58.33,False,58.33
34595,99.17,False,66.498
34596,99.17,False,74.666
34597,99.17,False,82.83399999999999
34598,99.17,False,91.002
34599,99.17,False,99.17
34600,99.17,False,99.17
34601,99.17,False,99.17
34602,99.17,False,99.17
34603,99.17,False,99.17
34604,99.17,False,99.17
34605,99.17,False,99.17
34606,99.17,False,99.17
34607,99.17,False,99.17
34608,99.17,False,99.17
34609,99.17,False,99.17
34610,99.17,False,99.17
34611,99.17,False,99.17
34612,99.17,False,99.17
34613,99.17,False,99.17
34614,99.17,False,99.17
34615,99.17,False,99.17
34616,99.17,False,99.17
34617,99.17,False,99.17
34618,99.17,False,99.17
34619,99.17,False,99.17
34620,99.17,False,99.17
34621,99.17,False,99.17
34622,99.17,False,99.17
34623,99.17,False,99.17
34624,99.17,False,99.17
34625,99.17,False,99.17
34626,101.67,False,99.67
34627,101.67,False,100.17
34628,101.67,False,100.67
34629,101.67,False,101.17
34630,101.67,False,101.67
34631,101.67,False,101.67
34632,101.67,False,101.67
34633,101.67,False,101.67
34634,101.67,False,101.67
34635,101.67,False,101.67
34636,101.67,False,101.67
34637,101.67,False,101.67
34638,101.67,False,101.67
34639,101.67,False,101.67
34640,101.67,False,101.67
34641,101.67,False,101.67
34642,101.67,False,101.67
34643,101.67,False,101.67
34644,101.67,False,101.67
34645,101.67,False,101.67
34646,101.67,False,101.67
34647,101.67,False,101.67
34648,101.67,False,101.67
34649,101.67,False,101.67
34650,101.67,False,101.67
34651,101.67,False,101.67
34652,101.67,False,101.67
34653,101.67,False,101.67
34654,101.67,False,101.67
34655,101.67,False,101.67
34656,79.17,False,97.17
34657,79.17,False,92.67
34658,79.17,False,88.17
34659,79.17,False,83.67
34660,79.17,False,79.17
34661,79.17,False,79.17
34662,79.17,False,79.17
34663,79.17,False,79.17
34664,79.17,False,79.17
34665,79.17,False,79.17
34666,79.17,False,79.17
34667,79.17,False,79.17
34668,79.17,False,79.17
34669,79.17,False,79.17
34670,79.17,False,79.17
34671,79.17,False,79.17
34672,79.17,False,79.17
34673,79.17,False,79.17
34674,79.17,False,79.17
34675,79.17,False,79.17
34676,79.17,False,79.17
34677,79.17,False,79.17
34678,79.17,False,79.17
34679,79.17,False,79.17
34680,79.17,False,79.17
34681,79.17,False,79.17
34682,79.17,False,79.17
34683,79.17,False,79.17
34684,79.17,False,79.17
34685,79.17,False,79.17
34686,108.33,False,85.00200000000001
34687,108.33,False,90.834
34688,108.33,False,96.666
34689,108.33,False,102.498
34690,108.33,False,108.33
34691,108.33,False,108.33
34692,108.33,False,108.33
34693,108.33,False,108.33
34694,108.33,False,108.33
34695,108.33,False,108.33
34696,108.33,False,108.33
34697,108.33,False,108.33
34698,108.33,False,108.33
34699,108.33,False,108.33
34700,108.33,False,108.33
34701,108.33,False,108.33
34702,108.33,False,108.33
34703,108.33,False,108.33
34704,108.33,False,108.33
34705,108.33,False,108.33
34706,108.33,False,108.33
34707,108.33,False,108.33
34708,108.33,False,108.33
34709,108.33,False,108.33
34710,108.33,False,108.33
34711,108.33,False,108.33
34712,108.33,False,108.33
34713,108.33,False,108.33
34714,108.33,False,108.33
34715,108.33,False,108.33
34716,108.33,False,108.33
34717,65.0,False,99.664
34718,65.0,False,90.998
34719,65.0,False,82.332
34720,65.0,False,73.666
34721,65.0,False,65.0
34722,65.0,False,65.0
34723,65.0,False,65.0
34724,65.0,False,65.0
34725,65.0,False,65.0
34726,65.0,False,65.0
34727,65.0,False,65.0
34728,65.0,False,65.0
34729,65.0,False,65.0
34730,65.0,False,65.0
34731,65.0,False,65.0
34732,65.0,False,65.0
34733,65.0,False,65.0
34734,65.0,False,65.0
34735,65.0,False,65.0
34736,65.0,False,65.0
34737,65.0,False,65.0
34738,65.0,False,65.0
34739,65.0,False,65.0
34740,65.0,False,65.0
34741,65.0,False,65.0
34742,65.0,False,65.0
34743,65.0,False,65.0
34744,65.0,False,65.0
34745,65.0,False,65.0
34746,65.0,False,65.0
34747,53.33,False,62.66600000000001
34748,53.33,False,60.33200000000001
34749,53.33,False,57.998000000000005
34750,53.33,False,55.664
34751,53.33,False,53.33
34752,53.33,False,53.33
34753,53.33,False,53.33
34754,53.33,False,53.33
34755,53.33,False,53.33
34756,53.33,False,53.33
34757,53.33,False,53.33
34758,53.33,False,53.33
34759,53.33,False,53.33
34760,53.33,False,53.33
34761,53.33,False,53.33
34762,53.33,False,53.33
34763,53.33,False,53.33
34764,53.33,False,53.33
34765,53.33,False,53.33
34766,53.33,False,53.33
34767,53.33,False,53.33
34768,53.33,False,53.33
34769,53.33,False,53.33
34770,53.33,False,53.33
34771,53.33,False,53.33
34772,53.33,False,53.33
34773,53.33,False,53.33
34774,53.33,False,53.33
34775,53.33,False,53.33
34776,53.33,False,53.33
34777,53.33,False,53.33
34778,110.0,False,64.664
34779,110.0,False,75.998
34780,110.0,False,87.332
34781,110.0,False,98.666
34782,110.0,False,110.0
34783,110.0,False,110.0
34784,110.0,False,110.0
34785,110.0,False,110.0
34786,110.0,False,110.0
34787,110.0,False,110.0
34788,110.0,False,110.0
34789,110.0,False,110.0
34790,110.0,False,110.0
34791,110.0,False,110.0
34792,110.0,False,110.0
34793,110.0,False,110.0
34794,110.0,False,110.0
34795,110.0,False,110.0
34796,110.0,False,110.0
34797,110.0,False,110.0
34798,110.0,False,110.0
34799,110.0,False,110.0
34800,110.0,False,110.0
34801,110.0,False,110.0
34802,110.0,False,110.0
34803,110.0,False,110.0
34804,110.0,False,110.0
34805,110.0,False,110.0
34806,110.0,False,110.0
34807,110.0,False,110.0
34808,99.17,False,107.83399999999999
34809,99.17,False,105.668
34810,99.17,False,103.502
34811,99.17,False,101.336
34812,99.17,False,99.17
34813,99.17,False,99.17
34814,99.17,False,99.17
34815,99.17,False,99.17
34816,99.17,False,99.17
34817,90.0,False,97.336
34818,90.0,False,95.502
34819,90.0,False,93.668
34820,90.0,False,91.834
34821,90.0,False,90.0
34822,90.0,False,90.0
34823,90.0,False,90.0
34824,90.0,False,90.0
34825,90.0,False,90.0
34826,90.0,False,90.0
34827,116.67,False,95.33399999999999
34828,116.67,False,100.66799999999999
34829,116.67,False,106.002
34830,116.67,False,111.33599999999998
34831,116.67,False,116.67
34832,116.67,False,116.67
34833,116.67,False,116.67
34834,116.67,False,116.67
34835,116.67,False,116.67
34836,116.67,False,116.67
34837,116.67,False,116.67
34838,116.67,False,116.67
34839,116.67,False,116.67
34840,116.67,False,116.67
34841,116.67,False,116.67
34842,116.67,False,116.67
34843,116.67,False,116.67
34844,116.67,False,116.67
34845,116.67,False,116.67
34846,116.67,False,116.67
34847,116.67,False,116.67
34848,116.67,False,116.67
34849,116.67,False,116.67
34850,116.67,False,116.67
34851,116.67,False,116.67
34852,116.67,False,116.67
34853,116.67,False,116.67
34854,116.67,False,116.67
34855,116.67,False,116.67
34856,116.67,False,116.67
34857,69.17,False,107.17
34858,69.17,False,97.67
34859,69.17,False,88.17
34860,69.17,False,78.67
34861,69.17,False,69.17
34862,69.17,False,69.17
34863,69.17,False,69.17
34864,69.17,False,69.17
34865,69.17,False,69.17
34866,69.17,False,69.17
34867,69.17,False,69.17
34868,69.17,False,69.17
34869,69.17,False,69.17
34870,69.17,False,69.17
34871,69.17,False,69.17
34872,69.17,False,69.17
34873,69.17,False,69.17
34874,69.17,False,69.17
34875,69.17,False,69.17
34876,69.17,False,69.17
34877,69.17,False,69.17
34878,69.17,False,69.17
34879,69.17,False,69.17
34880,69.17,False,69.17
34881,69.17,False,69.17
34882,69.17,False,69.17
34883,69.17,False,69.17
34884,69.17,False,69.17
34885,69.17,False,69.17
34886,69.17,False,69.17
34887,69.17,False,69.17
34888,95.0,False,74.33600000000001
34889,95.0,False,79.502
34890,95.0,False,84.668
34891,95.0,False,89.83399999999999
34892,95.0,False,95.0
34893,95.0,False,95.0
34894,95.0,False,95.0
34895,95.0,False,95.0
34896,95.0,False,95.0
34897,95.0,False,95.0
34898,95.0,False,95.0
34899,95.0,False,95.0
34900,95.0,False,95.0
34901,95.0,False,95.0
34902,95.0,False,95.0
34903,95.0,False,95.0
34904,95.0,False,95.0
34905,95.0,False,95.0
34906,95.0,False,95.0
34907,95.0,False,95.0
34908,95.0,False,95.0
34909,95.0,False,95.0
34910,95.0,False,95.0
34911,95.0,False,95.0
34912,95.0,False,95.0
34913,95.0,False,95.0
34914,95.0,False,95.0
34915,95.0,False,95.0
34916,95.0,False,95.0
34917,95.0,False,95.0
34918,141.67,False,104.33400000000002
34919,141.67,False,113.668
34920,141.67,False,123.002
34921,141.67,False,132.33599999999998
34922,141.67,False,141.67
34923,141.67,False,141.67
34924,141.67,False,141.67
34925,141.67,False,141.67
34926,141.67,False,141.67
34927,141.67,False,141.67
34928,141.67,False,141.67
34929,141.67,False,141.67
34930,141.67,False,141.67
34931,141.67,False,141.67
34932,141.67,False,141.67
34933,141.67,False,141.67
34934,141.67,False,141.67
34935,141.67,False,141.67
34936,141.67,False,141.67
34937,141.67,False,141.67
34938,141.67,False,141.67
34939,141.67,False,141.67
34940,141.67,False,141.67
34941,141.67,False,141.67
34942,141.67,False,141.67
34943,141.67,False,141.67
34944,141.67,False,141.67
34945,141.67,False,141.67
34946,141.67,False,141.67
34947,141.67,False,141.67
34948,141.67,False,141.67
34949,75.0,False,128.33599999999998
34950,75.0,False,115.002
34951,75.0,False,101.66799999999999
34952,75.0,False,88.33399999999999
34953,75.0,False,75.0
34954,75.0,False,75.0
34955,75.0,False,75.0
34956,75.0,False,75.0
34957,75.0,False,75.0
34958,75.0,False,75.0
34959,75.0,False,75.0
34960,75.0,False,75.0
34961,75.0,False,75.0
34962,75.0,False,75.0
34963,75.0,False,75.0
34964,75.0,False,75.0
34965,75.0,False,75.0
34966,75.0,False,75.0
34967,75.0,False,75.0
34968,75.0,False,75.0
34969,75.0,False,75.0
34970,75.0,False,75.0
34971,75.0,False,75.0
34972,75.0,False,75.0
34973,75.0,False,75.0
34974,75.0,False,75.0
34975,75.0,False,75.0
34976,75.0,False,75.0
34977,75.0,False,75.0
34978,75.0,False,75.0
34979,130.83,False,86.16600000000001
34980,130.83,False,97.33200000000001
34981,130.83,False,108.498
34982,130.83,False,119.66400000000002
34983,130.83,False,130.83
34984,130.83,False,130.83
34985,130.83,False,130.83
34986,130.83,False,130.83
34987,130.83,False,130.83
34988,130.83,False,130.83
34989,130.83,False,130.83
34990,130.83,False,130.83
34991,130.83,False,130.83
34992,130.83,False,130.83
34993,130.83,False,130.83
34994,130.83,False,130.83
34995,130.83,False,130.83
34996,130.83,False,130.83
34997,130.83,False,130.83
34998,130.83,False,130.83
34999,130.83,False,130.83
35000,130.83,False,130.83
35001,130.83,False,130.83
35002,130.83,False,130.83
35003,130.83,False,130.83
35004,130.83,False,130.83
35005,130.83,False,130.83
35006,130.83,False,130.83
35007,130.83,False,130.83
35008,130.83,False,130.83
35009,130.83,False,130.83
35010,76.67,False,119.99800000000002
35011,76.67,False,109.16600000000001
35012,76.67,False,98.334
35013,76.67,False,87.502
35014,76.67,False,76.67
35015,76.67,False,76.67
35016,76.67,False,76.67
35017,76.67,False,76.67
35018,76.67,False,76.67
35019,76.67,False,76.67
35020,76.67,False,76.67
35021,76.67,False,76.67
35022,76.67,False,76.67
35023,76.67,False,76.67
35024,76.67,False,76.67
35025,76.67,False,76.67
35026,76.67,False,76.67
35027,76.67,False,76.67
35028,76.67,False,76.67
35029,76.67,False,76.67
35030,76.67,False,76.67
35031,76.67,False,76.67
35032,76.67,False,76.67
35033,76.67,False,76.67
35034,76.67,False,76.67
35035,76.67,False,76.67
35036,76.67,False,76.67
35037,76.67,False,76.67
35038,76.67,False,76.67
35039,76.67,False,76.67
35040,41.67,False,69.67
35041,41.67,False,62.67
35042,41.67,False,55.67
35043,41.67,False,48.67
35044,41.67,False,41.67
35045,41.67,False,41.67
35046,41.67,False,41.67
35047,41.67,False,41.67
35048,41.67,False,41.67
35049,41.67,False,41.67
35050,41.67,False,41.67
35051,41.67,False,41.67
35052,41.67,False,41.67
35053,41.67,False,41.67
35054,41.67,False,41.67
35055,41.67,False,41.67
35056,41.67,False,41.67
35057,41.67,False,41.67
35058,41.67,False,41.67
35059,41.67,False,41.67
35060,41.67,False,41.67
35061,41.67,False,41.67
35062,41.67,False,41.67
35063,41.67,False,41.67
35064,41.67,False,41.67
35065,41.67,False,41.67
35066,41.67,False,41.67
35067,41.67,False,41.67
35068,41.67,False,41.67
35069,41.67,False,41.67
35070,41.67,False,41.67
35071,100.83,False,53.501999999999995
35072,100.83,False,65.334
35151,146.67,False,86.33399999999999
35152,146.67,False,107.33399999999999
35153,146.67,False,128.334
35154,146.67,False,137.50199999999998
35155,146.67,False,146.67
35156,146.67,False,146.67
35157,146.67,False,146.67
35158,146.67,False,146.67
35159,146.67,False,146.67
35160,146.67,False,146.67
35161,146.67,False,146.67
35162,146.67,False,146.67
35163,146.67,False,146.67
35164,146.67,False,146.67
35165,146.67,False,146.67
35166,146.67,False,146.67
35167,146.67,False,146.67
35168,146.67,False,146.67
35169,146.67,False,146.67
35170,146.67,False,146.67
35171,146.67,False,146.67
35172,146.67,False,146.67
35173,146.67,False,146.67
35174,146.67,False,146.67
35175,146.67,False,146.67
35176,146.67,False,146.67
35177,146.67,False,146.67
35178,146.67,False,146.67
35179,146.67,False,146.67
35180,146.67,False,146.67
35181,58.33,False,129.00199999999998
35182,58.33,False,111.33399999999999
35183,58.33,False,93.666
35184,58.33,False,75.998
35185,58.33,False,58.33
35186,58.33,False,58.33
35187,58.33,False,58.33
35188,58.33,False,58.33
35189,58.33,False,58.33
35190,58.33,False,58.33
35191,58.33,False,58.33
35192,58.33,False,58.33
35193,58.33,False,58.33
35194,58.33,False,58.33
35195,58.33,False,58.33
35196,58.33,False,58.33
35197,58.33,False,58.33
35198,58.33,False,58.33
35199,58.33,False,58.33
35200,58.33,False,58.33
35201,58.33,False,58.33
35202,58.33,False,58.33
35203,58.33,False,58.33
35204,58.33,False,58.33
35205,58.33,False,58.33
35206,58.33,False,58.33
35207,58.33,False,58.33
35208,58.33,False,58.33
35209,58.33,False,58.33
35210,58.33,False,58.33
35211,58.33,False,58.33
35212,30.0,False,52.664
35213,30.0,False,46.998000000000005
35214,30.0,False,41.33200000000001
35215,30.0,False,35.666
35216,30.0,False,30.0
35217,30.0,False,30.0
35218,30.0,False,30.0
35219,30.0,False,30.0
35220,30.0,False,30.0
35221,30.0,False,30.0
35222,30.0,False,30.0
35223,30.0,False,30.0
35224,30.0,False,30.0
35225,30.0,False,30.0
35226,30.0,False,30.0
35227,30.0,False,30.0
35228,30.0,False,30.0
35229,30.0,False,30.0
35230,30.0,False,30.0
35231,30.0,False,30.0
35232,30.0,False,30.0
35233,30.0,False,30.0
35234,30.0,False,30.0
35235,30.0,False,30.0
35236,30.0,False,30.0
35237,30.0,False,30.0
35238,30.0,False,30.0
35239,30.0,False,30.0
35240,30.0,False,30.0
35241,30.0,False,30.0
35242,30.0,False,30.0
35243,30.0,False,30.0
35244,30.0,False,30.0
35245,30.0,False,30.0
35246,30.0,False,30.0
35247,30.0,False,30.0
35248,30.0,False,30.0
35249,30.0,False,30.0
35250,30.0,False,30.0
35251,30.0,False,30.0
35252,30.0,False,30.0
35253,30.0,False,30.0
35254,30.0,False,30.0
35255,30.0,False,30.0
35256,30.0,False,30.0
35257,30.0,False,30.0
35258,30.0,False,30.0
35259,30.0,False,30.0
35260,30.0,False,30.0
35261,30.0,False,30.0
35262,30.0,False,30.0
35263,30.0,False,30.0
35264,30.0,False,30.0
35265,30.0,False,30.0
35266,30.0,False,30.0
35267,30.0,False,30.0
35268,30.0,False,30.0
35269,30.0,False,30.0
35270,30.0,False,30.0
35271,30.0,False,30.0
35272,30.0,False,30.0
35273,30.0,False,30.0
35274,30.0,False,30.0
35275,30.0,False,30.0
35276,30.0,False,30.0
35277,30.0,False,30.0
35278,30.0,False,30.0
35279,30.0,False,30.0
35280,30.0,False,30.0
35281,30.0,False,30.0
35282,30.0,False,30.0
35283,30.0,False,30.0
35284,30.0,False,30.0
35285,30.0,False,30.0
35286,30.0,False,30.0
35287,30.0,False,30.0
35288,30.0,False,30.0
35289,30.0,False,30.0
35290,30.0,False,30.0
35291,30.0,False,30.0
35292,30.0,False,30.0
35293,30.0,False,30.0
35294,30.0,False,30.0
35295,30.0,False,30.0
35296,30.0,False,30.0
35297,30.0,False,30.0
35298,30.0,False,30.0
35299,30.0,False,30.0
35300,30.0,False,30.0
35301,30.0,False,30.0
35302,30.0,False,30.0
35303,30.0,False,30.0
35304,30.0,False,30.0
35305,30.0,False,30.0
35306,30.0,False,30.0
35307,30.0,False,30.0
35308,30.0,False,30.0
35309,30.0,False,30.0
35310,30.0,False,30.0
35311,30.0,False,30.0
35312,30.0,False,30.0
35313,30.0,False,30.0
35314,30.0,False,30.0
35315,30.0,False,30.0
35316,30.0,False,30.0
35317,30.0,False,30.0
35318,30.0,False,30.0
35319,30.0,False,30.0
35320,30.0,False,30.0
35321,30.0,False,30.0
35322,30.0,False,30.0
35323,30.0,False,30.0
35324,30.0,False,30.0
35325,30.0,False,30.0
35326,30.0,False,30.0
35327,30.0,False,30.0
35328,30.0,False,30.0
35329,29.17,False,29.834000000000003
35330,29.17,False,29.668
35331,29.17,False,29.502
35332,29.17,False,29.336000000000002
35333,29.17,False,29.17
35334,29.17,False,29.17
35335,29.17,False,29.17
35336,29.17,False,29.17
35337,29.17,False,29.17
35338,29.17,False,29.17
35339,29.17,False,29.17
35340,29.17,False,29.17
35341,29.17,False,29.17
35342,29.17,False,29.17
35343,29.17,False,29.17
35344,29.17,False,29.17
35345,29.17,False,29.17
35346,29.17,False,29.17
35347,29.17,False,29.17
35348,29.17,False,29.17
35349,29.17,False,29.17
35350,29.17,False,29.17
35351,29.17,False,29.17
35352,28.33,False,29.002
35353,28.33,False,28.834000000000003
35354,28.33,False,28.665999999999997
35355,28.33,False,28.498
35356,28.33,False,28.33
35357,28.33,False,28.33
35358,28.33,False,28.33
35359,28.33,False,28.33
35360,28.33,False,28.33
35361,28.33,False,28.33
35362,28.33,False,28.33
35363,28.33,False,28.33
35364,28.33,False,28.33
35365,28.33,False,28.33
35366,28.33,False,28.33
35367,28.33,False,28.33
35368,28.33,False,28.33
35369,28.33,False,28.33
35370,28.33,False,28.33
35371,28.33,False,28.33
35372,28.33,False,28.33
35373,28.33,False,28.33
35374,28.33,False,28.33
35375,28.33,False,28.33
35376,28.33,False,28.33
35377,28.33,False,28.33
35378,28.33,False,28.33
35379,28.33,False,28.33
35380,28.33,False,28.33
35381,28.33,False,28.33
35382,27.5,False,28.163999999999998
35383,27.5,False,27.998
35384,27.5,False,27.832
35385,27.5,False,27.665999999999997
35386,27.5,False,27.5
35387,27.5,False,27.5
35388,27.5,False,27.5
35389,27.5,False,27.5
35390,27.5,False,27.5
35391,27.5,False,27.5
35392,27.5,False,27.5
35393,27.5,False,27.5
35394,27.5,False,27.5
35395,27.5,False,27.5
35396,27.5,False,27.5
35397,27.5,False,27.5
35398,27.5,False,27.5
35399,27.5,False,27.5
35400,27.5,False,27.5
35401,27.5,False,27.5
35402,27.5,False,27.5
35403,27.5,False,27.5
35404,27.5,False,27.5
35405,27.5,False,27.5
35406,27.5,False,27.5
35407,27.5,False,27.5
35408,27.5,False,27.5
35409,27.5,False,27.5
35410,27.5,False,27.5
35411,27.5,False,27.5
35412,27.5,False,27.5
35413,28.33,False,27.665999999999997
35414,28.33,False,27.832
35415,28.33,False,27.998
35416,28.33,False,28.163999999999998
35417,28.33,False,28.33
35418,28.33,False,28.33
35419,28.33,False,28.33
35420,28.33,False,28.33
35421,28.33,False,28.33
35422,28.33,False,28.33
35423,28.33,False,28.33
35424,28.33,False,28.33
35425,28.33,False,28.33
35426,28.33,False,28.33
35427,28.33,False,28.33
35428,28.33,False,28.33
35429,28.33,False,28.33
35430,28.33,False,28.33
35431,28.33,False,28.33
35432,28.33,False,28.33
35433,28.33,False,28.33
35434,28.33,False,28.33
35435,28.33,False,28.33
35436,28.33,False,28.33
35437,28.33,False,28.33
35438,28.33,False,28.33
35439,28.33,False,28.33
35440,28.33,False,28.33
35441,28.33,False,28.33
35442,28.33,False,28.33
35443,27.5,False,28.163999999999998
35444,27.5,False,27.998
35445,27.5,False,27.832
35446,27.5,False,27.665999999999997
35447,27.5,False,27.5
35448,27.5,False,27.5
35449,27.5,False,27.5
35450,27.5,False,27.5
35451,27.5,False,27.5
35452,27.5,False,27.5
35453,27.5,False,27.5
35454,27.5,False,27.5
35455,27.5,False,27.5
35456,27.5,False,27.5
35457,27.5,False,27.5
35458,27.5,False,27.5
35459,27.5,False,27.5
35460,27.5,False,27.5
35461,27.5,False,27.5
35462,27.5,False,27.5
35463,27.5,False,27.5
35464,27.5,False,27.5
35465,27.5,False,27.5
35466,27.5,False,27.5
35467,27.5,False,27.5
35468,27.5,False,27.5
35469,27.5,False,27.5
35470,27.5,False,27.5
35471,27.5,False,27.5
35472,27.5,False,27.5
35473,27.5,False,27.5
35474,26.67,False,27.334000000000003
35475,26.67,False,27.168
35476,26.67,False,27.002
35477,26.67,False,26.836000000000002
35478,26.67,False,26.67
35479,26.67,False,26.67
35480,26.67,False,26.67
35481,26.67,False,26.67
35482,26.67,False,26.67
35483,26.67,False,26.67
35484,26.67,False,26.67
35485,26.67,False,26.67
35486,26.67,False,26.67
35487,26.67,False,26.67
35488,26.67,False,26.67
35489,26.67,False,26.67
35490,26.67,False,26.67
35491,26.67,False,26.67
35492,26.67,False,26.67
35493,26.67,False,26.67
35494,26.67,False,26.67
35495,26.67,False,26.67
35496,26.67,False,26.67
35497,26.67,False,26.67
35498,26.67,False,26.67
35499,26.67,False,26.67
35500,26.67,False,26.67
35501,26.67,False,26.67
35502,26.67,False,26.67
35503,26.67,False,26.67
35504,26.67,False,26.67
35505,26.67,False,26.67
35506,26.67,False,26.67
35507,26.67,False,26.67
35508,26.67,False,26.67
35509,26.67,False,26.67
35510,26.67,False,26.67
35511,26.67,False,26.67
35512,26.67,False,26.67
35513,26.67,False,26.67
35514,26.67,False,26.67
35515,26.67,False,26.67
35516,26.67,False,26.67
35517,26.67,False,26.67
35518,26.67,False,26.67
35519,26.67,False,26.67
35520,26.67,False,26.67
35521,26.67,False,26.67
35522,26.67,False,26.67
35523,26.67,False,26.67
35524,26.67,False,26.67
35525,26.67,False,26.67
35526,26.67,False,26.67
35527,26.67,False,26.67
35528,26.67,False,26.67
35529,26.67,False,26.67
35530,26.67,False,26.67
35531,26.67,False,26.67
35532,26.67,False,26.67
35533,26.67,False,26.67
35534,26.67,False,26.67
35535,26.67,False,26.67
35536,26.67,False,26.67
35537,26.67,False,26.67
35538,26.67,False,26.67
35539,26.67,False,26.67
35540,26.67,False,26.67
35541,26.67,False,26.67
35542,26.67,False,26.67
35543,26.67,False,26.67
35544,26.67,False,26.67
35545,26.67,False,26.67
35546,26.67,False,26.67
35547,26.67,False,26.67
35548,26.67,False,26.67
35549,26.67,False,26.67
35550,26.67,False,26.67
35551,26.67,False,26.67
35552,26.67,False,26.67
35553,26.67,False,26.67
35554,26.67,False,26.67
35555,26.67,False,26.67
35556,26.67,False,26.67
35557,26.67,False,26.67
35558,26.67,False,26.67
35559,26.67,False,26.67
35560,26.67,False,26.67
35561,26.67,False,26.67
35562,26.67,False,26.67
35563,26.67,False,26.67
35564,26.67,False,26.67
35565,26.67,False,26.67
35566,26.67,False,26.67
35567,26.67,False,26.67
35568,26.67,False,26.67
35569,26.67,False,26.67
35570,26.67,False,26.67
35571,26.67,False,26.67
35572,26.67,False,26.67
35573,26.67,False,26.67
35574,26.67,False,26.67
35575,26.67,False,26.67
35576,26.67,False,26.67
35577,26.67,False,26.67
35578,26.67,False,26.67
35579,26.67,False,26.67
35580,26.67,False,26.67
35581,26.67,False,26.67
35582,26.67,False,26.67
35583,26.67,False,26.67
35584,26.67,False,26.67
35585,26.67,False,26.67
35586,26.67,False,26.67
35587,26.67,False,26.67
35588,26.67,False,26.67
35589,26.67,False,26.67
35590,26.67,False,26.67
35591,26.67,False,26.67
35592,26.67,False,26.67
35593,26.67,False,26.67
35594,26.67,False,26.67
35595,26.67,False,26.67
35596,26.67,False,26.67
35597,26.67,False,26.67
35598,26.67,False,26.67
35599,26.67,False,26.67
35600,26.67,False,26.67
35601,26.67,False,26.67
35602,26.67,False,26.67
35603,26.67,False,26.67
35604,26.67,False,26.67
35605,26.67,False,26.67
35606,26.67,False,26.67
35607,26.67,False,26.67
35608,26.67,False,26.67
35609,26.67,False,26.67
35610,26.67,False,26.67
35611,26.67,False,26.67
35612,26.67,False,26.67
35613,26.67,False,26.67
35614,26.67,False,26.67
35615,26.67,False,26.67
35616,26.67,False,26.67
35617,25.83,False,26.502
35618,25.83,False,26.334000000000003
35619,25.83,False,26.165999999999997
35620,25.83,False,25.998
35621,25.83,False,25.83
35622,25.83,False,25.83
35623,25.83,False,25.83
35624,25.83,False,25.83
35625,25.83,False,25.83
35626,25.83,False,25.83
35627,25.83,False,25.83
35628,25.83,False,25.83
35629,25.83,False,25.83
35630,25.83,False,25.83
35631,25.83,False,25.83
35632,25.83,False,25.83
35633,25.83,False,25.83
35634,25.83,False,25.83
35635,25.83,False,25.83
35636,25.83,False,25.83
35637,25.83,False,25.83
35638,25.83,False,25.83
35639,25.83,False,25.83
35640,25.83,False,25.83
35641,25.83,False,25.83
35642,25.83,False,25.83
35643,25.83,False,25.83
35644,25.83,False,25.83
35645,25.83,False,25.83
35646,25.83,False,25.83
35647,26.67,False,25.998
35648,26.67,False,26.165999999999997
35649,26.67,False,26.334000000000003
35650,26.67,False,26.502
35651,26.67,False,26.67
35652,26.67,False,26.67
35653,26.67,False,26.67
35654,26.67,False,26.67
35655,26.67,False,26.67
35656,26.67,False,26.67
35657,26.67,False,26.67
35658,26.67,False,26.67
35659,26.67,False,26.67
35660,26.67,False,26.67
35661,26.67,False,26.67
35662,26.67,False,26.67
35663,26.67,False,26.67
35664,26.67,False,26.67
35665,26.67,False,26.67
35666,26.67,False,26.67
35667,26.67,False,26.67
35668,26.67,False,26.67
35669,26.67,False,26.67
35670,26.67,False,26.67
35671,26.67,False,26.67
35672,26.67,False,26.67
35673,26.67,False,26.67
35674,26.67,False,26.67
35675,26.67,False,26.67
35676,26.67,False,26.67
35677,26.67,False,26.67
35678,25.83,False,26.502
35679,25.83,False,26.334000000000003
35680,25.83,False,26.165999999999997
35681,25.83,False,25.998
35682,25.83,False,25.83
35683,25.83,False,25.83
35684,25.83,False,25.83
35685,25.83,False,25.83
35686,25.83,False,25.83
35687,25.83,False,25.83
35688,25.83,False,25.83
35689,25.83,False,25.83
35690,25.83,False,25.83
35691,25.83,False,25.83
35692,25.83,False,25.83
35693,25.83,False,25.83
35694,25.83,False,25.83
35695,25.83,False,25.83
35696,25.83,False,25.83
35697,25.83,False,25.83
35698,25.83,False,25.83
35699,25.83,False,25.83
35700,25.83,False,25.83
35701,25.83,False,25.83
35702,25.83,False,25.83
35703,25.83,False,25.83
35704,25.83,False,25.83
35705,25.83,False,25.83
35706,25.83,False,25.83
35707,25.83,False,25.83
35708,26.67,False,25.998
35709,26.67,False,26.165999999999997
35710,26.67,False,26.334000000000003
35711,26.67,False,26.502
35712,26.67,False,26.67
35713,26.67,False,26.67
35714,26.67,False,26.67
35715,26.67,False,26.67
35716,26.67,False,26.67
35717,26.67,False,26.67
35718,26.67,False,26.67
35719,26.67,False,26.67
35720,26.67,False,26.67
35721,26.67,False,26.67
35722,26.67,False,26.67
35723,26.67,False,26.67
35724,26.67,False,26.67
35725,26.67,False,26.67
35726,26.67,False,26.67
35727,26.67,False,26.67
35728,26.67,False,26.67
35729,26.67,False,26.67
35730,26.67,False,26.67
35731,26.67,False,26.67
35732,26.67,False,26.67
35733,26.67,False,26.67
35734,26.67,False,26.67
35735,26.67,False,26.67
35736,26.67,False,26.67
35737,26.67,False,26.67
35738,26.67,False,26.67
35739,26.67,False,26.67
35740,26.67,False,26.67
35741,26.67,False,26.67
35742,26.67,False,26.67
35743,26.67,False,26.67
35744,26.67,False,26.67
35745,26.67,False,26.67
35746,26.67,False,26.67
35747,26.67,False,26.67
35748,26.67,False,26.67
35749,26.67,False,26.67
35750,26.67,False,26.67
35751,26.67,False,26.67
35752,26.67,False,26.67
35753,26.67,False,26.67
35754,26.67,False,26.67
35755,26.67,False,26.67
35756,26.67,False,26.67
35757,26.67,False,26.67
35758,26.67,False,26.67
35759,26.67,False,26.67
35760,26.67,False,26.67
35761,26.67,False,26.67
35762,26.67,False,26.67
35763,26.67,False,26.67
35764,26.67,False,26.67
35765,26.67,False,26.67
35766,26.67,False,26.67
35767,26.67,False,26.67
35768,26.67,False,26.67
35769,27.5,False,26.836000000000002
35770,27.5,False,27.002
35771,27.5,False,27.168
35772,27.5,False,27.334000000000003
35773,27.5,False,27.5
35774,27.5,False,27.5
35775,27.5,False,27.5
35776,27.5,False,27.5
35777,27.5,False,27.5
35778,27.5,False,27.5
35779,27.5,False,27.5
35780,27.5,False,27.5
35781,27.5,False,27.5
35782,27.5,False,27.5
35783,27.5,False,27.5
35784,27.5,False,27.5
35785,27.5,False,27.5
35786,27.5,False,27.5
35787,27.5,False,27.5
35788,27.5,False,27.5
35789,27.5,False,27.5
35790,27.5,False,27.5
35791,27.5,False,27.5
35792,27.5,False,27.5
35793,27.5,False,27.5
35794,27.5,False,27.5
35795,27.5,False,27.5
35796,27.5,False,27.5
35797,27.5,False,27.5
35798,27.5,False,27.5
35799,27.5,False,27.5
35800,27.5,False,27.5
35801,27.5,False,27.5
35802,27.5,False,27.5
35803,27.5,False,27.5
35804,27.5,False,27.5
35805,27.5,False,27.5
35806,27.5,False,27.5
35807,27.5,False,27.5
35808,27.5,False,27.5
35809,27.5,False,27.5
35810,27.5,False,27.5
35811,27.5,False,27.5
35812,27.5,False,27.5
35813,27.5,False,27.5
35814,27.5,False,27.5
35815,27.5,False,27.5
35816,27.5,False,27.5
35817,27.5,False,27.5
35818,27.5,False,27.5
35819,27.5,False,27.5
35820,27.5,False,27.5
35821,27.5,False,27.5
35822,27.5,False,27.5
35823,27.5,False,27.5
35824,27.5,False,27.5
35825,27.5,False,27.5
35826,27.5,False,27.5
35827,27.5,False,27.5
35828,27.5,False,27.5
35829,27.5,False,27.5
35830,27.5,False,27.5
35831,27.5,False,27.5
35832,27.5,False,27.5
35833,27.5,False,27.5
35834,27.5,False,27.5
35835,27.5,False,27.5
35836,27.5,False,27.5
35837,27.5,False,27.5
35838,27.5,False,27.5
35839,27.5,False,27.5
35840,27.5,False,27.5
35841,27.5,False,27.5
35842,27.5,False,27.5
35843,27.5,False,27.5
35844,27.5,False,27.5
35845,27.5,False,27.5
35846,27.5,False,27.5
35847,27.5,False,27.5
35848,27.5,False,27.5
35849,27.5,False,27.5
35850,27.5,False,27.5
35851,28.33,False,27.665999999999997
35852,28.33,False,27.832
35853,28.33,False,27.998
35854,28.33,False,28.163999999999998
35855,28.33,False,28.33
35856,28.33,False,28.33
35857,28.33,False,28.33
35858,28.33,False,28.33
35859,28.33,False,28.33
35860,28.33,False,28.33
35861,28.33,False,28.33
35862,28.33,False,28.33
35863,28.33,False,28.33
35864,28.33,False,28.33
35865,28.33,False,28.33
35866,28.33,False,28.33
35867,28.33,False,28.33
35868,28.33,False,28.33
35869,28.33,False,28.33
35870,28.33,False,28.33
35871,28.33,False,28.33
35872,28.33,False,28.33
35873,28.33,False,28.33
35874,28.33,False,28.33
35875,28.33,False,28.33
35876,28.33,False,28.33
35877,28.33,False,28.33
35878,28.33,False,28.33
35879,28.33,False,28.33
35880,28.33,False,28.33
35881,28.33,False,28.33
35882,27.5,False,28.163999999999998
35883,27.5,False,27.998
35884,27.5,False,27.832
35885,27.5,False,27.665999999999997
35886,27.5,False,27.5
35887,27.5,False,27.5
35888,27.5,False,27.5
35889,27.5,False,27.5
35890,27.5,False,27.5
35891,27.5,False,27.5
35892,27.5,False,27.5
35893,27.5,False,27.5
35894,27.5,False,27.5
35895,27.5,False,27.5
35896,27.5,False,27.5
35897,27.5,False,27.5
35898,27.5,False,27.5
35899,27.5,False,27.5
35900,27.5,False,27.5
35901,27.5,False,27.5
35902,27.5,False,27.5
35903,27.5,False,27.5
35904,27.5,False,27.5
35905,27.5,False,27.5
35906,27.5,False,27.5
35907,27.5,False,27.5
35908,27.5,False,27.5
35909,27.5,False,27.5
35910,27.5,False,27.5
35911,27.5,False,27.5
35912,28.33,False,27.665999999999997
35913,28.33,False,27.832
35914,28.33,False,27.998
35915,28.33,False,28.163999999999998
35916,28.33,False,28.33
35917,28.33,False,28.33
35918,28.33,False,28.33
35919,28.33,False,28.33
35920,28.33,False,28.33
35921,28.33,False,28.33
35922,28.33,False,28.33
35923,28.33,False,28.33
35924,28.33,False,28.33
35925,28.33,False,28.33
35926,28.33,False,28.33
35927,28.33,False,28.33
35928,28.33,False,28.33
35929,28.33,False,28.33
35930,28.33,False,28.33
35931,28.33,False,28.33
35932,28.33,False,28.33
35933,28.33,False,28.33
35934,28.33,False,28.33
35935,28.33,False,28.33
35936,28.33,False,28.33
35937,28.33,False,28.33
35938,28.33,False,28.33
35939,28.33,False,28.33
35940,28.33,False,28.33
35941,28.33,False,28.33
35942,28.33,False,28.33
35943,28.33,False,28.33
35944,28.33,False,28.33
35945,28.33,False,28.33
35946,28.33,False,28.33
35947,28.33,False,28.33
35948,28.33,False,28.33
35949,28.33,False,28.33
35950,28.33,False,28.33
35951,28.33,False,28.33
35952,28.33,False,28.33
35953,28.33,False,28.33
35954,28.33,False,28.33
35955,28.33,False,28.33
35956,28.33,False,28.33
35957,28.33,False,28.33
35958,28.33,False,28.33
35959,28.33,False,28.33
35960,28.33,False,28.33
35961,28.33,False,28.33
35962,28.33,False,28.33
35963,28.33,False,28.33
35964,28.33,False,28.33
35965,28.33,False,28.33
35966,28.33,False,28.33
35967,28.33,False,28.33
35968,28.33,False,28.33
35969,28.33,False,28.33
35970,28.33,False,28.33
35971,28.33,False,28.33
35972,28.33,False,28.33
35973,27.5,False,28.163999999999998
35974,27.5,False,27.998
35975,27.5,False,27.832
35976,27.5,False,27.665999999999997
35977,27.5,False,27.5
35978,27.5,False,27.5
35979,27.5,False,27.5
35980,27.5,False,27.5
35981,27.5,False,27.5
35982,27.5,False,27.5
35983,27.5,False,27.5
35984,27.5,False,27.5
35985,27.5,False,27.5
35986,27.5,False,27.5
35987,27.5,False,27.5
35988,27.5,False,27.5
35989,27.5,False,27.5
35990,27.5,False,27.5
35991,27.5,False,27.5
35992,27.5,False,27.5
35993,27.5,False,27.5
35994,27.5,False,27.5
35995,27.5,False,27.5
35996,27.5,False,27.5
35997,27.5,False,27.5
35998,27.5,False,27.5
35999,27.5,False,27.5
36000,27.5,False,27.5
36001,27.5,False,27.5
36002,27.5,False,27.5
36003,27.5,False,27.5
36004,27.5,False,27.5
36005,27.5,False,27.5
36006,27.5,False,27.5
36007,27.5,False,27.5
36008,27.5,False,27.5
36009,27.5,False,27.5
36010,27.5,False,27.5
36011,27.5,False,27.5
36012,27.5,False,27.5
36013,27.5,False,27.5
36014,27.5,False,27.5
36015,27.5,False,27.5
36016,27.5,False,27.5
36017,27.5,False,27.5
36018,27.5,False,27.5
36019,27.5,False,27.5
36020,27.5,False,27.5
36021,27.5,False,27.5
36022,27.5,False,27.5
36023,27.5,False,27.5
36024,27.5,False,27.5
36025,27.5,False,27.5
36026,27.5,False,27.5
36027,27.5,False,27.5
36028,27.5,False,27.5
36029,27.5,False,27.5
36030,27.5,False,27.5
36031,27.5,False,27.5
36032,27.5,False,27.5
36033,27.5,False,27.5
36034,26.67,False,27.334000000000003
36035,26.67,False,27.168
36036,26.67,False,27.002
36037,26.67,False,26.836000000000002
36038,26.67,False,26.67
36039,26.67,False,26.67
36040,26.67,False,26.67
36041,26.67,False,26.67
36042,26.67,False,26.67
36043,26.67,False,26.67
36044,26.67,False,26.67
36045,26.67,False,26.67
36046,26.67,False,26.67
36047,26.67,False,26.67
36048,26.67,False,26.67
36049,26.67,False,26.67
36050,26.67,False,26.67
36051,26.67,False,26.67
36052,26.67,False,26.67
36053,26.67,False,26.67
36054,26.67,False,26.67
36055,26.67,False,26.67
36056,26.67,False,26.67
36057,26.67,False,26.67
36058,26.67,False,26.67
36059,26.67,False,26.67
36060,26.67,False,26.67
36061,26.67,False,26.67
36062,26.67,False,26.67
36063,26.67,False,26.67
36064,26.67,False,26.67
36065,26.67,False,26.67
36066,26.67,False,26.67
36067,26.67,False,26.67
36068,26.67,False,26.67
36069,26.67,False,26.67
36070,26.67,False,26.67
36071,26.67,False,26.67
36072,26.67,False,26.67
36073,26.67,False,26.67
36074,26.67,False,26.67
36075,26.67,False,26.67
36076,26.67,False,26.67
36077,26.67,False,26.67
36078,26.67,False,26.67
36079,26.67,False,26.67
36080,26.67,False,26.67
36081,26.67,False,26.67
36082,26.67,False,26.67
36083,26.67,False,26.67
36084,26.67,False,26.67
36085,26.67,False,26.67
36086,26.67,False,26.67
36087,26.67,False,26.67
36088,26.67,False,26.67
36089,26.67,False,26.67
36090,26.67,False,26.67
36091,26.67,False,26.67
36092,26.67,False,26.67
36093,26.67,False,26.67
36094,26.67,False,26.67
36095,26.67,False,26.67
36096,26.67,False,26.67
36097,27.5,False,26.836000000000002
36098,27.5,False,27.002
36099,27.5,False,27.168
36100,27.5,False,27.334000000000003
36101,27.5,False,27.5
36102,27.5,False,27.5
36103,27.5,False,27.5
36104,27.5,False,27.5
36105,27.5,False,27.5
36106,27.5,False,27.5
36107,27.5,False,27.5
36108,27.5,False,27.5
36109,27.5,False,27.5
36110,27.5,False,27.5
36111,27.5,False,27.5
36112,27.5,False,27.5
36113,27.5,False,27.5
36114,27.5,False,27.5
36115,27.5,False,27.5
36116,26.67,False,27.334000000000003
36117,26.67,False,27.168
36118,26.67,False,27.002
36119,26.67,False,26.836000000000002
36120,26.67,False,26.67
36121,26.67,False,26.67
36122,26.67,False,26.67
36123,26.67,False,26.67
36124,26.67,False,26.67
36125,26.67,False,26.67
36126,26.67,False,26.67
36127,26.67,False,26.67
36128,26.67,False,26.67
36129,26.67,False,26.67
36130,26.67,False,26.67
36131,26.67,False,26.67
36132,26.67,False,26.67
36133,26.67,False,26.67
36134,26.67,False,26.67
36135,26.67,False,26.67
36136,26.67,False,26.67
36137,26.67,False,26.67
36138,26.67,False,26.67
36139,26.67,False,26.67
36140,26.67,False,26.67
36141,26.67,False,26.67
36142,26.67,False,26.67
36143,26.67,False,26.67
36144,26.67,False,26.67
36145,26.67,False,26.67
36146,26.67,False,26.67
36147,26.67,False,26.67
36148,26.67,False,26.67
36149,26.67,False,26.67
36150,26.67,False,26.67
36151,26.67,False,26.67
36152,26.67,False,26.67
36153,26.67,False,26.67
36154,26.67,False,26.67
36155,26.67,False,26.67
36156,26.67,False,26.67
36157,26.67,False,26.67
36158,26.67,False,26.67
36159,26.67,False,26.67
36160,26.67,False,26.67
36161,26.67,False,26.67
36162,26.67,False,26.67
36163,26.67,False,26.67
36164,26.67,False,26.67
36165,26.67,False,26.67
36166,26.67,False,26.67
36167,26.67,False,26.67
36168,26.67,False,26.67
36169,26.67,False,26.67
36170,26.67,False,26.67
36171,26.67,False,26.67
36172,26.67,False,26.67
36173,26.67,False,26.67
36174,26.67,False,26.67
36175,26.67,False,26.67
36176,26.67,False,26.67
36177,26.67,False,26.67
36178,26.67,False,26.67
36179,26.67,False,26.67
36180,26.67,False,26.67
36181,26.67,False,26.67
36182,26.67,False,26.67
36183,26.67,False,26.67
36184,26.67,False,26.67
36185,26.67,False,26.67
36186,26.67,False,26.67
36187,26.67,False,26.67
36188,26.67,False,26.67
36189,26.67,False,26.67
36190,26.67,False,26.67
36191,26.67,False,26.67
36192,26.67,False,26.67
36193,26.67,False,26.67
36194,26.67,False,26.67
36195,26.67,False,26.67
36196,26.67,False,26.67
36197,26.67,False,26.67
36198,26.67,False,26.67
36199,26.67,False,26.67
36200,26.67,False,26.67
36201,26.67,False,26.67
36202,26.67,False,26.67
36203,26.67,False,26.67
36204,26.67,False,26.67
36205,26.67,False,26.67
36206,26.67,False,26.67
36207,26.67,False,26.67
36208,26.67,False,26.67
36209,26.67,False,26.67
36210,26.67,False,26.67
36211,26.67,False,26.67
36212,26.67,False,26.67
36213,26.67,False,26.67
36214,26.67,False,26.67
36215,26.67,False,26.67
36216,26.67,False,26.67
36217,26.67,False,26.67
36218,26.67,False,26.67
36219,26.67,False,26.67
36220,26.67,False,26.67
36221,26.67,False,26.67
36222,26.67,False,26.67
36223,26.67,False,26.67
36224,26.67,False,26.67
36225,26.67,False,26.67
36226,26.67,False,26.67
36227,26.67,False,26.67
36228,26.67,False,26.67
36229,26.67,False,26.67
36230,26.67,False,26.67
36231,26.67,False,26.67
36232,26.67,False,26.67
36233,26.67,False,26.67
36234,26.67,False,26.67
36235,26.67,False,26.67
36236,26.67,False,26.67
36237,26.67,False,26.67
36238,26.67,False,26.67
36239,26.67,False,26.67
36240,26.67,False,26.67
36241,26.67,False,26.67
36242,26.67,False,26.67
36243,26.67,False,26.67
36244,26.67,False,26.67
36245,26.67,False,26.67
36246,26.67,False,26.67
36247,26.67,False,26.67
36248,26.67,False,26.67
36249,26.67,False,26.67
36250,26.67,False,26.67
36251,26.67,False,26.67
36252,26.67,False,26.67
36253,26.67,False,26.67
36254,26.67,False,26.67
36255,26.67,False,26.67
36256,26.67,False,26.67
36257,26.67,False,26.67
36258,26.67,False,26.67
36259,26.67,False,26.67
36260,26.67,False,26.67
36261,26.67,False,26.67
36262,26.67,False,26.67
36263,26.67,False,26.67
36264,26.67,False,26.67
36265,26.67,False,26.67
36266,26.67,False,26.67
36267,26.67,False,26.67
36268,26.67,False,26.67
36269,26.67,False,26.67
36270,26.67,False,26.67
36271,26.67,False,26.67
36272,26.67,False,26.67
36273,26.67,False,26.67
36274,26.67,False,26.67
36275,26.67,False,26.67
36276,26.67,False,26.67
36277,26.67,False,26.67
36278,26.67,False,26.67
36279,26.67,False,26.67
36280,26.67,False,26.67
36281,26.67,False,26.67
36282,26.67,False,26.67
36283,26.67,False,26.67
36284,26.67,False,26.67
36285,26.67,False,26.67
36286,26.67,False,26.67
36287,26.67,False,26.67
36288,26.67,False,26.67
36289,26.67,False,26.67
36290,26.67,False,26.67
36291,26.67,False,26.67
36292,26.67,False,26.67
36293,26.67,False,26.67
36294,26.67,False,26.67
36295,26.67,False,26.67
36296,26.67,False,26.67
36297,26.67,False,26.67
36298,26.67,False,26.67
36299,26.67,False,26.67
36300,26.67,False,26.67
36301,26.67,False,26.67
36302,26.67,False,26.67
36303,26.67,False,26.67
36304,26.67,False,26.67
36305,26.67,False,26.67
36306,26.67,False,26.67
36307,26.67,False,26.67
36308,26.67,False,26.67
36309,26.67,False,26.67
36310,26.67,False,26.67
36311,26.67,False,26.67
36312,26.67,False,26.67
36313,26.67,False,26.67
36314,26.67,False,26.67
36315,26.67,False,26.67
36316,26.67,False,26.67
36317,26.67,False,26.67
36318,26.67,False,26.67
36319,26.67,False,26.67
36320,26.67,False,26.67
36321,26.67,False,26.67
36322,26.67,False,26.67
36323,26.67,False,26.67
36324,26.67,False,26.67
36325,26.67,False,26.67
36326,26.67,False,26.67
36327,26.67,False,26.67
36328,26.67,False,26.67
36329,26.67,False,26.67
36330,26.67,False,26.67
36331,26.67,False,26.67
36332,26.67,False,26.67
36333,26.67,False,26.67
36334,26.67,False,26.67
36335,26.67,False,26.67
36336,26.67,False,26.67
36337,26.67,False,26.67
36338,26.67,False,26.67
36339,26.67,False,26.67
36340,26.67,False,26.67
36341,26.67,False,26.67
36342,26.67,False,26.67
36343,26.67,False,26.67
36344,26.67,False,26.67
36345,26.67,False,26.67
36346,26.67,False,26.67
36347,26.67,False,26.67
36348,26.67,False,26.67
36349,26.67,False,26.67
36350,26.67,False,26.67
36351,26.67,False,26.67
36352,26.67,False,26.67
36353,30.0,False,27.336000000000002
36354,30.0,False,28.002
36355,30.0,False,28.668
36356,30.0,False,29.334000000000003
36357,30.0,False,30.0
36358,30.0,False,30.0
36359,30.0,False,30.0
36360,30.0,False,30.0
36361,30.0,False,30.0
36362,30.0,False,30.0
36363,30.0,False,30.0
36364,30.0,False,30.0
36365,30.0,False,30.0
36366,30.0,False,30.0
36367,30.0,False,30.0
36368,30.0,False,30.0
36369,30.0,False,30.0
36370,30.0,False,30.0
36371,30.0,False,30.0
36372,30.0,False,30.0
36373,30.0,False,30.0
36374,30.0,False,30.0
36375,30.0,False,30.0
36376,30.0,False,30.0
36377,30.0,False,30.0
36378,30.0,False,30.0
36379,30.0,False,30.0
36380,30.0,False,30.0
36381,30.0,False,30.0
36382,30.0,False,30.0
36383,30.0,False,30.0
36384,30.0,False,30.0
36385,30.0,False,30.0
36386,30.0,False,30.0
36387,30.0,False,30.0
36388,30.0,False,30.0
36389,30.0,False,30.0
36390,30.0,False,30.0
36391,30.0,False,30.0
36392,30.0,False,30.0
36393,30.0,False,30.0
36394,30.0,False,30.0
36395,30.0,False,30.0
36396,30.0,False,30.0
36397,30.0,False,30.0
36398,30.0,False,30.0
36399,30.0,False,30.0
36400,30.0,False,30.0
36401,30.0,False,30.0
36402,30.0,False,30.0
36403,30.0,False,30.0
36404,30.0,False,30.0
36405,30.0,False,30.0
36406,30.0,False,30.0
36407,30.0,False,30.0
36408,30.0,False,30.0
36409,30.0,False,30.0
36410,30.0,False,30.0
36411,30.0,False,30.0
36412,30.0,False,30.0
36413,30.0,False,30.0
36414,30.0,False,30.0
36415,30.0,False,30.0
36416,30.0,False,30.0
36417,30.0,False,30.0
36418,30.0,False,30.0
36419,30.0,False,30.0
36420,30.0,False,30.0
36421,30.0,False,30.0
36422,30.0,False,30.0
36423,30.0,False,30.0
36424,30.0,False,30.0
36425,30.0,False,30.0
36426,30.0,False,30.0
36427,30.0,False,30.0
36428,30.0,False,30.0
36429,30.0,False,30.0
36430,30.0,False,30.0
36431,30.0,False,30.0
36432,30.0,False,30.0
36433,30.0,False,30.0
36434,30.0,False,30.0
36435,30.0,False,30.0
36436,30.0,False,30.0
36437,30.0,False,30.0
36438,30.0,False,30.0
36439,30.0,False,30.0
36440,30.0,False,30.0
36441,30.0,False,30.0
36442,30.0,False,30.0
36443,30.0,False,30.0
36444,30.0,False,30.0
36445,30.0,False,30.0
36446,30.0,False,30.0
36447,30.0,False,30.0
36448,30.0,False,30.0
36449,30.0,False,30.0
36450,30.0,False,30.0
36451,30.0,False,30.0
36452,30.0,False,30.0
36453,30.0,False,30.0
36454,30.0,False,30.0
36455,30.0,False,30.0
36456,30.0,False,30.0
36457,30.0,False,30.0
36458,30.0,False,30.0
36459,30.0,False,30.0
36460,30.0,False,30.0
36461,30.0,False,30.0
36462,30.0,False,30.0
36463,30.0,False,30.0
36464,30.0,False,30.0
36465,30.0,False,30.0
36466,30.0,False,30.0
36467,30.0,False,30.0
36468,30.0,False,30.0
36469,30.0,False,30.0
36470,30.0,False,30.0
36471,30.0,False,30.0
36472,30.0,False,30.0
36473,29.17,False,29.834000000000003
36474,29.17,False,29.668
36475,29.17,False,29.502
36476,29.17,False,29.336000000000002
36477,29.17,False,29.17
36478,29.17,False,29.17
36479,29.17,False,29.17
36480,29.17,False,29.17
36481,29.17,False,29.17
36482,29.17,False,29.17
36483,29.17,False,29.17
36484,29.17,False,29.17
36485,29.17,False,29.17
36486,29.17,False,29.17
36487,29.17,False,29.17
36488,29.17,False,29.17
36489,29.17,False,29.17
36490,29.17,False,29.17
36491,29.17,False,29.17
36492,29.17,False,29.17
36493,29.17,False,29.17
36494,29.17,False,29.17
36495,29.17,False,29.17
36496,29.17,False,29.17
36497,29.17,False,29.17
36498,29.17,False,29.17
36499,29.17,False,29.17
36500,29.17,False,29.17
36501,29.17,False,29.17
36502,29.17,False,29.17
36503,29.17,False,29.17
36504,29.17,False,29.17
36505,29.17,False,29.17
36506,29.17,False,29.17
36507,29.17,False,29.17
36508,29.17,False,29.17
36509,29.17,False,29.17
36510,29.17,False,29.17
36511,29.17,False,29.17
36512,29.17,False,29.17
36513,29.17,False,29.17
36514,29.17,False,29.17
36515,29.17,False,29.17
36516,29.17,False,29.17
36517,29.17,False,29.17
36518,29.17,False,29.17
36519,29.17,False,29.17
36520,29.17,False,29.17
36521,29.17,False,29.17
36522,29.17,False,29.17
36523,29.17,False,29.17
36524,29.17,False,29.17
36525,29.17,False,29.17
36526,29.17,False,29.17
36527,29.17,False,29.17
36528,29.17,False,29.17
36529,29.17,False,29.17
36530,29.17,False,29.17
36531,29.17,False,29.17
36532,29.17,False,29.17
36533,29.17,False,29.17
36534,28.33,False,29.002
36535,28.33,False,28.834000000000003
36536,28.33,False,28.665999999999997
36537,28.33,False,28.498
36538,28.33,False,28.33
36539,28.33,False,28.33
36540,28.33,False,28.33
36541,28.33,False,28.33
36542,28.33,False,28.33
36543,28.33,False,28.33
36544,28.33,False,28.33
36545,28.33,False,28.33
36546,28.33,False,28.33
36547,28.33,False,28.33
36548,28.33,False,28.33
36549,28.33,False,28.33
36550,28.33,False,28.33
36551,28.33,False,28.33
36552,28.33,False,28.33
36553,28.33,False,28.33
36554,28.33,False,28.33
36555,28.33,False,28.33
36556,28.33,False,28.33
36557,28.33,False,28.33
36558,28.33,False,28.33
36559,28.33,False,28.33
36560,28.33,False,28.33
36561,28.33,False,28.33
36562,28.33,False,28.33
36563,28.33,False,28.33
36564,28.33,False,28.33
36565,27.5,False,28.163999999999998
36566,27.5,False,27.998
36567,27.5,False,27.832
36568,27.5,False,27.665999999999997
36569,27.5,False,27.5
36570,27.5,False,27.5
36571,27.5,False,27.5
36572,27.5,False,27.5
36573,27.5,False,27.5
36574,27.5,False,27.5
36575,27.5,False,27.5
36576,27.5,False,27.5
36577,27.5,False,27.5
36578,27.5,False,27.5
36579,27.5,False,27.5
36580,27.5,False,27.5
36581,27.5,False,27.5
36582,27.5,False,27.5
36583,27.5,False,27.5
36584,27.5,False,27.5
36585,27.5,False,27.5
36586,27.5,False,27.5
36587,27.5,False,27.5
36588,27.5,False,27.5
36589,27.5,False,27.5
36590,27.5,False,27.5
36591,27.5,False,27.5
36592,27.5,False,27.5
36593,27.5,False,27.5
36594,27.5,False,27.5
36595,27.5,False,27.5
36596,27.5,False,27.5
36597,27.5,False,27.5
36598,27.5,False,27.5
36599,27.5,False,27.5
36600,27.5,False,27.5
36601,27.5,False,27.5
36602,27.5,False,27.5
36603,27.5,False,27.5
36604,27.5,False,27.5
36605,27.5,False,27.5
36606,27.5,False,27.5
36607,27.5,False,27.5
36608,27.5,False,27.5
36609,27.5,False,27.5
36610,27.5,False,27.5
36611,27.5,False,27.5
36612,27.5,False,27.5
36613,27.5,False,27.5
36614,27.5,False,27.5
36615,27.5,False,27.5
36616,27.5,False,27.5
36617,27.5,False,27.5
36618,27.5,False,27.5
36619,27.5,False,27.5
36620,27.5,False,27.5
36621,27.5,False,27.5
36622,27.5,False,27.5
36623,27.5,False,27.5
36624,27.5,False,27.5
36625,27.5,False,27.5
36626,27.5,False,27.5
36627,27.5,False,27.5
36628,27.5,False,27.5
36629,27.5,False,27.5
36630,27.5,False,27.5
36631,27.5,False,27.5
36632,27.5,False,27.5
36633,27.5,False,27.5
36634,27.5,False,27.5
36635,27.5,False,27.5
36636,27.5,False,27.5
36637,27.5,False,27.5
36638,27.5,False,27.5
36639,27.5,False,27.5
36640,27.5,False,27.5
36641,27.5,False,27.5
36642,27.5,False,27.5
36643,27.5,False,27.5
36644,27.5,False,27.5
36645,27.5,False,27.5
36646,25.83,False,27.165999999999997
36647,25.83,False,26.832
36648,25.83,False,26.498
36649,25.83,False,26.163999999999998
36650,25.83,False,25.83
36651,25.83,False,25.83
36652,25.83,False,25.83
36653,25.83,False,25.83
36654,25.83,False,25.83
36655,25.83,False,25.83
36656,25.83,False,25.83
36657,25.83,False,25.83
36658,25.83,False,25.83
36659,25.83,False,25.83
36660,25.83,False,25.83
36661,25.83,False,25.83
36662,25.83,False,25.83
36663,25.83,False,25.83
36664,25.83,False,25.83
36665,25.83,False,25.83
36666,25.83,False,25.83
36667,25.83,False,25.83
36668,25.83,False,25.83
36669,25.83,False,25.83
36670,25.83,False,25.83
36671,25.83,False,25.83
36672,25.83,False,25.83
36673,25.83,False,25.83
36674,25.83,False,25.83
36675,25.83,False,25.83
36676,25.83,False,25.83
36677,25.83,False,25.83
36678,25.83,False,25.83
36679,25.83,False,25.83
36680,25.83,False,25.83
36681,25.83,False,25.83
36682,25.83,False,25.83
36683,25.83,False,25.83
36684,25.83,False,25.83
36685,25.83,False,25.83
36686,25.83,False,25.83
36687,25.83,False,25.83
36688,25.83,False,25.83
36689,25.83,False,25.83
36690,25.83,False,25.83
36691,25.83,False,25.83
36692,25.83,False,25.83
36693,25.83,False,25.83
36694,25.83,False,25.83
36695,25.83,False,25.83
36696,25.83,False,25.83
36697,25.83,False,25.83
36698,25.83,False,25.83
36699,25.83,False,25.83
36700,25.83,False,25.83
36701,25.83,False,25.83
36702,25.83,False,25.83
36703,25.83,False,25.83
36704,25.83,False,25.83
36705,25.83,False,25.83
36706,25.83,False,25.83
36707,25.83,False,25.83
36708,25.0,False,25.663999999999998
36709,25.0,False,25.497999999999998
36710,25.0,False,25.332
36711,25.0,False,25.166
36712,25.0,False,25.0
36713,25.0,False,25.0
36714,25.0,False,25.0
36715,25.0,False,25.0
36716,25.0,False,25.0
36717,25.0,False,25.0
36718,25.0,False,25.0
36719,25.0,False,25.0
36720,25.0,False,25.0
36721,25.0,False,25.0
36722,25.0,False,25.0
36723,25.0,False,25.0
36724,25.0,False,25.0
36725,25.0,False,25.0
36726,25.0,False,25.0
36727,25.0,False,25.0
36728,25.0,False,25.0
36729,25.0,False,25.0
36730,25.0,False,25.0
36731,25.0,False,25.0
36732,25.0,False,25.0
36733,25.0,False,25.0
36734,25.0,False,25.0
36735,25.0,False,25.0
36736,25.0,False,25.0
36737,25.0,False,25.0
36738,24.17,False,24.834
36739,24.17,False,24.668
36740,24.17,False,24.502000000000002
36741,24.17,False,24.336000000000002
36742,24.17,False,24.17
36743,24.17,False,24.17
36744,24.17,False,24.17
36745,24.17,False,24.17
36746,24.17,False,24.17
36747,24.17,False,24.17
36748,24.17,False,24.17
36749,24.17,False,24.17
36750,24.17,False,24.17
36751,24.17,False,24.17
36752,24.17,False,24.17
36753,24.17,False,24.17
36754,24.17,False,24.17
36755,24.17,False,24.17
36756,24.17,False,24.17
36757,24.17,False,24.17
36758,24.17,False,24.17
36759,24.17,False,24.17
36760,24.17,False,24.17
36761,24.17,False,24.17
36762,24.17,False,24.17
36763,24.17,False,24.17
36764,24.17,False,24.17
36765,24.17,False,24.17
36766,24.17,False,24.17
36767,24.17,False,24.17
36768,24.17,False,24.17
36769,23.33,False,24.002000000000002
36770,23.33,False,23.834
36771,23.33,False,23.666
36772,23.33,False,23.497999999999998
36773,23.33,False,23.33
36774,23.33,False,23.33
36775,23.33,False,23.33
36776,23.33,False,23.33
36777,23.33,False,23.33
36778,23.33,False,23.33
36779,23.33,False,23.33
36780,23.33,False,23.33
36781,23.33,False,23.33
36782,23.33,False,23.33
36783,23.33,False,23.33
36784,23.33,False,23.33
36785,23.33,False,23.33
36786,23.33,False,23.33
36787,23.33,False,23.33
36788,23.33,False,23.33
36789,23.33,False,23.33
36790,23.33,False,23.33
36791,23.33,False,23.33
36792,23.33,False,23.33
36793,23.33,False,23.33
36794,23.33,False,23.33
36795,23.33,False,23.33
36796,23.33,False,23.33
36797,23.33,False,23.33
36798,23.33,False,23.33
36799,24.17,False,23.497999999999998
36800,24.17,False,23.666
36801,24.17,False,23.834
36802,24.17,False,24.002000000000002
36803,24.17,False,24.17
36804,24.17,False,24.17
36805,24.17,False,24.17
36806,24.17,False,24.17
36807,24.17,False,24.17
36808,24.17,False,24.17
36809,24.17,False,24.17
36810,24.17,False,24.17
36811,24.17,False,24.17
36812,24.17,False,24.17
36813,24.17,False,24.17
36814,24.17,False,24.17
36815,24.17,False,24.17
36816,24.17,False,24.17
36817,24.17,False,24.17
36818,24.17,False,24.17
36819,24.17,False,24.17
36820,24.17,False,24.17
36821,24.17,False,24.17
36822,24.17,False,24.17
36823,24.17,False,24.17
36824,24.17,False,24.17
36825,24.17,False,24.17
36826,24.17,False,24.17
36827,24.17,False,24.17
36828,24.17,False,24.17
36829,24.17,False,24.17
36830,24.17,False,24.17
36831,24.17,False,24.17
36832,24.17,False,24.17
36833,24.17,False,24.17
36834,24.17,False,24.17
36835,24.17,False,24.17
36836,24.17,False,24.17
36837,24.17,False,24.17
36838,24.17,False,24.17
36839,24.17,False,24.17
36840,24.17,False,24.17
36841,24.17,False,24.17
36842,24.17,False,24.17
36843,24.17,False,24.17
36844,24.17,False,24.17
36845,24.17,False,24.17
36846,24.17,False,24.17
36847,24.17,False,24.17
36848,24.17,False,24.17
36849,24.17,False,24.17
36850,24.17,False,24.17
36851,24.17,False,24.17
36852,24.17,False,24.17
36853,24.17,False,24.17
36854,24.17,False,24.17
36855,24.17,False,24.17
36856,24.17,False,24.17
36857,24.17,False,24.17
36858,24.17,False,24.17
36859,24.17,False,24.17
36860,25.0,False,24.336000000000002
36861,25.0,False,24.502000000000002
36862,25.0,False,24.668
36863,25.0,False,24.834
36864,25.0,False,25.0
36865,25.0,False,25.0
36866,25.0,False,25.0
36867,25.0,False,25.0
36868,25.0,False,25.0
36869,25.0,False,25.0
36870,25.0,False,25.0
36871,25.0,False,25.0
36872,25.0,False,25.0
36873,25.0,False,25.0
36874,25.0,False,25.0
36875,25.0,False,25.0
36876,25.0,False,25.0
36877,25.0,False,25.0
36878,25.0,False,25.0
36879,25.0,False,25.0
36880,25.0,False,25.0
36881,25.0,False,25.0
36882,25.0,False,25.0
36883,25.0,False,25.0
36884,25.0,False,25.0
36885,25.0,False,25.0
36886,25.0,False,25.0
36887,25.0,False,25.0
36888,25.0,False,25.0
36889,25.0,False,25.0
36890,25.0,False,25.0
36891,25.0,False,25.0
36892,25.0,False,25.0
36893,25.0,False,25.0
36894,25.0,False,25.0
36895,25.0,False,25.0
36896,25.0,False,25.0
36897,25.0,False,25.0
36898,25.0,False,25.0
36899,25.0,False,25.0
36900,25.0,False,25.0
36901,25.0,False,25.0
36902,25.0,False,25.0
36903,25.0,False,25.0
36904,25.0,False,25.0
36905,25.0,False,25.0
36906,25.0,False,25.0
36907,25.0,False,25.0
36908,25.0,False,25.0
36909,25.0,False,25.0
36910,25.0,False,25.0
36911,25.0,False,25.0
36912,25.0,False,25.0
36913,25.0,False,25.0
36914,25.0,False,25.0
36915,25.0,False,25.0
36916,25.0,False,25.0
36917,25.0,False,25.0
36918,25.0,False,25.0
36919,25.0,False,25.0
36920,25.0,False,25.0
36921,25.0,False,25.0
36922,25.0,False,25.0
36923,25.0,False,25.0
36924,25.0,False,25.0
36925,25.0,False,25.0
36926,25.0,False,25.0
36927,25.0,False,25.0
36928,25.0,False,25.0
36929,25.0,False,25.0
36930,25.0,False,25.0
36931,25.0,False,25.0
36932,25.0,False,25.0
36933,25.0,False,25.0
36934,25.0,False,25.0
36935,25.0,False,25.0
36936,25.0,False,25.0
36937,25.0,False,25.0
36938,25.0,False,25.0
36939,25.0,False,25.0
36940,25.0,False,25.0
36941,25.0,False,25.0
36942,24.17,False,24.834
36943,24.17,False,24.668
36944,24.17,False,24.502000000000002
36945,24.17,False,24.336000000000002
36946,24.17,False,24.17
36947,24.17,False,24.17
36948,24.17,False,24.17
36949,24.17,False,24.17
36950,24.17,False,24.17
36951,24.17,False,24.17
36952,24.17,False,24.17
36953,24.17,False,24.17
36954,24.17,False,24.17
36955,24.17,False,24.17
36956,24.17,False,24.17
36957,24.17,False,24.17
36958,24.17,False,24.17
36959,24.17,False,24.17
36960,24.17,False,24.17
36961,24.17,False,24.17
36962,24.17,False,24.17
36963,24.17,False,24.17
36964,24.17,False,24.17
36965,24.17,False,24.17
36966,24.17,False,24.17
36967,24.17,False,24.17
36968,24.17,False,24.17
36969,24.17,False,24.17
36970,24.17,False,24.17
36971,24.17,False,24.17
36972,24.17,False,24.17
36973,24.17,False,24.17
36974,24.17,False,24.17
36975,24.17,False,24.17
36976,24.17,False,24.17
36977,24.17,False,24.17
36978,24.17,False,24.17
36979,24.17,False,24.17
36980,24.17,False,24.17
36981,24.17,False,24.17
36982,24.17,False,24.17
36983,24.17,False,24.17
36984,24.17,False,24.17
36985,24.17,False,24.17
36986,24.17,False,24.17
36987,24.17,False,24.17
36988,24.17,False,24.17
36989,24.17,False,24.17
36990,24.17,False,24.17
36991,24.17,False,24.17
36992,24.17,False,24.17
36993,24.17,False,24.17
36994,24.17,False,24.17
36995,24.17,False,24.17
36996,24.17,False,24.17
36997,24.17,False,24.17
36998,24.17,False,24.17
36999,24.17,False,24.17
37000,24.17,False,24.17
37001,24.17,False,24.17
37002,24.17,False,24.17
37003,24.17,False,24.17
37004,24.17,False,24.17
37005,24.17,False,24.17
37006,24.17,False,24.17
37007,24.17,False,24.17
37008,24.17,False,24.17
37009,24.17,False,24.17
37010,24.17,False,24.17
37011,24.17,False,24.17
37012,24.17,False,24.17
37013,24.17,False,24.17
37014,24.17,False,24.17
37015,24.17,False,24.17
37016,24.17,False,24.17
37017,24.17,False,24.17
37018,24.17,False,24.17
37019,24.17,False,24.17
37020,24.17,False,24.17
37021,24.17,False,24.17
37022,24.17,False,24.17
37023,24.17,False,24.17
37024,24.17,False,24.17
37025,24.17,False,24.17
37026,24.17,False,24.17
37027,24.17,False,24.17
37028,24.17,False,24.17
37029,24.17,False,24.17
37030,24.17,False,24.17
37031,24.17,False,24.17
37032,24.17,False,24.17
37033,24.17,False,24.17
37034,24.17,False,24.17
37035,24.17,False,24.17
37036,24.17,False,24.17
37037,24.17,False,24.17
37038,24.17,False,24.17
37039,24.17,False,24.17
37040,24.17,False,24.17
37041,24.17,False,24.17
37042,24.17,False,24.17
37043,24.17,False,24.17
37044,24.17,False,24.17
37045,24.17,False,24.17
37046,24.17,False,24.17
37047,24.17,False,24.17
37048,24.17,False,24.17
37049,24.17,False,24.17
37050,24.17,False,24.17
37051,24.17,False,24.17
37052,24.17,False,24.17
37053,24.17,False,24.17
37054,24.17,False,24.17
37055,24.17,False,24.17
37056,24.17,False,24.17
37057,24.17,False,24.17
37058,24.17,False,24.17
37059,24.17,False,24.17
37060,24.17,False,24.17
37061,24.17,False,24.17
37062,24.17,False,24.17
37063,24.17,False,24.17
37064,24.17,False,24.17
37065,24.17,False,24.17
37066,24.17,False,24.17
37067,24.17,False,24.17
37068,24.17,False,24.17
37069,24.17,False,24.17
37070,24.17,False,24.17
37071,24.17,False,24.17
37072,24.17,False,24.17
37073,24.17,False,24.17
37074,24.17,False,24.17
37075,24.17,False,24.17
37076,24.17,False,24.17
37077,24.17,False,24.17
37078,24.17,False,24.17
37079,24.17,False,24.17
37080,24.17,False,24.17
37081,24.17,False,24.17
37082,24.17,False,24.17
37083,24.17,False,24.17
37084,24.17,False,24.17
37085,24.17,False,24.17
37086,24.17,False,24.17
37087,24.17,False,24.17
37088,24.17,False,24.17
37089,24.17,False,24.17
37090,24.17,False,24.17
37091,24.17,False,24.17
37092,24.17,False,24.17
37093,24.17,False,24.17
37094,25.0,False,24.336000000000002
37095,25.0,False,24.502000000000002
37096,25.0,False,24.668
37097,25.0,False,24.834
37098,25.0,False,25.0
37099,25.0,False,25.0
37100,25.0,False,25.0
37101,25.0,False,25.0
37102,25.0,False,25.0
37103,25.0,False,25.0
37104,25.0,False,25.0
37105,25.0,False,25.0
37106,25.0,False,25.0
37107,25.0,False,25.0
37108,25.0,False,25.0
37109,25.0,False,25.0
37110,25.0,False,25.0
37111,25.0,False,25.0
37112,25.0,False,25.0
37113,25.0,False,25.0
37114,25.0,False,25.0
37115,25.0,False,25.0
37116,25.0,False,25.0
37117,25.0,False,25.0
37118,25.0,False,25.0
37119,25.0,False,25.0
37120,25.0,False,25.0
37121,25.83,False,25.166
37122,25.83,False,25.332
37123,25.83,False,25.497999999999998
37124,25.83,False,25.663999999999998
37125,25.83,False,25.83
37126,25.83,False,25.83
37127,25.83,False,25.83
37128,25.83,False,25.83
37129,25.83,False,25.83
37130,25.83,False,25.83
37131,25.83,False,25.83
37132,25.83,False,25.83
37133,25.83,False,25.83
37134,25.83,False,25.83
37135,25.83,False,25.83
37136,25.83,False,25.83
37137,25.83,False,25.83
37138,25.83,False,25.83
37139,25.83,False,25.83
37140,25.83,False,25.83
37141,25.83,False,25.83
37142,25.83,False,25.83
37143,25.83,False,25.83
37144,25.83,False,25.83
37145,25.83,False,25.83
37146,25.0,False,25.663999999999998
37147,25.0,False,25.497999999999998
37148,25.0,False,25.332
37149,25.0,False,25.166
37150,25.0,False,25.0
37151,25.0,False,25.0
37152,25.0,False,25.0
37153,25.0,False,25.0
37154,25.0,False,25.0
37155,25.0,False,25.0
37156,25.0,False,25.0
37157,25.0,False,25.0
37158,25.0,False,25.0
37159,25.0,False,25.0
37160,25.0,False,25.0
37161,25.0,False,25.0
37162,25.0,False,25.0
37163,25.0,False,25.0
37164,25.0,False,25.0
37165,25.0,False,25.0
37166,25.0,False,25.0
37167,25.0,False,25.0
37168,25.0,False,25.0
37169,25.0,False,25.0
37170,25.0,False,25.0
37171,25.0,False,25.0
37172,25.0,False,25.0
37173,25.0,False,25.0
37174,25.0,False,25.0
37175,25.0,False,25.0
37176,25.0,False,25.0
37177,25.0,False,25.0
37178,25.0,False,25.0
37179,25.0,False,25.0
37180,25.0,False,25.0
37181,25.0,False,25.0
37182,25.0,False,25.0
37183,25.0,False,25.0
37184,25.0,False,25.0
37185,25.0,False,25.0
37186,25.0,False,25.0
37187,25.0,False,25.0
37188,25.0,False,25.0
37189,25.0,False,25.0
37190,25.0,False,25.0
37191,25.0,False,25.0
37192,25.0,False,25.0
37193,25.0,False,25.0
37194,25.0,False,25.0
37195,25.0,False,25.0
37196,25.0,False,25.0
37197,25.0,False,25.0
37198,25.0,False,25.0
37199,25.0,False,25.0
37200,25.0,False,25.0
37201,25.0,False,25.0
37202,25.0,False,25.0
37203,25.0,False,25.0
37204,25.0,False,25.0
37205,25.0,False,25.0
37206,25.0,False,25.0
37207,25.0,False,25.0
37208,25.0,False,25.0
37209,25.0,False,25.0
37210,25.0,False,25.0
37211,25.0,False,25.0
37212,25.0,False,25.0
37213,25.0,False,25.0
37214,25.0,False,25.0
37215,25.0,False,25.0
37216,25.0,False,25.0
37217,25.0,False,25.0
37218,25.0,False,25.0
37219,25.0,False,25.0
37220,25.0,False,25.0
37221,25.0,False,25.0
37222,25.0,False,25.0
37223,25.0,False,25.0
37224,25.0,False,25.0
37225,25.0,False,25.0
37226,25.0,False,25.0
37227,25.0,False,25.0
37228,25.0,False,25.0
37229,25.0,False,25.0
37230,25.0,False,25.0
37231,25.0,False,25.0
37232,25.0,False,25.0
37233,25.0,False,25.0
37234,25.0,False,25.0
37235,25.0,False,25.0
37236,25.0,False,25.0
37237,25.0,False,25.0
37238,25.0,False,25.0
37239,25.0,False,25.0
37240,25.0,False,25.0
37241,25.0,False,25.0
37242,25.0,False,25.0
37243,25.0,False,25.0
37244,25.0,False,25.0
37245,25.0,False,25.0
37246,25.0,False,25.0
37247,25.0,False,25.0
37248,25.0,False,25.0
37249,25.0,False,25.0
37250,25.0,False,25.0
37251,25.0,False,25.0
37252,25.0,False,25.0
37253,25.0,False,25.0
37254,25.0,False,25.0
37255,25.0,False,25.0
37256,25.0,False,25.0
37257,25.0,False,25.0
37258,25.0,False,25.0
37259,25.0,False,25.0
37260,25.0,False,25.0
37261,25.0,False,25.0
37262,25.0,False,25.0
37263,25.0,False,25.0
37264,25.0,False,25.0
37265,25.0,False,25.0
37266,25.0,False,25.0
37267,25.0,False,25.0
37268,25.83,False,25.166
37269,25.83,False,25.332
37270,25.83,False,25.497999999999998
37271,25.83,False,25.663999999999998
37272,25.83,False,25.83
37273,25.83,False,25.83
37274,25.83,False,25.83
37275,25.83,False,25.83
37276,25.83,False,25.83
37277,25.83,False,25.83
37278,25.83,False,25.83
37279,25.83,False,25.83
37280,25.83,False,25.83
37281,25.83,False,25.83
37282,25.83,False,25.83
37283,25.83,False,25.83
37284,25.83,False,25.83
37285,25.83,False,25.83
37286,25.83,False,25.83
37287,25.83,False,25.83
37288,25.83,False,25.83
37289,25.83,False,25.83
37290,25.83,False,25.83
37291,25.83,False,25.83
37292,25.83,False,25.83
37293,25.83,False,25.83
37294,25.83,False,25.83
37295,25.83,False,25.83
37296,25.83,False,25.83
37297,25.83,False,25.83
37298,25.0,False,25.663999999999998
37299,25.0,False,25.497999999999998
37300,25.0,False,25.332
37301,25.0,False,25.166
37302,25.0,False,25.0
37303,25.0,False,25.0
37304,25.0,False,25.0
37305,25.0,False,25.0
37306,25.0,False,25.0
37307,25.0,False,25.0
37308,25.0,False,25.0
37309,25.0,False,25.0
37310,25.0,False,25.0
37311,25.0,False,25.0
37312,25.0,False,25.0
37313,25.0,False,25.0
37314,25.0,False,25.0
37315,25.0,False,25.0
37316,25.0,False,25.0
37317,25.0,False,25.0
37318,25.0,False,25.0
37319,25.0,False,25.0
37320,25.0,False,25.0
37321,25.0,False,25.0
37322,25.0,False,25.0
37323,25.0,False,25.0
37324,25.0,False,25.0
37325,25.0,False,25.0
37326,25.0,False,25.0
37327,25.0,False,25.0
37328,25.0,False,25.0
37329,25.0,False,25.0
37330,25.0,False,25.0
37331,25.0,False,25.0
37332,25.0,False,25.0
37333,25.0,False,25.0
37334,25.0,False,25.0
37335,25.0,False,25.0
37336,25.0,False,25.0
37337,25.0,False,25.0
37338,25.0,False,25.0
37339,25.0,False,25.0
37340,25.0,False,25.0
37341,25.0,False,25.0
37342,25.0,False,25.0
37343,25.0,False,25.0
37344,25.0,False,25.0
37345,25.0,False,25.0
37346,25.0,False,25.0
37347,25.0,False,25.0
37348,25.0,False,25.0
37349,25.0,False,25.0
37350,25.0,False,25.0
37351,25.0,False,25.0
37352,25.0,False,25.0
37353,25.0,False,25.0
37354,25.0,False,25.0
37355,25.0,False,25.0
37356,25.0,False,25.0
37357,25.0,False,25.0
37358,25.0,False,25.0
37359,25.0,False,25.0
37360,25.0,False,25.0
37361,25.0,False,25.0
37362,25.0,False,25.0
37363,25.0,False,25.0
37364,25.0,False,25.0
37365,25.0,False,25.0
37366,25.0,False,25.0
37367,25.0,False,25.0
37368,25.0,False,25.0
37369,25.0,False,25.0
37370,25.0,False,25.0
37371,25.0,False,25.0
37372,25.0,False,25.0
37373,25.0,False,25.0
37374,25.0,False,25.0
37375,25.0,False,25.0
37376,25.0,False,25.0
37377,25.83,False,25.166
37378,25.83,False,25.332
37379,25.83,False,25.497999999999998
37380,25.83,False,25.663999999999998
37381,25.83,False,25.83
37382,25.83,False,25.83
37383,25.83,False,25.83
37384,25.83,False,25.83
37385,25.83,False,25.83
37386,25.83,False,25.83
37387,25.83,False,25.83
37388,25.83,False,25.83
37389,25.83,False,25.83
37390,25.83,False,25.83
37391,25.83,False,25.83
37392,25.83,False,25.83
37393,25.83,False,25.83
37394,25.83,False,25.83
37395,25.83,False,25.83
37396,25.83,False,25.83
37397,25.83,False,25.83
37398,25.83,False,25.83
37399,25.83,False,25.83
37400,25.83,False,25.83
37401,25.83,False,25.83
37402,25.83,False,25.83
37403,25.83,False,25.83
37404,25.83,False,25.83
37405,25.83,False,25.83
37406,25.83,False,25.83
37407,25.83,False,25.83
37408,25.83,False,25.83
37409,25.83,False,25.83
37410,25.83,False,25.83
37411,25.83,False,25.83
37412,25.83,False,25.83
37413,25.83,False,25.83
37414,25.83,False,25.83
37415,25.83,False,25.83
37416,25.83,False,25.83
37417,25.83,False,25.83
37418,25.83,False,25.83
37419,25.83,False,25.83
37420,25.83,False,25.83
37421,25.83,False,25.83
37422,25.83,False,25.83
37423,25.83,False,25.83
37424,25.83,False,25.83
37425,25.83,False,25.83
37426,25.83,False,25.83
37427,25.83,False,25.83
37428,25.83,False,25.83
37429,25.83,False,25.83
37430,25.83,False,25.83
37431,25.83,False,25.83
37432,25.83,False,25.83
37433,25.83,False,25.83
37434,25.83,False,25.83
37435,25.83,False,25.83
37436,25.83,False,25.83
37437,25.83,False,25.83
37438,25.83,False,25.83
37439,25.83,False,25.83
37440,25.83,False,25.83
37441,25.83,False,25.83
37442,25.83,False,25.83
37443,25.83,False,25.83
37444,25.83,False,25.83
37445,25.83,False,25.83
37446,25.83,False,25.83
37447,25.83,False,25.83
37448,25.83,False,25.83
37449,25.83,False,25.83
37450,25.83,False,25.83
37451,25.83,False,25.83
37452,25.83,False,25.83
37453,25.83,False,25.83
37454,25.83,False,25.83
37455,25.83,False,25.83
37456,25.83,False,25.83
37457,25.83,False,25.83
37458,25.83,False,25.83
37459,25.83,False,25.83
37460,25.83,False,25.83
37461,25.83,False,25.83
37462,25.83,False,25.83
37463,25.83,False,25.83
37464,25.83,False,25.83
37465,25.83,False,25.83
37466,25.83,False,25.83
37467,25.83,False,25.83
37468,25.83,False,25.83
37469,25.83,False,25.83
37470,25.83,False,25.83
37471,25.83,False,25.83
37472,25.83,False,25.83
37473,25.83,False,25.83
37474,25.83,False,25.83
37475,25.83,False,25.83
37476,25.83,False,25.83
37477,25.83,False,25.83
37478,25.83,False,25.83
37479,25.83,False,25.83
37480,25.83,False,25.83
37481,25.83,False,25.83
37482,25.83,False,25.83
37483,25.83,False,25.83
37484,25.83,False,25.83
37485,25.83,False,25.83
37486,25.83,False,25.83
37487,25.83,False,25.83
37488,25.83,False,25.83
37489,25.83,False,25.83
37490,25.83,False,25.83
37491,25.83,False,25.83
37492,25.83,False,25.83
37493,25.83,False,25.83
37494,25.83,False,25.83
37495,25.83,False,25.83
37496,25.83,False,25.83
37497,25.83,False,25.83
37498,25.83,False,25.83
37499,25.83,False,25.83
37500,25.83,False,25.83
37501,25.83,False,25.83
37502,25.83,False,25.83
37503,25.83,False,25.83
37504,25.83,False,25.83
37505,25.83,False,25.83
37506,25.83,False,25.83
37507,25.83,False,25.83
37508,25.83,False,25.83
37509,25.83,False,25.83
37510,25.83,False,25.83
37511,25.83,False,25.83
37512,25.83,False,25.83
37513,25.83,False,25.83
37514,25.83,False,25.83
37515,25.83,False,25.83
37516,25.83,False,25.83
37517,25.83,False,25.83
37518,25.83,False,25.83
37519,25.83,False,25.83
37520,25.83,False,25.83
37521,25.83,False,25.83
37522,25.83,False,25.83
37523,25.83,False,25.83
37524,25.83,False,25.83
37525,25.83,False,25.83
37526,25.83,False,25.83
37527,25.83,False,25.83
37528,25.83,False,25.83
37529,25.83,False,25.83
37530,25.83,False,25.83
37531,25.83,False,25.83
37532,25.83,False,25.83
37533,25.83,False,25.83
37534,25.83,False,25.83
37535,25.83,False,25.83
37536,25.83,False,25.83
37537,25.83,False,25.83
37538,25.83,False,25.83
37539,25.83,False,25.83
37540,25.83,False,25.83
37541,25.83,False,25.83
37542,25.83,False,25.83
37543,25.83,False,25.83
37544,25.83,False,25.83
37545,25.83,False,25.83
37546,25.83,False,25.83
37547,25.83,False,25.83
37548,25.83,False,25.83
37549,25.83,False,25.83
37550,25.83,False,25.83
37551,25.83,False,25.83
37552,25.83,False,25.83
37553,25.83,False,25.83
37554,25.83,False,25.83
37555,25.83,False,25.83
37556,25.83,False,25.83
37557,25.83,False,25.83
37558,25.83,False,25.83
37559,25.83,False,25.83
37560,25.83,False,25.83
37561,25.83,False,25.83
37562,25.83,False,25.83
37563,25.83,False,25.83
37564,25.83,False,25.83
37565,25.83,False,25.83
37566,25.83,False,25.83
37567,25.83,False,25.83
37568,25.83,False,25.83
37569,25.83,False,25.83
37570,25.83,False,25.83
37571,25.83,False,25.83
37572,25.83,False,25.83
37573,25.83,False,25.83
37574,25.83,False,25.83
37575,25.83,False,25.83
37576,25.83,False,25.83
37577,25.83,False,25.83
37578,25.83,False,25.83
37579,25.83,False,25.83
37580,25.83,False,25.83
37581,25.83,False,25.83
37582,25.83,False,25.83
37583,25.83,False,25.83
37584,25.83,False,25.83
37585,25.83,False,25.83
37586,25.83,False,25.83
37587,25.83,False,25.83
37588,25.83,False,25.83
37589,25.83,False,25.83
37590,25.83,False,25.83
37591,25.83,False,25.83
37592,25.83,False,25.83
37593,25.83,False,25.83
37594,25.83,False,25.83
37595,25.83,False,25.83
37596,25.83,False,25.83
37597,25.83,False,25.83
37598,25.83,False,25.83
37599,25.83,False,25.83
37600,25.83,False,25.83
37601,25.83,False,25.83
37602,25.83,False,25.83
37603,25.83,False,25.83
37604,25.83,False,25.83
37605,25.83,False,25.83
37606,25.83,False,25.83
37607,25.83,False,25.83
37608,25.83,False,25.83
37609,25.83,False,25.83
37610,25.83,False,25.83
37611,25.83,False,25.83
37612,25.83,False,25.83
37613,25.83,False,25.83
37614,25.83,False,25.83
37615,25.83,False,25.83
37616,25.83,False,25.83
37617,25.83,False,25.83
37618,25.83,False,25.83
37619,25.83,False,25.83
37620,25.83,False,25.83
37621,25.83,False,25.83
37622,25.83,False,25.83
37623,25.83,False,25.83
37624,25.83,False,25.83
37625,25.83,False,25.83
37626,25.83,False,25.83
37627,25.83,False,25.83
37628,25.83,False,25.83
37629,25.83,False,25.83
37630,25.83,False,25.83
37631,25.83,False,25.83
37632,25.83,False,25.83
37633,25.83,False,25.83
37634,25.83,False,25.83
37635,25.83,False,25.83
37636,25.83,False,25.83
37637,25.83,False,25.83
37638,25.83,False,25.83
37639,25.83,False,25.83
37640,25.83,False,25.83
37641,25.83,False,25.83
37642,25.83,False,25.83
37643,25.83,False,25.83
37644,25.83,False,25.83
37645,25.83,False,25.83
37646,25.83,False,25.83
37647,25.83,False,25.83
37648,25.83,False,25.83
37649,25.83,False,25.83
37650,25.83,False,25.83
37651,25.83,False,25.83
37652,25.83,False,25.83
37653,25.83,False,25.83
37654,25.83,False,25.83
37655,25.83,False,25.83
37656,25.83,False,25.83
37657,25.83,False,25.83
37658,25.83,False,25.83
37659,25.83,False,25.83
37660,25.83,False,25.83
37661,25.83,False,25.83
37662,25.83,False,25.83
37663,25.83,False,25.83
37664,25.83,False,25.83
37665,25.83,False,25.83
37666,25.83,False,25.83
37667,25.83,False,25.83
37668,25.83,False,25.83
37669,25.83,False,25.83
37670,25.83,False,25.83
37671,25.83,False,25.83
37672,25.83,False,25.83
37673,25.83,False,25.83
37674,25.83,False,25.83
37675,25.83,False,25.83
37676,25.83,False,25.83
37677,25.83,False,25.83
37678,25.83,False,25.83
37679,25.83,False,25.83
37680,25.83,False,25.83
37681,25.83,False,25.83
37682,25.83,False,25.83
37683,25.83,False,25.83
37684,25.83,False,25.83
37685,25.83,False,25.83
37686,25.83,False,25.83
37687,25.83,False,25.83
37688,25.83,False,25.83
37689,25.83,False,25.83
37690,25.83,False,25.83
37691,25.83,False,25.83
37692,25.83,False,25.83
37693,25.83,False,25.83
37694,25.83,False,25.83
37695,25.83,False,25.83
37696,25.83,False,25.83
37697,25.83,False,25.83
37698,25.83,False,25.83
37699,25.83,False,25.83
37700,25.83,False,25.83
37701,25.83,False,25.83
37702,25.83,False,25.83
37703,25.83,False,25.83
37704,25.83,False,25.83
37705,25.83,False,25.83
37706,25.83,False,25.83
37707,25.83,False,25.83
37708,25.83,False,25.83
37709,25.83,False,25.83
37710,25.83,False,25.83
37711,25.83,False,25.83
37712,25.83,False,25.83
37713,25.83,False,25.83
37714,25.83,False,25.83
37715,25.83,False,25.83
37716,25.83,False,25.83
37717,25.83,False,25.83
37718,25.83,False,25.83
37719,25.83,False,25.83
37720,25.83,False,25.83
37721,25.83,False,25.83
37722,25.83,False,25.83
37723,25.83,False,25.83
37724,25.83,False,25.83
37725,25.83,False,25.83
37726,25.83,False,25.83
37727,25.83,False,25.83
37728,25.83,False,25.83
37729,25.83,False,25.83
37730,25.83,False,25.83
37731,25.83,False,25.83
37732,25.83,False,25.83
37733,25.83,False,25.83
37734,25.83,False,25.83
37735,25.83,False,25.83
37736,25.83,False,25.83
37737,25.83,False,25.83
37738,25.83,False,25.83
37739,25.83,False,25.83
37740,25.83,False,25.83
37741,25.83,False,25.83
37742,25.83,False,25.83
37743,25.83,False,25.83
37744,25.83,False,25.83
37745,25.83,False,25.83
37746,25.83,False,25.83
37747,25.83,False,25.83
37748,25.83,False,25.83
37749,25.83,False,25.83
37750,25.83,False,25.83
37751,25.83,False,25.83
37752,25.83,False,25.83
37753,25.83,False,25.83
37754,25.83,False,25.83
37755,25.83,False,25.83
37756,25.83,False,25.83
37757,25.83,False,25.83
37758,25.83,False,25.83
37759,25.83,False,25.83
37760,25.83,False,25.83
37761,25.83,False,25.83
37762,25.83,False,25.83
37763,25.83,False,25.83
37764,25.83,False,25.83
37765,25.83,False,25.83
37766,25.83,False,25.83
37767,25.83,False,25.83
37768,25.83,False,25.83
37769,25.83,False,25.83
37770,25.83,False,25.83
37771,25.83,False,25.83
37772,25.83,False,25.83
37773,25.83,False,25.83
37774,25.83,False,25.83
37775,25.83,False,25.83
37776,25.83,False,25.83
37777,25.83,False,25.83
37778,25.83,False,25.83
37779,25.83,False,25.83
37780,25.83,False,25.83
37781,25.83,False,25.83
37782,25.83,False,25.83
37783,25.83,False,25.83
37784,25.83,False,25.83
37785,25.83,False,25.83
37786,25.83,False,25.83
37787,25.83,False,25.83
37788,25.83,False,25.83
37789,25.83,False,25.83
37790,25.83,False,25.83
37791,25.83,False,25.83
37792,25.83,False,25.83
37793,25.83,False,25.83
37794,25.83,False,25.83
37795,25.83,False,25.83
37796,25.83,False,25.83
37797,25.83,False,25.83
37798,25.83,False,25.83
37799,25.83,False,25.83
37800,25.83,False,25.83
37801,25.83,False,25.83
37802,25.83,False,25.83
37803,25.83,False,25.83
37804,25.83,False,25.83
37805,25.83,False,25.83
37806,25.83,False,25.83
37807,25.83,False,25.83
37808,25.83,False,25.83
37809,25.83,False,25.83
37810,25.83,False,25.83
37811,25.83,False,25.83
37812,25.83,False,25.83
37813,25.83,False,25.83
37814,25.83,False,25.83
37815,25.83,False,25.83
37816,25.83,False,25.83
37817,25.83,False,25.83
37818,25.83,False,25.83
37819,25.83,False,25.83
37820,25.83,False,25.83
37821,25.83,False,25.83
37822,25.83,False,25.83
37823,25.83,False,25.83
37824,25.83,False,25.83
37825,25.83,False,25.83
37826,25.83,False,25.83
37827,25.83,False,25.83
37828,25.83,False,25.83
37829,25.83,False,25.83
37830,25.83,False,25.83
37831,25.83,False,25.83
37832,25.83,False,25.83
37833,25.83,False,25.83
37834,25.83,False,25.83
37835,25.83,False,25.83
37836,25.83,False,25.83
37837,25.83,False,25.83
37838,25.83,False,25.83
37839,25.83,False,25.83
37840,25.83,False,25.83
37841,25.83,False,25.83
37842,25.83,False,25.83
37843,25.83,False,25.83
37844,25.83,False,25.83
37845,25.83,False,25.83
37846,25.83,False,25.83
37847,25.83,False,25.83
37848,25.83,False,25.83
37849,25.83,False,25.83
37850,25.83,False,25.83
37851,25.83,False,25.83
37852,25.83,False,25.83
37853,25.83,False,25.83
37854,25.83,False,25.83
37855,25.83,False,25.83
37856,25.83,False,25.83
37857,25.83,False,25.83
37858,25.83,False,25.83
37859,25.83,False,25.83
37860,25.83,False,25.83
37861,25.83,False,25.83
37862,25.83,False,25.83
37863,25.83,False,25.83
37864,25.83,False,25.83
37865,25.83,False,25.83
37866,25.83,False,25.83
37867,25.83,False,25.83
37868,25.83,False,25.83
37869,25.83,False,25.83
37870,25.83,False,25.83
37871,25.83,False,25.83
37872,25.83,False,25.83
37873,25.83,False,25.83
37874,25.83,False,25.83
37875,25.83,False,25.83
37876,25.83,False,25.83
37877,25.83,False,25.83
37878,25.83,False,25.83
37879,25.83,False,25.83
37880,25.83,False,25.83
37881,25.83,False,25.83
37882,25.83,False,25.83
37883,25.83,False,25.83
37884,25.83,False,25.83
37885,25.83,False,25.83
37886,25.83,False,25.83
37887,25.83,False,25.83
37888,25.83,False,25.83
37889,26.67,False,25.998
37890,26.67,False,26.165999999999997
37891,26.67,False,26.334000000000003
37892,26.67,False,26.502
37893,26.67,False,26.67
37894,26.67,False,26.67
37895,26.67,False,26.67
37896,26.67,False,26.67
37897,26.67,False,26.67
37898,26.67,False,26.67
37899,26.67,False,26.67
37900,26.67,False,26.67
37901,26.67,False,26.67
37902,26.67,False,26.67
37903,26.67,False,26.67
37904,26.67,False,26.67
37905,26.67,False,26.67
37906,26.67,False,26.67
37907,26.67,False,26.67
37908,26.67,False,26.67
37909,26.67,False,26.67
37910,26.67,False,26.67
37911,27.5,False,26.836000000000002
37912,27.5,False,27.002
37913,27.5,False,27.168
37914,27.5,False,27.334000000000003
37915,27.5,False,27.5
37916,27.5,False,27.5
37917,27.5,False,27.5
37918,27.5,False,27.5
37919,27.5,False,27.5
37920,27.5,False,27.5
37921,27.5,False,27.5
37922,27.5,False,27.5
37923,27.5,False,27.5
37924,27.5,False,27.5
37925,27.5,False,27.5
37926,27.5,False,27.5
37927,27.5,False,27.5
37928,27.5,False,27.5
37929,27.5,False,27.5
37930,27.5,False,27.5
37931,27.5,False,27.5
37932,27.5,False,27.5
37933,27.5,False,27.5
37934,27.5,False,27.5
37935,27.5,False,27.5
37936,27.5,False,27.5
37937,27.5,False,27.5
37938,27.5,False,27.5
37939,27.5,False,27.5
37940,27.5,False,27.5
37941,26.67,False,27.334000000000003
37942,26.67,False,27.168
37943,26.67,False,27.002
37944,26.67,False,26.836000000000002
37945,26.67,False,26.67
37946,26.67,False,26.67
37947,26.67,False,26.67
37948,26.67,False,26.67
37949,26.67,False,26.67
37950,26.67,False,26.67
37951,26.67,False,26.67
37952,26.67,False,26.67
37953,26.67,False,26.67
37954,26.67,False,26.67
37955,26.67,False,26.67
37956,26.67,False,26.67
37957,26.67,False,26.67
37958,26.67,False,26.67
37959,26.67,False,26.67
37960,26.67,False,26.67
37961,26.67,False,26.67
37962,26.67,False,26.67
37963,26.67,False,26.67
37964,26.67,False,26.67
37965,26.67,False,26.67
37966,26.67,False,26.67
37967,26.67,False,26.67
37968,26.67,False,26.67
37969,26.67,False,26.67
37970,26.67,False,26.67
37971,26.67,False,26.67
37972,26.67,False,26.67
37973,26.67,False,26.67
37974,26.67,False,26.67
37975,26.67,False,26.67
37976,26.67,False,26.67
37977,26.67,False,26.67
37978,26.67,False,26.67
37979,26.67,False,26.67
37980,26.67,False,26.67
37981,26.67,False,26.67
37982,26.67,False,26.67
37983,26.67,False,26.67
37984,26.67,False,26.67
37985,26.67,False,26.67
37986,26.67,False,26.67
37987,26.67,False,26.67
37988,26.67,False,26.67
37989,26.67,False,26.67
37990,26.67,False,26.67
37991,26.67,False,26.67
37992,26.67,False,26.67
37993,26.67,False,26.67
37994,26.67,False,26.67
37995,26.67,False,26.67
37996,26.67,False,26.67
37997,26.67,False,26.67
37998,26.67,False,26.67
37999,26.67,False,26.67
38000,26.67,False,26.67
38001,26.67,False,26.67
38002,27.5,False,26.836000000000002
38003,27.5,False,27.002
38004,27.5,False,27.168
38005,27.5,False,27.334000000000003
38006,27.5,False,27.5
38007,27.5,False,27.5
38008,27.5,False,27.5
38009,27.5,False,27.5
38010,27.5,False,27.5
38011,27.5,False,27.5
38012,27.5,False,27.5
38013,27.5,False,27.5
38014,27.5,False,27.5
38015,27.5,False,27.5
38016,27.5,False,27.5
38017,27.5,False,27.5
38018,27.5,False,27.5
38019,27.5,False,27.5
38020,27.5,False,27.5
38021,27.5,False,27.5
38022,27.5,False,27.5
38023,27.5,False,27.5
38024,27.5,False,27.5
38025,27.5,False,27.5
38026,27.5,False,27.5
38027,27.5,False,27.5
38028,27.5,False,27.5
38029,27.5,False,27.5
38030,27.5,False,27.5
38031,27.5,False,27.5
38032,27.5,False,27.5
38033,27.5,False,27.5
38034,27.5,False,27.5
38035,27.5,False,27.5
38036,27.5,False,27.5
38037,27.5,False,27.5
38038,27.5,False,27.5
38039,27.5,False,27.5
38040,27.5,False,27.5
38041,27.5,False,27.5
38042,27.5,False,27.5
38043,27.5,False,27.5
38044,27.5,False,27.5
38045,27.5,False,27.5
38046,27.5,False,27.5
38047,27.5,False,27.5
38048,27.5,False,27.5
38049,27.5,False,27.5
38050,27.5,False,27.5
38051,27.5,False,27.5
38052,27.5,False,27.5
38053,27.5,False,27.5
38054,27.5,False,27.5
38055,27.5,False,27.5
38056,27.5,False,27.5
38057,27.5,False,27.5
38058,27.5,False,27.5
38059,27.5,False,27.5
38060,27.5,False,27.5
38061,27.5,False,27.5
38062,27.5,False,27.5
38063,26.67,False,27.334000000000003
38064,26.67,False,27.168
38065,26.67,False,27.002
38066,26.67,False,26.836000000000002
38067,26.67,False,26.67
38068,26.67,False,26.67
38069,26.67,False,26.67
38070,26.67,False,26.67
38071,26.67,False,26.67
38072,26.67,False,26.67
38073,26.67,False,26.67
38074,26.67,False,26.67
38075,26.67,False,26.67
38076,26.67,False,26.67
38077,26.67,False,26.67
38078,26.67,False,26.67
38079,26.67,False,26.67
38080,26.67,False,26.67
38081,26.67,False,26.67
38082,26.67,False,26.67
38083,26.67,False,26.67
38084,26.67,False,26.67
38085,26.67,False,26.67
38086,26.67,False,26.67
38087,26.67,False,26.67
38088,26.67,False,26.67
38089,26.67,False,26.67
38090,26.67,False,26.67
38091,26.67,False,26.67
38092,26.67,False,26.67
38093,26.67,False,26.67
38094,27.5,False,26.836000000000002
38095,27.5,False,27.002
38096,27.5,False,27.168
38097,27.5,False,27.334000000000003
38098,27.5,False,27.5
38099,27.5,False,27.5
38100,27.5,False,27.5
38101,27.5,False,27.5
38102,27.5,False,27.5
38103,27.5,False,27.5
38104,27.5,False,27.5
38105,27.5,False,27.5
38106,27.5,False,27.5
38107,27.5,False,27.5
38108,27.5,False,27.5
38109,27.5,False,27.5
38110,27.5,False,27.5
38111,27.5,False,27.5
38112,27.5,False,27.5
38113,27.5,False,27.5
38114,27.5,False,27.5
38115,27.5,False,27.5
38116,27.5,False,27.5
38117,27.5,False,27.5
38118,27.5,False,27.5
38119,27.5,False,27.5
38120,27.5,False,27.5
38121,27.5,False,27.5
38122,27.5,False,27.5
38123,27.5,False,27.5
38124,27.5,False,27.5
38125,27.5,False,27.5
38126,27.5,False,27.5
38127,27.5,False,27.5
38128,27.5,False,27.5
38129,27.5,False,27.5
38130,27.5,False,27.5
38131,27.5,False,27.5
38132,27.5,False,27.5
38133,27.5,False,27.5
38134,27.5,False,27.5
38135,27.5,False,27.5
38136,27.5,False,27.5
38137,27.5,False,27.5
38138,27.5,False,27.5
38139,27.5,False,27.5
38140,27.5,False,27.5
38141,27.5,False,27.5
38142,27.5,False,27.5
38143,27.5,False,27.5
38144,27.5,False,27.5
