Reading,Lux,Anomaly,Smoothed Lux
1,0.83,False,0.83
2,0.83,False,0.83
3,0.83,False,0.83
4,0.83,False,0.83
5,0.83,False,0.83
6,0.83,False,0.83
7,0.83,False,0.83
8,0.83,False,0.83
9,0.83,False,0.83
10,0.83,False,0.83
11,0.83,False,0.83
12,0.83,False,0.83
13,0.83,False,0.83
14,0.83,False,0.83
15,0.83,False,0.83
16,0.83,False,0.83
17,0.83,False,0.83
18,0.83,False,0.83
19,0.83,False,0.83
20,0.83,False,0.83
21,0.83,False,0.83
22,0.83,False,0.83
23,0.0,False,0.6639999999999999
24,0.0,False,0.49800000000000005
25,0.0,False,0.33199999999999996
26,0.0,False,0.16599999999999998
27,0.0,False,0.0
28,0.0,False,0.0
29,0.0,False,0.0
30,0.0,False,0.0
31,0.0,False,0.0
32,0.0,False,0.0
33,0.0,False,0.0
34,0.0,False,0.0
35,0.0,False,0.0
36,0.0,False,0.0
37,0.0,False,0.0
38,0.0,False,0.0
39,0.0,False,0.0
40,0.0,False,0.0
41,0.0,False,0.0
42,0.0,False,0.0
43,0.0,False,0.0
44,0.0,False,0.0
45,0.0,False,0.0
46,0.0,False,0.0
47,0.0,False,0.0
48,0.0,False,0.0
49,0.0,False,0.0
50,0.0,False,0.0
51,0.0,False,0.0
52,0.0,False,0.0
53,0.0,False,0.0
54,0.0,False,0.0
55,0.0,False,0.0
56,0.0,False,0.0
57,0.0,False,0.0
58,0.0,False,0.0
59,0.0,False,0.0
60,0.0,False,0.0
61,0.0,False,0.0
62,0.0,False,0.0
63,0.0,False,0.0
64,0.0,False,0.0
65,0.0,False,0.0
66,0.0,False,0.0
67,0.0,False,0.0
68,0.0,False,0.0
69,0.0,False,0.0
70,0.0,False,0.0
71,0.0,False,0.0
72,0.0,False,0.0
73,0.0,False,0.0
74,0.0,False,0.0
75,0.0,False,0.0
76,0.0,False,0.0
77,0.0,False,0.0
78,0.0,False,0.0
79,0.0,False,0.0
80,0.0,False,0.0
81,0.0,False,0.0
82,0.0,False,0.0
83,0.0,False,0.0
84,0.0,False,0.0
85,0.0,False,0.0
86,0.0,False,0.0
87,0.0,False,0.0
88,0.0,False,0.0
89,0.0,False,0.0
90,0.0,False,0.0
91,0.0,False,0.0
92,0.0,False,0.0
93,0.0,False,0.0
94,0.0,False,0.0
95,0.0,False,0.0
96,0.0,False,0.0
97,0.0,False,0.0
98,0.0,False,0.0
99,0.0,False,0.0
100,0.0,False,0.0
101,0.0,False,0.0
102,0.0,False,0.0
103,0.0,False,0.0
104,0.0,False,0.0
105,0.0,False,0.0
106,0.0,False,0.0
107,0.0,False,0.0
108,0.0,False,0.0
109,0.0,False,0.0
110,0.0,False,0.0
111,0.0,False,0.0
112,0.0,False,0.0
113,0.0,False,0.0
114,0.0,False,0.0
115,0.0,False,0.0
116,0.0,False,0.0
117,0.0,False,0.0
118,0.0,False,0.0
119,0.0,False,0.0
120,0.0,False,0.0
121,0.0,False,0.0
122,0.0,False,0.0
123,0.0,False,0.0
124,0.0,False,0.0
125,0.0,False,0.0
126,0.0,False,0.0
127,0.0,False,0.0
128,0.0,False,0.0
129,0.0,False,0.0
130,0.0,False,0.0
131,0.0,False,0.0
132,0.0,False,0.0
133,0.0,False,0.0
134,0.0,False,0.0
135,0.0,False,0.0
136,0.0,False,0.0
137,0.0,False,0.0
138,0.0,False,0.0
139,0.0,False,0.0
140,0.0,False,0.0
141,0.0,False,0.0
142,0.0,False,0.0
143,0.0,False,0.0
144,0.0,False,0.0
145,0.0,False,0.0
146,0.0,False,0.0
147,0.0,False,0.0
148,0.0,False,0.0
149,0.0,False,0.0
150,0.0,False,0.0
151,0.0,False,0.0
152,0.0,False,0.0
153,0.0,False,0.0
154,0.0,False,0.0
155,0.0,False,0.0
156,0.0,False,0.0
157,0.0,False,0.0
158,0.0,False,0.0
159,0.0,False,0.0
160,0.0,False,0.0
161,0.0,False,0.0
162,0.0,False,0.0
163,0.0,False,0.0
164,0.0,False,0.0
165,0.0,False,0.0
166,0.0,False,0.0
167,0.0,False,0.0
168,0.0,False,0.0
169,0.0,False,0.0
170,0.0,False,0.0
171,0.0,False,0.0
172,0.0,False,0.0
173,0.0,False,0.0
174,0.0,False,0.0
175,0.0,False,0.0
176,0.0,False,0.0
177,0.0,False,0.0
178,0.0,False,0.0
179,0.0,False,0.0
180,0.0,False,0.0
181,0.0,False,0.0
182,0.0,False,0.0
183,0.0,False,0.0
184,0.0,False,0.0
185,0.0,False,0.0
186,0.0,False,0.0
187,0.0,False,0.0
188,0.0,False,0.0
189,0.0,False,0.0
190,0.0,False,0.0
191,0.0,False,0.0
192,0.0,False,0.0
193,0.0,False,0.0
194,0.0,False,0.0
195,0.0,False,0.0
196,0.0,False,0.0
197,0.0,False,0.0
198,0.0,False,0.0
199,0.0,False,0.0
200,0.0,False,0.0
201,0.0,False,0.0
202,0.0,False,0.0
203,0.0,False,0.0
204,0.0,False,0.0
205,0.0,False,0.0
206,0.0,False,0.0
207,0.0,False,0.0
208,0.0,False,0.0
209,0.0,False,0.0
210,0.0,False,0.0
211,0.0,False,0.0
212,0.0,False,0.0
213,0.0,False,0.0
214,0.0,False,0.0
215,0.0,False,0.0
216,0.0,False,0.0
217,0.0,False,0.0
218,0.0,False,0.0
219,0.0,False,0.0
220,0.0,False,0.0
221,0.0,False,0.0
222,0.0,False,0.0
223,0.0,False,0.0
224,0.0,False,0.0
225,0.0,False,0.0
226,0.0,False,0.0
227,0.0,False,0.0
228,0.0,False,0.0
229,0.0,False,0.0
230,0.0,False,0.0
231,0.0,False,0.0
232,0.0,False,0.0
233,0.0,False,0.0
234,0.0,False,0.0
235,0.0,False,0.0
236,0.0,False,0.0
237,0.0,False,0.0
238,0.0,False,0.0
239,0.0,False,0.0
240,0.0,False,0.0
241,0.0,False,0.0
242,0.0,False,0.0
243,0.0,False,0.0
244,0.0,False,0.0
245,0.0,False,0.0
246,0.0,False,0.0
247,0.0,False,0.0
248,0.0,False,0.0
249,0.0,False,0.0
250,0.0,False,0.0
251,0.0,False,0.0
252,0.0,False,0.0
253,0.0,False,0.0
254,0.0,False,0.0
255,0.0,False,0.0
256,0.0,False,0.0
257,0.0,False,0.0
258,0.0,False,0.0
259,0.0,False,0.0
260,0.0,False,0.0
261,0.0,False,0.0
262,0.0,False,0.0
263,0.0,False,0.0
264,0.83,False,0.16599999999999998
265,0.83,False,0.33199999999999996
266,0.83,False,0.49799999999999994
267,0.83,False,0.6639999999999999
268,0.83,False,0.83
269,0.83,False,0.83
270,0.83,False,0.83
271,0.83,False,0.83
272,0.83,False,0.83
273,0.83,False,0.83
274,0.83,False,0.83
275,0.83,False,0.83
276,0.83,False,0.83
277,0.83,False,0.83
278,0.83,False,0.83
279,0.83,False,0.83
280,0.83,False,0.83
281,0.83,False,0.83
282,0.83,False,0.83
283,0.83,False,0.83
284,0.83,False,0.83
285,0.83,False,0.83
286,0.83,False,0.83
287,0.83,False,0.83
288,0.83,False,0.83
289,0.83,False,0.83
290,0.83,False,0.83
291,0.83,False,0.83
292,0.83,False,0.83
293,0.83,False,0.83
294,0.0,False,0.6639999999999999
295,0.0,False,0.49800000000000005
296,0.0,False,0.33199999999999996
297,0.0,False,0.16599999999999998
298,0.0,False,0.0
299,0.0,False,0.0
300,0.0,False,0.0
301,0.0,False,0.0
302,0.0,False,0.0
303,0.0,False,0.0
304,0.0,False,0.0
305,0.0,False,0.0
306,0.0,False,0.0
307,0.0,False,0.0
308,0.0,False,0.0
309,0.0,False,0.0
310,0.0,False,0.0
311,0.0,False,0.0
312,0.0,False,0.0
313,0.0,False,0.0
314,0.0,False,0.0
315,0.0,False,0.0
316,0.0,False,0.0
317,0.0,False,0.0
318,0.0,False,0.0
319,0.0,False,0.0
320,0.0,False,0.0
321,0.0,False,0.0
322,0.0,False,0.0
323,0.0,False,0.0
324,0.83,False,0.16599999999999998
325,0.83,False,0.33199999999999996
326,0.83,False,0.49799999999999994
327,0.83,False,0.6639999999999999
328,0.83,False,0.83
329,0.83,False,0.83
330,0.83,False,0.83
331,0.83,False,0.83
332,0.83,False,0.83
333,0.83,False,0.83
334,0.83,False,0.83
335,0.83,False,0.83
336,0.83,False,0.83
337,0.83,False,0.83
338,0.83,False,0.83
339,0.83,False,0.83
340,0.83,False,0.83
341,0.83,False,0.83
342,0.83,False,0.83
343,0.83,False,0.83
344,0.83,False,0.83
345,0.83,False,0.83
346,0.83,False,0.83
347,0.83,False,0.83
348,0.83,False,0.83
349,0.83,False,0.83
350,0.83,False,0.83
351,0.83,False,0.83
352,0.83,False,0.83
353,0.83,False,0.83
354,0.83,False,0.83
355,0.83,False,0.83
356,0.83,False,0.83
357,0.83,False,0.83
358,0.83,False,0.83
359,0.83,False,0.83
360,0.83,False,0.83
361,0.83,False,0.83
362,0.83,False,0.83
363,0.83,False,0.83
364,0.83,False,0.83
365,0.83,False,0.83
366,0.83,False,0.83
367,0.83,False,0.83
368,0.83,False,0.83
369,0.83,False,0.83
370,0.83,False,0.83
371,0.83,False,0.83
372,0.83,False,0.83
373,0.83,False,0.83
374,0.83,False,0.83
375,0.83,False,0.83
376,0.83,False,0.83
377,0.83,False,0.83
378,0.83,False,0.83
379,0.83,False,0.83
380,0.83,False,0.83
381,0.83,False,0.83
382,0.83,False,0.83
383,0.83,False,0.83
384,0.83,False,0.83
385,0.83,False,0.83
386,0.83,False,0.83
387,0.83,False,0.83
388,0.83,False,0.83
389,0.83,False,0.83
390,0.83,False,0.83
391,0.83,False,0.83
392,0.83,False,0.83
393,0.83,False,0.83
394,0.83,False,0.83
395,0.83,False,0.83
396,0.83,False,0.83
397,0.83,False,0.83
398,0.83,False,0.83
399,0.83,False,0.83
400,0.83,False,0.83
401,0.83,False,0.83
402,0.83,False,0.83
403,0.83,False,0.83
404,0.83,False,0.83
405,0.83,False,0.83
406,0.83,False,0.83
407,0.83,False,0.83
408,0.83,False,0.83
409,0.83,False,0.83
410,0.83,False,0.83
411,0.83,False,0.83
412,0.83,False,0.83
413,0.83,False,0.83
414,0.83,False,0.83
415,0.83,False,0.83
416,0.83,False,0.83
417,0.83,False,0.83
418,0.83,False,0.83
419,0.83,False,0.83
420,0.83,False,0.83
421,0.83,False,0.83
422,0.83,False,0.83
423,0.83,False,0.83
424,0.83,False,0.83
425,0.83,False,0.83
426,0.83,False,0.83
427,0.83,False,0.83
428,0.83,False,0.83
429,0.83,False,0.83
430,0.83,False,0.83
431,0.83,False,0.83
432,0.83,False,0.83
433,0.83,False,0.83
434,0.83,False,0.83
435,0.83,False,0.83
436,0.83,False,0.83
437,0.83,False,0.83
438,0.83,False,0.83
439,0.83,False,0.83
440,0.83,False,0.83
441,0.83,False,0.83
442,0.83,False,0.83
443,0.83,False,0.83
444,0.83,False,0.83
445,0.83,False,0.83
446,0.83,False,0.83
447,0.83,False,0.83
448,0.83,False,0.83
449,0.83,False,0.83
450,0.83,False,0.83
451,0.83,False,0.83
452,0.83,False,0.83
453,0.83,False,0.83
454,0.83,False,0.83
455,0.83,False,0.83
456,0.83,False,0.83
457,0.83,False,0.83
458,0.83,False,0.83
459,0.83,False,0.83
460,0.83,False,0.83
461,0.83,False,0.83
462,0.83,False,0.83
463,0.83,False,0.83
464,0.83,False,0.83
465,0.83,False,0.83
466,0.83,False,0.83
467,0.83,False,0.83
468,0.83,False,0.83
469,0.83,False,0.83
470,0.83,False,0.83
471,0.83,False,0.83
472,0.83,False,0.83
473,0.83,False,0.83
474,0.83,False,0.83
475,0.83,False,0.83
476,0.83,False,0.83
477,0.83,False,0.83
478,0.83,False,0.83
479,0.83,False,0.83
480,0.83,False,0.83
481,0.83,False,0.83
482,0.83,False,0.83
483,0.83,False,0.83
484,0.83,False,0.83
485,0.83,False,0.83
486,0.83,False,0.83
487,0.83,False,0.83
488,0.83,False,0.83
489,0.83,False,0.83
490,0.83,False,0.83
491,0.83,False,0.83
492,0.83,False,0.83
493,0.83,False,0.83
494,0.83,False,0.83
495,0.83,False,0.83
496,0.83,False,0.83
497,0.83,False,0.83
498,0.83,False,0.83
499,0.83,False,0.83
500,0.83,False,0.83
501,0.83,False,0.83
502,0.83,False,0.83
503,0.83,False,0.83
504,0.83,False,0.83
505,0.83,False,0.83
506,0.83,False,0.83
507,0.83,False,0.83
508,0.83,False,0.83
509,0.83,False,0.83
510,0.83,False,0.83
511,0.83,False,0.83
512,0.83,False,0.83
513,0.83,False,0.83
514,0.83,False,0.83
515,0.83,False,0.83
516,0.83,False,0.83
517,0.83,False,0.83
518,0.83,False,0.83
519,0.83,False,0.83
520,0.83,False,0.83
521,0.83,False,0.83
522,0.83,False,0.83
523,0.83,False,0.83
524,0.83,False,0.83
525,0.83,False,0.83
526,0.83,False,0.83
527,0.83,False,0.83
528,0.83,False,0.83
529,0.83,False,0.83
530,0.83,False,0.83
531,0.83,False,0.83
532,0.83,False,0.83
533,0.83,False,0.83
534,0.83,False,0.83
535,0.83,False,0.83
536,0.83,False,0.83
537,0.83,False,0.83
538,0.83,False,0.83
539,0.83,False,0.83
540,0.83,False,0.83
541,0.83,False,0.83
542,0.83,False,0.83
543,0.83,False,0.83
544,0.83,False,0.83
545,0.83,False,0.83
546,0.83,False,0.83
547,0.83,False,0.83
548,0.83,False,0.83
549,0.83,False,0.83
550,0.83,False,0.83
551,0.83,False,0.83
552,0.83,False,0.83
553,0.83,False,0.83
554,0.83,False,0.83
555,0.83,False,0.83
556,0.83,False,0.83
557,0.83,False,0.83
558,0.83,False,0.83
559,0.83,False,0.83
560,0.83,False,0.83
561,0.83,False,0.83
562,0.83,False,0.83
563,0.83,False,0.83
564,0.83,False,0.83
565,0.83,False,0.83
566,0.83,False,0.83
567,0.83,False,0.83
568,0.83,False,0.83
569,0.83,False,0.83
570,0.83,False,0.83
571,0.83,False,0.83
572,0.83,False,0.83
573,0.83,False,0.83
574,0.83,False,0.83
575,0.83,False,0.83
576,0.83,False,0.83
577,0.83,False,0.83
578,0.83,False,0.83
579,0.83,False,0.83
580,0.83,False,0.83
581,0.83,False,0.83
582,0.83,False,0.83
583,0.83,False,0.83
584,0.83,False,0.83
585,0.83,False,0.83
586,0.83,False,0.83
587,0.83,False,0.83
588,0.83,False,0.83
589,0.83,False,0.83
590,0.83,False,0.83
591,0.83,False,0.83
592,0.83,False,0.83
593,0.83,False,0.83
594,0.83,False,0.83
595,0.83,False,0.83
596,0.83,False,0.83
597,0.83,False,0.83
598,0.83,False,0.83
599,0.83,False,0.83
600,0.83,False,0.83
601,0.83,False,0.83
602,0.83,False,0.83
603,0.83,False,0.83
604,0.83,False,0.83
605,0.83,False,0.83
606,0.83,False,0.83
607,0.83,False,0.83
608,0.83,False,0.83
609,0.83,False,0.83
610,0.83,False,0.83
611,0.83,False,0.83
612,0.83,False,0.83
613,0.83,False,0.83
614,0.83,False,0.83
615,0.83,False,0.83
616,0.83,False,0.83
617,0.83,False,0.83
618,0.83,False,0.83
619,0.83,False,0.83
620,0.83,False,0.83
621,0.83,False,0.83
622,0.83,False,0.83
623,0.83,False,0.83
624,0.83,False,0.83
625,0.83,False,0.83
626,0.83,False,0.83
627,0.83,False,0.83
628,0.83,False,0.83
629,0.83,False,0.83
630,0.83,False,0.83
631,0.83,False,0.83
632,0.83,False,0.83
633,0.83,False,0.83
634,0.83,False,0.83
635,0.83,False,0.83
636,0.83,False,0.83
637,0.83,False,0.83
638,0.83,False,0.83
639,0.83,False,0.83
640,0.83,False,0.83
641,0.83,False,0.83
642,0.83,False,0.83
643,0.83,False,0.83
644,0.83,False,0.83
645,0.83,False,0.83
646,0.83,False,0.83
647,0.83,False,0.83
648,0.83,False,0.83
649,0.83,False,0.83
650,0.83,False,0.83
651,0.83,False,0.83
652,0.83,False,0.83
653,0.83,False,0.83
654,0.83,False,0.83
655,0.83,False,0.83
656,0.83,False,0.83
657,0.83,False,0.83
658,0.83,False,0.83
659,0.83,False,0.83
660,0.83,False,0.83
661,0.83,False,0.83
662,0.83,False,0.83
663,0.83,False,0.83
664,0.83,False,0.83
665,0.83,False,0.83
666,0.83,False,0.83
667,0.83,False,0.83
668,0.83,False,0.83
669,0.83,False,0.83
670,0.83,False,0.83
671,0.83,False,0.83
672,0.83,False,0.83
673,0.83,False,0.83
674,0.83,False,0.83
675,0.83,False,0.83
676,0.83,False,0.83
677,0.83,False,0.83
678,0.83,False,0.83
679,0.83,False,0.83
680,0.83,False,0.83
681,0.83,False,0.83
682,0.83,False,0.83
683,0.83,False,0.83
684,0.83,False,0.83
685,0.83,False,0.83
686,0.83,False,0.83
687,0.83,False,0.83
688,0.83,False,0.83
689,0.83,False,0.83
690,0.83,False,0.83
691,0.83,False,0.83
692,0.83,False,0.83
693,0.83,False,0.83
694,0.83,False,0.83
695,0.83,False,0.83
696,0.83,False,0.83
697,0.83,False,0.83
698,0.83,False,0.83
699,0.83,False,0.83
700,0.83,False,0.83
701,0.83,False,0.83
702,0.83,False,0.83
703,0.83,False,0.83
704,0.83,False,0.83
705,0.83,False,0.83
706,0.83,False,0.83
707,0.83,False,0.83
708,0.83,False,0.83
709,0.83,False,0.83
710,0.83,False,0.83
711,0.83,False,0.83
712,0.83,False,0.83
713,0.83,False,0.83
714,0.83,False,0.83
715,0.83,False,0.83
716,0.83,False,0.83
717,0.83,False,0.83
718,0.83,False,0.83
719,0.83,False,0.83
720,0.83,False,0.83
721,0.83,False,0.83
722,0.83,False,0.83
723,0.83,False,0.83
724,0.83,False,0.83
725,0.83,False,0.83
726,0.83,False,0.83
727,0.83,False,0.83
728,0.83,False,0.83
729,0.83,False,0.83
730,0.83,False,0.83
731,0.83,False,0.83
732,0.83,False,0.83
733,0.83,False,0.83
734,0.83,False,0.83
735,0.83,False,0.83
736,0.83,False,0.83
737,0.83,False,0.83
738,0.83,False,0.83
739,0.83,False,0.83
740,0.83,False,0.83
741,0.83,False,0.83
742,0.83,False,0.83
743,0.83,False,0.83
744,0.83,False,0.83
745,0.83,False,0.83
746,0.83,False,0.83
747,0.83,False,0.83
748,0.83,False,0.83
749,0.83,False,0.83
750,0.83,False,0.83
751,0.83,False,0.83
752,0.83,False,0.83
753,0.83,False,0.83
754,0.83,False,0.83
755,0.83,False,0.83
756,0.83,False,0.83
757,0.83,False,0.83
758,0.83,False,0.83
759,0.83,False,0.83
760,0.83,False,0.83
761,0.83,False,0.83
762,0.83,False,0.83
763,0.83,False,0.83
764,0.83,False,0.83
765,0.83,False,0.83
766,0.83,False,0.83
767,0.83,False,0.83
768,0.83,False,0.83
769,0.83,False,0.83
770,0.83,False,0.83
771,0.83,False,0.83
772,0.83,False,0.83
773,0.83,False,0.83
774,0.83,False,0.83
775,0.83,False,0.83
776,0.83,False,0.83
777,0.83,False,0.83
778,0.83,False,0.83
779,0.83,False,0.83
780,0.83,False,0.83
781,0.83,False,0.83
782,0.83,False,0.83
783,0.83,False,0.83
784,0.83,False,0.83
785,0.83,False,0.83
786,0.83,False,0.83
787,0.83,False,0.83
788,0.83,False,0.83
789,0.83,False,0.83
790,0.83,False,0.83
791,0.83,False,0.83
792,0.83,False,0.83
793,0.83,False,0.83
794,0.83,False,0.83
795,0.83,False,0.83
796,0.83,False,0.83
797,0.83,False,0.83
798,0.83,False,0.83
799,0.83,False,0.83
800,0.83,False,0.83
801,0.83,False,0.83
802,0.83,False,0.83
803,0.83,False,0.83
804,0.83,False,0.83
805,0.83,False,0.83
806,0.83,False,0.83
807,0.83,False,0.83
808,0.83,False,0.83
809,0.83,False,0.83
810,0.83,False,0.83
811,0.83,False,0.83
812,0.83,False,0.83
813,0.83,False,0.83
814,0.83,False,0.83
815,0.83,False,0.83
816,0.83,False,0.83
817,0.83,False,0.83
818,0.83,False,0.83
819,0.83,False,0.83
820,0.83,False,0.83
821,0.83,False,0.83
822,0.83,False,0.83
823,0.83,False,0.83
824,0.83,False,0.83
825,0.83,False,0.83
826,0.83,False,0.83
827,0.83,False,0.83
828,0.83,False,0.83
829,0.83,False,0.83
830,0.83,False,0.83
831,0.83,False,0.83
832,0.83,False,0.83
833,0.83,False,0.83
834,0.83,False,0.83
835,0.83,False,0.83
836,0.83,False,0.83
837,0.83,False,0.83
838,0.83,False,0.83
839,0.83,False,0.83
840,0.83,False,0.83
841,0.83,False,0.83
842,0.83,False,0.83
843,0.83,False,0.83
844,0.83,False,0.83
845,0.83,False,0.83
846,0.83,False,0.83
847,0.83,False,0.83
848,0.83,False,0.83
849,0.83,False,0.83
850,0.83,False,0.83
851,0.83,False,0.83
852,0.83,False,0.83
853,0.83,False,0.83
854,0.83,False,0.83
855,0.83,False,0.83
856,0.83,False,0.83
857,0.83,False,0.83
858,0.83,False,0.83
859,0.83,False,0.83
860,0.83,False,0.83
861,0.83,False,0.83
862,0.83,False,0.83
863,0.83,False,0.83
864,0.83,False,0.83
865,0.83,False,0.83
866,0.83,False,0.83
867,0.83,False,0.83
868,0.83,False,0.83
869,0.83,False,0.83
870,0.83,False,0.83
871,0.83,False,0.83
872,0.83,False,0.83
873,0.83,False,0.83
874,0.83,False,0.83
875,0.83,False,0.83
876,0.83,False,0.83
877,0.83,False,0.83
878,0.83,False,0.83
879,0.83,False,0.83
880,0.83,False,0.83
881,0.83,False,0.83
882,0.83,False,0.83
883,0.83,False,0.83
884,0.83,False,0.83
885,0.83,False,0.83
886,0.83,False,0.83
887,0.83,False,0.83
888,0.83,False,0.83
889,0.83,False,0.83
890,0.83,False,0.83
891,0.83,False,0.83
892,0.83,False,0.83
893,0.83,False,0.83
894,0.83,False,0.83
895,0.83,False,0.83
896,0.83,False,0.83
897,0.83,False,0.83
898,0.83,False,0.83
899,0.83,False,0.83
900,0.83,False,0.83
901,0.83,False,0.83
902,0.83,False,0.83
903,0.83,False,0.83
904,0.83,False,0.83
905,0.83,False,0.83
906,0.83,False,0.83
907,0.83,False,0.83
908,0.83,False,0.83
909,0.83,False,0.83
910,0.83,False,0.83
911,0.83,False,0.83
912,0.83,False,0.83
913,0.83,False,0.83
914,0.83,False,0.83
915,0.83,False,0.83
916,0.83,False,0.83
917,0.83,False,0.83
918,0.83,False,0.83
919,0.83,False,0.83
920,0.83,False,0.83
921,0.83,False,0.83
922,0.83,False,0.83
923,0.83,False,0.83
924,0.83,False,0.83
925,0.83,False,0.83
926,0.83,False,0.83
927,0.83,False,0.83
928,0.83,False,0.83
929,0.83,False,0.83
930,0.83,False,0.83
931,0.83,False,0.83
932,0.83,False,0.83
933,0.83,False,0.83
934,0.83,False,0.83
935,0.83,False,0.83
936,0.83,False,0.83
937,0.83,False,0.83
938,0.83,False,0.83
939,0.83,False,0.83
940,0.83,False,0.83
941,0.83,False,0.83
942,0.83,False,0.83
943,0.83,False,0.83
944,0.83,False,0.83
945,0.83,False,0.83
946,0.83,False,0.83
947,0.83,False,0.83
948,0.83,False,0.83
949,0.83,False,0.83
950,0.83,False,0.83
951,0.83,False,0.83
952,0.83,False,0.83
953,0.83,False,0.83
954,0.83,False,0.83
955,0.83,False,0.83
956,0.83,False,0.83
957,0.83,False,0.83
958,0.83,False,0.83
959,0.83,False,0.83
960,0.83,False,0.83
961,0.83,False,0.83
962,0.83,False,0.83
963,0.83,False,0.83
964,0.83,False,0.83
965,0.83,False,0.83
966,0.83,False,0.83
967,0.83,False,0.83
968,0.83,False,0.83
969,0.83,False,0.83
970,0.83,False,0.83
971,0.83,False,0.83
972,0.83,False,0.83
973,0.83,False,0.83
974,0.83,False,0.83
975,0.83,False,0.83
976,0.83,False,0.83
977,0.83,False,0.83
978,0.83,False,0.83
979,0.83,False,0.83
980,0.83,False,0.83
981,0.83,False,0.83
982,0.83,False,0.83
983,0.83,False,0.83
984,0.83,False,0.83
985,0.83,False,0.83
986,0.83,False,0.83
987,0.83,False,0.83
988,0.83,False,0.83
989,0.83,False,0.83
990,0.83,False,0.83
991,0.83,False,0.83
992,0.83,False,0.83
993,0.83,False,0.83
994,0.83,False,0.83
995,0.83,False,0.83
996,0.83,False,0.83
997,0.83,False,0.83
998,0.83,False,0.83
999,0.83,False,0.83
1000,0.83,False,0.83
1001,0.83,False,0.83
1002,0.83,False,0.83
1003,0.83,False,0.83
1004,0.83,False,0.83
1005,0.83,False,0.83
1006,0.83,False,0.83
1007,0.83,False,0.83
1008,0.83,False,0.83
1009,0.83,False,0.83
1010,0.83,False,0.83
1011,0.83,False,0.83
1012,0.83,False,0.83
1013,0.83,False,0.83
1014,0.83,False,0.83
1015,0.83,False,0.83
1016,0.83,False,0.83
1017,0.83,False,0.83
1018,0.83,False,0.83
1019,0.83,False,0.83
1020,0.83,False,0.83
1021,0.83,False,0.83
1022,0.83,False,0.83
1023,0.83,False,0.83
1024,0.83,False,0.83
1025,0.83,False,0.83
1026,0.83,False,0.83
1027,0.83,False,0.83
1028,0.83,False,0.83
1029,0.83,False,0.83
1030,0.83,False,0.83
1031,0.83,False,0.83
1032,0.83,False,0.83
1033,0.83,False,0.83
1034,0.83,False,0.83
1035,0.83,False,0.83
1036,0.83,False,0.83
1037,0.83,False,0.83
1038,0.83,False,0.83
1039,0.83,False,0.83
1040,0.83,False,0.83
1041,0.83,False,0.83
1042,0.83,False,0.83
1043,0.83,False,0.83
1044,0.83,False,0.83
1045,0.83,False,0.83
1046,0.83,False,0.83
1047,0.83,False,0.83
1048,0.83,False,0.83
1049,0.83,False,0.83
1050,0.83,False,0.83
1051,0.83,False,0.83
1052,0.83,False,0.83
1053,0.83,False,0.83
1054,0.83,False,0.83
1055,0.83,False,0.83
1056,0.83,False,0.83
1057,0.83,False,0.83
1058,0.83,False,0.83
1059,0.83,False,0.83
1060,0.83,False,0.83
1061,0.83,False,0.83
1062,0.83,False,0.83
1063,0.83,False,0.83
1064,0.83,False,0.83
1065,0.83,False,0.83
1066,0.83,False,0.83
1067,0.83,False,0.83
1068,0.83,False,0.83
1069,0.83,False,0.83
1070,0.83,False,0.83
1071,0.83,False,0.83
1072,0.83,False,0.83
1073,0.0,False,0.6639999999999999
1074,0.0,False,0.49800000000000005
1075,0.0,False,0.332
1076,0.0,False,0.16599999999999998
1077,0.0,False,0.0
1078,0.0,False,0.0
1079,0.0,False,0.0
1080,0.0,False,0.0
1081,0.0,False,0.0
1082,0.0,False,0.0
1083,0.0,False,0.0
1084,0.0,False,0.0
1085,0.0,False,0.0
1086,0.0,False,0.0
1087,0.0,False,0.0
1088,0.0,False,0.0
1089,0.0,False,0.0
1090,0.0,False,0.0
1091,0.0,False,0.0
1092,0.0,False,0.0
1093,0.0,False,0.0
1094,0.0,False,0.0
1095,0.0,False,0.0
1096,0.0,False,0.0
1097,0.0,False,0.0
1098,0.0,False,0.0
1099,0.0,False,0.0
1100,0.0,False,0.0
1101,0.0,False,0.0
1102,0.0,False,0.0
1103,0.0,False,0.0
1104,0.0,False,0.0
1105,0.0,False,0.0
1106,0.0,False,0.0
1107,0.0,False,0.0
1108,0.0,False,0.0
1109,0.0,False,0.0
1110,0.0,False,0.0
1111,0.0,False,0.0
1112,0.0,False,0.0
1113,0.0,False,0.0
1114,0.0,False,0.0
1115,0.0,False,0.0
1116,0.0,False,0.0
1117,0.0,False,0.0
1118,0.0,False,0.0
1119,0.0,False,0.0
1120,0.0,False,0.0
1121,0.0,False,0.0
1122,0.0,False,0.0
1123,0.0,False,0.0
1124,0.0,False,0.0
1125,0.0,False,0.0
1126,0.0,False,0.0
1127,0.0,False,0.0
1128,0.0,False,0.0
1129,0.0,False,0.0
1130,0.0,False,0.0
1131,0.0,False,0.0
1132,0.0,False,0.0
1133,0.0,False,0.0
1134,0.0,False,0.0
1135,0.0,False,0.0
1136,0.0,False,0.0
1137,0.0,False,0.0
1138,0.0,False,0.0
1139,0.0,False,0.0
1140,0.0,False,0.0
1141,0.0,False,0.0
1142,0.0,False,0.0
1143,0.0,False,0.0
1144,0.0,False,0.0
1145,0.0,False,0.0
1146,0.0,False,0.0
1147,0.0,False,0.0
1148,0.0,False,0.0
1149,0.0,False,0.0
1150,0.0,False,0.0
1151,0.0,False,0.0
1152,0.0,False,0.0
1153,0.0,False,0.0
1154,0.0,False,0.0
1155,0.0,False,0.0
1156,0.0,False,0.0
1157,0.0,False,0.0
1158,0.0,False,0.0
1159,0.0,False,0.0
1160,0.0,False,0.0
1161,0.0,False,0.0
1162,0.0,False,0.0
1163,0.0,False,0.0
1164,0.83,False,0.16599999999999998
1165,0.83,False,0.33199999999999996
1166,0.83,False,0.49799999999999994
1167,0.83,False,0.6639999999999999
1168,0.83,False,0.83
1169,0.83,False,0.83
1170,0.83,False,0.83
1171,0.83,False,0.83
1172,0.83,False,0.83
1173,0.83,False,0.83
1174,0.83,False,0.83
1175,0.83,False,0.83
1176,0.83,False,0.83
1177,0.83,False,0.83
1178,0.83,False,0.83
1179,0.83,False,0.83
1180,0.83,False,0.83
1181,0.83,False,0.83
1182,0.83,False,0.83
1183,0.83,False,0.83
1184,0.83,False,0.83
1185,0.83,False,0.83
1186,0.83,False,0.83
1187,0.83,False,0.83
1188,0.83,False,0.83
1189,0.83,False,0.83
1190,0.83,False,0.83
1191,0.83,False,0.83
1192,0.83,False,0.83
1193,0.83,False,0.83
1194,0.83,False,0.83
1195,0.83,False,0.83
1196,0.83,False,0.83
1197,0.83,False,0.83
1198,0.83,False,0.83
1199,0.83,False,0.83
1200,0.83,False,0.83
1201,0.83,False,0.83
1202,0.83,False,0.83
1203,0.83,False,0.83
1204,0.83,False,0.83
1205,0.83,False,0.83
1206,0.83,False,0.83
1207,0.83,False,0.83
1208,0.83,False,0.83
1209,0.83,False,0.83
1210,0.83,False,0.83
1211,0.83,False,0.83
1212,0.83,False,0.83
1213,0.83,False,0.83
1214,0.83,False,0.83
1215,0.83,False,0.83
1216,0.83,False,0.83
1217,0.83,False,0.83
1218,0.83,False,0.83
1219,0.83,False,0.83
1220,0.83,False,0.83
1221,0.83,False,0.83
1222,0.83,False,0.83
1223,0.83,False,0.83
1224,0.83,False,0.83
1225,0.83,False,0.83
1226,0.83,False,0.83
1227,0.83,False,0.83
1228,0.83,False,0.83
1229,0.83,False,0.83
1230,0.83,False,0.83
1231,0.83,False,0.83
1232,0.83,False,0.83
1233,0.83,False,0.83
1234,0.83,False,0.83
1235,0.83,False,0.83
1236,0.83,False,0.83
1237,0.83,False,0.83
1238,0.83,False,0.83
1239,0.83,False,0.83
1240,0.83,False,0.83
1241,0.83,False,0.83
1242,0.83,False,0.83
1243,0.83,False,0.83
1244,0.83,False,0.83
1245,0.83,False,0.83
1246,0.83,False,0.83
1247,0.83,False,0.83
1248,0.83,False,0.83
1249,0.83,False,0.83
1250,0.83,False,0.83
1251,0.83,False,0.83
1252,0.83,False,0.83
1253,0.83,False,0.83
1254,0.83,False,0.83
1255,0.83,False,0.83
1256,0.83,False,0.83
1257,0.83,False,0.83
1258,0.83,False,0.83
1259,0.83,False,0.83
1260,0.83,False,0.83
1261,0.83,False,0.83
1262,0.83,False,0.83
1263,0.83,False,0.83
1264,0.83,False,0.83
1265,0.83,False,0.83
1266,0.83,False,0.83
1267,0.83,False,0.83
1268,0.83,False,0.83
1269,0.83,False,0.83
1270,0.83,False,0.83
1271,0.83,False,0.83
1272,0.83,False,0.83
1273,0.83,False,0.83
1274,0.83,False,0.83
1275,0.83,False,0.83
1276,0.83,False,0.83
1277,0.83,False,0.83
1278,0.83,False,0.83
1279,0.83,False,0.83
1280,0.83,False,0.83
1281,0.0,False,0.6639999999999999
1282,0.0,False,0.49800000000000005
1283,0.83,False,0.49800000000000005
1284,0.83,False,0.49799999999999994
1285,0.83,False,0.49799999999999994
1286,0.83,False,0.6639999999999999
1287,0.83,False,0.83
1288,0.83,False,0.83
1289,0.83,False,0.83
1290,0.83,False,0.83
1291,0.83,False,0.83
1292,0.83,False,0.83
1293,0.83,False,0.83
1294,0.83,False,0.83
1295,0.83,False,0.83
1296,0.83,False,0.83
1297,0.83,False,0.83
1298,0.83,False,0.83
1299,0.83,False,0.83
1300,0.83,False,0.83
1301,0.83,False,0.83
1302,0.83,False,0.83
1303,0.83,False,0.83
1304,0.83,False,0.83
1305,0.83,False,0.83
1306,0.83,False,0.83
1307,0.83,False,0.83
1308,0.83,False,0.83
1309,0.83,False,0.83
1310,0.83,False,0.83
1311,0.83,False,0.83
1312,0.83,False,0.83
1313,0.0,False,0.6639999999999999
1314,0.0,False,0.49799999999999994
1315,0.0,False,0.33199999999999996
1316,0.0,False,0.16599999999999998
1317,0.0,False,0.0
1318,0.0,False,0.0
1319,0.0,False,0.0
1320,0.0,False,0.0
1321,0.0,False,0.0
1322,0.0,False,0.0
1323,0.0,False,0.0
1324,0.0,False,0.0
1325,0.0,False,0.0
1326,0.0,False,0.0
1327,0.0,False,0.0
1328,0.0,False,0.0
1329,0.0,False,0.0
1330,0.0,False,0.0
1331,0.0,False,0.0
1332,0.0,False,0.0
1333,0.0,False,0.0
1334,0.0,False,0.0
1335,0.0,False,0.0
1336,0.0,False,0.0
1337,0.0,False,0.0
1338,0.0,False,0.0
1339,0.0,False,0.0
1340,0.0,False,0.0
1341,0.0,False,0.0
1342,0.0,False,0.0
1343,0.0,False,0.0
1344,0.0,False,0.0
1345,0.0,False,0.0
1346,0.0,False,0.0
1347,0.0,False,0.0
1348,0.0,False,0.0
1349,0.0,False,0.0
1350,0.0,False,0.0
1351,0.0,False,0.0
1352,0.0,False,0.0
1353,0.0,False,0.0
1354,0.0,False,0.0
1355,0.0,False,0.0
1356,0.0,False,0.0
1357,0.0,False,0.0
1358,0.0,False,0.0
1359,0.0,False,0.0
1360,0.0,False,0.0
1361,0.0,False,0.0
1362,0.0,False,0.0
1363,0.0,False,0.0
1364,0.0,False,0.0
1365,0.0,False,0.0
1366,0.0,False,0.0
1367,0.0,False,0.0
1368,0.0,False,0.0
1369,0.0,False,0.0
1370,0.0,False,0.0
1371,0.0,False,0.0
1372,0.0,False,0.0
1373,0.0,False,0.0
1374,0.83,False,0.16599999999999998
1375,0.83,False,0.33199999999999996
1376,0.83,False,0.49799999999999994
1377,0.83,False,0.6639999999999999
1378,0.83,False,0.83
1379,0.83,False,0.83
1380,0.83,False,0.83
1381,0.83,False,0.83
1382,0.83,False,0.83
1383,0.83,False,0.83
1384,0.83,False,0.83
1385,0.83,False,0.83
1386,0.83,False,0.83
1387,0.83,False,0.83
1388,0.83,False,0.83
1389,0.83,False,0.83
1390,0.83,False,0.83
1391,0.83,False,0.83
1392,0.83,False,0.83
1393,0.83,False,0.83
1394,0.83,False,0.83
1395,0.83,False,0.83
1396,0.83,False,0.83
1397,0.83,False,0.83
1398,0.83,False,0.83
1399,0.83,False,0.83
1400,0.83,False,0.83
1401,0.83,False,0.83
1402,0.83,False,0.83
1403,0.83,False,0.83
1404,0.83,False,0.83
1405,0.83,False,0.83
1406,0.83,False,0.83
1407,0.83,False,0.83
1408,0.83,False,0.83
1409,0.83,False,0.83
1410,0.83,False,0.83
1411,0.83,False,0.83
1412,0.83,False,0.83
1413,0.83,False,0.83
1414,0.83,False,0.83
1415,0.83,False,0.83
1416,0.83,False,0.83
1417,0.83,False,0.83
1418,0.83,False,0.83
1419,0.83,False,0.83
1420,0.83,False,0.83
1421,0.83,False,0.83
1422,0.83,False,0.83
1423,0.83,False,0.83
1424,0.83,False,0.83
1425,0.83,False,0.83
1426,0.83,False,0.83
1427,0.83,False,0.83
1428,0.83,False,0.83
1429,0.83,False,0.83
1430,0.83,False,0.83
1431,0.83,False,0.83
1432,0.83,False,0.83
1433,0.83,False,0.83
1434,0.83,False,0.83
1435,0.83,False,0.83
1436,0.83,False,0.83
1437,0.83,False,0.83
1438,0.83,False,0.83
1439,0.83,False,0.83
1440,0.83,False,0.83
1441,0.83,False,0.83
1442,0.83,False,0.83
1443,0.83,False,0.83
1444,0.83,False,0.83
1445,0.83,False,0.83
1446,0.83,False,0.83
1447,0.83,False,0.83
1448,0.83,False,0.83
1449,0.83,False,0.83
1450,0.83,False,0.83
1451,0.83,False,0.83
1452,0.83,False,0.83
1453,0.83,False,0.83
1454,0.83,False,0.83
1455,0.83,False,0.83
1456,0.83,False,0.83
1457,0.83,False,0.83
1458,0.83,False,0.83
1459,0.83,False,0.83
1460,0.83,False,0.83
1461,0.83,False,0.83
1462,0.83,False,0.83
1463,0.83,False,0.83
1464,0.83,False,0.83
1465,0.83,False,0.83
1466,0.83,False,0.83
1467,0.83,False,0.83
1468,0.83,False,0.83
1469,0.83,False,0.83
1470,0.83,False,0.83
1471,0.83,False,0.83
1472,0.83,False,0.83
1473,0.83,False,0.83
1474,0.83,False,0.83
1475,0.83,False,0.83
1476,0.83,False,0.83
1477,0.83,False,0.83
1478,0.83,False,0.83
1479,0.83,False,0.83
1480,0.83,False,0.83
1481,0.83,False,0.83
1482,0.83,False,0.83
1483,0.83,False,0.83
1484,0.83,False,0.83
1485,0.83,False,0.83
1486,0.83,False,0.83
1487,0.83,False,0.83
1488,0.83,False,0.83
1489,0.83,False,0.83
1490,0.83,False,0.83
1491,0.83,False,0.83
1492,0.83,False,0.83
1493,0.83,False,0.83
1494,0.83,False,0.83
1495,0.83,False,0.83
1496,0.0,False,0.6639999999999999
1497,0.0,False,0.49800000000000005
1498,0.0,False,0.33199999999999996
1499,0.0,False,0.16599999999999998
1500,0.0,False,0.0
1501,0.0,False,0.0
1502,0.0,False,0.0
1503,0.0,False,0.0
1504,0.0,False,0.0
1505,0.0,False,0.0
1506,0.0,False,0.0
1507,0.0,False,0.0
1508,0.0,False,0.0
1509,0.0,False,0.0
1510,0.0,False,0.0
1511,0.0,False,0.0
1512,0.0,False,0.0
1513,0.0,False,0.0
1514,0.0,False,0.0
1515,0.0,False,0.0
1516,0.0,False,0.0
1517,0.0,False,0.0
1518,0.0,False,0.0
1519,0.0,False,0.0
1520,0.0,False,0.0
1521,0.0,False,0.0
1522,0.0,False,0.0
1523,0.0,False,0.0
1524,0.0,False,0.0
1525,0.0,False,0.0
1526,0.83,False,0.16599999999999998
1527,0.83,False,0.33199999999999996
1528,0.83,False,0.49799999999999994
1529,0.83,False,0.6639999999999999
1530,0.83,False,0.83
1531,0.83,False,0.83
1532,0.83,False,0.83
1533,0.83,False,0.83
1534,0.83,False,0.83
1535,0.83,False,0.83
1536,0.83,False,0.83
1537,1.67,False,0.998
1538,1.67,False,1.166
1539,1.67,False,1.334
1540,1.67,False,1.502
1541,1.67,False,1.67
1542,1.67,False,1.67
1543,1.67,False,1.67
1544,1.67,False,1.67
1545,1.67,False,1.67
1546,1.67,False,1.67
1547,1.67,False,1.67
1548,1.67,False,1.67
1549,1.67,False,1.67
1550,1.67,False,1.67
1551,1.67,False,1.67
1552,1.67,False,1.67
1553,1.67,False,1.67
1554,1.67,False,1.67
1555,1.67,False,1.67
1556,1.67,False,1.67
1557,1.67,False,1.67
1558,1.67,False,1.67
1559,1.67,False,1.67
1560,1.67,False,1.67
1561,1.67,False,1.67
1562,1.67,False,1.67
1563,1.67,False,1.67
1564,1.67,False,1.67
1565,1.67,False,1.67
1566,1.67,False,1.67
1567,1.67,False,1.67
1568,1.67,False,1.67
1569,1.67,False,1.67
1570,1.67,False,1.67
1571,1.67,False,1.67
1572,1.67,False,1.67
1573,1.67,False,1.67
1574,1.67,False,1.67
1575,1.67,False,1.67
1576,1.67,False,1.67
1577,1.67,False,1.67
1578,1.67,False,1.67
1579,1.67,False,1.67
1580,1.67,False,1.67
1581,1.67,False,1.67
1582,1.67,False,1.67
1583,1.67,False,1.67
1584,0.83,False,1.5019999999999998
1585,0.83,False,1.334
1586,0.83,False,1.166
1587,0.83,False,0.998
1588,0.83,False,0.83
1589,0.83,False,0.83
1590,0.83,False,0.83
1591,0.83,False,0.83
1592,0.83,False,0.83
1593,0.83,False,0.83
1594,0.83,False,0.83
1595,0.83,False,0.83
1596,0.83,False,0.83
1597,0.83,False,0.83
1598,0.83,False,0.83
1599,0.83,False,0.83
1600,0.83,False,0.83
1601,0.83,False,0.83
1602,0.83,False,0.83
1603,0.83,False,0.83
1604,0.83,False,0.83
1605,0.83,False,0.83
1606,0.83,False,0.83
1607,0.83,False,0.83
1608,0.83,False,0.83
1609,0.83,False,0.83
1610,0.83,False,0.83
1611,0.83,False,0.83
1612,0.83,False,0.83
1613,0.83,False,0.83
1614,0.83,False,0.83
1615,0.83,False,0.83
1616,0.83,False,0.83
1617,0.83,False,0.83
1618,0.83,False,0.83
1619,0.83,False,0.83
1620,0.83,False,0.83
1621,0.83,False,0.83
1622,0.83,False,0.83
1623,0.83,False,0.83
1624,0.83,False,0.83
1625,0.83,False,0.83
1626,0.83,False,0.83
1627,0.83,False,0.83
1628,0.83,False,0.83
1629,0.83,False,0.83
1630,0.83,False,0.83
1631,0.83,False,0.83
1632,0.83,False,0.83
1633,0.83,False,0.83
1634,0.83,False,0.83
1635,0.83,False,0.83
1636,0.83,False,0.83
1637,0.83,False,0.83
1638,0.83,False,0.83
1639,0.83,False,0.83
1640,0.83,False,0.83
1641,0.83,False,0.83
1642,0.83,False,0.83
1643,0.83,False,0.83
1644,0.83,False,0.83
1645,0.83,False,0.83
1646,0.83,False,0.83
1647,0.83,False,0.83
1648,0.83,False,0.83
1649,0.83,False,0.83
1650,0.83,False,0.83
1651,0.83,False,0.83
1652,0.83,False,0.83
1653,0.83,False,0.83
1654,0.83,False,0.83
1655,0.83,False,0.83
1656,0.83,False,0.83
1657,0.83,False,0.83
1658,0.83,False,0.83
1659,0.83,False,0.83
1660,0.83,False,0.83
1661,0.83,False,0.83
1662,0.83,False,0.83
1663,0.83,False,0.83
1664,0.83,False,0.83
1665,0.83,False,0.83
1666,0.83,False,0.83
1667,0.83,False,0.83
1668,0.83,False,0.83
1669,0.83,False,0.83
1670,0.83,False,0.83
1671,0.83,False,0.83
1672,0.83,False,0.83
1673,0.83,False,0.83
1674,0.83,False,0.83
1675,0.0,False,0.6639999999999999
1676,0.0,False,0.49799999999999994
1677,0.0,False,0.33199999999999996
1678,0.0,False,0.16599999999999998
1679,0.0,False,0.0
1680,0.0,False,0.0
1681,0.0,False,0.0
1682,0.0,False,0.0
1683,0.0,False,0.0
1684,0.0,False,0.0
1685,0.0,False,0.0
1686,0.0,False,0.0
1687,0.0,False,0.0
1688,0.0,False,0.0
1689,0.0,False,0.0
1690,0.0,False,0.0
1691,0.0,False,0.0
1692,0.0,False,0.0
1693,0.0,False,0.0
1694,0.0,False,0.0
1695,0.0,False,0.0
1696,0.0,False,0.0
1697,0.0,False,0.0
1698,0.0,False,0.0
1699,0.0,False,0.0
1700,0.0,False,0.0
1701,0.0,False,0.0
1702,0.0,False,0.0
1703,0.0,False,0.0
1704,0.0,False,0.0
1705,0.0,False,0.0
1706,0.0,False,0.0
1707,0.0,False,0.0
1708,0.0,False,0.0
1709,0.0,False,0.0
1710,0.0,False,0.0
1711,0.0,False,0.0
1712,0.0,False,0.0
1713,0.0,False,0.0
1714,0.0,False,0.0
1715,0.0,False,0.0
1716,0.0,False,0.0
1717,0.0,False,0.0
1718,0.0,False,0.0
1719,0.0,False,0.0
1720,0.0,False,0.0
1721,0.0,False,0.0
1722,0.0,False,0.0
1723,0.0,False,0.0
1724,0.0,False,0.0
1725,0.0,False,0.0
1726,0.0,False,0.0
1727,0.0,False,0.0
1728,0.0,False,0.0
1729,0.0,False,0.0
1730,0.0,False,0.0
1731,0.0,False,0.0
1732,0.0,False,0.0
1733,0.0,False,0.0
1734,0.0,False,0.0
1735,0.0,False,0.0
1736,0.83,False,0.16599999999999998
1737,0.83,False,0.33199999999999996
1738,0.83,False,0.49799999999999994
1739,0.83,False,0.6639999999999999
1740,0.83,False,0.83
1741,0.83,False,0.83
1742,0.83,False,0.83
1743,0.83,False,0.83
1744,0.83,False,0.83
1745,0.83,False,0.83
1746,0.83,False,0.83
1747,0.83,False,0.83
1748,0.83,False,0.83
1749,0.83,False,0.83
1750,0.83,False,0.83
1751,0.83,False,0.83
1752,0.83,False,0.83
1753,0.83,False,0.83
1754,0.83,False,0.83
1755,0.83,False,0.83
1756,0.83,False,0.83
1757,0.83,False,0.83
1758,0.83,False,0.83
1759,0.83,False,0.83
1760,0.83,False,0.83
1761,0.83,False,0.83
1762,0.83,False,0.83
1763,0.83,False,0.83
1764,0.83,False,0.83
1765,0.83,False,0.83
1766,0.83,False,0.83
1767,0.83,False,0.83
1768,0.83,False,0.83
1769,0.83,False,0.83
1770,0.83,False,0.83
1771,0.83,False,0.83
1772,0.83,False,0.83
1773,0.83,False,0.83
1774,0.83,False,0.83
1775,0.83,False,0.83
1776,0.83,False,0.83
1777,0.83,False,0.83
1778,0.83,False,0.83
1779,0.83,False,0.83
1780,0.83,False,0.83
1781,0.83,False,0.83
1782,0.83,False,0.83
1783,0.83,False,0.83
1784,0.83,False,0.83
1785,0.83,False,0.83
1786,0.83,False,0.83
1787,0.83,False,0.83
1788,0.83,False,0.83
1789,0.83,False,0.83
1790,0.83,False,0.83
1791,0.83,False,0.83
1792,0.83,False,0.83
1793,0.83,False,0.83
1794,1.67,False,0.9979999999999999
1795,1.67,False,1.166
1796,1.67,False,1.334
1797,1.67,False,1.502
1798,1.67,False,1.67
1799,1.67,False,1.67
1800,1.67,False,1.67
1801,1.67,False,1.67
1802,1.67,False,1.67
1803,1.67,False,1.67
1804,1.67,False,1.67
1805,1.67,False,1.67
1806,1.67,False,1.67
1807,1.67,False,1.67
1808,1.67,False,1.67
1809,1.67,False,1.67
1810,1.67,False,1.67
1811,1.67,False,1.67
1812,1.67,False,1.67
1813,1.67,False,1.67
1814,1.67,False,1.67
1815,1.67,False,1.67
1816,1.67,False,1.67
1817,1.67,False,1.67
1818,1.67,False,1.67
1819,1.67,False,1.67
1820,1.67,False,1.67
1821,1.67,False,1.67
1822,1.67,False,1.67
1823,1.67,False,1.67
1824,0.83,False,1.502
1825,0.83,False,1.334
1826,0.83,False,1.166
1827,0.83,False,0.998
1828,0.83,False,0.83
1829,0.83,False,0.83
1830,0.83,False,0.83
1831,0.83,False,0.83
1832,0.83,False,0.83
1833,0.83,False,0.83
1834,0.83,False,0.83
1835,0.83,False,0.83
1836,0.83,False,0.83
1837,0.83,False,0.83
1838,0.83,False,0.83
1839,0.83,False,0.83
1840,0.83,False,0.83
1841,0.83,False,0.83
1842,0.83,False,0.83
1843,0.83,False,0.83
1844,0.83,False,0.83
1845,0.83,False,0.83
1846,0.83,False,0.83
1847,0.83,False,0.83
1848,0.83,False,0.83
1849,0.83,False,0.83
1850,0.83,False,0.83
1851,0.83,False,0.83
1852,0.83,False,0.83
1853,0.83,False,0.83
1854,0.83,False,0.83
1855,0.83,False,0.83
1856,0.83,False,0.83
1857,0.83,False,0.83
1858,0.83,False,0.83
1859,0.83,False,0.83
1860,0.83,False,0.83
1861,0.83,False,0.83
1862,0.83,False,0.83
1863,0.83,False,0.83
1864,0.83,False,0.83
1865,0.83,False,0.83
1866,0.83,False,0.83
1867,0.83,False,0.83
1868,0.83,False,0.83
1869,0.83,False,0.83
1870,0.83,False,0.83
1871,0.83,False,0.83
1872,0.83,False,0.83
1873,0.83,False,0.83
1874,0.83,False,0.83
1875,0.83,False,0.83
1876,0.83,False,0.83
1877,0.83,False,0.83
1878,0.83,False,0.83
1879,0.83,False,0.83
1880,0.83,False,0.83
1881,0.83,False,0.83
1882,0.83,False,0.83
1883,0.83,False,0.83
1884,0.83,False,0.83
1885,0.83,False,0.83
1886,0.83,False,0.83
1887,0.83,False,0.83
1888,0.83,False,0.83
1889,0.83,False,0.83
1890,0.83,False,0.83
1891,0.83,False,0.83
1892,0.83,False,0.83
1893,0.83,False,0.83
1894,0.83,False,0.83
1895,0.83,False,0.83
1896,0.83,False,0.83
1897,0.83,False,0.83
1898,0.83,False,0.83
1899,0.83,False,0.83
1900,0.83,False,0.83
1901,0.83,False,0.83
1902,0.83,False,0.83
1903,0.83,False,0.83
1904,0.83,False,0.83
1905,0.83,False,0.83
1906,0.83,False,0.83
1907,0.83,False,0.83
1908,0.83,False,0.83
1909,0.83,False,0.83
1910,0.83,False,0.83
1911,0.83,False,0.83
1912,0.83,False,0.83
1913,0.83,False,0.83
1914,0.83,False,0.83
1915,0.83,False,0.83
1916,0.83,False,0.83
1917,0.83,False,0.83
1918,0.83,False,0.83
1919,0.83,False,0.83
1920,0.83,False,0.83
1921,0.83,False,0.83
1922,0.83,False,0.83
1923,0.83,False,0.83
1924,0.83,False,0.83
1925,0.83,False,0.83
1926,0.83,False,0.83
1927,0.83,False,0.83
1928,0.83,False,0.83
1929,0.83,False,0.83
1930,0.83,False,0.83
1931,0.83,False,0.83
1932,0.83,False,0.83
1933,0.83,False,0.83
1934,0.83,False,0.83
1935,0.83,False,0.83
1936,0.83,False,0.83
1937,0.83,False,0.83
1938,0.83,False,0.83
1939,0.83,False,0.83
1940,0.83,False,0.83
1941,0.83,False,0.83
1942,0.83,False,0.83
1943,0.83,False,0.83
1944,0.83,False,0.83
1945,0.83,False,0.83
1946,0.83,False,0.83
1947,0.83,False,0.83
1948,0.83,False,0.83
1949,0.83,False,0.83
1950,0.83,False,0.83
1951,0.83,False,0.83
1952,0.83,False,0.83
1953,0.83,False,0.83
1954,0.83,False,0.83
1955,0.83,False,0.83
1956,0.83,False,0.83
1957,0.83,False,0.83
1958,0.83,False,0.83
1959,0.83,False,0.83
1960,0.83,False,0.83
1961,0.83,False,0.83
1962,0.83,False,0.83
1963,0.83,False,0.83
1964,0.83,False,0.83
1965,0.83,False,0.83
1966,0.83,False,0.83
1967,0.83,False,0.83
1968,0.83,False,0.83
1969,0.83,False,0.83
1970,0.83,False,0.83
1971,0.83,False,0.83
1972,0.83,False,0.83
1973,0.83,False,0.83
1974,0.83,False,0.83
1975,0.83,False,0.83
1976,0.83,False,0.83
1977,0.83,False,0.83
1978,0.83,False,0.83
1979,0.83,False,0.83
1980,0.83,False,0.83
1981,0.83,False,0.83
1982,0.83,False,0.83
1983,0.83,False,0.83
1984,0.83,False,0.83
1985,0.83,False,0.83
1986,0.83,False,0.83
1987,0.83,False,0.83
1988,0.83,False,0.83
1989,0.83,False,0.83
1990,0.83,False,0.83
1991,0.83,False,0.83
1992,0.83,False,0.83
1993,0.83,False,0.83
1994,0.83,False,0.83
1995,0.83,False,0.83
1996,0.83,False,0.83
1997,0.83,False,0.83
1998,0.83,False,0.83
1999,0.83,False,0.83
2000,0.83,False,0.83
2001,0.83,False,0.83
2002,0.83,False,0.83
2003,0.83,False,0.83
2004,0.83,False,0.83
2005,0.83,False,0.83
2006,0.83,False,0.83
2007,0.83,False,0.83
2008,0.83,False,0.83
2009,0.83,False,0.83
2010,0.83,False,0.83
2011,0.83,False,0.83
2012,0.83,False,0.83
2013,0.83,False,0.83
2014,0.83,False,0.83
2015,0.83,False,0.83
2016,0.83,False,0.83
2017,0.83,False,0.83
2018,0.83,False,0.83
2019,0.83,False,0.83
2020,0.83,False,0.83
2021,0.83,False,0.83
2022,0.83,False,0.83
2023,0.83,False,0.83
2024,0.83,False,0.83
2025,0.83,False,0.83
2026,0.83,False,0.83
2027,0.83,False,0.83
2028,0.83,False,0.83
2029,0.83,False,0.83
2030,0.83,False,0.83
2031,0.83,False,0.83
2032,0.83,False,0.83
2033,0.83,False,0.83
2034,0.83,False,0.83
2035,0.83,False,0.83
2036,0.83,False,0.83
2037,0.83,False,0.83
2038,0.83,False,0.83
2039,0.83,False,0.83
2040,0.83,False,0.83
2041,0.83,False,0.83
2042,0.83,False,0.83
2043,0.83,False,0.83
2044,0.83,False,0.83
2045,0.83,False,0.83
2046,0.83,False,0.83
2047,0.83,False,0.83
2048,0.83,False,0.83
2049,1.67,False,0.998
2050,1.67,False,1.166
2051,1.67,False,1.334
2052,1.67,False,1.502
2053,1.67,False,1.67
2054,1.67,False,1.67
2055,1.67,False,1.67
2056,1.67,False,1.67
2057,1.67,False,1.67
2058,1.67,False,1.67
2059,1.67,False,1.67
2060,1.67,False,1.67
2061,1.67,False,1.67
2062,1.67,False,1.67
2063,1.67,False,1.67
2064,1.67,False,1.67
2065,1.67,False,1.67
2066,1.67,False,1.67
2067,1.67,False,1.67
2068,1.67,False,1.67
2069,1.67,False,1.67
2070,1.67,False,1.67
2071,1.67,False,1.67
2072,1.67,False,1.67
2073,1.67,False,1.67
2074,1.67,False,1.67
2075,1.67,False,1.67
2076,1.67,False,1.67
2077,1.67,False,1.67
2078,1.67,False,1.67
2079,1.67,False,1.67
2080,1.67,False,1.67
2081,1.67,False,1.67
2082,1.67,False,1.67
2083,1.67,False,1.67
2084,1.67,False,1.67
2085,1.67,False,1.67
2086,1.67,False,1.67
2087,1.67,False,1.67
2088,1.67,False,1.67
2089,1.67,False,1.67
2090,1.67,False,1.67
2091,1.67,False,1.67
2092,1.67,False,1.67
2093,1.67,False,1.67
2094,0.83,False,1.5019999999999998
2095,0.83,False,1.334
2096,0.83,False,1.166
2097,0.83,False,0.998
2098,0.83,False,0.83
2099,0.83,False,0.83
2100,0.83,False,0.83
2101,0.83,False,0.83
2102,0.83,False,0.83
2103,0.83,False,0.83
2104,0.83,False,0.83
2105,0.83,False,0.83
2106,0.83,False,0.83
2107,0.83,False,0.83
2108,0.83,False,0.83
2109,0.83,False,0.83
2110,0.83,False,0.83
2111,0.83,False,0.83
2112,0.83,False,0.83
2113,0.83,False,0.83
2114,0.83,False,0.83
2115,0.83,False,0.83
2116,0.83,False,0.83
2117,0.83,False,0.83
2118,0.83,False,0.83
2119,0.83,False,0.83
2120,0.83,False,0.83
2121,0.83,False,0.83
2122,0.83,False,0.83
2123,0.83,False,0.83
2124,0.83,False,0.83
2125,0.83,False,0.83
2126,0.83,False,0.83
2127,0.83,False,0.83
2128,0.83,False,0.83
2129,0.83,False,0.83
2130,0.83,False,0.83
2131,0.83,False,0.83
2132,0.83,False,0.83
2133,0.83,False,0.83
2134,0.83,False,0.83
2135,0.83,False,0.83
2136,0.83,False,0.83
2137,0.83,False,0.83
2138,0.83,False,0.83
2139,0.83,False,0.83
2140,0.83,False,0.83
2141,0.83,False,0.83
2142,0.83,False,0.83
2143,0.83,False,0.83
2144,0.83,False,0.83
2145,0.83,False,0.83
2146,0.83,False,0.83
2147,0.83,False,0.83
2148,0.83,False,0.83
2149,0.83,False,0.83
2150,0.83,False,0.83
2151,0.83,False,0.83
2152,0.83,False,0.83
2153,0.83,False,0.83
2154,0.83,False,0.83
2155,0.0,False,0.6639999999999999
2156,0.0,False,0.49800000000000005
2157,0.0,False,0.332
2158,0.0,False,0.16599999999999998
2159,0.0,False,0.0
2160,0.0,False,0.0
2161,0.0,False,0.0
2162,0.0,False,0.0
2163,0.0,False,0.0
2164,0.0,False,0.0
2165,0.0,False,0.0
2166,0.0,False,0.0
2167,0.0,False,0.0
2168,0.0,False,0.0
2169,0.0,False,0.0
2170,0.0,False,0.0
2171,0.0,False,0.0
2172,0.0,False,0.0
2173,0.0,False,0.0
2174,0.0,False,0.0
2175,0.0,False,0.0
2176,0.0,False,0.0
2177,0.0,False,0.0
2178,0.0,False,0.0
2179,0.0,False,0.0
2180,0.0,False,0.0
2181,0.0,False,0.0
2182,0.0,False,0.0
2183,0.0,False,0.0
2184,0.0,False,0.0
2185,0.0,False,0.0
2186,0.0,False,0.0
2187,0.0,False,0.0
2188,0.0,False,0.0
2189,0.0,False,0.0
2190,0.0,False,0.0
2191,0.0,False,0.0
2192,0.0,False,0.0
2193,0.0,False,0.0
2194,0.0,False,0.0
2195,0.0,False,0.0
2196,0.0,False,0.0
2197,0.0,False,0.0
2198,0.0,False,0.0
2199,0.0,False,0.0
2200,0.0,False,0.0
2201,0.0,False,0.0
2202,0.0,False,0.0
2203,0.0,False,0.0
2204,0.0,False,0.0
2205,0.0,False,0.0
2206,0.0,False,0.0
2207,0.0,False,0.0
2208,0.0,False,0.0
2209,0.0,False,0.0
2210,0.0,False,0.0
2211,0.0,False,0.0
2212,0.0,False,0.0
2213,0.0,False,0.0
2214,0.0,False,0.0
2215,1.67,False,0.33399999999999996
2216,1.67,False,0.6679999999999999
2217,1.67,False,1.002
2218,1.67,False,1.3359999999999999
2219,1.67,False,1.67
2220,1.67,False,1.67
2221,1.67,False,1.67
2222,1.67,False,1.67
2223,1.67,False,1.67
2224,1.67,False,1.67
2225,1.67,False,1.67
2226,1.67,False,1.67
2227,1.67,False,1.67
2228,1.67,False,1.67
2229,1.67,False,1.67
2230,1.67,False,1.67
2231,1.67,False,1.67
2232,1.67,False,1.67
2233,1.67,False,1.67
2234,1.67,False,1.67
2235,1.67,False,1.67
2236,1.67,False,1.67
2237,1.67,False,1.67
2238,1.67,False,1.67
2239,1.67,False,1.67
2240,1.67,False,1.67
2241,1.67,False,1.67
2242,1.67,False,1.67
2243,1.67,False,1.67
2244,1.67,False,1.67
2245,1.67,False,1.67
2246,5.0,False,2.336
2247,5.0,False,3.002
2248,5.0,False,3.668
2249,5.0,False,4.3340000000000005
2250,5.0,False,5.0
2251,5.0,False,5.0
2252,5.0,False,5.0
2253,5.0,False,5.0
2254,5.0,False,5.0
2255,5.0,False,5.0
2256,5.0,False,5.0
2257,5.0,False,5.0
2258,5.0,False,5.0
2259,5.0,False,5.0
2260,5.0,False,5.0
2261,5.0,False,5.0
2262,5.0,False,5.0
2263,5.0,False,5.0
2264,5.0,False,5.0
2265,5.0,False,5.0
2266,5.0,False,5.0
2267,5.0,False,5.0
2268,5.0,False,5.0
2269,5.0,False,5.0
2270,5.0,False,5.0
2271,5.0,False,5.0
2272,5.0,False,5.0
2273,5.0,False,5.0
2274,5.0,False,5.0
2275,5.0,False,5.0
2276,10.83,False,6.1659999999999995
2277,10.83,False,7.331999999999999
2278,10.83,False,8.498000000000001
2279,10.83,False,9.664
2280,10.83,False,10.83
2281,10.83,False,10.83
2282,10.83,False,10.83
2283,10.83,False,10.83
2284,10.83,False,10.83
2285,10.83,False,10.83
2286,10.83,False,10.83
2287,10.83,False,10.83
2288,10.83,False,10.83
2289,10.83,False,10.83
2290,10.83,False,10.83
2291,10.83,False,10.83
2292,10.83,False,10.83
2293,10.83,False,10.83
2294,10.83,False,10.83
2295,10.83,False,10.83
2296,10.83,False,10.83
2297,10.83,False,10.83
2298,10.83,False,10.83
2299,10.83,False,10.83
2300,10.83,False,10.83
2301,10.83,False,10.83
2302,10.83,False,10.83
2303,10.83,False,10.83
2304,10.83,False,10.83
2305,14.17,False,11.498000000000001
2306,14.17,False,12.166
2307,14.17,False,12.834
2308,14.17,False,13.502
2309,14.17,False,14.17
2310,14.17,False,14.17
2311,14.17,False,14.17
2312,14.17,False,14.17
2313,14.17,False,14.17
2314,14.17,False,14.17
2315,14.17,False,14.17
2316,14.17,False,14.17
2317,14.17,False,14.17
2318,14.17,False,14.17
2319,14.17,False,14.17
2320,14.17,False,14.17
2321,14.17,False,14.17
2322,14.17,False,14.17
2323,14.17,False,14.17
2324,14.17,False,14.17
2325,14.17,False,14.17
2326,14.17,False,14.17
2327,14.17,False,14.17
2328,14.17,False,14.17
2329,14.17,False,14.17
2330,14.17,False,14.17
2331,14.17,False,14.17
2332,14.17,False,14.17
2333,14.17,False,14.17
2334,13.33,False,14.002
2335,13.33,False,13.834
2336,13.33,False,13.666
2337,13.33,False,13.498000000000001
2338,13.33,False,13.33
2339,13.33,False,13.33
2340,13.33,False,13.33
2341,13.33,False,13.33
2342,13.33,False,13.33
2343,13.33,False,13.33
2344,13.33,False,13.33
2345,13.33,False,13.33
2346,13.33,False,13.33
2347,13.33,False,13.33
2348,13.33,False,13.33
2349,13.33,False,13.33
2350,13.33,False,13.33
2351,13.33,False,13.33
2352,13.33,False,13.33
2353,13.33,False,13.33
2354,13.33,False,13.33
2355,13.33,False,13.33
2356,13.33,False,13.33
2357,13.33,False,13.33
2358,13.33,False,13.33
2359,13.33,False,13.33
2360,13.33,False,13.33
2361,13.33,False,13.33
2362,13.33,False,13.33
2363,13.33,False,13.33
2364,13.33,False,13.33
2365,13.33,False,13.33
2366,13.33,False,13.33
2367,13.33,False,13.33
2368,13.33,False,13.33
2369,13.33,False,13.33
2370,13.33,False,13.33
2371,13.33,False,13.33
2372,13.33,False,13.33
2373,13.33,False,13.33
2374,13.33,False,13.33
2375,13.33,False,13.33
2376,13.33,False,13.33
2377,13.33,False,13.33
2378,13.33,False,13.33
2379,13.33,False,13.33
2380,13.33,False,13.33
2381,13.33,False,13.33
2382,13.33,False,13.33
2383,13.33,False,13.33
2384,13.33,False,13.33
2385,13.33,False,13.33
2386,13.33,False,13.33
2387,13.33,False,13.33
2388,13.33,False,13.33
2389,13.33,False,13.33
2390,13.33,False,13.33
2391,13.33,False,13.33
2392,13.33,False,13.33
2393,13.33,False,13.33
2394,13.33,False,13.33
2395,13.33,False,13.33
2396,13.33,False,13.33
2397,13.33,False,13.33
2398,13.33,False,13.33
2399,13.33,False,13.33
2400,13.33,False,13.33
2401,13.33,False,13.33
2402,13.33,False,13.33
2403,13.33,False,13.33
2404,13.33,False,13.33
2405,13.33,False,13.33
2406,13.33,False,13.33
2407,13.33,False,13.33
2408,13.33,False,13.33
2409,13.33,False,13.33
2410,13.33,False,13.33
2411,13.33,False,13.33
2412,13.33,False,13.33
2413,13.33,False,13.33
2414,13.33,False,13.33
2415,13.33,False,13.33
2416,13.33,False,13.33
2417,13.33,False,13.33
2418,13.33,False,13.33
2419,13.33,False,13.33
2420,13.33,False,13.33
2421,13.33,False,13.33
2422,13.33,False,13.33
2423,13.33,False,13.33
2424,13.33,False,13.33
2425,13.33,False,13.33
2426,13.33,False,13.33
2427,13.33,False,13.33
2428,13.33,False,13.33
2429,13.33,False,13.33
2430,13.33,False,13.33
2431,13.33,False,13.33
2432,13.33,False,13.33
2433,13.33,False,13.33
2434,13.33,False,13.33
2435,13.33,False,13.33
2436,13.33,False,13.33
2437,13.33,False,13.33
2438,13.33,False,13.33
2439,13.33,False,13.33
2440,13.33,False,13.33
2441,13.33,False,13.33
2442,13.33,False,13.33
2443,13.33,False,13.33
2444,13.33,False,13.33
2445,13.33,False,13.33
2446,13.33,False,13.33
2447,13.33,False,13.33
2448,13.33,False,13.33
2449,13.33,False,13.33
2450,13.33,False,13.33
2451,13.33,False,13.33
2452,13.33,False,13.33
2453,13.33,False,13.33
2454,13.33,False,13.33
2455,13.33,False,13.33
2456,13.33,False,13.33
2457,13.33,False,13.33
2458,13.33,False,13.33
2459,13.33,False,13.33
2460,13.33,False,13.33
2461,13.33,False,13.33
2462,13.33,False,13.33
2463,13.33,False,13.33
2464,13.33,False,13.33
2465,13.33,False,13.33
2466,13.33,False,13.33
2467,13.33,False,13.33
2468,13.33,False,13.33
2469,13.33,False,13.33
2470,13.33,False,13.33
2471,13.33,False,13.33
2472,13.33,False,13.33
2473,13.33,False,13.33
2474,13.33,False,13.33
2475,13.33,False,13.33
2476,13.33,False,13.33
2477,13.33,False,13.33
2478,13.33,False,13.33
2479,13.33,False,13.33
2480,13.33,False,13.33
2481,13.33,False,13.33
2482,13.33,False,13.33
2483,13.33,False,13.33
2484,13.33,False,13.33
2485,13.33,False,13.33
2486,15.0,False,13.663999999999998
2487,15.0,False,13.998000000000001
2488,15.0,False,14.331999999999999
2489,15.0,False,14.666
2490,15.0,False,15.0
2491,15.0,False,15.0
2492,15.0,False,15.0
2493,15.0,False,15.0
2494,15.0,False,15.0
2495,15.0,False,15.0
2496,15.0,False,15.0
2497,15.0,False,15.0
2498,15.0,False,15.0
2499,15.0,False,15.0
2500,15.0,False,15.0
2501,15.0,False,15.0
2502,15.0,False,15.0
2503,15.0,False,15.0
2504,15.0,False,15.0
2505,15.0,False,15.0
2506,15.0,False,15.0
2507,15.0,False,15.0
2508,15.0,False,15.0
2509,15.0,False,15.0
2510,15.0,False,15.0
2511,15.0,False,15.0
2512,15.0,False,15.0
2513,15.0,False,15.0
2514,15.0,False,15.0
2515,15.0,False,15.0
2516,17.5,False,15.5
2517,17.5,False,16.0
2518,17.5,False,16.5
2519,17.5,False,17.0
2520,17.5,False,17.5
2521,17.5,False,17.5
2522,17.5,False,17.5
2523,17.5,False,17.5
2524,17.5,False,17.5
2525,17.5,False,17.5
2526,17.5,False,17.5
2527,17.5,False,17.5
2528,17.5,False,17.5
2529,17.5,False,17.5
2530,17.5,False,17.5
2531,17.5,False,17.5
2532,17.5,False,17.5
2533,17.5,False,17.5
2534,17.5,False,17.5
2535,17.5,False,17.5
2536,17.5,False,17.5
2537,17.5,False,17.5
2538,17.5,False,17.5
2539,17.5,False,17.5
2540,17.5,False,17.5
2541,17.5,False,17.5
2542,17.5,False,17.5
2543,17.5,False,17.5
2544,17.5,False,17.5
2545,17.5,False,17.5
2546,17.5,False,17.5
2547,17.5,False,17.5
2548,17.5,False,17.5
2549,17.5,False,17.5
2550,17.5,False,17.5
2551,17.5,False,17.5
2552,17.5,False,17.5
2553,17.5,False,17.5
2554,17.5,False,17.5
2555,17.5,False,17.5
2556,17.5,False,17.5
2557,17.5,False,17.5
2558,17.5,False,17.5
2559,17.5,False,17.5
2560,17.5,False,17.5
2561,17.5,False,17.5
2562,17.5,False,17.5
2563,17.5,False,17.5
2564,17.5,False,17.5
2565,17.5,False,17.5
2566,17.5,False,17.5
2567,17.5,False,17.5
2568,17.5,False,17.5
2569,17.5,False,17.5
2570,17.5,False,17.5
2571,17.5,False,17.5
2572,17.5,False,17.5
2573,17.5,False,17.5
2574,17.5,False,17.5
2575,17.5,False,17.5
2576,17.5,False,17.5
2577,17.5,False,17.5
2578,17.5,False,17.5
2579,17.5,False,17.5
2580,17.5,False,17.5
2581,17.5,False,17.5
2582,17.5,False,17.5
2583,17.5,False,17.5
2584,17.5,False,17.5
2585,17.5,False,17.5
2586,17.5,False,17.5
2587,17.5,False,17.5
2588,17.5,False,17.5
2589,17.5,False,17.5
2590,17.5,False,17.5
2591,17.5,False,17.5
2592,17.5,False,17.5
2593,17.5,False,17.5
2594,17.5,False,17.5
2595,17.5,False,17.5
2596,17.5,False,17.5
2597,17.5,False,17.5
2598,17.5,False,17.5
2599,17.5,False,17.5
2600,17.5,False,17.5
2601,17.5,False,17.5
2602,17.5,False,17.5
2603,17.5,False,17.5
2604,17.5,False,17.5
2605,17.5,False,17.5
2606,17.5,False,17.5
2607,17.5,False,17.5
2608,17.5,False,17.5
2609,17.5,False,17.5
2610,17.5,False,17.5
2611,17.5,False,17.5
2612,17.5,False,17.5
2613,17.5,False,17.5
2614,17.5,False,17.5
2615,17.5,False,17.5
2616,17.5,False,17.5
2617,17.5,False,17.5
2618,17.5,False,17.5
2619,17.5,False,17.5
2620,17.5,False,17.5
2621,17.5,False,17.5
2622,17.5,False,17.5
2623,17.5,False,17.5
2624,17.5,False,17.5
2625,17.5,False,17.5
2626,17.5,False,17.5
2627,17.5,False,17.5
2628,17.5,False,17.5
2629,17.5,False,17.5
2630,17.5,False,17.5
2631,17.5,False,17.5
2632,17.5,False,17.5
2633,17.5,False,17.5
2634,17.5,False,17.5
2635,17.5,False,17.5
2636,17.5,False,17.5
2637,17.5,False,17.5
2638,17.5,False,17.5
2639,17.5,False,17.5
2640,17.5,False,17.5
2641,17.5,False,17.5
2642,17.5,False,17.5
2643,17.5,False,17.5
2644,17.5,False,17.5
2645,17.5,False,17.5
2646,17.5,False,17.5
2647,17.5,False,17.5
2648,17.5,False,17.5
2649,17.5,False,17.5
2650,17.5,False,17.5
2651,17.5,False,17.5
2652,17.5,False,17.5
2653,17.5,False,17.5
2654,17.5,False,17.5
2655,17.5,False,17.5
2656,17.5,False,17.5
2657,17.5,False,17.5
2658,17.5,False,17.5
2659,17.5,False,17.5
2660,17.5,False,17.5
2661,17.5,False,17.5
2662,17.5,False,17.5
2663,17.5,False,17.5
2664,17.5,False,17.5
2665,17.5,False,17.5
2666,17.5,False,17.5
2667,17.5,False,17.5
2668,17.5,False,17.5
2669,17.5,False,17.5
2670,17.5,False,17.5
2671,17.5,False,17.5
2672,17.5,False,17.5
2673,17.5,False,17.5
2674,17.5,False,17.5
2675,17.5,False,17.5
2676,17.5,False,17.5
2677,17.5,False,17.5
2678,17.5,False,17.5
2679,17.5,False,17.5
2680,17.5,False,17.5
2681,17.5,False,17.5
2682,17.5,False,17.5
2683,17.5,False,17.5
2684,17.5,False,17.5
2685,17.5,False,17.5
2686,17.5,False,17.5
2687,17.5,False,17.5
2688,17.5,False,17.5
2689,17.5,False,17.5
2690,17.5,False,17.5
2691,17.5,False,17.5
2692,17.5,False,17.5
2693,17.5,False,17.5
2694,17.5,False,17.5
2695,17.5,False,17.5
2696,17.5,False,17.5
2697,17.5,False,17.5
2698,17.5,False,17.5
2699,17.5,False,17.5
2700,17.5,False,17.5
2701,17.5,False,17.5
2702,17.5,False,17.5
2703,17.5,False,17.5
2704,17.5,False,17.5
2705,17.5,False,17.5
2706,17.5,False,17.5
2707,17.5,False,17.5
2708,17.5,False,17.5
2709,17.5,False,17.5
2710,17.5,False,17.5
2711,17.5,False,17.5
2712,17.5,False,17.5
2713,17.5,False,17.5
2714,17.5,False,17.5
2715,17.5,False,17.5
2716,17.5,False,17.5
2717,17.5,False,17.5
2718,17.5,False,17.5
2719,17.5,False,17.5
2720,17.5,False,17.5
2721,17.5,False,17.5
2722,17.5,False,17.5
2723,17.5,False,17.5
2724,17.5,False,17.5
2725,17.5,False,17.5
2726,17.5,False,17.5
2727,17.5,False,17.5
2728,17.5,False,17.5
2729,17.5,False,17.5
2730,17.5,False,17.5
2731,17.5,False,17.5
2732,17.5,False,17.5
2733,17.5,False,17.5
2734,17.5,False,17.5
2735,17.5,False,17.5
2736,17.5,False,17.5
2737,17.5,False,17.5
2738,17.5,False,17.5
2739,17.5,False,17.5
2740,17.5,False,17.5
2741,17.5,False,17.5
2742,17.5,False,17.5
2743,17.5,False,17.5
2744,17.5,False,17.5
2745,17.5,False,17.5
2746,17.5,False,17.5
2747,17.5,False,17.5
2748,17.5,False,17.5
2749,17.5,False,17.5
2750,17.5,False,17.5
2751,17.5,False,17.5
2752,17.5,False,17.5
2753,17.5,False,17.5
2754,17.5,False,17.5
2755,17.5,False,17.5
2756,17.5,False,17.5
2757,17.5,False,17.5
2758,17.5,False,17.5
2759,17.5,False,17.5
2760,17.5,False,17.5
2761,17.5,False,17.5
2762,17.5,False,17.5
2763,17.5,False,17.5
2764,17.5,False,17.5
2765,17.5,False,17.5
2766,17.5,False,17.5
2767,17.5,False,17.5
2768,17.5,False,17.5
2769,17.5,False,17.5
2770,17.5,False,17.5
2771,17.5,False,17.5
2772,17.5,False,17.5
2773,17.5,False,17.5
2774,17.5,False,17.5
2775,17.5,False,17.5
2776,17.5,False,17.5
2777,17.5,False,17.5
2778,17.5,False,17.5
2779,17.5,False,17.5
2780,17.5,False,17.5
2781,16.67,False,17.334
2782,16.67,False,17.168
2783,16.67,False,17.002000000000002
2784,16.67,False,16.836000000000002
2785,16.67,False,16.67
2786,16.67,False,16.67
2787,16.67,False,16.67
2788,16.67,False,16.67
2789,16.67,False,16.67
2790,16.67,False,16.67
2791,16.67,False,16.67
2792,16.67,False,16.67
2793,16.67,False,16.67
2794,16.67,False,16.67
2795,16.67,False,16.67
2796,16.67,False,16.67
2797,16.67,False,16.67
2798,16.67,False,16.67
2799,16.67,False,16.67
2800,16.67,False,16.67
2801,16.67,False,16.67
2802,16.67,False,16.67
2803,16.67,False,16.67
2804,16.67,False,16.67
2805,16.67,False,16.67
2806,16.67,False,16.67
2807,16.67,False,16.67
2808,16.67,False,16.67
2809,16.67,False,16.67
2810,16.67,False,16.67
2811,15.83,False,16.502000000000002
2812,15.83,False,16.334
2813,15.83,False,16.166
2814,15.83,False,15.998000000000001
2815,15.83,False,15.83
2816,15.83,False,15.83
2817,16.67,False,15.998000000000001
2818,16.67,False,16.166000000000004
2819,16.67,False,16.334
2820,16.67,False,16.502000000000002
2821,16.67,False,16.67
2822,16.67,False,16.67
2823,16.67,False,16.67
2824,16.67,False,16.67
2825,16.67,False,16.67
2826,16.67,False,16.67
2827,16.67,False,16.67
2828,16.67,False,16.67
2829,16.67,False,16.67
2830,16.67,False,16.67
2831,16.67,False,16.67
2832,15.0,False,16.336000000000002
2833,15.0,False,16.002000000000002
2834,15.0,False,15.668000000000001
2835,15.0,False,15.334
2836,15.0,False,15.0
2837,15.0,False,15.0
2838,15.0,False,15.0
2839,15.0,False,15.0
2840,15.0,False,15.0
2841,15.0,False,15.0
2842,15.0,False,15.0
2843,15.0,False,15.0
2844,15.0,False,15.0
2845,15.0,False,15.0
2846,15.0,False,15.0
2847,15.0,False,15.0
2848,15.0,False,15.0
2849,15.0,False,15.0
2850,15.0,False,15.0
2851,15.0,False,15.0
2852,15.0,False,15.0
2853,15.0,False,15.0
2854,15.0,False,15.0
2855,15.0,False,15.0
2856,15.0,False,15.0
2857,15.0,False,15.0
2858,15.0,False,15.0
2859,15.0,False,15.0
2860,15.0,False,15.0
2861,15.0,False,15.0
2862,12.5,False,14.5
2863,12.5,False,14.0
2864,12.5,False,13.5
2865,12.5,False,13.0
2866,12.5,False,12.5
2867,12.5,False,12.5
2868,12.5,False,12.5
2869,12.5,False,12.5
2870,12.5,False,12.5
2871,12.5,False,12.5
2872,12.5,False,12.5
2873,12.5,False,12.5
2874,12.5,False,12.5
2875,12.5,False,12.5
2876,12.5,False,12.5
2877,12.5,False,12.5
2878,12.5,False,12.5
2879,12.5,False,12.5
2880,12.5,False,12.5
2881,12.5,False,12.5
2882,12.5,False,12.5
2883,12.5,False,12.5
2884,12.5,False,12.5
2885,12.5,False,12.5
2886,12.5,False,12.5
2887,12.5,False,12.5
2888,12.5,False,12.5
2889,12.5,False,12.5
2890,12.5,False,12.5
2891,12.5,False,12.5
2892,12.5,False,12.5
2893,9.17,False,11.834
2894,9.17,False,11.168000000000001
2895,9.17,False,10.502
2896,9.17,False,9.836000000000002
2897,9.17,False,9.17
2898,9.17,False,9.17
2899,9.17,False,9.17
2900,9.17,False,9.17
2901,9.17,False,9.17
2902,9.17,False,9.17
2903,9.17,False,9.17
2904,9.17,False,9.17
2905,9.17,False,9.17
2906,9.17,False,9.17
2907,9.17,False,9.17
2908,9.17,False,9.17
2909,9.17,False,9.17
2910,9.17,False,9.17
2911,9.17,False,9.17
2912,9.17,False,9.17
2913,9.17,False,9.17
2914,9.17,False,9.17
2915,9.17,False,9.17
2916,9.17,False,9.17
2917,9.17,False,9.17
2918,9.17,False,9.17
2919,9.17,False,9.17
2920,9.17,False,9.17
2921,9.17,False,9.17
2922,9.17,False,9.17
2923,6.67,False,8.67
2924,6.67,False,8.169999999999998
2925,6.67,False,7.67
2926,6.67,False,7.169999999999999
2927,6.67,False,6.67
2928,6.67,False,6.67
2929,6.67,False,6.67
2930,6.67,False,6.67
2931,6.67,False,6.67
2932,6.67,False,6.67
2933,6.67,False,6.67
2934,6.67,False,6.67
2935,6.67,False,6.67
2936,6.67,False,6.67
2937,6.67,False,6.67
2938,6.67,False,6.67
2939,6.67,False,6.67
2940,6.67,False,6.67
2941,6.67,False,6.67
2942,6.67,False,6.67
2943,6.67,False,6.67
2944,6.67,False,6.67
2945,6.67,False,6.67
2946,6.67,False,6.67
2947,6.67,False,6.67
2948,6.67,False,6.67
2949,6.67,False,6.67
2950,6.67,False,6.67
2951,6.67,False,6.67
2952,6.67,False,6.67
2953,5.83,False,6.502
2954,5.83,False,6.334
2955,5.83,False,6.1659999999999995
2956,5.83,False,5.997999999999999
2957,5.83,False,5.83
2958,5.83,False,5.83
2959,5.83,False,5.83
2960,5.83,False,5.83
2961,5.83,False,5.83
2962,5.83,False,5.83
2963,5.83,False,5.83
2964,5.83,False,5.83
2965,5.83,False,5.83
2966,5.83,False,5.83
2967,5.83,False,5.83
2968,5.83,False,5.83
2969,5.83,False,5.83
2970,5.83,False,5.83
2971,5.83,False,5.83
2972,5.83,False,5.83
2973,5.83,False,5.83
2974,5.83,False,5.83
2975,5.83,False,5.83
2976,5.83,False,5.83
2977,5.83,False,5.83
2978,5.83,False,5.83
2979,5.83,False,5.83
2980,5.83,False,5.83
2981,5.83,False,5.83
2982,5.83,False,5.83
2983,5.83,False,5.83
2984,5.0,False,5.664
2985,5.0,False,5.498
2986,5.0,False,5.332000000000001
2987,5.0,False,5.1659999999999995
2988,5.0,False,5.0
2989,5.0,False,5.0
2990,5.0,False,5.0
2991,5.0,False,5.0
2992,5.0,False,5.0
2993,5.0,False,5.0
2994,5.0,False,5.0
2995,5.0,False,5.0
2996,5.0,False,5.0
2997,5.0,False,5.0
2998,5.0,False,5.0
2999,5.0,False,5.0
3000,5.0,False,5.0
3001,5.0,False,5.0
3002,5.0,False,5.0
3003,5.0,False,5.0
3004,5.0,False,5.0
3005,5.0,False,5.0
3006,5.0,False,5.0
3007,5.0,False,5.0
3008,5.0,False,5.0
3009,5.0,False,5.0
3010,5.0,False,5.0
3011,5.0,False,5.0
3012,5.0,False,5.0
3013,5.0,False,5.0
3014,4.17,False,4.8340000000000005
3015,4.17,False,4.668000000000001
3016,4.17,False,4.502000000000001
3017,4.17,False,4.336
3018,4.17,False,4.17
3019,4.17,False,4.17
3020,4.17,False,4.17
3021,4.17,False,4.17
3022,4.17,False,4.17
3023,4.17,False,4.17
3024,4.17,False,4.17
3025,4.17,False,4.17
3026,4.17,False,4.17
3027,4.17,False,4.17
3028,4.17,False,4.17
3029,4.17,False,4.17
3030,4.17,False,4.17
3031,4.17,False,4.17
3032,4.17,False,4.17
3033,4.17,False,4.17
3034,4.17,False,4.17
3035,4.17,False,4.17
3036,4.17,False,4.17
3037,4.17,False,4.17
3038,4.17,False,4.17
3039,4.17,False,4.17
3040,4.17,False,4.17
3041,4.17,False,4.17
3042,4.17,False,4.17
3043,4.17,False,4.17
3044,4.17,False,4.17
3045,3.33,False,4.002
3046,3.33,False,3.8340000000000005
3047,3.33,False,3.6659999999999995
3048,3.33,False,3.498
3049,3.33,False,3.33
3050,3.33,False,3.33
3051,3.33,False,3.33
3052,3.33,False,3.33
3053,3.33,False,3.33
3054,3.33,False,3.33
3055,3.33,False,3.33
3056,3.33,False,3.33
3057,3.33,False,3.33
3058,3.33,False,3.33
3059,3.33,False,3.33
3060,3.33,False,3.33
3061,3.33,False,3.33
3062,3.33,False,3.33
3063,3.33,False,3.33
3064,3.33,False,3.33
3065,3.33,False,3.33
3066,3.33,False,3.33
3067,3.33,False,3.33
3068,3.33,False,3.33
3069,3.33,False,3.33
3070,3.33,False,3.33
3071,3.33,False,3.33
3072,3.33,False,3.33
3073,3.33,False,3.33
3074,3.33,False,3.33
3075,3.33,False,3.33
3076,3.33,False,3.33
3077,3.33,False,3.33
3078,3.33,False,3.33
3079,3.33,False,3.33
3080,3.33,False,3.33
3081,3.33,False,3.33
3082,3.33,False,3.33
3083,3.33,False,3.33
3084,3.33,False,3.33
3085,3.33,False,3.33
3086,3.33,False,3.33
3087,3.33,False,3.33
3088,3.33,False,3.33
3089,3.33,False,3.33
3090,3.33,False,3.33
3091,3.33,False,3.33
3092,3.33,False,3.33
3093,3.33,False,3.33
3094,3.33,False,3.33
3095,3.33,False,3.33
3096,3.33,False,3.33
3097,3.33,False,3.33
3098,3.33,False,3.33
3099,3.33,False,3.33
3100,2.5,False,3.164
3101,2.5,False,2.998
3102,2.5,False,2.832
3103,2.5,False,2.666
3104,2.5,False,2.5
3105,2.5,False,2.5
3106,2.5,False,2.5
3107,2.5,False,2.5
3108,2.5,False,2.5
3109,2.5,False,2.5
3110,2.5,False,2.5
3111,2.5,False,2.5
3112,2.5,False,2.5
3113,2.5,False,2.5
3114,2.5,False,2.5
3115,2.5,False,2.5
3116,2.5,False,2.5
3117,2.5,False,2.5
3118,2.5,False,2.5
3119,2.5,False,2.5
3120,2.5,False,2.5
3121,2.5,False,2.5
3122,2.5,False,2.5
3123,2.5,False,2.5
3124,2.5,False,2.5
3125,2.5,False,2.5
3126,2.5,False,2.5
3127,2.5,False,2.5
3128,2.5,False,2.5
3129,2.5,False,2.5
3130,2.5,False,2.5
3131,2.5,False,2.5
3132,2.5,False,2.5
3133,2.5,False,2.5
3134,2.5,False,2.5
3135,2.5,False,2.5
3136,2.5,False,2.5
3137,2.5,False,2.5
3138,2.5,False,2.5
3139,2.5,False,2.5
3140,2.5,False,2.5
3141,2.5,False,2.5
3142,2.5,False,2.5
3143,2.5,False,2.5
3144,2.5,False,2.5
3145,2.5,False,2.5
3146,2.5,False,2.5
3147,2.5,False,2.5
3148,2.5,False,2.5
3149,2.5,False,2.5
3150,2.5,False,2.5
3151,2.5,False,2.5
3152,2.5,False,2.5
3153,2.5,False,2.5
3154,2.5,False,2.5
3155,2.5,False,2.5
3156,2.5,False,2.5
3157,2.5,False,2.5
3158,2.5,False,2.5
3159,2.5,False,2.5
3160,2.5,False,2.5
3161,2.5,False,2.5
3162,2.5,False,2.5
3163,2.5,False,2.5
3164,2.5,False,2.5
3165,2.5,False,2.5
3166,2.5,False,2.5
3167,2.5,False,2.5
3168,2.5,False,2.5
3169,2.5,False,2.5
3170,2.5,False,2.5
3171,2.5,False,2.5
3172,2.5,False,2.5
3173,2.5,False,2.5
3174,2.5,False,2.5
3175,2.5,False,2.5
3176,2.5,False,2.5
3177,2.5,False,2.5
3178,2.5,False,2.5
3179,2.5,False,2.5
3180,2.5,False,2.5
3181,2.5,False,2.5
3182,2.5,False,2.5
3183,2.5,False,2.5
3184,2.5,False,2.5
3185,2.5,False,2.5
3186,2.5,False,2.5
3187,2.5,False,2.5
3188,2.5,False,2.5
3189,2.5,False,2.5
3190,2.5,False,2.5
3191,3.33,False,2.666
3192,3.33,False,2.832
3193,3.33,False,2.998
3194,3.33,False,3.164
3195,3.33,False,3.33
3196,3.33,False,3.33
3197,3.33,False,3.33
3198,3.33,False,3.33
3199,3.33,False,3.33
3200,3.33,False,3.33
3201,3.33,False,3.33
3202,3.33,False,3.33
3203,3.33,False,3.33
3204,3.33,False,3.33
3205,3.33,False,3.33
3206,3.33,False,3.33
3207,3.33,False,3.33
3208,3.33,False,3.33
3209,3.33,False,3.33
3210,3.33,False,3.33
3211,3.33,False,3.33
3212,3.33,False,3.33
3213,3.33,False,3.33
3214,3.33,False,3.33
3215,3.33,False,3.33
3216,3.33,False,3.33
3217,3.33,False,3.33
3218,3.33,False,3.33
3219,3.33,False,3.33
3220,3.33,False,3.33
3221,3.33,False,3.33
3222,3.33,False,3.33
3223,3.33,False,3.33
3224,3.33,False,3.33
3225,3.33,False,3.33
3226,3.33,False,3.33
3227,3.33,False,3.33
3228,3.33,False,3.33
3229,3.33,False,3.33
3230,3.33,False,3.33
3231,3.33,False,3.33
3232,3.33,False,3.33
3233,3.33,False,3.33
3234,3.33,False,3.33
3235,3.33,False,3.33
3236,3.33,False,3.33
3237,3.33,False,3.33
3238,3.33,False,3.33
3239,3.33,False,3.33
3240,3.33,False,3.33
3241,3.33,False,3.33
3242,3.33,False,3.33
3243,3.33,False,3.33
3244,3.33,False,3.33
3245,3.33,False,3.33
3246,3.33,False,3.33
3247,3.33,False,3.33
3248,3.33,False,3.33
3249,3.33,False,3.33
3250,3.33,False,3.33
3251,3.33,False,3.33
3252,3.33,False,3.33
3253,3.33,False,3.33
3254,3.33,False,3.33
3255,3.33,False,3.33
3256,3.33,False,3.33
3257,3.33,False,3.33
3258,3.33,False,3.33
3259,3.33,False,3.33
3260,3.33,False,3.33
3261,3.33,False,3.33
3262,3.33,False,3.33
3263,3.33,False,3.33
3264,3.33,False,3.33
3265,3.33,False,3.33
3266,3.33,False,3.33
3267,3.33,False,3.33
3268,3.33,False,3.33
3269,3.33,False,3.33
3270,3.33,False,3.33
3271,3.33,False,3.33
3272,3.33,False,3.33
3273,3.33,False,3.33
3274,3.33,False,3.33
3275,3.33,False,3.33
3276,3.33,False,3.33
3277,3.33,False,3.33
3278,3.33,False,3.33
3279,3.33,False,3.33
3280,3.33,False,3.33
3281,3.33,False,3.33
3282,3.33,False,3.33
3283,3.33,False,3.33
3284,3.33,False,3.33
3285,3.33,False,3.33
3286,3.33,False,3.33
3287,3.33,False,3.33
3288,3.33,False,3.33
3289,3.33,False,3.33
3290,3.33,False,3.33
3291,3.33,False,3.33
3292,3.33,False,3.33
3293,3.33,False,3.33
3294,3.33,False,3.33
3295,3.33,False,3.33
3296,3.33,False,3.33
3297,3.33,False,3.33
3298,3.33,False,3.33
3299,3.33,False,3.33
3300,3.33,False,3.33
3301,3.33,False,3.33
3302,3.33,False,3.33
3303,3.33,False,3.33
3304,3.33,False,3.33
3305,3.33,False,3.33
3306,3.33,False,3.33
3307,3.33,False,3.33
3308,3.33,False,3.33
3309,3.33,False,3.33
3310,3.33,False,3.33
3311,3.33,False,3.33
3312,3.33,False,3.33
3313,4.17,False,3.498
3314,4.17,False,3.6659999999999995
3315,4.17,False,3.8340000000000005
3316,4.17,False,4.002
3317,4.17,False,4.17
3318,4.17,False,4.17
3319,4.17,False,4.17
3320,4.17,False,4.17
3321,4.17,False,4.17
3322,4.17,False,4.17
3323,4.17,False,4.17
3324,4.17,False,4.17
3325,4.17,False,4.17
3326,4.17,False,4.17
3327,4.17,False,4.17
3328,4.17,False,4.17
3329,5.0,False,4.336
3330,5.0,False,4.502
3331,5.0,False,4.667999999999999
3332,5.0,False,4.8340000000000005
3333,5.0,False,5.0
3334,5.0,False,5.0
3335,5.0,False,5.0
3336,5.0,False,5.0
3337,5.0,False,5.0
3338,5.0,False,5.0
3339,5.0,False,5.0
3340,5.0,False,5.0
3341,5.0,False,5.0
3342,5.0,False,5.0
3343,5.0,False,5.0
3344,5.0,False,5.0
3345,5.0,False,5.0
3346,5.0,False,5.0
3347,5.0,False,5.0
3348,5.0,False,5.0
3349,5.0,False,5.0
3350,5.0,False,5.0
3351,5.0,False,5.0
3352,5.0,False,5.0
3353,5.0,False,5.0
3354,5.0,False,5.0
3355,5.0,False,5.0
3356,5.0,False,5.0
3357,5.0,False,5.0
3358,5.0,False,5.0
3359,5.0,False,5.0
3360,5.0,False,5.0
3361,5.0,False,5.0
3362,5.0,False,5.0
3363,5.0,False,5.0
3364,5.0,False,5.0
3365,5.0,False,5.0
3366,5.0,False,5.0
3367,5.0,False,5.0
3368,5.0,False,5.0
3369,5.0,False,5.0
3370,5.0,False,5.0
3371,5.0,False,5.0
3372,5.0,False,5.0
3373,5.0,False,5.0
3374,5.0,False,5.0
3375,5.0,False,5.0
3376,5.0,False,5.0
3377,5.0,False,5.0
3378,5.0,False,5.0
3379,5.0,False,5.0
3380,5.0,False,5.0
3381,5.0,False,5.0
3382,5.0,False,5.0
3383,5.0,False,5.0
3384,5.0,False,5.0
3385,5.0,False,5.0
3386,5.0,False,5.0
3387,5.0,False,5.0
3388,5.0,False,5.0
3389,5.0,False,5.0
3390,5.0,False,5.0
3391,5.0,False,5.0
3392,5.0,False,5.0
3393,5.0,False,5.0
3394,5.0,False,5.0
3395,5.0,False,5.0
3396,5.0,False,5.0
3397,5.0,False,5.0
3398,5.0,False,5.0
3399,5.0,False,5.0
3400,5.0,False,5.0
3401,5.0,False,5.0
3402,5.0,False,5.0
3403,5.0,False,5.0
3404,5.0,False,5.0
3405,5.0,False,5.0
3406,5.0,False,5.0
3407,5.0,False,5.0
3408,5.0,False,5.0
3409,5.0,False,5.0
3410,5.0,False,5.0
3411,5.0,False,5.0
3412,5.0,False,5.0
3413,5.0,False,5.0
3414,5.0,False,5.0
3415,5.0,False,5.0
3416,5.0,False,5.0
3417,5.0,False,5.0
3418,5.0,False,5.0
3419,5.0,False,5.0
3420,5.0,False,5.0
3421,5.0,False,5.0
3422,5.0,False,5.0
3423,5.0,False,5.0
3424,5.0,False,5.0
3425,5.0,False,5.0
3426,5.0,False,5.0
3427,5.0,False,5.0
3428,5.0,False,5.0
3429,5.0,False,5.0
3430,5.0,False,5.0
3431,5.0,False,5.0
3432,5.0,False,5.0
3433,5.0,False,5.0
3434,5.0,False,5.0
3435,5.0,False,5.0
3436,5.0,False,5.0
3437,5.0,False,5.0
3438,5.0,False,5.0
3439,5.0,False,5.0
3440,5.0,False,5.0
3441,5.0,False,5.0
3442,5.0,False,5.0
3443,5.0,False,5.0
3444,5.0,False,5.0
3445,5.0,False,5.0
3446,5.0,False,5.0
3447,5.0,False,5.0
3448,5.0,False,5.0
3449,5.0,False,5.0
3450,5.0,False,5.0
3451,5.0,False,5.0
3452,5.0,False,5.0
3453,5.0,False,5.0
3454,5.0,False,5.0
3455,5.0,False,5.0
3456,5.0,False,5.0
3457,5.0,False,5.0
3458,5.0,False,5.0
3459,5.0,False,5.0
3460,5.0,False,5.0
3461,4.17,False,4.834
3462,4.17,False,4.668000000000001
3463,4.17,False,4.502000000000001
3464,4.17,False,4.336
3465,4.17,False,4.17
3466,4.17,False,4.17
3467,4.17,False,4.17
3468,4.17,False,4.17
3469,4.17,False,4.17
3470,4.17,False,4.17
3471,4.17,False,4.17
3472,4.17,False,4.17
3473,4.17,False,4.17
3474,4.17,False,4.17
3475,4.17,False,4.17
3476,4.17,False,4.17
3477,4.17,False,4.17
3478,4.17,False,4.17
3479,4.17,False,4.17
3480,4.17,False,4.17
3481,4.17,False,4.17
3482,4.17,False,4.17
3483,4.17,False,4.17
3484,4.17,False,4.17
3485,4.17,False,4.17
3486,4.17,False,4.17
3487,4.17,False,4.17
3488,4.17,False,4.17
3489,4.17,False,4.17
3490,4.17,False,4.17
3491,4.17,False,4.17
3492,5.0,False,4.336
3493,5.0,False,4.502
3494,5.0,False,4.668
3495,5.0,False,4.8340000000000005
3496,5.0,False,5.0
3497,5.0,False,5.0
3498,5.0,False,5.0
3499,5.0,False,5.0
3500,5.0,False,5.0
3501,5.0,False,5.0
3502,5.0,False,5.0
3503,5.0,False,5.0
3504,5.0,False,5.0
3505,5.0,False,5.0
3506,5.0,False,5.0
3507,5.0,False,5.0
3508,5.0,False,5.0
3509,5.0,False,5.0
3510,5.0,False,5.0
3511,5.0,False,5.0
3512,5.0,False,5.0
3513,5.0,False,5.0
3514,5.0,False,5.0
3515,5.0,False,5.0
3516,5.0,False,5.0
3517,5.0,False,5.0
3518,5.0,False,5.0
3519,5.0,False,5.0
3520,5.0,False,5.0
3521,5.0,False,5.0
3522,5.0,False,5.0
3523,5.0,False,5.0
3524,5.0,False,5.0
3525,5.0,False,5.0
3526,5.0,False,5.0
3527,5.0,False,5.0
3528,5.0,False,5.0
3529,5.0,False,5.0
3530,5.0,False,5.0
3531,5.0,False,5.0
3532,5.0,False,5.0
3533,5.0,False,5.0
3534,5.0,False,5.0
3535,5.0,False,5.0
3536,5.0,False,5.0
3537,5.0,False,5.0
3538,5.0,False,5.0
3539,5.0,False,5.0
3540,5.0,False,5.0
3541,5.0,False,5.0
3542,5.0,False,5.0
3543,5.0,False,5.0
3544,5.0,False,5.0
3545,5.0,False,5.0
3546,5.0,False,5.0
3547,5.0,False,5.0
3548,5.0,False,5.0
3549,5.0,False,5.0
3550,5.0,False,5.0
3551,5.0,False,5.0
3552,5.83,False,5.1659999999999995
3553,5.83,False,5.332
3554,5.83,False,5.498
3555,5.83,False,5.664
3556,5.83,False,5.83
3557,5.83,False,5.83
3558,5.83,False,5.83
3559,5.83,False,5.83
3560,5.83,False,5.83
3561,5.83,False,5.83
3562,5.83,False,5.83
3563,5.83,False,5.83
3564,5.83,False,5.83
3565,5.83,False,5.83
3566,5.83,False,5.83
3567,5.83,False,5.83
3568,5.83,False,5.83
3569,5.83,False,5.83
3570,5.83,False,5.83
3571,5.83,False,5.83
3572,5.83,False,5.83
3573,5.83,False,5.83
3574,5.83,False,5.83
3575,5.83,False,5.83
3576,5.83,False,5.83
3577,5.83,False,5.83
3578,5.83,False,5.83
3579,5.83,False,5.83
3580,5.83,False,5.83
3581,5.83,False,5.83
3582,5.83,False,5.83
3583,6.67,False,5.998
3584,6.67,False,6.1659999999999995
3585,8.33,False,6.6659999999999995
3586,8.33,False,7.1659999999999995
3587,8.33,False,7.6659999999999995
3588,8.33,False,7.998
3589,8.33,False,8.33
3590,8.33,False,8.33
3591,8.33,False,8.33
3592,8.33,False,8.33
3593,8.33,False,8.33
3594,8.33,False,8.33
3595,8.33,False,8.33
3596,8.33,False,8.33
3597,8.33,False,8.33
3598,8.33,False,8.33
3599,8.33,False,8.33
3600,8.33,False,8.33
3601,8.33,False,8.33
3602,8.33,False,8.33
3603,8.33,False,8.33
3604,8.33,False,8.33
3605,8.33,False,8.33
3606,8.33,False,8.33
3607,8.33,False,8.33
3608,8.33,False,8.33
3609,8.33,False,8.33
3610,10.0,False,8.664
3611,10.0,False,8.998000000000001
3612,10.0,False,9.331999999999999
3613,10.0,False,9.666
3614,10.0,False,10.0
3615,10.0,False,10.0
3616,10.0,False,10.0
3617,10.0,False,10.0
3618,10.0,False,10.0
3619,10.0,False,10.0
3620,10.0,False,10.0
3621,10.0,False,10.0
3622,10.0,False,10.0
3623,10.0,False,10.0
3624,10.0,False,10.0
3625,10.0,False,10.0
3626,10.0,False,10.0
3627,10.0,False,10.0
3628,10.0,False,10.0
3629,10.0,False,10.0
3630,10.0,False,10.0
3631,10.0,False,10.0
3632,10.0,False,10.0
3633,10.0,False,10.0
3634,10.0,False,10.0
3635,10.0,False,10.0
3636,10.0,False,10.0
3637,10.0,False,10.0
3638,10.0,False,10.0
3639,10.0,False,10.0
3640,10.0,False,10.0
3641,11.67,False,10.334
3642,11.67,False,10.668000000000001
3643,11.67,False,11.001999999999999
3644,11.67,False,11.336
3645,11.67,False,11.67
3646,11.67,False,11.67
3647,11.67,False,11.67
3648,11.67,False,11.67
3649,11.67,False,11.67
3650,11.67,False,11.67
3651,11.67,False,11.67
3652,11.67,False,11.67
3653,11.67,False,11.67
3654,11.67,False,11.67
3655,11.67,False,11.67
3656,11.67,False,11.67
3657,11.67,False,11.67
3658,11.67,False,11.67
3659,11.67,False,11.67
3660,11.67,False,11.67
3661,11.67,False,11.67
3662,11.67,False,11.67
3663,11.67,False,11.67
3664,11.67,False,11.67
3665,11.67,False,11.67
3666,11.67,False,11.67
3667,11.67,False,11.67
3668,11.67,False,11.67
3669,11.67,False,11.67
3670,11.67,False,11.67
3671,13.33,False,12.001999999999999
3672,13.33,False,12.334
3673,13.33,False,12.666
3674,13.33,False,12.998
3675,13.33,False,13.33
3676,13.33,False,13.33
3677,13.33,False,13.33
3678,13.33,False,13.33
3679,13.33,False,13.33
3680,13.33,False,13.33
3681,13.33,False,13.33
3682,13.33,False,13.33
3683,13.33,False,13.33
3684,13.33,False,13.33
3685,13.33,False,13.33
3686,13.33,False,13.33
3687,13.33,False,13.33
3688,13.33,False,13.33
3689,13.33,False,13.33
3690,13.33,False,13.33
3691,13.33,False,13.33
3692,13.33,False,13.33
3693,13.33,False,13.33
3694,13.33,False,13.33
3695,13.33,False,13.33
3696,13.33,False,13.33
3697,13.33,False,13.33
3698,13.33,False,13.33
3699,13.33,False,13.33
3700,13.33,False,13.33
3701,15.0,False,13.663999999999998
3702,15.0,False,13.998000000000001
3703,15.0,False,14.331999999999999
3704,15.0,False,14.666
3705,15.0,False,15.0
3706,15.0,False,15.0
3707,15.0,False,15.0
3708,15.0,False,15.0
3709,15.0,False,15.0
3710,15.0,False,15.0
3711,15.0,False,15.0
3712,15.0,False,15.0
3713,15.0,False,15.0
3714,15.0,False,15.0
3715,15.0,False,15.0
3716,15.0,False,15.0
3717,15.0,False,15.0
3718,15.0,False,15.0
3719,15.0,False,15.0
3720,15.0,False,15.0
3721,15.0,False,15.0
3722,15.0,False,15.0
3723,15.0,False,15.0
3724,15.0,False,15.0
3725,15.0,False,15.0
3726,15.0,False,15.0
3727,15.0,False,15.0
3728,15.0,False,15.0
3729,15.0,False,15.0
3730,15.0,False,15.0
3731,15.0,False,15.0
3732,15.83,False,15.166
3733,15.83,False,15.331999999999999
3734,15.83,False,15.498
3735,15.83,False,15.663999999999998
3736,15.83,False,15.83
3737,15.83,False,15.83
3738,15.83,False,15.83
3739,15.83,False,15.83
3740,15.83,False,15.83
3741,15.83,False,15.83
3742,15.83,False,15.83
3743,15.83,False,15.83
3744,15.83,False,15.83
3745,15.83,False,15.83
3746,15.83,False,15.83
3747,15.83,False,15.83
3748,15.83,False,15.83
3749,15.83,False,15.83
3750,15.83,False,15.83
3751,15.83,False,15.83
3752,15.83,False,15.83
3753,15.83,False,15.83
3754,15.83,False,15.83
3755,15.83,False,15.83
3756,15.83,False,15.83
3757,15.83,False,15.83
3758,15.83,False,15.83
3759,15.83,False,15.83
3760,15.83,False,15.83
3761,15.83,False,15.83
3762,16.67,False,15.998000000000001
3763,16.67,False,16.166000000000004
3764,16.67,False,16.334
3765,16.67,False,16.502000000000002
3766,16.67,False,16.67
3767,16.67,False,16.67
3768,16.67,False,16.67
3769,16.67,False,16.67
3770,16.67,False,16.67
3771,16.67,False,16.67
3772,16.67,False,16.67
3773,16.67,False,16.67
3774,16.67,False,16.67
3775,16.67,False,16.67
3776,16.67,False,16.67
3777,16.67,False,16.67
3778,16.67,False,16.67
3779,16.67,False,16.67
3780,16.67,False,16.67
3781,16.67,False,16.67
3782,16.67,False,16.67
3783,16.67,False,16.67
3784,16.67,False,16.67
3785,16.67,False,16.67
3786,16.67,False,16.67
3787,16.67,False,16.67
3788,16.67,False,16.67
3789,16.67,False,16.67
3790,16.67,False,16.67
3791,16.67,False,16.67
3792,16.67,False,16.67
3793,17.5,False,16.836000000000002
3794,17.5,False,17.002000000000002
3795,17.5,False,17.168
3796,17.5,False,17.334
3797,17.5,False,17.5
3798,17.5,False,17.5
3799,17.5,False,17.5
3800,17.5,False,17.5
3801,17.5,False,17.5
3802,17.5,False,17.5
3803,17.5,False,17.5
3804,17.5,False,17.5
3805,17.5,False,17.5
3806,17.5,False,17.5
3807,17.5,False,17.5
3808,17.5,False,17.5
3809,17.5,False,17.5
3810,17.5,False,17.5
3811,17.5,False,17.5
3812,17.5,False,17.5
3813,17.5,False,17.5
3814,17.5,False,17.5
3815,17.5,False,17.5
3816,17.5,False,17.5
3817,17.5,False,17.5
3818,17.5,False,17.5
3819,17.5,False,17.5
3820,17.5,False,17.5
3821,17.5,False,17.5
3822,17.5,False,17.5
3823,18.33,False,17.666
3824,18.33,False,17.832
3825,18.33,False,17.997999999999998
3826,18.33,False,18.163999999999998
3827,18.33,False,18.33
3828,18.33,False,18.33
3829,18.33,False,18.33
3830,18.33,False,18.33
3831,18.33,False,18.33
3832,18.33,False,18.33
3833,18.33,False,18.33
3834,18.33,False,18.33
3835,18.33,False,18.33
3836,18.33,False,18.33
3837,18.33,False,18.33
3838,18.33,False,18.33
3839,18.33,False,18.33
3840,18.33,False,18.33
3841,18.33,False,18.33
3842,18.33,False,18.33
3843,18.33,False,18.33
3844,18.33,False,18.33
3845,19.17,False,18.497999999999998
3846,19.17,False,18.666
3847,19.17,False,18.834
3848,19.17,False,19.002000000000002
3849,19.17,False,19.17
3850,19.17,False,19.17
3851,19.17,False,19.17
3852,19.17,False,19.17
3853,19.17,False,19.17
3854,19.17,False,19.17
3855,19.17,False,19.17
3856,19.17,False,19.17
3857,19.17,False,19.17
3858,19.17,False,19.17
3859,19.17,False,19.17
3860,19.17,False,19.17
3861,19.17,False,19.17
3862,19.17,False,19.17
3863,19.17,False,19.17
3864,19.17,False,19.17
3865,19.17,False,19.17
3866,19.17,False,19.17
3867,19.17,False,19.17
3868,19.17,False,19.17
3869,19.17,False,19.17
3870,19.17,False,19.17
3871,19.17,False,19.17
3872,19.17,False,19.17
3873,19.17,False,19.17
3874,19.17,False,19.17
3875,19.17,False,19.17
3876,19.17,False,19.17
3877,19.17,False,19.17
3878,19.17,False,19.17
3879,19.17,False,19.17
3880,19.17,False,19.17
3881,19.17,False,19.17
3882,19.17,False,19.17
3883,19.17,False,19.17
3884,19.17,False,19.17
3885,19.17,False,19.17
3886,19.17,False,19.17
3887,19.17,False,19.17
3888,19.17,False,19.17
3889,19.17,False,19.17
3890,19.17,False,19.17
3891,19.17,False,19.17
3892,19.17,False,19.17
3893,19.17,False,19.17
3894,19.17,False,19.17
3895,19.17,False,19.17
3896,19.17,False,19.17
3897,19.17,False,19.17
3898,19.17,False,19.17
3899,19.17,False,19.17
3900,19.17,False,19.17
3901,19.17,False,19.17
3902,19.17,False,19.17
3903,19.17,False,19.17
3904,19.17,False,19.17
3905,19.17,False,19.17
3906,19.17,False,19.17
3907,19.17,False,19.17
3908,19.17,False,19.17
3909,19.17,False,19.17
3910,19.17,False,19.17
3911,19.17,False,19.17
3912,19.17,False,19.17
3913,19.17,False,19.17
3914,19.17,False,19.17
3915,19.17,False,19.17
3916,19.17,False,19.17
3917,19.17,False,19.17
3918,19.17,False,19.17
3919,19.17,False,19.17
3920,19.17,False,19.17
3921,19.17,False,19.17
3922,19.17,False,19.17
3923,19.17,False,19.17
3924,19.17,False,19.17
3925,19.17,False,19.17
3926,19.17,False,19.17
3927,19.17,False,19.17
3928,19.17,False,19.17
3929,19.17,False,19.17
3930,19.17,False,19.17
3931,19.17,False,19.17
3932,19.17,False,19.17
3933,19.17,False,19.17
3934,19.17,False,19.17
3935,19.17,False,19.17
3936,20.0,False,19.336000000000002
3937,20.0,False,19.502000000000002
3938,20.0,False,19.668
3939,20.0,False,19.834
3940,20.0,False,20.0
3941,20.0,False,20.0
3942,20.0,False,20.0
3943,20.0,False,20.0
3944,20.0,False,20.0
3945,20.0,False,20.0
3946,20.0,False,20.0
3947,20.0,False,20.0
3948,20.0,False,20.0
3949,20.0,False,20.0
3950,20.0,False,20.0
3951,20.0,False,20.0
3952,20.0,False,20.0
3953,20.0,False,20.0
3954,20.0,False,20.0
3955,20.0,False,20.0
3956,20.0,False,20.0
3957,20.0,False,20.0
3958,20.0,False,20.0
3959,20.0,False,20.0
3960,20.0,False,20.0
3961,20.0,False,20.0
3962,20.0,False,20.0
3963,20.0,False,20.0
3964,20.0,False,20.0
3965,20.0,False,20.0
3966,20.0,False,20.0
3967,20.0,False,20.0
3968,20.0,False,20.0
3969,20.0,False,20.0
3970,20.0,False,20.0
3971,20.0,False,20.0
3972,20.0,False,20.0
3973,20.0,False,20.0
3974,20.0,False,20.0
3975,20.0,False,20.0
3976,20.0,False,20.0
3977,20.0,False,20.0
3978,20.0,False,20.0
3979,20.0,False,20.0
3980,20.0,False,20.0
3981,20.0,False,20.0
3982,20.0,False,20.0
3983,20.0,False,20.0
3984,20.0,False,20.0
3985,20.0,False,20.0
3986,20.0,False,20.0
3987,20.0,False,20.0
3988,20.0,False,20.0
3989,20.0,False,20.0
3990,20.0,False,20.0
3991,20.0,False,20.0
3992,20.0,False,20.0
3993,20.0,False,20.0
3994,20.0,False,20.0
3995,20.0,False,20.0
3996,20.0,False,20.0
3997,20.0,False,20.0
3998,20.0,False,20.0
3999,20.0,False,20.0
4000,20.0,False,20.0
4001,20.0,False,20.0
4002,20.0,False,20.0
4003,20.0,False,20.0
4004,20.0,False,20.0
4005,20.0,False,20.0
4006,20.0,False,20.0
4007,20.0,False,20.0
4008,20.0,False,20.0
4009,20.0,False,20.0
4010,20.0,False,20.0
4011,20.0,False,20.0
4012,20.0,False,20.0
4013,20.0,False,20.0
4014,20.0,False,20.0
4015,20.0,False,20.0
4016,20.0,False,20.0
4017,20.0,False,20.0
4018,20.0,False,20.0
4019,20.0,False,20.0
4020,20.0,False,20.0
4021,20.0,False,20.0
4022,20.0,False,20.0
4023,20.0,False,20.0
4024,20.0,False,20.0
4025,20.0,False,20.0
4026,20.0,False,20.0
4027,20.0,False,20.0
4028,20.0,False,20.0
4029,20.0,False,20.0
4030,20.0,False,20.0
4031,20.0,False,20.0
4032,20.0,False,20.0
4033,20.0,False,20.0
4034,20.0,False,20.0
4035,20.0,False,20.0
4036,20.0,False,20.0
4037,20.0,False,20.0
4038,20.0,False,20.0
4039,20.0,False,20.0
4040,20.0,False,20.0
4041,20.0,False,20.0
4042,20.0,False,20.0
4043,20.0,False,20.0
4044,20.0,False,20.0
4045,20.0,False,20.0
4046,20.0,False,20.0
4047,20.0,False,20.0
4048,20.0,False,20.0
4049,20.0,False,20.0
4050,20.0,False,20.0
4051,20.0,False,20.0
4052,20.0,False,20.0
4053,20.0,False,20.0
4054,20.0,False,20.0
4055,20.0,False,20.0
4056,20.0,False,20.0
4057,20.0,False,20.0
4058,20.0,False,20.0
4059,20.0,False,20.0
4060,20.0,False,20.0
4061,20.0,False,20.0
4062,20.0,False,20.0
4063,20.0,False,20.0
4064,20.0,False,20.0
4065,20.0,False,20.0
4066,20.0,False,20.0
4067,20.0,False,20.0
4068,20.0,False,20.0
4069,20.0,False,20.0
4070,20.0,False,20.0
4071,20.0,False,20.0
4072,20.0,False,20.0
4073,20.0,False,20.0
4074,20.0,False,20.0
4075,20.0,False,20.0
4076,20.0,False,20.0
4077,20.0,False,20.0
4078,20.0,False,20.0
4079,20.0,False,20.0
4080,20.0,False,20.0
4081,20.0,False,20.0
4082,20.0,False,20.0
4083,20.0,False,20.0
4084,20.0,False,20.0
4085,20.0,False,20.0
4086,20.0,False,20.0
4087,20.0,False,20.0
4088,20.0,False,20.0
4089,20.0,False,20.0
4090,20.0,False,20.0
4091,20.0,False,20.0
4092,20.0,False,20.0
4093,20.0,False,20.0
4094,20.0,False,20.0
4095,20.0,False,20.0
4096,20.0,False,20.0
4097,20.83,False,20.166
4098,20.83,False,20.332
4099,20.83,False,20.497999999999998
4100,20.83,False,20.663999999999998
4101,20.83,False,20.83
4102,20.83,False,20.83
4103,20.83,False,20.83
4104,20.83,False,20.83
4105,20.83,False,20.83
4106,20.83,False,20.83
4107,20.83,False,20.83
4108,20.83,False,20.83
4109,20.83,False,20.83
4110,20.83,False,20.83
4111,20.83,False,20.83
4112,20.83,False,20.83
4113,20.83,False,20.83
4114,20.83,False,20.83
4115,20.83,False,20.83
4116,20.83,False,20.83
4117,20.83,False,20.83
4118,20.83,False,20.83
4119,20.83,False,20.83
4120,20.83,False,20.83
4121,20.83,False,20.83
4122,20.83,False,20.83
4123,20.83,False,20.83
4124,20.83,False,20.83
4125,20.83,False,20.83
4126,20.83,False,20.83
4127,20.83,False,20.83
4128,20.83,False,20.83
4129,20.83,False,20.83
4130,20.83,False,20.83
4131,20.83,False,20.83
4132,20.83,False,20.83
4133,20.83,False,20.83
4134,20.83,False,20.83
4135,20.83,False,20.83
4136,20.83,False,20.83
4137,20.83,False,20.83
4138,20.83,False,20.83
4139,20.83,False,20.83
4140,20.0,False,20.663999999999998
4141,20.0,False,20.497999999999998
4142,20.0,False,20.332
4143,20.0,False,20.166
4144,20.0,False,20.0
4145,20.0,False,20.0
4146,20.0,False,20.0
4147,20.0,False,20.0
4148,20.0,False,20.0
4149,20.0,False,20.0
4150,20.0,False,20.0
4151,20.0,False,20.0
4152,20.0,False,20.0
4153,20.0,False,20.0
4154,20.0,False,20.0
4155,20.0,False,20.0
4156,20.0,False,20.0
4157,20.0,False,20.0
4158,20.0,False,20.0
4159,20.0,False,20.0
4160,20.0,False,20.0
4161,20.0,False,20.0
4162,20.0,False,20.0
4163,20.0,False,20.0
4164,20.0,False,20.0
4165,20.0,False,20.0
4166,20.0,False,20.0
4167,20.0,False,20.0
4168,20.0,False,20.0
4169,20.0,False,20.0
4170,20.0,False,20.0
4171,20.0,False,20.0
4172,20.0,False,20.0
4173,20.0,False,20.0
4174,20.0,False,20.0
4175,20.0,False,20.0
4176,20.0,False,20.0
4177,20.0,False,20.0
4178,20.0,False,20.0
4179,20.0,False,20.0
4180,20.0,False,20.0
4181,20.0,False,20.0
4182,20.0,False,20.0
4183,20.0,False,20.0
4184,20.0,False,20.0
4185,20.0,False,20.0
4186,20.0,False,20.0
4187,20.0,False,20.0
4188,20.0,False,20.0
4189,20.0,False,20.0
4190,20.0,False,20.0
4191,20.0,False,20.0
4192,20.0,False,20.0
4193,20.0,False,20.0
4194,20.0,False,20.0
4195,20.0,False,20.0
4196,20.0,False,20.0
4197,20.0,False,20.0
4198,20.0,False,20.0
4199,20.0,False,20.0
4200,20.0,False,20.0
4201,20.83,False,20.166
4202,20.83,False,20.332
4203,20.83,False,20.497999999999998
4204,20.83,False,20.663999999999998
4205,20.83,False,20.83
4206,20.83,False,20.83
4207,20.83,False,20.83
4208,20.83,False,20.83
4209,20.83,False,20.83
4210,20.83,False,20.83
4211,20.83,False,20.83
4212,20.83,False,20.83
4213,20.83,False,20.83
4214,20.83,False,20.83
4215,20.83,False,20.83
4216,20.83,False,20.83
4217,20.83,False,20.83
4218,20.83,False,20.83
4219,20.83,False,20.83
4220,20.83,False,20.83
4221,20.83,False,20.83
4222,20.83,False,20.83
4223,20.83,False,20.83
4224,20.83,False,20.83
4225,20.83,False,20.83
4226,20.83,False,20.83
4227,20.83,False,20.83
4228,20.83,False,20.83
4229,20.83,False,20.83
4230,20.83,False,20.83
4231,20.83,False,20.83
4232,20.83,False,20.83
4233,20.83,False,20.83
4234,20.83,False,20.83
4235,20.83,False,20.83
4236,20.83,False,20.83
4237,20.83,False,20.83
4238,20.83,False,20.83
4239,20.83,False,20.83
4240,20.83,False,20.83
4241,20.83,False,20.83
4242,20.83,False,20.83
4243,20.83,False,20.83
4244,20.83,False,20.83
4245,20.83,False,20.83
4246,20.83,False,20.83
4247,20.83,False,20.83
4248,20.83,False,20.83
4249,20.83,False,20.83
4250,20.83,False,20.83
4251,20.83,False,20.83
4252,20.83,False,20.83
4253,20.83,False,20.83
4254,20.83,False,20.83
4255,20.83,False,20.83
4256,20.83,False,20.83
4257,20.83,False,20.83
4258,20.83,False,20.83
4259,20.83,False,20.83
4260,20.83,False,20.83
4261,20.83,False,20.83
4262,20.83,False,20.83
4263,20.83,False,20.83
4264,20.83,False,20.83
4265,20.83,False,20.83
4266,20.83,False,20.83
4267,20.83,False,20.83
4268,20.83,False,20.83
4269,20.83,False,20.83
4270,20.83,False,20.83
4271,20.83,False,20.83
4272,20.83,False,20.83
4273,20.83,False,20.83
4274,20.83,False,20.83
4275,20.83,False,20.83
4276,20.83,False,20.83
4277,20.83,False,20.83
4278,20.83,False,20.83
4279,20.83,False,20.83
4280,20.83,False,20.83
4281,20.83,False,20.83
4282,20.83,False,20.83
4283,20.83,False,20.83
4284,20.83,False,20.83
4285,20.83,False,20.83
4286,20.83,False,20.83
4287,20.83,False,20.83
4288,20.83,False,20.83
4289,20.83,False,20.83
4290,20.83,False,20.83
4291,20.83,False,20.83
4292,20.83,False,20.83
4293,20.83,False,20.83
4294,20.83,False,20.83
4295,20.83,False,20.83
4296,20.83,False,20.83
4297,20.83,False,20.83
4298,20.83,False,20.83
4299,20.83,False,20.83
4300,20.83,False,20.83
4301,20.83,False,20.83
4302,20.83,False,20.83
4303,20.83,False,20.83
4304,20.83,False,20.83
4305,20.83,False,20.83
4306,20.83,False,20.83
4307,20.83,False,20.83
4308,20.83,False,20.83
4309,20.83,False,20.83
4310,20.83,False,20.83
4311,20.83,False,20.83
4312,20.83,False,20.83
4313,20.83,False,20.83
4314,20.83,False,20.83
4315,20.83,False,20.83
4316,20.83,False,20.83
4317,20.83,False,20.83
4318,20.83,False,20.83
4319,20.83,False,20.83
4320,20.83,False,20.83
4321,20.83,False,20.83
4322,20.83,False,20.83
4323,21.67,False,20.997999999999998
4324,21.67,False,21.166
4325,21.67,False,21.334
4326,21.67,False,21.502000000000002
4327,21.67,False,21.67
4328,21.67,False,21.67
4329,21.67,False,21.67
4330,21.67,False,21.67
4331,21.67,False,21.67
4332,21.67,False,21.67
4333,21.67,False,21.67
4334,21.67,False,21.67
4335,21.67,False,21.67
4336,21.67,False,21.67
4337,21.67,False,21.67
4338,21.67,False,21.67
4339,21.67,False,21.67
4340,21.67,False,21.67
4341,21.67,False,21.67
4342,21.67,False,21.67
4343,21.67,False,21.67
4344,21.67,False,21.67
4345,21.67,False,21.67
4346,21.67,False,21.67
4347,21.67,False,21.67
4348,21.67,False,21.67
4349,21.67,False,21.67
4350,21.67,False,21.67
4351,21.67,False,21.67
4352,21.67,False,21.67
4353,21.67,False,21.67
4354,21.67,False,21.67
4355,21.67,False,21.67
4356,21.67,False,21.67
4357,21.67,False,21.67
4358,21.67,False,21.67
4359,21.67,False,21.67
4360,21.67,False,21.67
4361,21.67,False,21.67
4362,21.67,False,21.67
4363,21.67,False,21.67
4364,21.67,False,21.67
4365,21.67,False,21.67
4366,21.67,False,21.67
4367,21.67,False,21.67
4368,21.67,False,21.67
4369,21.67,False,21.67
4370,21.67,False,21.67
4371,21.67,False,21.67
4372,21.67,False,21.67
4373,21.67,False,21.67
4374,21.67,False,21.67
4375,21.67,False,21.67
4376,21.67,False,21.67
4377,21.67,False,21.67
4378,21.67,False,21.67
4379,21.67,False,21.67
4380,21.67,False,21.67
4381,21.67,False,21.67
4382,21.67,False,21.67
4383,21.67,False,21.67
4384,21.67,False,21.67
4385,21.67,False,21.67
4386,21.67,False,21.67
4387,21.67,False,21.67
4388,21.67,False,21.67
4389,21.67,False,21.67
4390,21.67,False,21.67
4391,21.67,False,21.67
4392,21.67,False,21.67
4393,21.67,False,21.67
4394,21.67,False,21.67
4395,21.67,False,21.67
4396,21.67,False,21.67
4397,21.67,False,21.67
4398,21.67,False,21.67
4399,21.67,False,21.67
4400,21.67,False,21.67
4401,21.67,False,21.67
4402,21.67,False,21.67
4403,21.67,False,21.67
4404,20.83,False,21.502000000000002
4405,20.83,False,21.334
4406,20.83,False,21.166
4407,20.83,False,20.997999999999998
4408,20.83,False,20.83
4409,20.83,False,20.83
4410,20.83,False,20.83
4411,20.83,False,20.83
4412,20.83,False,20.83
4413,20.83,False,20.83
4414,20.83,False,20.83
4415,20.83,False,20.83
4416,20.83,False,20.83
4417,20.83,False,20.83
4418,20.83,False,20.83
4419,20.83,False,20.83
4420,20.83,False,20.83
4421,20.83,False,20.83
4422,20.83,False,20.83
4423,20.83,False,20.83
4424,20.83,False,20.83
4425,20.83,False,20.83
4426,20.83,False,20.83
4427,20.83,False,20.83
4428,20.83,False,20.83
4429,20.83,False,20.83
4430,20.83,False,20.83
4431,20.83,False,20.83
4432,20.83,False,20.83
4433,20.83,False,20.83
4434,20.83,False,20.83
4435,20.83,False,20.83
4436,20.83,False,20.83
4437,20.83,False,20.83
4438,20.83,False,20.83
4439,20.83,False,20.83
4440,20.83,False,20.83
4441,20.83,False,20.83
4442,20.83,False,20.83
4443,20.83,False,20.83
4444,20.83,False,20.83
4445,20.83,False,20.83
4446,20.83,False,20.83
4447,20.83,False,20.83
4448,20.83,False,20.83
4449,20.83,False,20.83
4450,20.83,False,20.83
4451,20.83,False,20.83
4452,20.83,False,20.83
4453,20.83,False,20.83
4454,20.83,False,20.83
4455,20.83,False,20.83
4456,20.83,False,20.83
4457,20.83,False,20.83
4458,20.83,False,20.83
4459,20.83,False,20.83
4460,20.83,False,20.83
4461,20.83,False,20.83
4462,20.83,False,20.83
4463,20.83,False,20.83
4464,20.83,False,20.83
4465,20.83,False,20.83
4466,20.83,False,20.83
4467,20.83,False,20.83
4468,20.83,False,20.83
4469,20.83,False,20.83
4470,20.83,False,20.83
4471,20.83,False,20.83
4472,20.83,False,20.83
4473,20.83,False,20.83
4474,20.83,False,20.83
4475,20.83,False,20.83
4476,20.83,False,20.83
4477,20.83,False,20.83
4478,20.83,False,20.83
4479,20.83,False,20.83
4480,20.83,False,20.83
4481,20.83,False,20.83
4482,20.83,False,20.83
4483,20.83,False,20.83
4484,20.83,False,20.83
4485,20.83,False,20.83
4486,20.83,False,20.83
4487,20.83,False,20.83
4488,20.83,False,20.83
4489,20.83,False,20.83
4490,20.83,False,20.83
4491,20.83,False,20.83
4492,20.83,False,20.83
4493,20.83,False,20.83
4494,20.83,False,20.83
4495,20.83,False,20.83
4496,20.83,False,20.83
4497,20.83,False,20.83
4498,20.83,False,20.83
4499,20.83,False,20.83
4500,20.83,False,20.83
4501,20.83,False,20.83
4502,20.83,False,20.83
4503,20.83,False,20.83
4504,20.83,False,20.83
4505,20.83,False,20.83
4506,20.83,False,20.83
4507,20.83,False,20.83
4508,20.83,False,20.83
4509,20.83,False,20.83
4510,20.83,False,20.83
4511,20.83,False,20.83
4512,20.83,False,20.83
4513,20.83,False,20.83
4514,20.83,False,20.83
4515,20.83,False,20.83
4516,20.83,False,20.83
4517,20.83,False,20.83
4518,20.83,False,20.83
4519,20.83,False,20.83
4520,20.83,False,20.83
4521,20.83,False,20.83
4522,20.83,False,20.83
4523,20.83,False,20.83
4524,20.83,False,20.83
4525,20.83,False,20.83
4526,20.83,False,20.83
4527,20.83,False,20.83
4528,20.83,False,20.83
4529,20.83,False,20.83
4530,20.83,False,20.83
4531,20.83,False,20.83
4532,20.83,False,20.83
4533,20.83,False,20.83
4534,20.83,False,20.83
4535,20.83,False,20.83
4536,20.83,False,20.83
4537,20.83,False,20.83
4538,20.83,False,20.83
4539,20.83,False,20.83
4540,20.83,False,20.83
4541,20.83,False,20.83
4542,20.83,False,20.83
4543,20.83,False,20.83
4544,20.83,False,20.83
4545,20.83,False,20.83
4546,20.83,False,20.83
4547,20.83,False,20.83
4548,20.83,False,20.83
4549,20.83,False,20.83
4550,20.83,False,20.83
4551,20.83,False,20.83
4552,20.83,False,20.83
4553,20.83,False,20.83
4554,20.83,False,20.83
4555,20.83,False,20.83
4556,20.83,False,20.83
4557,20.83,False,20.83
4558,20.83,False,20.83
4559,20.83,False,20.83
4560,20.83,False,20.83
4561,20.83,False,20.83
4562,20.83,False,20.83
4563,20.83,False,20.83
4564,20.83,False,20.83
4565,20.83,False,20.83
4566,20.83,False,20.83
4567,20.83,False,20.83
4568,20.83,False,20.83
4569,20.83,False,20.83
4570,20.83,False,20.83
4571,20.83,False,20.83
4572,20.83,False,20.83
4573,20.83,False,20.83
4574,20.83,False,20.83
4575,20.83,False,20.83
4576,20.83,False,20.83
4577,20.83,False,20.83
4578,20.83,False,20.83
4579,20.83,False,20.83
4580,20.83,False,20.83
4581,20.83,False,20.83
4582,20.83,False,20.83
4583,20.83,False,20.83
4584,20.83,False,20.83
4585,20.83,False,20.83
4586,20.83,False,20.83
4587,20.83,False,20.83
4588,20.83,False,20.83
4589,20.83,False,20.83
4590,20.83,False,20.83
4591,20.83,False,20.83
4592,20.83,False,20.83
4593,20.83,False,20.83
4594,20.83,False,20.83
4595,20.83,False,20.83
4596,20.83,False,20.83
4597,20.83,False,20.83
4598,20.83,False,20.83
4599,20.83,False,20.83
4600,20.83,False,20.83
4601,20.83,False,20.83
4602,20.83,False,20.83
4603,20.83,False,20.83
4604,20.83,False,20.83
4605,20.83,False,20.83
4606,20.83,False,20.83
4607,20.83,False,20.83
4608,20.83,False,20.83
4609,21.67,False,20.997999999999998
4610,21.67,False,21.166
4611,21.67,False,21.334
4612,21.67,False,21.502000000000002
4613,21.67,False,21.67
4614,21.67,False,21.67
4615,21.67,False,21.67
4616,21.67,False,21.67
4617,21.67,False,21.67
4618,21.67,False,21.67
4619,21.67,False,21.67
4620,21.67,False,21.67
4621,21.67,False,21.67
4622,21.67,False,21.67
4623,21.67,False,21.67
4624,21.67,False,21.67
4625,21.67,False,21.67
4626,21.67,False,21.67
4627,21.67,False,21.67
4628,21.67,False,21.67
4629,21.67,False,21.67
4630,21.67,False,21.67
4631,21.67,False,21.67
4632,21.67,False,21.67
4633,21.67,False,21.67
4634,21.67,False,21.67
4635,21.67,False,21.67
4636,21.67,False,21.67
4637,21.67,False,21.67
4638,21.67,False,21.67
4639,21.67,False,21.67
4640,21.67,False,21.67
4641,21.67,False,21.67
4642,21.67,False,21.67
4643,21.67,False,21.67
4644,21.67,False,21.67
4645,21.67,False,21.67
4646,21.67,False,21.67
4647,21.67,False,21.67
4648,21.67,False,21.67
4649,21.67,False,21.67
4650,21.67,False,21.67
4651,21.67,False,21.67
4652,21.67,False,21.67
4653,21.67,False,21.67
4654,21.67,False,21.67
4655,21.67,False,21.67
4656,21.67,False,21.67
4657,21.67,False,21.67
4658,21.67,False,21.67
4659,21.67,False,21.67
4660,21.67,False,21.67
4661,21.67,False,21.67
4662,21.67,False,21.67
4663,21.67,False,21.67
4664,21.67,False,21.67
4665,21.67,False,21.67
4666,21.67,False,21.67
4667,21.67,False,21.67
4668,21.67,False,21.67
4669,22.5,False,21.836000000000002
4670,22.5,False,22.002000000000002
4671,22.5,False,22.168
4672,22.5,False,22.334
4673,22.5,False,22.5
4674,22.5,False,22.5
4675,22.5,False,22.5
4676,22.5,False,22.5
4677,22.5,False,22.5
4678,22.5,False,22.5
4679,22.5,False,22.5
4680,22.5,False,22.5
4681,22.5,False,22.5
4682,22.5,False,22.5
4683,22.5,False,22.5
4684,22.5,False,22.5
4685,22.5,False,22.5
4686,22.5,False,22.5
4687,22.5,False,22.5
4688,22.5,False,22.5
4689,22.5,False,22.5
4690,22.5,False,22.5
4691,22.5,False,22.5
4692,22.5,False,22.5
4693,22.5,False,22.5
4694,22.5,False,22.5
4695,22.5,False,22.5
4696,22.5,False,22.5
4697,22.5,False,22.5
4698,22.5,False,22.5
4699,23.33,False,22.666
4700,23.33,False,22.832
4701,23.33,False,22.997999999999998
4702,23.33,False,23.163999999999998
4703,23.33,False,23.33
4704,23.33,False,23.33
4705,23.33,False,23.33
4706,23.33,False,23.33
4707,23.33,False,23.33
4708,23.33,False,23.33
4709,23.33,False,23.33
4710,23.33,False,23.33
4711,23.33,False,23.33
4712,23.33,False,23.33
4713,23.33,False,23.33
4714,23.33,False,23.33
4715,23.33,False,23.33
4716,23.33,False,23.33
4717,23.33,False,23.33
4718,23.33,False,23.33
4719,23.33,False,23.33
4720,23.33,False,23.33
4721,23.33,False,23.33
4722,23.33,False,23.33
4723,23.33,False,23.33
4724,23.33,False,23.33
4725,23.33,False,23.33
4726,23.33,False,23.33
4727,23.33,False,23.33
4728,23.33,False,23.33
4729,23.33,False,23.33
4730,25.0,False,23.663999999999998
4731,25.0,False,23.997999999999998
4732,25.0,False,24.332
4733,25.0,False,24.666
4734,25.0,False,25.0
4735,25.0,False,25.0
4736,25.0,False,25.0
4737,25.0,False,25.0
4738,25.0,False,25.0
4739,25.0,False,25.0
4740,25.0,False,25.0
4741,25.0,False,25.0
4742,25.0,False,25.0
4743,25.0,False,25.0
4744,25.0,False,25.0
4745,25.0,False,25.0
4746,25.0,False,25.0
4747,25.0,False,25.0
4748,25.0,False,25.0
4749,25.0,False,25.0
4750,25.0,False,25.0
4751,25.0,False,25.0
4752,25.0,False,25.0
4753,25.0,False,25.0
4754,25.0,False,25.0
4755,25.0,False,25.0
4756,25.0,False,25.0
4757,25.0,False,25.0
4758,25.0,False,25.0
4759,25.0,False,25.0
4760,25.83,False,25.166
4761,25.83,False,25.332
4762,25.83,False,25.497999999999998
4763,25.83,False,25.663999999999998
4764,25.83,False,25.83
4765,25.83,False,25.83
4766,25.83,False,25.83
4767,25.83,False,25.83
4768,25.83,False,25.83
4769,25.83,False,25.83
4770,25.83,False,25.83
4771,25.83,False,25.83
4772,25.83,False,25.83
4773,25.83,False,25.83
4774,25.83,False,25.83
4775,25.83,False,25.83
4776,25.83,False,25.83
4777,25.83,False,25.83
4778,25.83,False,25.83
4779,25.83,False,25.83
4780,25.83,False,25.83
4781,25.83,False,25.83
4782,25.83,False,25.83
4783,25.83,False,25.83
4784,25.83,False,25.83
4785,25.83,False,25.83
4786,25.83,False,25.83
4787,25.83,False,25.83
4788,25.83,False,25.83
4789,25.83,False,25.83
4790,25.83,False,25.83
4791,26.67,False,25.997999999999998
4792,26.67,False,26.165999999999997
4793,26.67,False,26.333999999999996
4794,26.67,False,26.502
4795,26.67,False,26.67
4796,26.67,False,26.67
4797,26.67,False,26.67
4798,26.67,False,26.67
4799,26.67,False,26.67
4800,26.67,False,26.67
4801,26.67,False,26.67
4802,26.67,False,26.67
4803,26.67,False,26.67
4804,26.67,False,26.67
4805,26.67,False,26.67
4806,26.67,False,26.67
4807,26.67,False,26.67
4808,26.67,False,26.67
4809,26.67,False,26.67
4810,26.67,False,26.67
4811,26.67,False,26.67
4812,26.67,False,26.67
4813,26.67,False,26.67
4814,26.67,False,26.67
4815,26.67,False,26.67
4816,26.67,False,26.67
4817,26.67,False,26.67
4818,26.67,False,26.67
4819,26.67,False,26.67
4820,26.67,False,26.67
4821,27.5,False,26.836000000000002
4822,27.5,False,27.002
4823,27.5,False,27.168
4824,27.5,False,27.333999999999996
4825,27.5,False,27.5
4826,27.5,False,27.5
4827,27.5,False,27.5
4828,27.5,False,27.5
4829,27.5,False,27.5
4830,27.5,False,27.5
4831,27.5,False,27.5
4832,27.5,False,27.5
4833,27.5,False,27.5
4834,27.5,False,27.5
4835,27.5,False,27.5
4836,27.5,False,27.5
4837,27.5,False,27.5
4838,27.5,False,27.5
4839,27.5,False,27.5
4840,27.5,False,27.5
4841,27.5,False,27.5
4842,27.5,False,27.5
4843,27.5,False,27.5
4844,27.5,False,27.5
4845,27.5,False,27.5
4846,27.5,False,27.5
4847,27.5,False,27.5
4848,27.5,False,27.5
4849,27.5,False,27.5
4850,27.5,False,27.5
4851,27.5,False,27.5
4852,27.5,False,27.5
4853,27.5,False,27.5
4854,27.5,False,27.5
4855,27.5,False,27.5
4856,27.5,False,27.5
4857,27.5,False,27.5
4858,27.5,False,27.5
4859,27.5,False,27.5
4860,27.5,False,27.5
4861,27.5,False,27.5
4862,27.5,False,27.5
4863,27.5,False,27.5
4864,27.5,False,27.5
4865,28.33,False,27.665999999999997
4866,28.33,False,27.832
4867,28.33,False,27.997999999999998
4868,28.33,False,28.163999999999998
4869,28.33,False,28.33
4870,28.33,False,28.33
4871,28.33,False,28.33
4872,28.33,False,28.33
4873,29.17,False,28.497999999999998
4874,29.17,False,28.665999999999997
4875,29.17,False,28.833999999999996
4876,29.17,False,29.002
4877,29.17,False,29.17
4878,29.17,False,29.17
4879,29.17,False,29.17
4880,29.17,False,29.17
4881,29.17,False,29.17
4882,29.17,False,29.17
4883,29.17,False,29.17
4884,29.17,False,29.17
4885,29.17,False,29.17
4886,29.17,False,29.17
4887,29.17,False,29.17
4888,29.17,False,29.17
4889,29.17,False,29.17
4890,29.17,False,29.17
4891,29.17,False,29.17
4892,29.17,False,29.17
4893,29.17,False,29.17
4894,29.17,False,29.17
4895,29.17,False,29.17
4896,29.17,False,29.17
4897,29.17,False,29.17
4898,29.17,False,29.17
4899,29.17,False,29.17
4900,29.17,False,29.17
4901,29.17,False,29.17
4902,29.17,False,29.17
4903,30.83,False,29.502
4904,30.83,False,29.833999999999996
4905,30.83,False,30.165999999999997
4906,30.83,False,30.497999999999998
4907,30.83,False,30.83
4908,30.83,False,30.83
4909,30.83,False,30.83
4910,30.83,False,30.83
4911,30.83,False,30.83
4912,30.83,False,30.83
4913,30.83,False,30.83
4914,30.83,False,30.83
4915,30.83,False,30.83
4916,30.83,False,30.83
4917,30.83,False,30.83
4918,30.83,False,30.83
4919,30.83,False,30.83
4920,30.83,False,30.83
4921,30.83,False,30.83
4922,30.83,False,30.83
4923,30.83,False,30.83
4924,30.83,False,30.83
4925,30.83,False,30.83
4926,30.83,False,30.83
4927,30.83,False,30.83
4928,30.83,False,30.83
4929,30.83,False,30.83
4930,30.83,False,30.83
4931,30.83,False,30.83
4932,30.83,False,30.83
4933,30.83,False,30.83
4934,30.83,False,30.83
4935,30.83,False,30.83
4936,30.83,False,30.83
4937,30.83,False,30.83
4938,30.83,False,30.83
4939,30.83,False,30.83
4940,30.83,False,30.83
4941,30.83,False,30.83
4942,30.83,False,30.83
4943,30.83,False,30.83
4944,30.83,False,30.83
4945,30.83,False,30.83
4946,30.83,False,30.83
4947,30.83,False,30.83
4948,30.83,False,30.83
4949,30.83,False,30.83
4950,30.83,False,30.83
4951,30.83,False,30.83
4952,30.83,False,30.83
4953,30.83,False,30.83
4954,30.83,False,30.83
4955,30.83,False,30.83
4956,30.83,False,30.83
4957,30.83,False,30.83
4958,30.83,False,30.83
4959,30.83,False,30.83
4960,30.83,False,30.83
4961,30.83,False,30.83
4962,30.83,False,30.83
4963,30.83,False,30.83
4964,30.83,False,30.83
4965,30.83,False,30.83
4966,30.83,False,30.83
4967,30.83,False,30.83
4968,30.83,False,30.83
4969,30.83,False,30.83
4970,30.83,False,30.83
4971,30.83,False,30.83
4972,30.83,False,30.83
4973,30.83,False,30.83
4974,30.83,False,30.83
4975,30.83,False,30.83
4976,30.83,False,30.83
4977,30.83,False,30.83
4978,30.83,False,30.83
4979,30.83,False,30.83
4980,30.83,False,30.83
4981,30.83,False,30.83
4982,30.83,False,30.83
4983,30.83,False,30.83
4984,30.83,False,30.83
4985,30.83,False,30.83
4986,30.83,False,30.83
4987,30.83,False,30.83
4988,30.83,False,30.83
4989,30.83,False,30.83
4990,30.83,False,30.83
4991,30.83,False,30.83
4992,30.83,False,30.83
4993,30.83,False,30.83
4994,30.83,False,30.83
4995,30.83,False,30.83
4996,30.83,False,30.83
4997,30.83,False,30.83
4998,30.83,False,30.83
4999,30.83,False,30.83
5000,30.83,False,30.83
5001,30.83,False,30.83
5002,30.83,False,30.83
5003,30.83,False,30.83
5004,30.83,False,30.83
5005,30.83,False,30.83
5006,30.83,False,30.83
5007,30.83,False,30.83
5008,30.83,False,30.83
5009,30.83,False,30.83
5010,30.83,False,30.83
5011,30.83,False,30.83
5012,30.83,False,30.83
5013,30.83,False,30.83
5014,30.83,False,30.83
5015,30.83,False,30.83
5016,30.83,False,30.83
5017,30.83,False,30.83
5018,30.83,False,30.83
5019,30.83,False,30.83
5020,30.83,False,30.83
5021,30.83,False,30.83
5022,30.83,False,30.83
5023,30.83,False,30.83
5024,30.83,False,30.83
5025,30.83,False,30.83
5026,30.83,False,30.83
5027,30.83,False,30.83
5028,30.83,False,30.83
5029,30.83,False,30.83
5030,30.83,False,30.83
5031,30.83,False,30.83
5032,30.83,False,30.83
5033,30.83,False,30.83
5034,30.83,False,30.83
5035,30.83,False,30.83
5036,30.83,False,30.83
5037,30.83,False,30.83
5038,30.83,False,30.83
5039,30.83,False,30.83
5040,30.83,False,30.83
5041,30.83,False,30.83
5042,30.83,False,30.83
5043,30.83,False,30.83
5044,30.83,False,30.83
5045,30.83,False,30.83
5046,30.83,False,30.83
5047,30.83,False,30.83
5048,30.83,False,30.83
5049,30.83,False,30.83
5050,30.83,False,30.83
5051,30.83,False,30.83
5052,30.83,False,30.83
5053,30.83,False,30.83
5054,30.83,False,30.83
5055,30.83,False,30.83
5056,30.83,False,30.83
5057,30.83,False,30.83
5058,30.83,False,30.83
5059,30.83,False,30.83
5060,30.83,False,30.83
5061,30.83,False,30.83
5062,30.83,False,30.83
5063,30.83,False,30.83
5064,30.83,False,30.83
5065,30.83,False,30.83
5066,30.83,False,30.83
5067,30.83,False,30.83
5068,30.83,False,30.83
5069,30.83,False,30.83
5070,30.83,False,30.83
5071,30.83,False,30.83
5072,30.83,False,30.83
5073,30.83,False,30.83
5074,30.83,False,30.83
5075,30.83,False,30.83
5076,30.83,False,30.83
5077,30.83,False,30.83
5078,30.83,False,30.83
5079,30.83,False,30.83
5080,30.83,False,30.83
5081,30.83,False,30.83
5082,30.83,False,30.83
5083,30.83,False,30.83
5084,30.83,False,30.83
5085,30.83,False,30.83
5086,30.83,False,30.83
5087,30.83,False,30.83
5088,30.83,False,30.83
5089,30.83,False,30.83
5090,30.83,False,30.83
5091,30.83,False,30.83
5092,30.83,False,30.83
5093,30.83,False,30.83
5094,30.83,False,30.83
5095,30.83,False,30.83
5096,30.83,False,30.83
5097,30.83,False,30.83
5098,30.83,False,30.83
5099,30.83,False,30.83
5100,30.83,False,30.83
5101,30.83,False,30.83
5102,30.83,False,30.83
5103,30.83,False,30.83
5104,30.83,False,30.83
5105,30.83,False,30.83
5106,30.83,False,30.83
5107,30.83,False,30.83
5108,30.83,False,30.83
5109,30.83,False,30.83
5110,30.83,False,30.83
5111,30.83,False,30.83
5112,30.83,False,30.83
5113,30.83,False,30.83
5114,30.83,False,30.83
5115,30.83,False,30.83
5116,30.83,False,30.83
5117,30.83,False,30.83
5118,30.83,False,30.83
5119,30.83,False,30.83
5120,30.83,False,30.83
5138,30.83,False,30.83
5139,30.83,False,30.83
5140,30.83,False,30.83
5141,30.83,False,30.83
5142,30.83,False,30.83
5143,30.83,False,30.83
5144,30.83,False,30.83
5145,30.83,False,30.83
5146,30.83,False,30.83
5147,30.83,False,30.83
5148,30.83,False,30.83
5149,30.83,False,30.83
5150,30.83,False,30.83
5151,30.83,False,30.83
5152,30.83,False,30.83
5153,30.83,False,30.83
5154,30.83,False,30.83
5155,30.83,False,30.83
5156,30.83,False,30.83
5157,30.83,False,30.83
5158,30.83,False,30.83
5159,30.83,False,30.83
5160,30.83,False,30.83
5161,30.83,False,30.83
5162,30.83,False,30.83
5163,30.83,False,30.83
5164,30.83,False,30.83
5165,30.83,False,30.83
5166,30.83,False,30.83
5167,30.83,False,30.83
5168,30.83,False,30.83
5169,30.83,False,30.83
5170,30.83,False,30.83
5171,30.83,False,30.83
5172,30.83,False,30.83
5173,30.83,False,30.83
5174,30.83,False,30.83
5175,30.83,False,30.83
5176,30.83,False,30.83
5177,30.83,False,30.83
5178,30.83,False,30.83
5179,30.83,False,30.83
5180,30.83,False,30.83
5181,30.83,False,30.83
5182,30.83,False,30.83
5183,30.83,False,30.83
5184,30.83,False,30.83
5185,30.83,False,30.83
5186,30.83,False,30.83
5187,30.83,False,30.83
5188,30.83,False,30.83
5189,30.83,False,30.83
5190,30.83,False,30.83
5191,30.83,False,30.83
5192,30.83,False,30.83
5193,30.83,False,30.83
5194,30.83,False,30.83
5195,30.83,False,30.83
5196,30.83,False,30.83
5197,30.83,False,30.83
5198,30.83,False,30.83
5199,30.83,False,30.83
5200,30.83,False,30.83
5201,30.83,False,30.83
5202,30.83,False,30.83
5203,30.83,False,30.83
5204,30.83,False,30.83
5205,30.83,False,30.83
5206,30.83,False,30.83
5207,30.83,False,30.83
5208,30.83,False,30.83
5209,30.83,False,30.83
5210,30.83,False,30.83
5211,30.83,False,30.83
5212,30.83,False,30.83
5213,30.83,False,30.83
5214,30.83,False,30.83
5215,30.83,False,30.83
5216,30.83,False,30.83
5217,30.83,False,30.83
5218,30.83,False,30.83
5219,30.83,False,30.83
5220,30.83,False,30.83
5221,30.83,False,30.83
5222,30.83,False,30.83
5223,30.83,False,30.83
5224,30.83,False,30.83
5225,30.83,False,30.83
5226,30.83,False,30.83
5227,30.83,False,30.83
5228,30.83,False,30.83
5229,30.83,False,30.83
5230,30.83,False,30.83
5231,30.83,False,30.83
5232,30.83,False,30.83
5233,30.83,False,30.83
5234,30.83,False,30.83
5235,30.83,False,30.83
5236,30.83,False,30.83
5237,30.83,False,30.83
5238,30.83,False,30.83
5239,30.83,False,30.83
5240,30.83,False,30.83
5241,30.83,False,30.83
5242,30.83,False,30.83
5243,30.83,False,30.83
5244,30.83,False,30.83
5245,30.83,False,30.83
5246,30.83,False,30.83
5247,30.83,False,30.83
5248,30.83,False,30.83
5249,30.83,False,30.83
5250,30.83,False,30.83
5251,30.83,False,30.83
5252,30.83,False,30.83
5253,30.83,False,30.83
5254,30.83,False,30.83
5255,30.83,False,30.83
5256,30.83,False,30.83
5257,30.83,False,30.83
5258,30.83,False,30.83
5259,30.83,False,30.83
5260,30.83,False,30.83
5261,30.83,False,30.83
5262,30.83,False,30.83
5263,30.83,False,30.83
5264,30.83,False,30.83
5265,30.83,False,30.83
5266,30.83,False,30.83
5267,30.83,False,30.83
5268,30.83,False,30.83
5269,30.83,False,30.83
5270,30.83,False,30.83
5271,30.83,False,30.83
5272,30.83,False,30.83
5273,30.83,False,30.83
5274,30.83,False,30.83
5275,30.83,False,30.83
5276,30.83,False,30.83
5277,30.83,False,30.83
5278,30.83,False,30.83
5279,30.83,False,30.83
5280,30.83,False,30.83
5281,30.83,False,30.83
5282,30.83,False,30.83
5283,30.83,False,30.83
5284,30.83,False,30.83
5285,30.83,False,30.83
5286,30.83,False,30.83
5287,30.83,False,30.83
5288,30.83,False,30.83
5289,30.83,False,30.83
5290,30.83,False,30.83
5291,30.83,False,30.83
5292,30.83,False,30.83
5293,30.83,False,30.83
5294,30.83,False,30.83
5295,30.83,False,30.83
5296,30.83,False,30.83
5297,30.83,False,30.83
5298,30.83,False,30.83
5299,30.83,False,30.83
5300,30.83,False,30.83
5301,30.83,False,30.83
5302,30.83,False,30.83
5303,30.83,False,30.83
5304,30.83,False,30.83
5305,30.83,False,30.83
5306,30.83,False,30.83
5307,30.83,False,30.83
5308,30.83,False,30.83
5309,30.83,False,30.83
5310,30.83,False,30.83
5311,30.83,False,30.83
5312,30.83,False,30.83
5313,30.83,False,30.83
5314,30.83,False,30.83
5315,30.83,False,30.83
5316,30.83,False,30.83
5317,30.83,False,30.83
5318,30.83,False,30.83
5319,30.83,False,30.83
5320,30.83,False,30.83
5464,30.83,False,30.83
5465,30.83,False,30.83
5466,30.83,False,30.83
5467,30.83,False,30.83
5468,30.83,False,30.83
5469,30.83,False,30.83
5470,30.83,False,30.83
5471,30.83,False,30.83
5472,30.83,False,30.83
5473,30.83,False,30.83
5474,30.83,False,30.83
5475,30.83,False,30.83
5476,30.83,False,30.83
5477,30.83,False,30.83
5478,30.83,False,30.83
5479,30.83,False,30.83
5480,30.83,False,30.83
5481,30.83,False,30.83
5482,30.83,False,30.83
5483,30.83,False,30.83
5484,30.83,False,30.83
5485,30.83,False,30.83
5486,30.83,False,30.83
5487,30.83,False,30.83
5488,30.83,False,30.83
5489,30.83,False,30.83
5490,30.83,False,30.83
5491,30.83,False,30.83
5492,30.83,False,30.83
5493,30.83,False,30.83
5494,30.83,False,30.83
5495,30.83,False,30.83
5496,30.83,False,30.83
5497,30.83,False,30.83
5498,30.83,False,30.83
5499,30.83,False,30.83
5500,30.83,False,30.83
5501,30.83,False,30.83
5502,30.83,False,30.83
5503,30.83,False,30.83
5504,30.83,False,30.83
5505,30.83,False,30.83
5506,30.83,False,30.83
5507,30.83,False,30.83
5508,30.83,False,30.83
5509,30.83,False,30.83
5510,30.83,False,30.83
5511,30.83,False,30.83
5512,30.83,False,30.83
5513,30.83,False,30.83
5514,30.83,False,30.83
5515,30.83,False,30.83
5516,30.83,False,30.83
5517,30.83,False,30.83
5518,30.83,False,30.83
5519,30.83,False,30.83
5520,30.83,False,30.83
5521,30.83,False,30.83
5522,30.83,False,30.83
5523,30.83,False,30.83
5524,30.83,False,30.83
5525,30.83,False,30.83
5526,30.83,False,30.83
5527,30.83,False,30.83
5528,30.83,False,30.83
5529,30.83,False,30.83
5530,30.83,False,30.83
5531,30.83,False,30.83
5532,30.83,False,30.83
5533,30.83,False,30.83
5534,30.83,False,30.83
5535,30.83,False,30.83
5536,30.83,False,30.83
5537,30.83,False,30.83
5538,30.83,False,30.83
5539,30.83,False,30.83
5540,30.83,False,30.83
5541,30.83,False,30.83
5542,30.83,False,30.83
5543,30.83,False,30.83
5544,30.83,False,30.83
5545,30.83,False,30.83
5546,30.83,False,30.83
5547,30.83,False,30.83
5548,30.83,False,30.83
5549,30.83,False,30.83
5550,30.83,False,30.83
5551,30.83,False,30.83
5552,30.83,False,30.83
5553,30.83,False,30.83
5554,30.83,False,30.83
5555,30.83,False,30.83
5556,30.83,False,30.83
5557,30.83,False,30.83
5558,30.83,False,30.83
5559,30.83,False,30.83
5560,30.83,False,30.83
5561,30.83,False,30.83
5562,30.83,False,30.83
5563,30.83,False,30.83
5564,30.83,False,30.83
5565,30.83,False,30.83
5566,30.83,False,30.83
5567,30.83,False,30.83
5568,30.83,False,30.83
5569,30.83,False,30.83
5570,30.83,False,30.83
5571,30.83,False,30.83
5572,30.83,False,30.83
5573,30.83,False,30.83
5574,30.83,False,30.83
5575,30.83,False,30.83
5576,30.83,False,30.83
5577,30.83,False,30.83
5578,30.83,False,30.83
5579,30.83,False,30.83
5580,30.83,False,30.83
5581,30.83,False,30.83
5582,30.83,False,30.83
5583,30.83,False,30.83
5584,30.83,False,30.83
5585,30.83,False,30.83
5586,30.83,False,30.83
5587,30.83,False,30.83
5588,30.83,False,30.83
5589,30.83,False,30.83
5590,30.83,False,30.83
5591,30.83,False,30.83
5592,30.83,False,30.83
5593,30.83,False,30.83
5594,30.83,False,30.83
5595,30.83,False,30.83
5596,30.83,False,30.83
5597,30.83,False,30.83
5598,30.83,False,30.83
5599,30.83,False,30.83
5600,30.83,False,30.83
5601,30.83,False,30.83
5602,30.83,False,30.83
5603,30.83,False,30.83
5604,30.83,False,30.83
5605,30.83,False,30.83
5606,30.83,False,30.83
5607,30.83,False,30.83
5608,30.83,False,30.83
5609,30.83,False,30.83
5610,30.83,False,30.83
5611,30.83,False,30.83
5612,30.83,False,30.83
5613,30.83,False,30.83
5614,30.83,False,30.83
5615,30.83,False,30.83
5616,30.83,False,30.83
5617,30.83,False,30.83
5618,30.83,False,30.83
5619,30.83,False,30.83
5620,30.83,False,30.83
5621,30.83,False,30.83
5622,30.83,False,30.83
5623,30.83,False,30.83
5624,30.83,False,30.83
5625,30.83,False,30.83
5626,30.83,False,30.83
5627,30.83,False,30.83
5628,30.83,False,30.83
5629,30.83,False,30.83
5630,30.83,False,30.83
5631,30.83,False,30.83
5632,30.83,False,30.83
5668,30.83,False,30.83
5669,30.83,False,30.83
5670,30.83,False,30.83
5671,30.83,False,30.83
5672,30.83,False,30.83
5673,30.83,False,30.83
5674,30.83,False,30.83
5675,30.83,False,30.83
5676,30.83,False,30.83
5677,30.83,False,30.83
5678,30.83,False,30.83
5679,30.83,False,30.83
5680,30.83,False,30.83
5681,30.83,False,30.83
5682,30.83,False,30.83
5683,30.83,False,30.83
5684,30.83,False,30.83
5685,30.83,False,30.83
5686,30.83,False,30.83
5687,30.83,False,30.83
5688,30.83,False,30.83
5689,30.83,False,30.83
5690,30.83,False,30.83
5691,30.83,False,30.83
5692,30.83,False,30.83
5693,30.83,False,30.83
5694,30.83,False,30.83
5695,30.83,False,30.83
5696,30.83,False,30.83
5697,30.83,False,30.83
5698,30.83,False,30.83
5699,30.83,False,30.83
5700,30.83,False,30.83
5701,30.83,False,30.83
5702,30.83,False,30.83
5703,30.83,False,30.83
5704,30.83,False,30.83
5705,30.83,False,30.83
5706,30.83,False,30.83
5707,30.83,False,30.83
5708,30.83,False,30.83
5709,30.83,False,30.83
5710,30.83,False,30.83
5711,30.83,False,30.83
5712,30.83,False,30.83
5713,30.83,False,30.83
5714,30.83,False,30.83
5715,30.83,False,30.83
5716,30.83,False,30.83
5717,30.83,False,30.83
5718,30.83,False,30.83
5719,30.83,False,30.83
5720,30.83,False,30.83
5721,30.83,False,30.83
5722,30.83,False,30.83
5723,30.83,False,30.83
5724,30.83,False,30.83
5725,30.83,False,30.83
5726,30.83,False,30.83
5727,30.83,False,30.83
5728,30.83,False,30.83
5729,30.83,False,30.83
5730,30.83,False,30.83
5731,30.83,False,30.83
5732,30.83,False,30.83
5733,30.83,False,30.83
5734,30.83,False,30.83
5735,30.83,False,30.83
5736,30.83,False,30.83
5737,30.83,False,30.83
5738,30.83,False,30.83
5739,30.83,False,30.83
5740,30.83,False,30.83
5741,30.83,False,30.83
5742,30.83,False,30.83
5743,30.83,False,30.83
5744,30.83,False,30.83
5745,30.83,False,30.83
5746,30.83,False,30.83
5747,30.83,False,30.83
5748,30.83,False,30.83
5749,30.83,False,30.83
5750,30.83,False,30.83
5751,30.83,False,30.83
5752,30.83,False,30.83
5753,30.83,False,30.83
5754,30.83,False,30.83
5755,30.83,False,30.83
5756,30.83,False,30.83
5757,30.83,False,30.83
5758,30.83,False,30.83
5759,30.83,False,30.83
5760,30.83,False,30.83
5761,30.83,False,30.83
5762,30.83,False,30.83
5763,30.83,False,30.83
5764,30.83,False,30.83
5765,30.83,False,30.83
5766,30.83,False,30.83
5767,30.83,False,30.83
5768,30.83,False,30.83
5769,30.83,False,30.83
5770,30.83,False,30.83
5771,30.83,False,30.83
5772,30.83,False,30.83
5773,30.83,False,30.83
5774,30.83,False,30.83
5775,30.83,False,30.83
5776,30.83,False,30.83
5777,30.83,False,30.83
5778,30.83,False,30.83
5779,30.83,False,30.83
5780,30.83,False,30.83
5781,30.83,False,30.83
5782,30.83,False,30.83
5783,30.83,False,30.83
5784,30.83,False,30.83
5785,30.83,False,30.83
5786,30.83,False,30.83
5787,30.83,False,30.83
5788,30.83,False,30.83
5789,30.83,False,30.83
5790,30.83,False,30.83
5791,30.83,False,30.83
5792,30.83,False,30.83
5793,30.83,False,30.83
5794,30.83,False,30.83
5795,30.83,False,30.83
5796,30.83,False,30.83
5797,30.83,False,30.83
5798,30.83,False,30.83
5799,30.83,False,30.83
5800,30.83,False,30.83
5801,30.83,False,30.83
5802,30.83,False,30.83
5803,30.83,False,30.83
5804,30.83,False,30.83
5805,30.83,False,30.83
5806,30.83,False,30.83
5807,30.83,False,30.83
5808,30.83,False,30.83
5809,30.83,False,30.83
5810,30.83,False,30.83
5811,30.83,False,30.83
5812,30.83,False,30.83
5813,30.83,False,30.83
5814,30.83,False,30.83
5815,30.83,False,30.83
5816,30.83,False,30.83
5817,30.83,False,30.83
5818,30.83,False,30.83
5819,30.83,False,30.83
5820,30.83,False,30.83
5821,30.83,False,30.83
5822,30.83,False,30.83
5823,30.83,False,30.83
5824,30.83,False,30.83
5825,30.83,False,30.83
5826,30.83,False,30.83
5827,30.83,False,30.83
5828,30.83,False,30.83
5829,30.83,False,30.83
5830,30.83,False,30.83
5831,30.83,False,30.83
5832,30.83,False,30.83
5833,30.83,False,30.83
5834,30.83,False,30.83
5835,30.83,False,30.83
5836,30.83,False,30.83
5837,30.83,False,30.83
5838,30.83,False,30.83
5839,30.83,False,30.83
5840,30.83,False,30.83
5841,30.83,False,30.83
5842,30.83,False,30.83
5843,30.83,False,30.83
5844,30.83,False,30.83
5845,30.83,False,30.83
5846,30.83,False,30.83
5847,30.83,False,30.83
5848,30.83,False,30.83
5849,30.83,False,30.83
5850,30.83,False,30.83
5851,30.83,False,30.83
5852,30.83,False,30.83
5853,30.83,False,30.83
5854,30.83,False,30.83
5855,30.83,False,30.83
5856,30.83,False,30.83
5857,30.83,False,30.83
5858,30.83,False,30.83
5859,30.83,False,30.83
5860,30.83,False,30.83
5861,30.83,False,30.83
5862,30.83,False,30.83
5863,30.83,False,30.83
5864,30.83,False,30.83
5865,30.83,False,30.83
5866,30.83,False,30.83
5867,30.83,False,30.83
5868,30.83,False,30.83
5869,30.83,False,30.83
5870,30.83,False,30.83
5871,30.83,False,30.83
5872,30.83,False,30.83
5873,30.83,False,30.83
5874,30.83,False,30.83
5875,30.83,False,30.83
5876,30.83,False,30.83
5877,30.83,False,30.83
5878,30.83,False,30.83
5879,30.83,False,30.83
5880,30.83,False,30.83
5881,30.83,False,30.83
5882,30.83,False,30.83
5883,30.83,False,30.83
5884,30.83,False,30.83
5885,30.83,False,30.83
5886,30.83,False,30.83
5887,30.83,False,30.83
5888,30.83,False,30.83
5889,30.83,False,30.83
5890,30.83,False,30.83
5891,30.83,False,30.83
5892,30.83,False,30.83
5893,30.83,False,30.83
5894,30.83,False,30.83
5895,30.83,False,30.83
5896,30.83,False,30.83
5897,30.83,False,30.83
5898,30.83,False,30.83
5899,30.83,False,30.83
5900,30.83,False,30.83
5901,30.83,False,30.83
5902,30.83,False,30.83
5903,30.83,False,30.83
5904,30.83,False,30.83
5905,30.83,False,30.83
5906,30.83,False,30.83
5907,30.83,False,30.83
5908,30.83,False,30.83
5909,30.83,False,30.83
5910,30.83,False,30.83
5911,30.83,False,30.83
5912,30.83,False,30.83
5913,30.83,False,30.83
5914,30.83,False,30.83
5915,30.83,False,30.83
5916,30.83,False,30.83
5917,30.83,False,30.83
5918,30.83,False,30.83
5919,30.83,False,30.83
5920,30.83,False,30.83
5921,30.83,False,30.83
5922,30.83,False,30.83
5923,30.83,False,30.83
5924,30.83,False,30.83
5925,30.83,False,30.83
5926,30.83,False,30.83
5927,30.83,False,30.83
5928,30.83,False,30.83
5929,30.83,False,30.83
5930,30.83,False,30.83
5931,30.83,False,30.83
5932,30.83,False,30.83
5933,29.17,False,30.497999999999998
5934,29.17,False,30.165999999999997
5935,29.17,False,29.833999999999996
5936,29.17,False,29.502
5937,29.17,False,29.17
5938,29.17,False,29.17
5939,29.17,False,29.17
5940,29.17,False,29.17
5941,29.17,False,29.17
5942,29.17,False,29.17
5943,29.17,False,29.17
5944,29.17,False,29.17
5945,29.17,False,29.17
5946,29.17,False,29.17
5947,29.17,False,29.17
5948,29.17,False,29.17
5949,29.17,False,29.17
5950,29.17,False,29.17
5951,29.17,False,29.17
5952,29.17,False,29.17
5953,29.17,False,29.17
5954,29.17,False,29.17
5955,29.17,False,29.17
5956,29.17,False,29.17
5957,29.17,False,29.17
5958,29.17,False,29.17
5959,29.17,False,29.17
5960,29.17,False,29.17
5961,29.17,False,29.17
5962,29.17,False,29.17
5963,27.5,False,28.836000000000002
5964,27.5,False,28.502
5965,27.5,False,28.168
5966,27.5,False,27.833999999999996
5967,27.5,False,27.5
5968,27.5,False,27.5
5969,27.5,False,27.5
5970,27.5,False,27.5
5971,27.5,False,27.5
5972,27.5,False,27.5
5973,27.5,False,27.5
5974,27.5,False,27.5
5975,27.5,False,27.5
5976,27.5,False,27.5
5977,27.5,False,27.5
5978,27.5,False,27.5
5979,27.5,False,27.5
5980,27.5,False,27.5
5981,27.5,False,27.5
5982,27.5,False,27.5
5983,27.5,False,27.5
5984,27.5,False,27.5
5985,27.5,False,27.5
5986,27.5,False,27.5
5987,27.5,False,27.5
5988,27.5,False,27.5
5989,27.5,False,27.5
5990,27.5,False,27.5
5991,27.5,False,27.5
5992,27.5,False,27.5
5993,27.5,False,27.5
5994,25.0,False,27.0
5995,25.0,False,26.5
5996,25.0,False,26.0
5997,25.0,False,25.5
5998,25.0,False,25.0
5999,25.0,False,25.0
6000,25.0,False,25.0
6001,25.0,False,25.0
6002,25.0,False,25.0
6003,25.0,False,25.0
6004,25.0,False,25.0
6005,25.0,False,25.0
6006,25.0,False,25.0
6007,25.0,False,25.0
6008,25.0,False,25.0
6009,25.0,False,25.0
6010,25.0,False,25.0
6011,25.0,False,25.0
6012,25.0,False,25.0
6013,25.0,False,25.0
6014,25.0,False,25.0
6015,25.0,False,25.0
6016,25.0,False,25.0
6017,25.0,False,25.0
6018,25.0,False,25.0
6019,25.0,False,25.0
6020,25.0,False,25.0
6021,25.0,False,25.0
6022,25.0,False,25.0
6023,25.0,False,25.0
6024,22.5,False,24.5
6025,22.5,False,24.0
6026,22.5,False,23.5
6027,22.5,False,23.0
6028,22.5,False,22.5
6029,22.5,False,22.5
6030,22.5,False,22.5
6031,22.5,False,22.5
6032,22.5,False,22.5
6033,22.5,False,22.5
6034,22.5,False,22.5
6035,22.5,False,22.5
6036,22.5,False,22.5
6037,22.5,False,22.5
6038,22.5,False,22.5
6039,22.5,False,22.5
6040,22.5,False,22.5
6041,22.5,False,22.5
6042,22.5,False,22.5
6043,22.5,False,22.5
6044,22.5,False,22.5
6045,22.5,False,22.5
6046,22.5,False,22.5
6047,22.5,False,22.5
6048,22.5,False,22.5
6049,22.5,False,22.5
6050,22.5,False,22.5
6051,22.5,False,22.5
6052,22.5,False,22.5
6053,22.5,False,22.5
6054,22.5,False,22.5
6055,20.0,False,22.0
6056,20.0,False,21.5
6057,20.0,False,21.0
6058,20.0,False,20.5
6059,20.0,False,20.0
6060,20.0,False,20.0
6061,20.0,False,20.0
6062,20.0,False,20.0
6063,20.0,False,20.0
6064,20.0,False,20.0
6065,20.0,False,20.0
6066,20.0,False,20.0
6067,20.0,False,20.0
6068,20.0,False,20.0
6069,20.0,False,20.0
6070,20.0,False,20.0
6071,20.0,False,20.0
6072,20.0,False,20.0
6073,20.0,False,20.0
6074,20.0,False,20.0
6075,20.0,False,20.0
6076,20.0,False,20.0
6077,20.0,False,20.0
6078,20.0,False,20.0
6079,20.0,False,20.0
6080,20.0,False,20.0
6081,20.0,False,20.0
6082,20.0,False,20.0
6083,20.0,False,20.0
6084,20.0,False,20.0
6085,16.67,False,19.334
6086,16.67,False,18.668
6087,16.67,False,18.002000000000002
6088,16.67,False,17.336000000000002
6089,16.67,False,16.67
6090,16.67,False,16.67
6091,16.67,False,16.67
6092,16.67,False,16.67
6093,16.67,False,16.67
6094,16.67,False,16.67
6095,16.67,False,16.67
6096,16.67,False,16.67
6097,16.67,False,16.67
6098,16.67,False,16.67
6099,16.67,False,16.67
6100,16.67,False,16.67
6101,16.67,False,16.67
6102,16.67,False,16.67
6103,16.67,False,16.67
6104,16.67,False,16.67
6105,16.67,False,16.67
6106,16.67,False,16.67
6107,16.67,False,16.67
6108,16.67,False,16.67
6109,16.67,False,16.67
6110,16.67,False,16.67
6111,16.67,False,16.67
6112,16.67,False,16.67
6113,16.67,False,16.67
6114,16.67,False,16.67
6115,16.67,False,16.67
6116,14.17,False,16.17
6117,14.17,False,15.669999999999998
6118,14.17,False,15.169999999999998
6119,14.17,False,14.669999999999998
6120,14.17,False,14.17
6121,14.17,False,14.17
6122,14.17,False,14.17
6123,14.17,False,14.17
6124,14.17,False,14.17
6125,14.17,False,14.17
6126,14.17,False,14.17
6127,14.17,False,14.17
6128,14.17,False,14.17
6129,14.17,False,14.17
6130,14.17,False,14.17
6131,14.17,False,14.17
6132,14.17,False,14.17
6133,14.17,False,14.17
6134,14.17,False,14.17
6135,14.17,False,14.17
6136,14.17,False,14.17
6137,14.17,False,14.17
6138,14.17,False,14.17
6139,14.17,False,14.17
6140,14.17,False,14.17
6141,14.17,False,14.17
6142,14.17,False,14.17
6143,14.17,False,14.17
6144,14.17,False,14.17
6145,11.67,False,13.669999999999998
6146,11.67,False,13.169999999999998
6147,11.67,False,12.669999999999998
6148,11.67,False,12.169999999999998
6149,11.67,False,11.67
6150,11.67,False,11.67
6151,11.67,False,11.67
6152,11.67,False,11.67
6153,11.67,False,11.67
6154,11.67,False,11.67
6155,11.67,False,11.67
6156,11.67,False,11.67
6157,11.67,False,11.67
6158,11.67,False,11.67
6159,11.67,False,11.67
6160,11.67,False,11.67
6161,11.67,False,11.67
6162,11.67,False,11.67
6163,11.67,False,11.67
6164,11.67,False,11.67
6165,11.67,False,11.67
6166,11.67,False,11.67
6167,10.0,False,11.336
6168,10.0,False,11.002
6169,10.0,False,10.668000000000001
6170,10.0,False,10.334
6171,10.0,False,10.0
6172,10.0,False,10.0
6173,10.0,False,10.0
6174,10.0,False,10.0
6175,10.0,False,10.0
6176,10.0,False,10.0
6177,10.0,False,10.0
6178,10.0,False,10.0
6179,10.0,False,10.0
6180,10.0,False,10.0
6181,10.0,False,10.0
6182,10.0,False,10.0
6183,10.0,False,10.0
6184,10.0,False,10.0
6185,10.0,False,10.0
6186,10.0,False,10.0
6187,10.0,False,10.0
6188,10.0,False,10.0
6189,10.0,False,10.0
6190,10.0,False,10.0
6191,10.0,False,10.0
6192,10.0,False,10.0
6193,10.0,False,10.0
6194,10.0,False,10.0
6195,10.0,False,10.0
6196,10.0,False,10.0
6197,8.33,False,9.666
6198,8.33,False,9.331999999999999
6199,8.33,False,8.998
6200,8.33,False,8.664
6201,8.33,False,8.33
6202,8.33,False,8.33
6203,8.33,False,8.33
6204,8.33,False,8.33
6205,8.33,False,8.33
6206,8.33,False,8.33
6207,8.33,False,8.33
6208,8.33,False,8.33
6209,8.33,False,8.33
6210,8.33,False,8.33
6211,8.33,False,8.33
6212,8.33,False,8.33
6213,8.33,False,8.33
6214,8.33,False,8.33
6215,8.33,False,8.33
6216,8.33,False,8.33
6217,8.33,False,8.33
6218,8.33,False,8.33
6219,8.33,False,8.33
6220,8.33,False,8.33
6221,8.33,False,8.33
6222,8.33,False,8.33
6223,8.33,False,8.33
6224,8.33,False,8.33
6225,8.33,False,8.33
6226,8.33,False,8.33
6227,6.67,False,7.998
6228,6.67,False,7.6659999999999995
6229,6.67,False,7.3340000000000005
6230,6.67,False,7.002
6231,6.67,False,6.67
6232,6.67,False,6.67
6233,6.67,False,6.67
6234,6.67,False,6.67
6235,6.67,False,6.67
6236,6.67,False,6.67
6237,6.67,False,6.67
6238,6.67,False,6.67
6239,6.67,False,6.67
6240,6.67,False,6.67
6241,6.67,False,6.67
6242,6.67,False,6.67
6243,6.67,False,6.67
6244,6.67,False,6.67
6245,6.67,False,6.67
6246,6.67,False,6.67
6247,6.67,False,6.67
6248,6.67,False,6.67
6249,6.67,False,6.67
6250,6.67,False,6.67
6251,6.67,False,6.67
6252,6.67,False,6.67
6253,6.67,False,6.67
6254,6.67,False,6.67
6255,6.67,False,6.67
6256,6.67,False,6.67
6257,6.67,False,6.67
6258,5.83,False,6.502
6259,5.83,False,6.334
6260,5.83,False,6.1659999999999995
6261,5.83,False,5.997999999999999
6262,5.83,False,5.83
6263,5.83,False,5.83
6264,5.83,False,5.83
6265,5.83,False,5.83
6266,5.83,False,5.83
6267,5.83,False,5.83
6268,5.83,False,5.83
6269,5.83,False,5.83
6270,5.83,False,5.83
6271,5.83,False,5.83
6272,5.83,False,5.83
6273,5.83,False,5.83
6274,5.83,False,5.83
6275,5.83,False,5.83
6276,5.83,False,5.83
6277,5.83,False,5.83
6278,5.83,False,5.83
6279,5.83,False,5.83
6280,5.83,False,5.83
6281,5.83,False,5.83
6282,5.83,False,5.83
6283,5.83,False,5.83
6284,5.83,False,5.83
6285,5.83,False,5.83
6286,5.83,False,5.83
6287,5.83,False,5.83
6288,5.0,False,5.664
6289,5.0,False,5.498
6290,5.0,False,5.332
6291,5.0,False,5.1659999999999995
6292,5.0,False,5.0
6293,5.0,False,5.0
6294,5.0,False,5.0
6295,5.0,False,5.0
6296,5.0,False,5.0
6297,5.0,False,5.0
6298,5.0,False,5.0
6299,5.0,False,5.0
6300,5.0,False,5.0
6301,5.0,False,5.0
6302,5.0,False,5.0
6303,5.0,False,5.0
6304,5.0,False,5.0
6305,5.0,False,5.0
6306,5.0,False,5.0
6307,5.0,False,5.0
6308,5.0,False,5.0
6309,5.0,False,5.0
6310,5.0,False,5.0
6311,5.0,False,5.0
6312,5.0,False,5.0
6313,5.0,False,5.0
6314,5.0,False,5.0
6315,5.0,False,5.0
6316,5.0,False,5.0
6317,5.0,False,5.0
6318,3.33,False,4.6659999999999995
6319,3.33,False,4.332
6320,3.33,False,3.998
6321,3.33,False,3.664
6322,3.33,False,3.33
6323,3.33,False,3.33
6324,3.33,False,3.33
6325,3.33,False,3.33
6326,3.33,False,3.33
6327,3.33,False,3.33
6328,3.33,False,3.33
6329,3.33,False,3.33
6330,3.33,False,3.33
6331,3.33,False,3.33
6332,3.33,False,3.33
6333,3.33,False,3.33
6334,3.33,False,3.33
6335,3.33,False,3.33
6336,3.33,False,3.33
6337,3.33,False,3.33
6338,3.33,False,3.33
6339,3.33,False,3.33
6340,3.33,False,3.33
6341,3.33,False,3.33
6342,3.33,False,3.33
6343,3.33,False,3.33
6344,3.33,False,3.33
6345,3.33,False,3.33
6346,3.33,False,3.33
6347,3.33,False,3.33
6348,3.33,False,3.33
6349,2.5,False,3.164
6350,2.5,False,2.998
6351,2.5,False,2.832
6352,2.5,False,2.666
6353,2.5,False,2.5
6354,2.5,False,2.5
6355,2.5,False,2.5
6356,2.5,False,2.5
6357,2.5,False,2.5
6358,2.5,False,2.5
6359,2.5,False,2.5
6360,2.5,False,2.5
6361,2.5,False,2.5
6362,2.5,False,2.5
6363,2.5,False,2.5
6364,2.5,False,2.5
6365,2.5,False,2.5
6366,2.5,False,2.5
6367,2.5,False,2.5
6368,2.5,False,2.5
6369,2.5,False,2.5
6370,2.5,False,2.5
6371,2.5,False,2.5
6372,2.5,False,2.5
6373,2.5,False,2.5
6374,2.5,False,2.5
6375,2.5,False,2.5
6376,2.5,False,2.5
6377,2.5,False,2.5
6378,2.5,False,2.5
6379,1.67,False,2.334
6380,1.67,False,2.168
6381,1.67,False,2.002
6382,1.67,False,1.8359999999999999
6383,1.67,False,1.67
6384,1.67,False,1.67
6385,1.67,False,1.67
6386,1.67,False,1.67
6387,1.67,False,1.67
6388,1.67,False,1.67
6389,1.67,False,1.67
6390,1.67,False,1.67
6391,1.67,False,1.67
6392,1.67,False,1.67
6393,1.67,False,1.67
6394,1.67,False,1.67
6395,1.67,False,1.67
6396,1.67,False,1.67
6397,1.67,False,1.67
6398,1.67,False,1.67
6399,1.67,False,1.67
6400,1.67,False,1.67
6401,2.5,False,1.8359999999999999
6402,2.5,False,2.002
6403,2.5,False,2.168
6404,2.5,False,2.334
6405,5.0,False,3.0
6406,5.0,False,3.5
6407,5.0,False,4.0
6408,5.0,False,4.5
6409,5.0,False,5.0
6410,5.0,False,5.0
6411,5.0,False,5.0
6412,5.0,False,5.0
6413,5.0,False,5.0
6414,5.0,False,5.0
6415,5.0,False,5.0
6416,5.0,False,5.0
6417,5.0,False,5.0
6418,5.0,False,5.0
6419,5.0,False,5.0
6420,5.0,False,5.0
6421,5.0,False,5.0
6422,5.0,False,5.0
6423,5.0,False,5.0
6424,5.0,False,5.0
6425,5.0,False,5.0
6426,5.0,False,5.0
6427,5.0,False,5.0
6428,5.0,False,5.0
6429,5.0,False,5.0
6430,5.0,False,5.0
6431,5.0,False,5.0
6432,5.0,False,5.0
6433,5.0,False,5.0
6434,5.0,False,5.0
6435,5.0,False,5.0
6436,5.0,False,5.0
6437,5.0,False,5.0
6438,5.0,False,5.0
6439,5.0,False,5.0
6440,5.0,False,5.0
6441,5.0,False,5.0
6442,5.0,False,5.0
6443,5.0,False,5.0
6444,5.0,False,5.0
6445,5.0,False,5.0
6446,5.0,False,5.0
6447,5.0,False,5.0
6448,5.0,False,5.0
6449,5.0,False,5.0
6450,5.0,False,5.0
6451,5.0,False,5.0
6452,5.0,False,5.0
6453,5.0,False,5.0
6454,5.0,False,5.0
6455,5.0,False,5.0
6456,5.0,False,5.0
6457,5.0,False,5.0
6458,5.0,False,5.0
6459,5.0,False,5.0
6460,5.0,False,5.0
6461,5.0,False,5.0
6462,5.0,False,5.0
6463,5.0,False,5.0
6464,5.0,False,5.0
6465,5.0,False,5.0
6466,5.0,False,5.0
6467,5.0,False,5.0
6468,5.0,False,5.0
6469,5.0,False,5.0
6470,5.0,False,5.0
6471,5.0,False,5.0
6472,5.0,False,5.0
6473,5.0,False,5.0
6474,5.0,False,5.0
6475,5.0,False,5.0
6476,5.0,False,5.0
6477,5.0,False,5.0
6478,5.0,False,5.0
6479,5.0,False,5.0
6480,5.0,False,5.0
6481,5.0,False,5.0
6482,5.0,False,5.0
6483,5.0,False,5.0
6484,5.0,False,5.0
6485,5.0,False,5.0
6486,5.0,False,5.0
6487,5.0,False,5.0
6488,5.0,False,5.0
6489,5.0,False,5.0
6490,5.0,False,5.0
6491,5.0,False,5.0
6492,5.0,False,5.0
6493,5.0,False,5.0
6494,5.0,False,5.0
6495,5.0,False,5.0
6496,5.83,False,5.1659999999999995
6497,5.83,False,5.332
6498,5.83,False,5.498
6499,5.83,False,5.664
6500,5.83,False,5.83
6501,5.83,False,5.83
6502,5.83,False,5.83
6503,5.83,False,5.83
6504,5.83,False,5.83
6505,5.83,False,5.83
6506,5.83,False,5.83
6507,5.83,False,5.83
6508,5.83,False,5.83
6509,5.83,False,5.83
6510,5.83,False,5.83
6511,5.83,False,5.83
6512,5.83,False,5.83
6513,5.83,False,5.83
6514,5.83,False,5.83
6515,5.83,False,5.83
6516,5.83,False,5.83
6517,5.83,False,5.83
6518,5.83,False,5.83
6519,5.83,False,5.83
6520,5.83,False,5.83
6521,5.83,False,5.83
6522,5.83,False,5.83
6523,5.83,False,5.83
6524,5.83,False,5.83
6525,5.83,False,5.83
6526,5.83,False,5.83
6527,5.83,False,5.83
6528,5.83,False,5.83
6529,5.83,False,5.83
6530,5.83,False,5.83
6531,5.83,False,5.83
6532,5.83,False,5.83
6533,5.83,False,5.83
6534,5.83,False,5.83
6535,5.83,False,5.83
6536,5.83,False,5.83
6537,5.83,False,5.83
6538,5.83,False,5.83
6539,5.83,False,5.83
6540,5.83,False,5.83
6541,5.83,False,5.83
6542,5.83,False,5.83
6543,5.83,False,5.83
6544,5.83,False,5.83
6545,5.83,False,5.83
6546,5.83,False,5.83
6547,5.83,False,5.83
6548,5.83,False,5.83
6549,5.83,False,5.83
6550,5.83,False,5.83
6551,5.83,False,5.83
6552,5.83,False,5.83
6553,5.83,False,5.83
6554,5.83,False,5.83
6555,5.83,False,5.83
6556,5.83,False,5.83
6557,5.83,False,5.83
6558,5.83,False,5.83
6559,5.83,False,5.83
6560,5.83,False,5.83
6561,5.83,False,5.83
6562,5.83,False,5.83
6563,5.83,False,5.83
6564,5.83,False,5.83
6565,5.83,False,5.83
6566,5.83,False,5.83
6567,5.83,False,5.83
6568,5.83,False,5.83
6569,5.83,False,5.83
6570,5.83,False,5.83
6571,5.83,False,5.83
6572,5.83,False,5.83
6573,5.83,False,5.83
6574,5.83,False,5.83
6575,5.83,False,5.83
6576,5.83,False,5.83
6577,5.83,False,5.83
6578,5.83,False,5.83
6579,5.83,False,5.83
6580,5.83,False,5.83
6581,5.83,False,5.83
6582,5.83,False,5.83
6583,5.83,False,5.83
6584,5.83,False,5.83
6585,5.83,False,5.83
6586,5.83,False,5.83
6587,5.0,False,5.664
6588,5.0,False,5.498
6589,5.0,False,5.332000000000001
6590,5.0,False,5.1659999999999995
6591,5.0,False,5.0
6592,5.0,False,5.0
6593,5.0,False,5.0
6594,5.0,False,5.0
6595,5.0,False,5.0
6596,5.0,False,5.0
6597,5.0,False,5.0
6598,5.0,False,5.0
6599,5.0,False,5.0
6600,5.0,False,5.0
6601,5.0,False,5.0
6602,5.0,False,5.0
6603,5.0,False,5.0
6604,5.0,False,5.0
6605,5.0,False,5.0
6606,5.0,False,5.0
6607,5.0,False,5.0
6608,5.0,False,5.0
6609,5.0,False,5.0
6610,5.0,False,5.0
6611,5.0,False,5.0
6612,5.0,False,5.0
6613,5.0,False,5.0
6614,5.0,False,5.0
6615,5.0,False,5.0
6616,5.0,False,5.0
6617,5.0,False,5.0
6618,5.0,False,5.0
6619,5.0,False,5.0
6620,5.0,False,5.0
6621,5.0,False,5.0
6622,5.0,False,5.0
6623,5.0,False,5.0
6624,5.0,False,5.0
6625,5.0,False,5.0
6626,5.0,False,5.0
6627,5.0,False,5.0
6628,5.0,False,5.0
6629,5.0,False,5.0
6630,5.0,False,5.0
6631,5.0,False,5.0
6632,5.0,False,5.0
6633,5.0,False,5.0
6634,5.0,False,5.0
6635,5.0,False,5.0
6636,5.0,False,5.0
6637,5.0,False,5.0
6638,5.0,False,5.0
6639,5.0,False,5.0
6640,5.0,False,5.0
6641,5.0,False,5.0
6642,5.0,False,5.0
6643,5.0,False,5.0
6644,5.0,False,5.0
6645,5.0,False,5.0
6646,5.0,False,5.0
6647,5.0,False,5.0
6648,4.17,False,4.8340000000000005
6649,4.17,False,4.668000000000001
6650,4.17,False,4.502000000000001
6651,4.17,False,4.336
6652,4.17,False,4.17
6653,4.17,False,4.17
6654,4.17,False,4.17
6655,4.17,False,4.17
6656,4.17,False,4.17
6657,5.0,False,4.336
6658,5.0,False,4.502
6659,5.0,False,4.668
6660,5.0,False,4.8340000000000005
6661,5.0,False,5.0
6662,5.0,False,5.0
6663,5.0,False,5.0
6664,5.0,False,5.0
6665,5.0,False,5.0
6666,5.0,False,5.0
6667,5.0,False,5.0
6668,5.0,False,5.0
6669,5.0,False,5.0
6670,5.0,False,5.0
6671,5.0,False,5.0
6672,5.0,False,5.0
6673,5.0,False,5.0
6674,5.0,False,5.0
6675,5.83,False,5.1659999999999995
6676,5.83,False,5.332
6677,5.83,False,5.498
6678,5.83,False,5.664
6679,5.83,False,5.83
6680,5.83,False,5.83
6681,5.83,False,5.83
6682,5.83,False,5.83
6683,5.83,False,5.83
6684,5.83,False,5.83
6685,5.83,False,5.83
6686,5.83,False,5.83
6687,5.83,False,5.83
6688,5.83,False,5.83
6689,5.83,False,5.83
6690,5.83,False,5.83
6691,5.83,False,5.83
6692,5.83,False,5.83
6693,5.83,False,5.83
6694,5.83,False,5.83
6695,5.83,False,5.83
6696,5.83,False,5.83
6697,5.83,False,5.83
6698,5.83,False,5.83
6699,5.83,False,5.83
6700,5.83,False,5.83
6701,5.83,False,5.83
6702,5.83,False,5.83
6703,5.83,False,5.83
6704,5.83,False,5.83
6705,5.83,False,5.83
6706,5.83,False,5.83
6707,5.83,False,5.83
6708,5.83,False,5.83
6709,5.83,False,5.83
6710,5.83,False,5.83
6711,5.83,False,5.83
6712,5.83,False,5.83
6713,5.83,False,5.83
6714,5.83,False,5.83
6715,5.83,False,5.83
6716,5.83,False,5.83
6717,5.83,False,5.83
6718,5.83,False,5.83
6719,5.83,False,5.83
6720,5.83,False,5.83
6721,5.83,False,5.83
6722,5.83,False,5.83
6723,5.83,False,5.83
6724,5.83,False,5.83
6725,5.83,False,5.83
6726,5.83,False,5.83
6727,5.83,False,5.83
6728,5.83,False,5.83
6729,5.83,False,5.83
6730,5.83,False,5.83
6731,5.83,False,5.83
6732,5.83,False,5.83
6733,5.83,False,5.83
6734,5.83,False,5.83
6735,5.83,False,5.83
6736,5.0,False,5.664
6737,5.0,False,5.498
6738,5.0,False,5.332000000000001
6739,5.0,False,5.1659999999999995
6740,5.0,False,5.0
6741,5.0,False,5.0
6742,5.0,False,5.0
6743,5.0,False,5.0
6744,5.0,False,5.0
6745,5.0,False,5.0
6746,5.0,False,5.0
6747,5.0,False,5.0
6748,5.0,False,5.0
6749,5.0,False,5.0
6750,5.0,False,5.0
6751,5.0,False,5.0
6752,5.0,False,5.0
6753,5.0,False,5.0
6754,5.0,False,5.0
6755,5.0,False,5.0
6756,5.0,False,5.0
6757,5.0,False,5.0
6758,5.0,False,5.0
6759,5.0,False,5.0
6760,5.0,False,5.0
6761,5.0,False,5.0
6762,5.0,False,5.0
6763,5.0,False,5.0
6764,5.0,False,5.0
6765,5.0,False,5.0
6766,4.17,False,4.8340000000000005
6767,4.17,False,4.668000000000001
6768,4.17,False,4.502000000000001
6769,4.17,False,4.336
6770,4.17,False,4.17
6771,4.17,False,4.17
6772,4.17,False,4.17
6773,4.17,False,4.17
6774,4.17,False,4.17
6775,4.17,False,4.17
6776,4.17,False,4.17
6777,4.17,False,4.17
6778,4.17,False,4.17
6779,4.17,False,4.17
6780,4.17,False,4.17
6781,4.17,False,4.17
6782,4.17,False,4.17
6783,4.17,False,4.17
6784,4.17,False,4.17
6785,4.17,False,4.17
6786,4.17,False,4.17
6787,4.17,False,4.17
6788,4.17,False,4.17
6789,4.17,False,4.17
6790,4.17,False,4.17
6791,4.17,False,4.17
6792,4.17,False,4.17
6793,4.17,False,4.17
6794,4.17,False,4.17
6795,4.17,False,4.17
6796,4.17,False,4.17
6797,4.17,False,4.17
6798,4.17,False,4.17
6799,4.17,False,4.17
6800,4.17,False,4.17
6801,4.17,False,4.17
6802,4.17,False,4.17
6803,4.17,False,4.17
6804,4.17,False,4.17
6805,4.17,False,4.17
6806,4.17,False,4.17
6807,4.17,False,4.17
6808,4.17,False,4.17
6809,4.17,False,4.17
6810,4.17,False,4.17
6811,4.17,False,4.17
6812,4.17,False,4.17
6813,4.17,False,4.17
6814,4.17,False,4.17
6815,4.17,False,4.17
6816,4.17,False,4.17
6817,4.17,False,4.17
6818,4.17,False,4.17
6819,4.17,False,4.17
6820,4.17,False,4.17
6821,4.17,False,4.17
6822,4.17,False,4.17
6823,4.17,False,4.17
6824,4.17,False,4.17
6825,4.17,False,4.17
6826,4.17,False,4.17
6827,4.17,False,4.17
6828,4.17,False,4.17
6829,4.17,False,4.17
6830,4.17,False,4.17
6831,4.17,False,4.17
6832,4.17,False,4.17
6833,4.17,False,4.17
6834,4.17,False,4.17
6835,4.17,False,4.17
6836,4.17,False,4.17
6837,4.17,False,4.17
6838,4.17,False,4.17
6839,4.17,False,4.17
6840,4.17,False,4.17
6841,4.17,False,4.17
6842,4.17,False,4.17
6843,4.17,False,4.17
6844,4.17,False,4.17
6845,4.17,False,4.17
6846,4.17,False,4.17
6847,4.17,False,4.17
6848,4.17,False,4.17
6849,4.17,False,4.17
6850,4.17,False,4.17
6851,4.17,False,4.17
6852,4.17,False,4.17
6853,4.17,False,4.17
6854,4.17,False,4.17
6855,4.17,False,4.17
6856,4.17,False,4.17
6857,4.17,False,4.17
6858,4.17,False,4.17
6859,4.17,False,4.17
6860,4.17,False,4.17
6861,4.17,False,4.17
6862,4.17,False,4.17
6863,4.17,False,4.17
6864,4.17,False,4.17
6865,4.17,False,4.17
6866,4.17,False,4.17
6867,4.17,False,4.17
6868,4.17,False,4.17
6869,4.17,False,4.17
6870,4.17,False,4.17
6871,4.17,False,4.17
6872,4.17,False,4.17
6873,4.17,False,4.17
6874,4.17,False,4.17
6875,4.17,False,4.17
6876,4.17,False,4.17
6877,4.17,False,4.17
6878,4.17,False,4.17
6879,4.17,False,4.17
6880,4.17,False,4.17
6881,4.17,False,4.17
6882,4.17,False,4.17
6883,4.17,False,4.17
6884,4.17,False,4.17
6885,4.17,False,4.17
6886,4.17,False,4.17
6887,4.17,False,4.17
6888,5.0,False,4.336
6889,5.0,False,4.502
6890,5.0,False,4.667999999999999
6891,5.0,False,4.8340000000000005
6892,5.0,False,5.0
6893,5.0,False,5.0
6894,5.0,False,5.0
6895,5.0,False,5.0
6896,5.0,False,5.0
6897,5.0,False,5.0
6898,5.0,False,5.0
6899,5.0,False,5.0
6900,5.0,False,5.0
6901,5.0,False,5.0
6902,5.0,False,5.0
6903,5.0,False,5.0
6904,5.0,False,5.0
6905,5.0,False,5.0
6906,5.0,False,5.0
6907,5.0,False,5.0
6908,5.0,False,5.0
6909,5.0,False,5.0
6910,5.0,False,5.0
6911,5.0,False,5.0
6912,5.0,False,5.0
6913,5.0,False,5.0
6914,5.0,False,5.0
6915,4.17,False,4.834
6916,4.17,False,4.668000000000001
6917,4.17,False,4.502000000000001
6918,4.17,False,4.336
6919,4.17,False,4.17
6920,4.17,False,4.17
6921,4.17,False,4.17
6922,4.17,False,4.17
6923,4.17,False,4.17
6924,4.17,False,4.17
6925,4.17,False,4.17
6926,4.17,False,4.17
6927,4.17,False,4.17
6928,4.17,False,4.17
6929,4.17,False,4.17
6930,4.17,False,4.17
6931,4.17,False,4.17
6932,4.17,False,4.17
6933,4.17,False,4.17
6934,4.17,False,4.17
6935,4.17,False,4.17
6936,4.17,False,4.17
6937,4.17,False,4.17
6938,4.17,False,4.17
6939,4.17,False,4.17
6940,4.17,False,4.17
6941,4.17,False,4.17
6942,4.17,False,4.17
6943,4.17,False,4.17
6944,4.17,False,4.17
6945,5.83,False,4.502
6946,5.83,False,4.8340000000000005
6947,5.83,False,5.1659999999999995
6948,5.83,False,5.498
6949,5.83,False,5.83
6950,5.83,False,5.83
6951,5.83,False,5.83
6952,5.83,False,5.83
6953,5.83,False,5.83
6954,5.83,False,5.83
6955,5.83,False,5.83
6956,5.83,False,5.83
6957,5.83,False,5.83
6958,5.83,False,5.83
6959,5.83,False,5.83
6960,5.83,False,5.83
6961,5.83,False,5.83
6962,5.83,False,5.83
6963,5.83,False,5.83
6964,5.83,False,5.83
6965,5.83,False,5.83
6966,5.83,False,5.83
6967,5.83,False,5.83
6968,5.83,False,5.83
6969,5.83,False,5.83
6970,5.83,False,5.83
6971,5.83,False,5.83
6972,5.83,False,5.83
6973,5.83,False,5.83
6974,5.83,False,5.83
6975,9.17,False,6.498
6976,9.17,False,7.1659999999999995
6977,9.17,False,7.8340000000000005
6978,9.17,False,8.502
6979,9.17,False,9.17
6980,9.17,False,9.17
6981,9.17,False,9.17
6982,9.17,False,9.17
6983,9.17,False,9.17
6984,9.17,False,9.17
6985,9.17,False,9.17
6986,9.17,False,9.17
6987,9.17,False,9.17
6988,9.17,False,9.17
6989,9.17,False,9.17
6990,9.17,False,9.17
6991,9.17,False,9.17
6992,9.17,False,9.17
6993,9.17,False,9.17
6994,9.17,False,9.17
6995,9.17,False,9.17
6996,9.17,False,9.17
6997,9.17,False,9.17
6998,9.17,False,9.17
6999,9.17,False,9.17
7000,9.17,False,9.17
7001,9.17,False,9.17
7002,9.17,False,9.17
7003,9.17,False,9.17
7004,9.17,False,9.17
7005,9.17,False,9.17
7006,11.67,False,9.67
7007,11.67,False,10.169999999999998
7008,11.67,False,10.669999999999998
7009,11.67,False,11.17
7010,11.67,False,11.67
7011,11.67,False,11.67
7012,11.67,False,11.67
7013,11.67,False,11.67
7014,11.67,False,11.67
7015,11.67,False,11.67
7016,11.67,False,11.67
7017,11.67,False,11.67
7018,11.67,False,11.67
7019,11.67,False,11.67
7020,11.67,False,11.67
7021,11.67,False,11.67
7022,11.67,False,11.67
7023,11.67,False,11.67
7024,11.67,False,11.67
7025,11.67,False,11.67
7026,11.67,False,11.67
7027,11.67,False,11.67
7028,11.67,False,11.67
7029,11.67,False,11.67
7030,11.67,False,11.67
7031,11.67,False,11.67
7032,11.67,False,11.67
7033,11.67,False,11.67
7034,11.67,False,11.67
7035,11.67,False,11.67
7036,14.17,False,12.169999999999998
7037,14.17,False,12.67
7038,14.17,False,13.169999999999998
7039,14.17,False,13.669999999999998
7040,14.17,False,14.17
7041,14.17,False,14.17
7042,14.17,False,14.17
7043,14.17,False,14.17
7044,14.17,False,14.17
7045,14.17,False,14.17
7046,14.17,False,14.17
7047,14.17,False,14.17
7048,14.17,False,14.17
7049,14.17,False,14.17
7050,14.17,False,14.17
7051,14.17,False,14.17
7052,14.17,False,14.17
7053,14.17,False,14.17
7054,14.17,False,14.17
7055,14.17,False,14.17
7056,14.17,False,14.17
7057,14.17,False,14.17
7058,14.17,False,14.17
7059,14.17,False,14.17
7060,14.17,False,14.17
7061,14.17,False,14.17
7062,14.17,False,14.17
7063,14.17,False,14.17
7064,14.17,False,14.17
7065,14.17,False,14.17
7066,14.17,False,14.17
7067,15.0,False,14.335999999999999
7068,15.0,False,14.501999999999999
7069,15.0,False,14.668000000000001
7070,15.0,False,14.834
7071,15.0,False,15.0
7072,15.0,False,15.0
7073,15.0,False,15.0
7074,15.0,False,15.0
7075,15.0,False,15.0
7076,15.0,False,15.0
7077,15.0,False,15.0
7078,15.0,False,15.0
7079,15.0,False,15.0
7080,15.0,False,15.0
7081,15.0,False,15.0
7082,15.0,False,15.0
7083,15.0,False,15.0
7084,15.0,False,15.0
7085,15.0,False,15.0
7086,15.0,False,15.0
7087,15.0,False,15.0
7088,15.0,False,15.0
7089,15.0,False,15.0
7090,15.0,False,15.0
7091,15.0,False,15.0
7092,15.0,False,15.0
7093,15.0,False,15.0
7094,15.0,False,15.0
7095,15.0,False,15.0
7096,15.0,False,15.0
7097,15.83,False,15.166
7098,15.83,False,15.331999999999999
7099,15.83,False,15.498
7100,15.83,False,15.663999999999998
7101,15.83,False,15.83
7102,15.83,False,15.83
7103,15.83,False,15.83
7104,15.83,False,15.83
7105,15.83,False,15.83
7106,15.83,False,15.83
7107,15.83,False,15.83
7108,15.83,False,15.83
7109,15.83,False,15.83
7110,15.83,False,15.83
7111,15.83,False,15.83
7112,15.83,False,15.83
7113,15.83,False,15.83
7114,15.83,False,15.83
7115,15.83,False,15.83
7116,15.83,False,15.83
7117,15.83,False,15.83
7118,15.83,False,15.83
7119,15.83,False,15.83
7120,15.83,False,15.83
7121,15.83,False,15.83
7122,15.83,False,15.83
7123,15.83,False,15.83
7124,15.83,False,15.83
7125,15.83,False,15.83
7126,15.83,False,15.83
7127,16.67,False,15.998000000000001
7128,16.67,False,16.166000000000004
7129,16.67,False,16.334000000000003
7130,16.67,False,16.502
7131,16.67,False,16.67
7132,16.67,False,16.67
7133,16.67,False,16.67
7134,16.67,False,16.67
7135,16.67,False,16.67
7136,16.67,False,16.67
7137,16.67,False,16.67
7138,16.67,False,16.67
7139,16.67,False,16.67
7140,16.67,False,16.67
7141,16.67,False,16.67
7142,16.67,False,16.67
7143,16.67,False,16.67
7144,16.67,False,16.67
7145,16.67,False,16.67
7146,16.67,False,16.67
7147,16.67,False,16.67
7148,16.67,False,16.67
7149,16.67,False,16.67
7150,16.67,False,16.67
7151,16.67,False,16.67
7152,16.67,False,16.67
7153,16.67,False,16.67
7154,16.67,False,16.67
7155,16.67,False,16.67
7156,16.67,False,16.67
7157,16.67,False,16.67
7158,17.5,False,16.836000000000002
7159,17.5,False,17.002
7160,17.5,False,17.168
7161,17.5,False,17.333999999999996
7162,17.5,False,17.5
7163,17.5,False,17.5
7164,17.5,False,17.5
7165,17.5,False,17.5
7166,17.5,False,17.5
7167,17.5,False,17.5
7168,17.5,False,17.5
7169,17.5,False,17.5
7170,17.5,False,17.5
7171,17.5,False,17.5
7172,17.5,False,17.5
7173,17.5,False,17.5
7174,17.5,False,17.5
7175,17.5,False,17.5
7176,17.5,False,17.5
7177,17.5,False,17.5
7178,17.5,False,17.5
7179,17.5,False,17.5
7180,17.5,False,17.5
7181,17.5,False,17.5
7182,17.5,False,17.5
7183,17.5,False,17.5
7184,17.5,False,17.5
7185,17.5,False,17.5
7186,17.5,False,17.5
7187,17.5,False,17.5
7188,17.5,False,17.5
7189,17.5,False,17.5
7190,17.5,False,17.5
7191,17.5,False,17.5
7192,17.5,False,17.5
7193,17.5,False,17.5
7194,17.5,False,17.5
7195,17.5,False,17.5
7196,17.5,False,17.5
7197,17.5,False,17.5
7198,17.5,False,17.5
7199,17.5,False,17.5
7200,17.5,False,17.5
7201,17.5,False,17.5
7202,17.5,False,17.5
7203,17.5,False,17.5
7204,17.5,False,17.5
7205,17.5,False,17.5
7206,17.5,False,17.5
7207,17.5,False,17.5
7208,17.5,False,17.5
7209,17.5,False,17.5
7210,17.5,False,17.5
7211,17.5,False,17.5
7212,17.5,False,17.5
7213,17.5,False,17.5
7214,17.5,False,17.5
7215,17.5,False,17.5
7216,17.5,False,17.5
7217,17.5,False,17.5
7218,17.5,False,17.5
7219,17.5,False,17.5
7220,17.5,False,17.5
7221,17.5,False,17.5
7222,17.5,False,17.5
7223,17.5,False,17.5
7224,17.5,False,17.5
7225,17.5,False,17.5
7226,17.5,False,17.5
7227,17.5,False,17.5
7228,17.5,False,17.5
7229,17.5,False,17.5
7230,17.5,False,17.5
7231,17.5,False,17.5
7232,17.5,False,17.5
7233,17.5,False,17.5
7234,17.5,False,17.5
7235,17.5,False,17.5
7236,17.5,False,17.5
7237,17.5,False,17.5
7238,17.5,False,17.5
7239,17.5,False,17.5
7240,17.5,False,17.5
7241,17.5,False,17.5
7242,16.67,False,17.334000000000003
7243,16.67,False,17.168
7244,16.67,False,17.002000000000002
7245,16.67,False,16.836000000000002
7246,16.67,False,16.67
7247,16.67,False,16.67
7248,16.67,False,16.67
7249,16.67,False,16.67
7250,16.67,False,16.67
7251,16.67,False,16.67
7252,16.67,False,16.67
7253,16.67,False,16.67
7254,16.67,False,16.67
7255,16.67,False,16.67
7256,16.67,False,16.67
7257,16.67,False,16.67
7258,16.67,False,16.67
7259,16.67,False,16.67
7260,16.67,False,16.67
7261,16.67,False,16.67
7262,16.67,False,16.67
7263,16.67,False,16.67
7264,16.67,False,16.67
7265,16.67,False,16.67
7266,16.67,False,16.67
7267,16.67,False,16.67
7268,16.67,False,16.67
7269,16.67,False,16.67
7270,16.67,False,16.67
7271,16.67,False,16.67
7272,16.67,False,16.67
7273,16.67,False,16.67
7274,16.67,False,16.67
7275,16.67,False,16.67
7276,16.67,False,16.67
7277,16.67,False,16.67
7278,16.67,False,16.67
7279,16.67,False,16.67
7280,16.67,False,16.67
7281,16.67,False,16.67
7282,16.67,False,16.67
7283,16.67,False,16.67
7284,16.67,False,16.67
7285,16.67,False,16.67
7286,16.67,False,16.67
7287,16.67,False,16.67
7288,16.67,False,16.67
7289,16.67,False,16.67
7290,16.67,False,16.67
7291,16.67,False,16.67
7292,16.67,False,16.67
7293,16.67,False,16.67
7294,16.67,False,16.67
7295,16.67,False,16.67
7296,16.67,False,16.67
7297,16.67,False,16.67
7298,16.67,False,16.67
7299,16.67,False,16.67
7300,16.67,False,16.67
7301,16.67,False,16.67
7302,16.67,False,16.67
7303,17.5,False,16.836000000000002
7304,17.5,False,17.002000000000002
7305,17.5,False,17.168
7306,17.5,False,17.334000000000003
7307,17.5,False,17.5
7308,17.5,False,17.5
7309,17.5,False,17.5
7310,17.5,False,17.5
7311,17.5,False,17.5
7312,17.5,False,17.5
7313,17.5,False,17.5
7314,17.5,False,17.5
7315,17.5,False,17.5
7316,17.5,False,17.5
7317,17.5,False,17.5
7318,17.5,False,17.5
7319,17.5,False,17.5
7320,17.5,False,17.5
7321,17.5,False,17.5
7322,17.5,False,17.5
7323,17.5,False,17.5
7324,17.5,False,17.5
7325,17.5,False,17.5
7326,17.5,False,17.5
7327,17.5,False,17.5
7328,17.5,False,17.5
7329,17.5,False,17.5
7330,17.5,False,17.5
7331,17.5,False,17.5
7332,17.5,False,17.5
7333,17.5,False,17.5
7334,17.5,False,17.5
7335,17.5,False,17.5
7336,17.5,False,17.5
7337,17.5,False,17.5
7338,17.5,False,17.5
7339,17.5,False,17.5
7340,17.5,False,17.5
7341,17.5,False,17.5
7342,17.5,False,17.5
7343,17.5,False,17.5
7344,17.5,False,17.5
7345,17.5,False,17.5
7346,17.5,False,17.5
7347,17.5,False,17.5
7348,17.5,False,17.5
7349,17.5,False,17.5
7350,17.5,False,17.5
7351,17.5,False,17.5
7352,17.5,False,17.5
7353,17.5,False,17.5
7354,17.5,False,17.5
7355,17.5,False,17.5
7356,17.5,False,17.5
7357,17.5,False,17.5
7358,17.5,False,17.5
7359,17.5,False,17.5
7360,17.5,False,17.5
7361,17.5,False,17.5
7362,17.5,False,17.5
7363,17.5,False,17.5
7364,17.5,False,17.5
7365,17.5,False,17.5
7366,17.5,False,17.5
7367,17.5,False,17.5
7368,17.5,False,17.5
7369,17.5,False,17.5
7370,17.5,False,17.5
7371,17.5,False,17.5
7372,17.5,False,17.5
7373,17.5,False,17.5
7374,17.5,False,17.5
7375,17.5,False,17.5
7376,17.5,False,17.5
7377,17.5,False,17.5
7378,17.5,False,17.5
7379,17.5,False,17.5
7380,17.5,False,17.5
7381,17.5,False,17.5
7382,17.5,False,17.5
7383,17.5,False,17.5
7384,17.5,False,17.5
7385,17.5,False,17.5
7386,17.5,False,17.5
7387,17.5,False,17.5
7388,17.5,False,17.5
7389,17.5,False,17.5
7390,17.5,False,17.5
7391,17.5,False,17.5
7392,17.5,False,17.5
7393,17.5,False,17.5
7394,17.5,False,17.5
7395,17.5,False,17.5
7396,17.5,False,17.5
7397,17.5,False,17.5
7398,17.5,False,17.5
7399,17.5,False,17.5
7400,17.5,False,17.5
7401,17.5,False,17.5
7402,17.5,False,17.5
7403,17.5,False,17.5
7404,17.5,False,17.5
7405,17.5,False,17.5
7406,17.5,False,17.5
7407,17.5,False,17.5
7408,17.5,False,17.5
7409,17.5,False,17.5
7410,17.5,False,17.5
7411,17.5,False,17.5
7412,17.5,False,17.5
7413,17.5,False,17.5
7414,17.5,False,17.5
7415,17.5,False,17.5
7416,17.5,False,17.5
7417,17.5,False,17.5
7418,17.5,False,17.5
7419,17.5,False,17.5
7420,17.5,False,17.5
7421,17.5,False,17.5
7422,17.5,False,17.5
7423,17.5,False,17.5
7424,17.5,False,17.5
7425,15.0,False,17.0
7426,15.0,False,16.5
7427,15.0,False,16.0
7428,15.0,False,15.5
7429,15.0,False,15.0
7430,15.0,False,15.0
7431,15.0,False,15.0
7432,15.0,False,15.0
7433,15.0,False,15.0
7434,15.0,False,15.0
7435,15.0,False,15.0
7436,15.0,False,15.0
7437,15.0,False,15.0
7438,15.0,False,15.0
7439,15.0,False,15.0
7440,15.0,False,15.0
7441,15.0,False,15.0
7442,15.0,False,15.0
7443,15.0,False,15.0
7444,15.0,False,15.0
7445,10.83,False,14.166
7446,10.83,False,13.331999999999999
7447,10.83,False,12.498000000000001
7448,10.83,False,11.664
7449,10.83,False,10.83
7450,10.83,False,10.83
7451,10.83,False,10.83
7452,10.83,False,10.83
7453,10.83,False,10.83
7454,10.83,False,10.83
7455,10.83,False,10.83
7456,10.83,False,10.83
7457,10.83,False,10.83
7458,10.83,False,10.83
7459,10.83,False,10.83
7460,10.83,False,10.83
7461,10.83,False,10.83
7462,10.83,False,10.83
7463,10.83,False,10.83
7464,10.83,False,10.83
7465,10.83,False,10.83
7466,10.83,False,10.83
7467,10.83,False,10.83
7468,10.83,False,10.83
7469,10.83,False,10.83
7470,10.83,False,10.83
7471,10.83,False,10.83
7472,10.83,False,10.83
7473,10.83,False,10.83
7474,10.83,False,10.83
7475,9.17,False,10.498000000000001
7476,9.17,False,10.166
7477,9.17,False,9.834
7478,9.17,False,9.502
7479,9.17,False,9.17
7480,9.17,False,9.17
7481,9.17,False,9.17
7482,9.17,False,9.17
7483,9.17,False,9.17
7484,9.17,False,9.17
7485,9.17,False,9.17
7486,9.17,False,9.17
7487,9.17,False,9.17
7488,9.17,False,9.17
7489,9.17,False,9.17
7490,9.17,False,9.17
7491,9.17,False,9.17
7492,9.17,False,9.17
7493,9.17,False,9.17
7494,9.17,False,9.17
7495,9.17,False,9.17
7496,9.17,False,9.17
7497,9.17,False,9.17
7498,9.17,False,9.17
7499,9.17,False,9.17
7500,9.17,False,9.17
7501,9.17,False,9.17
7502,9.17,False,9.17
7503,9.17,False,9.17
7504,9.17,False,9.17
7505,9.17,False,9.17
7506,11.67,False,9.669999999999998
7507,11.67,False,10.169999999999998
7508,11.67,False,10.67
7509,11.67,False,11.17
7510,11.67,False,11.67
7511,11.67,False,11.67
7512,11.67,False,11.67
7513,11.67,False,11.67
7514,11.67,False,11.67
7515,11.67,False,11.67
7516,11.67,False,11.67
7517,11.67,False,11.67
7518,11.67,False,11.67
7519,11.67,False,11.67
7520,11.67,False,11.67
7521,11.67,False,11.67
7522,11.67,False,11.67
7523,11.67,False,11.67
7524,11.67,False,11.67
7525,11.67,False,11.67
7526,11.67,False,11.67
7527,11.67,False,11.67
7528,11.67,False,11.67
7529,11.67,False,11.67
7530,11.67,False,11.67
7531,11.67,False,11.67
7532,11.67,False,11.67
7533,11.67,False,11.67
7534,11.67,False,11.67
7535,11.67,False,11.67
7536,10.0,False,11.336
7537,10.0,False,11.001999999999999
7538,10.0,False,10.668
7539,10.0,False,10.334
7540,10.0,False,10.0
7541,10.0,False,10.0
7542,10.0,False,10.0
7543,10.0,False,10.0
7544,10.0,False,10.0
7545,10.0,False,10.0
7546,10.0,False,10.0
7547,10.0,False,10.0
7548,10.0,False,10.0
7549,10.0,False,10.0
7550,10.0,False,10.0
7551,10.0,False,10.0
7552,10.0,False,10.0
7553,10.0,False,10.0
7554,10.0,False,10.0
7555,10.0,False,10.0
7556,10.0,False,10.0
7557,10.0,False,10.0
7558,10.0,False,10.0
7559,10.0,False,10.0
7560,10.0,False,10.0
7561,10.0,False,10.0
7562,10.0,False,10.0
7563,10.0,False,10.0
7564,10.0,False,10.0
7565,10.0,False,10.0
7566,10.0,False,10.0
7567,9.17,False,9.834
7568,9.17,False,9.668000000000001
7569,9.17,False,9.502
7570,9.17,False,9.336
7571,9.17,False,9.17
7572,9.17,False,9.17
7573,9.17,False,9.17
7574,9.17,False,9.17
7575,9.17,False,9.17
7576,9.17,False,9.17
7577,9.17,False,9.17
7578,9.17,False,9.17
7579,9.17,False,9.17
7580,9.17,False,9.17
7581,9.17,False,9.17
7582,9.17,False,9.17
7583,9.17,False,9.17
7584,9.17,False,9.17
7585,9.17,False,9.17
7586,9.17,False,9.17
7587,9.17,False,9.17
7588,9.17,False,9.17
7589,9.17,False,9.17
7590,9.17,False,9.17
7591,9.17,False,9.17
7592,9.17,False,9.17
7593,9.17,False,9.17
7594,9.17,False,9.17
7595,9.17,False,9.17
7596,9.17,False,9.17
7597,10.0,False,9.336
7598,10.0,False,9.502
7599,10.0,False,9.668000000000001
7600,10.0,False,9.834
7601,10.0,False,10.0
7602,10.0,False,10.0
7603,10.0,False,10.0
7604,10.0,False,10.0
7605,10.0,False,10.0
7606,10.0,False,10.0
7607,10.0,False,10.0
7608,10.0,False,10.0
7609,10.0,False,10.0
7610,10.0,False,10.0
7611,10.0,False,10.0
7612,10.0,False,10.0
7613,10.0,False,10.0
7614,10.0,False,10.0
7615,10.0,False,10.0
7616,10.0,False,10.0
7617,10.0,False,10.0
7618,10.0,False,10.0
7619,10.0,False,10.0
7620,10.0,False,10.0
7621,10.0,False,10.0
7622,10.0,False,10.0
7623,10.0,False,10.0
7624,10.0,False,10.0
7625,10.0,False,10.0
7626,10.0,False,10.0
7627,10.0,False,10.0
7628,10.0,False,10.0
7629,10.0,False,10.0
7630,10.0,False,10.0
7631,10.0,False,10.0
7632,10.0,False,10.0
7633,10.0,False,10.0
7634,10.0,False,10.0
7635,10.0,False,10.0
7636,10.0,False,10.0
7637,10.0,False,10.0
7638,10.0,False,10.0
7639,10.0,False,10.0
7640,10.0,False,10.0
7641,10.0,False,10.0
7642,10.0,False,10.0
7643,10.0,False,10.0
7644,10.0,False,10.0
7645,10.0,False,10.0
7646,10.0,False,10.0
7647,10.0,False,10.0
7648,10.0,False,10.0
7649,10.0,False,10.0
7650,10.0,False,10.0
7651,10.0,False,10.0
7652,10.0,False,10.0
7653,10.0,False,10.0
7654,10.0,False,10.0
7655,10.0,False,10.0
7656,10.0,False,10.0
7657,10.0,False,10.0
7658,10.0,False,10.0
7659,10.0,False,10.0
7660,10.0,False,10.0
7661,10.0,False,10.0
7662,10.0,False,10.0
7663,10.0,False,10.0
7664,10.0,False,10.0
7665,10.0,False,10.0
7666,10.0,False,10.0
7667,10.0,False,10.0
7668,10.0,False,10.0
7669,10.0,False,10.0
7670,10.0,False,10.0
7671,10.0,False,10.0
7672,10.0,False,10.0
7673,10.0,False,10.0
7674,10.0,False,10.0
7675,10.0,False,10.0
7676,10.0,False,10.0
7677,10.0,False,10.0
7678,10.0,False,10.0
7679,10.0,False,10.0
7680,10.0,False,10.0
7681,11.67,False,10.334
7682,11.67,False,10.668
7683,11.67,False,11.001999999999999
7684,11.67,False,11.336
7685,11.67,False,11.67
7686,11.67,False,11.67
7687,11.67,False,11.67
7688,11.67,False,11.67
7689,11.67,False,11.67
7690,11.67,False,11.67
7691,11.67,False,11.67
7692,11.67,False,11.67
7693,11.67,False,11.67
7694,11.67,False,11.67
7695,11.67,False,11.67
7696,11.67,False,11.67
7697,11.67,False,11.67
7698,11.67,False,11.67
7699,11.67,False,11.67
7700,11.67,False,11.67
7701,11.67,False,11.67
7702,11.67,False,11.67
7703,11.67,False,11.67
7704,11.67,False,11.67
7705,11.67,False,11.67
7706,11.67,False,11.67
7707,11.67,False,11.67
7708,11.67,False,11.67
7709,11.67,False,11.67
7710,10.83,False,11.501999999999999
7711,10.83,False,11.334
7712,10.83,False,11.166
7713,10.83,False,10.998
7714,10.83,False,10.83
7715,10.83,False,10.83
7716,10.83,False,10.83
7717,10.83,False,10.83
7718,10.83,False,10.83
7719,10.83,False,10.83
7720,10.83,False,10.83
7721,10.83,False,10.83
7722,10.83,False,10.83
7723,10.83,False,10.83
7724,10.83,False,10.83
7725,10.83,False,10.83
7726,10.83,False,10.83
7727,10.83,False,10.83
7728,10.83,False,10.83
7729,10.83,False,10.83
7730,10.83,False,10.83
7731,10.83,False,10.83
7732,10.83,False,10.83
7733,10.83,False,10.83
7734,10.83,False,10.83
7735,10.83,False,10.83
7736,10.83,False,10.83
7737,10.83,False,10.83
7738,10.83,False,10.83
7739,10.83,False,10.83
7740,10.83,False,10.83
7741,11.67,False,10.998000000000001
7742,11.67,False,11.166
7743,11.67,False,11.334
7744,11.67,False,11.501999999999999
7745,11.67,False,11.67
7746,11.67,False,11.67
7747,11.67,False,11.67
7748,11.67,False,11.67
7749,11.67,False,11.67
7750,11.67,False,11.67
7751,11.67,False,11.67
7752,11.67,False,11.67
7753,11.67,False,11.67
7754,11.67,False,11.67
7755,11.67,False,11.67
7756,11.67,False,11.67
7757,11.67,False,11.67
7758,11.67,False,11.67
7759,11.67,False,11.67
7760,11.67,False,11.67
7761,11.67,False,11.67
7762,11.67,False,11.67
7763,11.67,False,11.67
7764,11.67,False,11.67
7765,11.67,False,11.67
7766,11.67,False,11.67
7767,11.67,False,11.67
7768,11.67,False,11.67
7769,11.67,False,11.67
7770,11.67,False,11.67
7771,11.67,False,11.67
7772,11.67,False,11.67
7773,11.67,False,11.67
7774,11.67,False,11.67
7775,11.67,False,11.67
7776,11.67,False,11.67
7777,11.67,False,11.67
7778,11.67,False,11.67
7779,11.67,False,11.67
7780,11.67,False,11.67
7781,11.67,False,11.67
7782,11.67,False,11.67
7783,11.67,False,11.67
7784,11.67,False,11.67
7785,11.67,False,11.67
7786,11.67,False,11.67
7787,11.67,False,11.67
7788,11.67,False,11.67
7789,11.67,False,11.67
7790,11.67,False,11.67
7791,11.67,False,11.67
7792,11.67,False,11.67
7793,11.67,False,11.67
7794,11.67,False,11.67
7795,11.67,False,11.67
7796,11.67,False,11.67
7797,11.67,False,11.67
7798,11.67,False,11.67
7799,11.67,False,11.67
7800,11.67,False,11.67
7801,11.67,False,11.67
7802,11.67,False,11.67
7803,11.67,False,11.67
7804,11.67,False,11.67
7805,11.67,False,11.67
7806,11.67,False,11.67
7807,11.67,False,11.67
7808,11.67,False,11.67
7809,11.67,False,11.67
7810,11.67,False,11.67
7811,11.67,False,11.67
7812,11.67,False,11.67
7813,11.67,False,11.67
7814,11.67,False,11.67
7815,11.67,False,11.67
7816,11.67,False,11.67
7817,11.67,False,11.67
7818,11.67,False,11.67
7819,11.67,False,11.67
7820,11.67,False,11.67
7821,11.67,False,11.67
7822,11.67,False,11.67
7823,11.67,False,11.67
7824,11.67,False,11.67
7825,11.67,False,11.67
7826,11.67,False,11.67
7827,11.67,False,11.67
7828,11.67,False,11.67
7829,11.67,False,11.67
7830,11.67,False,11.67
7831,11.67,False,11.67
7832,12.5,False,11.835999999999999
7833,12.5,False,12.002
7834,12.5,False,12.168000000000001
7835,12.5,False,12.334
7836,12.5,False,12.5
7837,12.5,False,12.5
7838,12.5,False,12.5
7839,12.5,False,12.5
7840,12.5,False,12.5
7841,12.5,False,12.5
7842,12.5,False,12.5
7843,12.5,False,12.5
7844,12.5,False,12.5
7845,12.5,False,12.5
7846,12.5,False,12.5
7847,12.5,False,12.5
7848,12.5,False,12.5
7849,12.5,False,12.5
7850,12.5,False,12.5
7851,12.5,False,12.5
7852,12.5,False,12.5
7853,12.5,False,12.5
7854,12.5,False,12.5
7855,12.5,False,12.5
7856,12.5,False,12.5
7857,12.5,False,12.5
7858,12.5,False,12.5
7859,12.5,False,12.5
7860,12.5,False,12.5
7861,12.5,False,12.5
7862,12.5,False,12.5
7863,11.67,False,12.334
7864,11.67,False,12.168000000000001
7865,11.67,False,12.002
7866,11.67,False,11.836000000000002
7867,11.67,False,11.67
7868,11.67,False,11.67
7869,11.67,False,11.67
7870,11.67,False,11.67
7871,11.67,False,11.67
7872,11.67,False,11.67
7873,11.67,False,11.67
7874,11.67,False,11.67
7875,11.67,False,11.67
7876,11.67,False,11.67
7877,11.67,False,11.67
7878,11.67,False,11.67
7879,11.67,False,11.67
7880,11.67,False,11.67
7881,11.67,False,11.67
7882,11.67,False,11.67
7883,11.67,False,11.67
7884,11.67,False,11.67
7885,11.67,False,11.67
7886,11.67,False,11.67
7887,11.67,False,11.67
7888,11.67,False,11.67
7889,11.67,False,11.67
7890,11.67,False,11.67
7891,11.67,False,11.67
7892,11.67,False,11.67
7893,11.67,False,11.67
7894,11.67,False,11.67
7895,11.67,False,11.67
7896,11.67,False,11.67
7897,11.67,False,11.67
7898,11.67,False,11.67
7899,11.67,False,11.67
7900,11.67,False,11.67
7901,11.67,False,11.67
7902,11.67,False,11.67
7903,11.67,False,11.67
7904,11.67,False,11.67
7905,11.67,False,11.67
7906,11.67,False,11.67
7907,11.67,False,11.67
7908,11.67,False,11.67
7909,11.67,False,11.67
7910,11.67,False,11.67
7911,11.67,False,11.67
7912,11.67,False,11.67
7913,11.67,False,11.67
7914,11.67,False,11.67
7915,11.67,False,11.67
7916,11.67,False,11.67
7917,11.67,False,11.67
7918,11.67,False,11.67
7919,11.67,False,11.67
7920,11.67,False,11.67
7921,11.67,False,11.67
7922,11.67,False,11.67
7923,12.5,False,11.835999999999999
7924,12.5,False,12.002
7925,12.5,False,12.168000000000001
7926,12.5,False,12.334
7927,12.5,False,12.5
7928,12.5,False,12.5
7929,12.5,False,12.5
7930,12.5,False,12.5
7931,12.5,False,12.5
7932,12.5,False,12.5
7933,12.5,False,12.5
7934,12.5,False,12.5
7935,12.5,False,12.5
7936,12.5,False,12.5
7937,13.33,False,12.666
7938,13.33,False,12.831999999999999
7939,13.33,False,12.998
7940,13.33,False,13.163999999999998
7941,13.33,False,13.33
7942,13.33,False,13.33
7943,13.33,False,13.33
7944,14.17,False,13.498000000000001
7945,14.17,False,13.666
7946,14.17,False,13.834
7947,14.17,False,14.002
7948,14.17,False,14.17
7949,14.17,False,14.17
7950,14.17,False,14.17
7951,14.17,False,14.17
7952,14.17,False,14.17
7953,14.17,False,14.17
7954,14.17,False,14.17
7955,14.17,False,14.17
7956,14.17,False,14.17
7957,14.17,False,14.17
7958,14.17,False,14.17
7959,14.17,False,14.17
7960,14.17,False,14.17
7961,14.17,False,14.17
7962,14.17,False,14.17
7963,14.17,False,14.17
7964,14.17,False,14.17
7965,14.17,False,14.17
7966,14.17,False,14.17
7967,14.17,False,14.17
7968,14.17,False,14.17
7969,14.17,False,14.17
7970,14.17,False,14.17
7971,14.17,False,14.17
7972,14.17,False,14.17
7973,14.17,False,14.17
7974,14.17,False,14.17
7975,14.17,False,14.17
7976,14.17,False,14.17
7977,14.17,False,14.17
7978,14.17,False,14.17
7979,14.17,False,14.17
7980,14.17,False,14.17
7981,14.17,False,14.17
7982,14.17,False,14.17
7983,14.17,False,14.17
7984,14.17,False,14.17
7985,14.17,False,14.17
7986,14.17,False,14.17
7987,14.17,False,14.17
7988,14.17,False,14.17
7989,14.17,False,14.17
7990,14.17,False,14.17
7991,14.17,False,14.17
7992,14.17,False,14.17
7993,14.17,False,14.17
7994,14.17,False,14.17
7995,14.17,False,14.17
7996,14.17,False,14.17
7997,14.17,False,14.17
7998,14.17,False,14.17
7999,14.17,False,14.17
8000,14.17,False,14.17
8001,14.17,False,14.17
8002,14.17,False,14.17
8003,14.17,False,14.17
8004,14.17,False,14.17
8005,14.17,False,14.17
8006,14.17,False,14.17
8007,14.17,False,14.17
8008,14.17,False,14.17
8009,14.17,False,14.17
8010,14.17,False,14.17
8011,14.17,False,14.17
8012,14.17,False,14.17
8013,14.17,False,14.17
8014,14.17,False,14.17
8015,14.17,False,14.17
8016,14.17,False,14.17
8017,14.17,False,14.17
8018,14.17,False,14.17
8019,14.17,False,14.17
8020,14.17,False,14.17
8021,14.17,False,14.17
8022,14.17,False,14.17
8023,14.17,False,14.17
8024,14.17,False,14.17
8025,14.17,False,14.17
8026,14.17,False,14.17
8027,14.17,False,14.17
8028,14.17,False,14.17
8029,14.17,False,14.17
8030,14.17,False,14.17
8031,14.17,False,14.17
8032,14.17,False,14.17
8033,14.17,False,14.17
8034,14.17,False,14.17
8035,14.17,False,14.17
8036,14.17,False,14.17
8037,14.17,False,14.17
8038,14.17,False,14.17
8039,14.17,False,14.17
8040,14.17,False,14.17
8041,14.17,False,14.17
8042,14.17,False,14.17
8043,14.17,False,14.17
8044,14.17,False,14.17
8045,14.17,False,14.17
8046,14.17,False,14.17
8047,14.17,False,14.17
8048,14.17,False,14.17
8049,14.17,False,14.17
8050,14.17,False,14.17
8051,14.17,False,14.17
8052,14.17,False,14.17
8053,14.17,False,14.17
8054,14.17,False,14.17
8055,14.17,False,14.17
8056,14.17,False,14.17
8057,14.17,False,14.17
8058,14.17,False,14.17
8059,14.17,False,14.17
8060,14.17,False,14.17
8061,14.17,False,14.17
8062,14.17,False,14.17
8063,14.17,False,14.17
8064,14.17,False,14.17
8065,15.0,False,14.336000000000002
8066,15.0,False,14.501999999999999
8067,15.0,False,14.668000000000001
8068,15.0,False,14.834
8069,15.0,False,15.0
8070,15.0,False,15.0
8071,15.0,False,15.0
8072,15.0,False,15.0
8073,15.0,False,15.0
8074,15.0,False,15.0
8075,15.0,False,15.0
8076,15.0,False,15.0
8077,15.0,False,15.0
8078,15.0,False,15.0
8079,15.0,False,15.0
8080,15.0,False,15.0
8081,15.0,False,15.0
8082,15.0,False,15.0
8083,15.0,False,15.0
8084,15.0,False,15.0
8085,15.0,False,15.0
8086,15.0,False,15.0
8087,15.0,False,15.0
8088,15.0,False,15.0
8089,15.0,False,15.0
8090,15.0,False,15.0
8091,15.0,False,15.0
8092,15.0,False,15.0
8093,15.0,False,15.0
8094,15.0,False,15.0
8095,15.0,False,15.0
8096,15.0,False,15.0
8097,15.0,False,15.0
8098,15.0,False,15.0
8099,15.0,False,15.0
8100,15.0,False,15.0
8101,15.0,False,15.0
8102,15.0,False,15.0
8103,15.0,False,15.0
8104,15.0,False,15.0
8105,15.0,False,15.0
8106,15.0,False,15.0
8107,15.0,False,15.0
8108,15.0,False,15.0
8109,15.0,False,15.0
8110,15.0,False,15.0
8111,15.0,False,15.0
8112,15.0,False,15.0
8113,15.0,False,15.0
8114,15.0,False,15.0
8115,15.0,False,15.0
8116,15.0,False,15.0
8117,15.0,False,15.0
8118,15.0,False,15.0
8119,15.0,False,15.0
8120,15.0,False,15.0
8121,15.0,False,15.0
8122,15.0,False,15.0
8123,15.0,False,15.0
8124,15.0,False,15.0
8125,15.0,False,15.0
8126,15.83,False,15.166
8127,15.83,False,15.331999999999999
8128,15.83,False,15.498
8129,15.83,False,15.663999999999998
8130,15.83,False,15.83
8131,15.83,False,15.83
8132,15.83,False,15.83
8133,15.83,False,15.83
8134,15.83,False,15.83
8135,15.83,False,15.83
8136,15.83,False,15.83
8137,15.83,False,15.83
8138,15.83,False,15.83
8139,15.83,False,15.83
8140,15.83,False,15.83
8141,15.83,False,15.83
8142,15.83,False,15.83
8143,15.83,False,15.83
8144,15.83,False,15.83
8145,15.83,False,15.83
8146,15.83,False,15.83
8147,15.83,False,15.83
8148,15.83,False,15.83
8149,15.83,False,15.83
8150,15.83,False,15.83
8151,15.83,False,15.83
8152,15.83,False,15.83
8153,15.83,False,15.83
8154,15.83,False,15.83
8155,15.83,False,15.83
8156,15.83,False,15.83
8157,15.83,False,15.83
8158,15.83,False,15.83
8159,15.83,False,15.83
8160,15.83,False,15.83
8161,15.83,False,15.83
8162,15.83,False,15.83
8163,15.83,False,15.83
8164,15.83,False,15.83
8165,15.83,False,15.83
8166,15.83,False,15.83
8167,15.83,False,15.83
8168,15.83,False,15.83
8169,15.83,False,15.83
8170,15.83,False,15.83
8171,15.83,False,15.83
8172,15.83,False,15.83
8173,15.83,False,15.83
8174,15.83,False,15.83
8175,15.83,False,15.83
8176,15.83,False,15.83
8177,15.83,False,15.83
8178,15.83,False,15.83
8179,15.83,False,15.83
8180,15.83,False,15.83
8181,15.83,False,15.83
8182,15.83,False,15.83
8183,15.83,False,15.83
8184,15.83,False,15.83
8185,15.83,False,15.83
8186,15.83,False,15.83
8187,15.83,False,15.83
8188,15.83,False,15.83
8189,15.83,False,15.83
8190,15.83,False,15.83
8191,15.83,False,15.83
8192,15.83,False,15.83
8193,16.67,False,15.998000000000001
8194,16.67,False,16.166000000000004
8195,16.67,False,16.334000000000003
8196,16.67,False,16.502000000000002
8197,16.67,False,16.67
8198,16.67,False,16.67
8199,16.67,False,16.67
8200,16.67,False,16.67
8201,16.67,False,16.67
8202,16.67,False,16.67
8203,16.67,False,16.67
8204,16.67,False,16.67
8205,16.67,False,16.67
8206,16.67,False,16.67
8207,16.67,False,16.67
8208,16.67,False,16.67
8209,16.67,False,16.67
8210,16.67,False,16.67
8211,16.67,False,16.67
8212,16.67,False,16.67
8213,16.67,False,16.67
8214,16.67,False,16.67
8215,16.67,False,16.67
8216,16.67,False,16.67
8217,16.67,False,16.67
8218,16.67,False,16.67
8219,16.67,False,16.67
8220,16.67,False,16.67
8221,16.67,False,16.67
8222,16.67,False,16.67
8223,16.67,False,16.67
8224,16.67,False,16.67
8225,16.67,False,16.67
8226,16.67,False,16.67
8227,16.67,False,16.67
8228,16.67,False,16.67
8229,16.67,False,16.67
8230,16.67,False,16.67
8231,16.67,False,16.67
8232,16.67,False,16.67
8233,16.67,False,16.67
8234,16.67,False,16.67
8235,16.67,False,16.67
8236,16.67,False,16.67
8237,16.67,False,16.67
8238,16.67,False,16.67
8239,16.67,False,16.67
8240,16.67,False,16.67
8241,16.67,False,16.67
8242,16.67,False,16.67
8243,16.67,False,16.67
8244,16.67,False,16.67
8245,16.67,False,16.67
8246,16.67,False,16.67
8247,16.67,False,16.67
8248,16.67,False,16.67
8249,16.67,False,16.67
8250,16.67,False,16.67
8251,16.67,False,16.67
8252,16.67,False,16.67
8253,16.67,False,16.67
8254,16.67,False,16.67
8255,16.67,False,16.67
8256,16.67,False,16.67
8257,16.67,False,16.67
8258,16.67,False,16.67
8259,16.67,False,16.67
8260,16.67,False,16.67
8261,16.67,False,16.67
8262,16.67,False,16.67
8263,16.67,False,16.67
8264,16.67,False,16.67
8265,16.67,False,16.67
8266,16.67,False,16.67
8267,16.67,False,16.67
8268,16.67,False,16.67
8269,16.67,False,16.67
8270,16.67,False,16.67
8271,16.67,False,16.67
8272,16.67,False,16.67
8273,16.67,False,16.67
8274,16.67,False,16.67
8275,16.67,False,16.67
8276,16.67,False,16.67
8277,16.67,False,16.67
8278,16.67,False,16.67
8279,16.67,False,16.67
8280,16.67,False,16.67
8281,16.67,False,16.67
8282,16.67,False,16.67
8283,16.67,False,16.67
8284,16.67,False,16.67
8285,16.67,False,16.67
8286,16.67,False,16.67
8287,16.67,False,16.67
8288,16.67,False,16.67
8289,16.67,False,16.67
8290,16.67,False,16.67
8291,16.67,False,16.67
8292,16.67,False,16.67
8293,16.67,False,16.67
8294,16.67,False,16.67
8295,16.67,False,16.67
8296,16.67,False,16.67
8297,16.67,False,16.67
8298,16.67,False,16.67
8299,16.67,False,16.67
8300,16.67,False,16.67
8301,16.67,False,16.67
8302,16.67,False,16.67
8303,16.67,False,16.67
8304,16.67,False,16.67
8305,16.67,False,16.67
8306,16.67,False,16.67
8307,16.67,False,16.67
8308,16.67,False,16.67
8309,16.67,False,16.67
8310,16.67,False,16.67
8311,16.67,False,16.67
8312,16.67,False,16.67
8313,16.67,False,16.67
8314,16.67,False,16.67
8315,16.67,False,16.67
8316,16.67,False,16.67
8317,16.67,False,16.67
8318,16.67,False,16.67
8319,16.67,False,16.67
8320,16.67,False,16.67
8321,16.67,False,16.67
8322,16.67,False,16.67
8323,16.67,False,16.67
8324,16.67,False,16.67
8325,16.67,False,16.67
8326,16.67,False,16.67
8327,16.67,False,16.67
8328,16.67,False,16.67
8329,15.83,False,16.502000000000002
8330,15.83,False,16.334
8331,15.83,False,16.166
8332,15.83,False,15.998
8333,15.83,False,15.83
8334,15.83,False,15.83
8335,15.83,False,15.83
8336,15.83,False,15.83
8337,15.83,False,15.83
8338,15.83,False,15.83
8339,15.83,False,15.83
8340,15.83,False,15.83
8341,15.83,False,15.83
8342,15.83,False,15.83
8343,15.83,False,15.83
8344,15.83,False,15.83
8345,15.83,False,15.83
8346,15.83,False,15.83
8347,15.83,False,15.83
8348,15.83,False,15.83
8349,15.83,False,15.83
8350,15.83,False,15.83
8351,15.83,False,15.83
8352,15.83,False,15.83
8353,15.83,False,15.83
8354,15.83,False,15.83
8355,15.83,False,15.83
8356,15.83,False,15.83
8357,15.83,False,15.83
8358,15.83,False,15.83
8359,15.83,False,15.83
8360,15.83,False,15.83
8361,15.83,False,15.83
8362,15.83,False,15.83
8363,15.83,False,15.83
8364,15.83,False,15.83
8365,15.83,False,15.83
8366,15.83,False,15.83
8367,15.83,False,15.83
8368,15.83,False,15.83
8369,15.83,False,15.83
8370,15.83,False,15.83
8371,15.83,False,15.83
8372,15.83,False,15.83
8373,15.83,False,15.83
8374,15.83,False,15.83
8375,15.83,False,15.83
8376,15.83,False,15.83
8377,15.83,False,15.83
8378,15.83,False,15.83
8379,15.83,False,15.83
8380,15.83,False,15.83
8381,15.83,False,15.83
8382,15.83,False,15.83
8383,15.83,False,15.83
8384,15.83,False,15.83
8385,15.83,False,15.83
8386,15.83,False,15.83
8387,15.83,False,15.83
8388,15.83,False,15.83
8389,15.83,False,15.83
8390,16.67,False,15.998000000000001
8391,16.67,False,16.166000000000004
8392,16.67,False,16.334000000000003
8393,16.67,False,16.502
8394,16.67,False,16.67
8395,16.67,False,16.67
8396,16.67,False,16.67
8397,16.67,False,16.67
8398,16.67,False,16.67
8399,16.67,False,16.67
8400,16.67,False,16.67
8401,16.67,False,16.67
8402,16.67,False,16.67
8403,16.67,False,16.67
8404,16.67,False,16.67
8405,16.67,False,16.67
8406,16.67,False,16.67
8407,16.67,False,16.67
8408,16.67,False,16.67
8409,16.67,False,16.67
8410,16.67,False,16.67
8411,16.67,False,16.67
8412,16.67,False,16.67
8413,16.67,False,16.67
8414,16.67,False,16.67
8415,16.67,False,16.67
8416,16.67,False,16.67
8417,16.67,False,16.67
8418,16.67,False,16.67
8419,16.67,False,16.67
8420,16.67,False,16.67
8421,16.67,False,16.67
8422,16.67,False,16.67
8423,16.67,False,16.67
8424,16.67,False,16.67
8425,16.67,False,16.67
8426,16.67,False,16.67
8427,16.67,False,16.67
8428,16.67,False,16.67
8429,16.67,False,16.67
8430,16.67,False,16.67
8431,16.67,False,16.67
8432,16.67,False,16.67
8433,16.67,False,16.67
8434,16.67,False,16.67
8435,16.67,False,16.67
8436,16.67,False,16.67
8437,16.67,False,16.67
8438,16.67,False,16.67
8439,16.67,False,16.67
8440,16.67,False,16.67
8441,16.67,False,16.67
8442,16.67,False,16.67
8443,16.67,False,16.67
8444,16.67,False,16.67
8445,16.67,False,16.67
8446,16.67,False,16.67
8447,16.67,False,16.67
8448,16.67,False,16.67
8449,16.67,False,16.67
8450,16.67,False,16.67
8451,16.67,False,16.67
8452,16.67,False,16.67
8453,16.67,False,16.67
8454,16.67,False,16.67
8455,16.67,False,16.67
8456,16.67,False,16.67
8457,16.67,False,16.67
8458,16.67,False,16.67
8459,16.67,False,16.67
8460,16.67,False,16.67
8461,16.67,False,16.67
8462,16.67,False,16.67
8463,16.67,False,16.67
8464,16.67,False,16.67
8465,16.67,False,16.67
8466,16.67,False,16.67
8467,16.67,False,16.67
8468,16.67,False,16.67
8469,16.67,False,16.67
8470,16.67,False,16.67
8471,16.67,False,16.67
8472,15.83,False,16.502000000000002
8473,15.83,False,16.334
8474,15.83,False,16.166
8475,15.83,False,15.998
8476,15.83,False,15.83
8477,15.83,False,15.83
8478,15.83,False,15.83
8479,15.83,False,15.83
8480,15.83,False,15.83
8481,15.83,False,15.83
8482,15.83,False,15.83
8483,15.83,False,15.83
8484,15.83,False,15.83
8485,15.83,False,15.83
8486,15.83,False,15.83
8487,15.83,False,15.83
8488,15.83,False,15.83
8489,15.83,False,15.83
8490,15.83,False,15.83
8491,15.83,False,15.83
8492,15.83,False,15.83
8493,15.83,False,15.83
8494,15.83,False,15.83
8495,15.83,False,15.83
8496,15.83,False,15.83
8497,15.83,False,15.83
8498,15.83,False,15.83
8499,15.83,False,15.83
8500,15.83,False,15.83
8501,15.83,False,15.83
8502,16.67,False,15.998000000000001
8503,16.67,False,16.166000000000004
8504,16.67,False,16.334
8505,16.67,False,16.502000000000002
8506,16.67,False,16.67
8507,16.67,False,16.67
8508,16.67,False,16.67
8509,16.67,False,16.67
8510,16.67,False,16.67
8511,16.67,False,16.67
8512,16.67,False,16.67
8513,16.67,False,16.67
8514,16.67,False,16.67
8515,16.67,False,16.67
8516,16.67,False,16.67
8517,16.67,False,16.67
8518,16.67,False,16.67
8519,16.67,False,16.67
8520,16.67,False,16.67
8521,16.67,False,16.67
8522,16.67,False,16.67
8523,16.67,False,16.67
8524,16.67,False,16.67
8525,16.67,False,16.67
8526,16.67,False,16.67
8527,16.67,False,16.67
8528,16.67,False,16.67
8529,16.67,False,16.67
8530,16.67,False,16.67
8531,16.67,False,16.67
8532,16.67,False,16.67
8533,16.67,False,16.67
8534,16.67,False,16.67
8535,16.67,False,16.67
8536,16.67,False,16.67
8537,16.67,False,16.67
8538,16.67,False,16.67
8539,16.67,False,16.67
8540,16.67,False,16.67
8541,16.67,False,16.67
8542,16.67,False,16.67
8543,16.67,False,16.67
8544,16.67,False,16.67
8545,16.67,False,16.67
8546,16.67,False,16.67
8547,16.67,False,16.67
8548,16.67,False,16.67
8549,16.67,False,16.67
8550,16.67,False,16.67
8551,16.67,False,16.67
8552,16.67,False,16.67
8553,16.67,False,16.67
8554,16.67,False,16.67
8555,16.67,False,16.67
8556,16.67,False,16.67
8557,16.67,False,16.67
8558,16.67,False,16.67
8559,16.67,False,16.67
8560,16.67,False,16.67
8561,16.67,False,16.67
8562,16.67,False,16.67
8563,17.5,False,16.836000000000002
8564,17.5,False,17.002000000000002
8565,17.5,False,17.168
8566,17.5,False,17.334
8567,17.5,False,17.5
8568,17.5,False,17.5
8569,17.5,False,17.5
8570,17.5,False,17.5
8571,17.5,False,17.5
8572,17.5,False,17.5
8573,17.5,False,17.5
8574,17.5,False,17.5
8575,17.5,False,17.5
8576,17.5,False,17.5
8577,17.5,False,17.5
8578,17.5,False,17.5
8579,17.5,False,17.5
8580,17.5,False,17.5
8581,17.5,False,17.5
8582,17.5,False,17.5
8583,17.5,False,17.5
8584,17.5,False,17.5
8585,17.5,False,17.5
8586,17.5,False,17.5
8587,17.5,False,17.5
8588,17.5,False,17.5
8589,17.5,False,17.5
8590,17.5,False,17.5
8591,17.5,False,17.5
8592,17.5,False,17.5
8593,18.33,False,17.666
8594,18.33,False,17.832
8595,18.33,False,17.997999999999998
8596,18.33,False,18.163999999999998
8597,18.33,False,18.33
8598,18.33,False,18.33
8599,18.33,False,18.33
8600,18.33,False,18.33
8601,18.33,False,18.33
8602,18.33,False,18.33
8603,18.33,False,18.33
8604,18.33,False,18.33
8605,18.33,False,18.33
8606,18.33,False,18.33
8607,18.33,False,18.33
8608,18.33,False,18.33
8609,18.33,False,18.33
8610,18.33,False,18.33
8611,18.33,False,18.33
8612,18.33,False,18.33
8613,18.33,False,18.33
8614,18.33,False,18.33
8615,18.33,False,18.33
8616,18.33,False,18.33
8617,18.33,False,18.33
8618,18.33,False,18.33
8619,18.33,False,18.33
8620,18.33,False,18.33
8621,18.33,False,18.33
8622,18.33,False,18.33
8623,18.33,False,18.33
8624,19.17,False,18.497999999999998
8625,19.17,False,18.666
8626,19.17,False,18.834
8627,19.17,False,19.002000000000002
8628,19.17,False,19.17
8629,19.17,False,19.17
8630,19.17,False,19.17
8631,19.17,False,19.17
8632,19.17,False,19.17
8633,19.17,False,19.17
8634,19.17,False,19.17
8635,19.17,False,19.17
8636,19.17,False,19.17
8637,19.17,False,19.17
8638,19.17,False,19.17
8639,19.17,False,19.17
8640,19.17,False,19.17
8641,19.17,False,19.17
8642,19.17,False,19.17
8643,19.17,False,19.17
8644,19.17,False,19.17
8645,19.17,False,19.17
8646,19.17,False,19.17
8647,19.17,False,19.17
8648,19.17,False,19.17
8649,19.17,False,19.17
8650,19.17,False,19.17
8651,19.17,False,19.17
8652,19.17,False,19.17
8653,19.17,False,19.17
8654,19.17,False,19.17
8655,19.17,False,19.17
8656,19.17,False,19.17
8657,19.17,False,19.17
8658,19.17,False,19.17
8659,19.17,False,19.17
8660,19.17,False,19.17
8661,19.17,False,19.17
8662,19.17,False,19.17
8663,19.17,False,19.17
8664,19.17,False,19.17
8665,19.17,False,19.17
8666,19.17,False,19.17
8667,19.17,False,19.17
8668,19.17,False,19.17
8669,19.17,False,19.17
8670,19.17,False,19.17
8671,19.17,False,19.17
8672,19.17,False,19.17
8673,19.17,False,19.17
8674,19.17,False,19.17
8675,19.17,False,19.17
8676,19.17,False,19.17
8677,19.17,False,19.17
8678,19.17,False,19.17
8679,19.17,False,19.17
8680,19.17,False,19.17
8681,19.17,False,19.17
8682,19.17,False,19.17
8683,19.17,False,19.17
8684,19.17,False,19.17
8685,20.0,False,19.336000000000002
8686,20.0,False,19.502000000000002
8687,20.0,False,19.668
8688,20.0,False,19.834
8689,20.0,False,20.0
8690,20.0,False,20.0
8691,20.0,False,20.0
8692,20.0,False,20.0
8693,20.0,False,20.0
8694,20.0,False,20.0
8695,20.0,False,20.0
8696,20.0,False,20.0
8697,20.0,False,20.0
8698,20.0,False,20.0
8699,20.0,False,20.0
8700,20.0,False,20.0
8701,20.0,False,20.0
8702,20.0,False,20.0
8703,20.0,False,20.0
8704,20.0,False,20.0
8705,21.67,False,20.334
8706,21.67,False,20.668
8707,21.67,False,21.002000000000002
8708,21.67,False,21.336000000000002
8709,21.67,False,21.67
8710,21.67,False,21.67
8711,21.67,False,21.67
8712,21.67,False,21.67
8713,21.67,False,21.67
8714,21.67,False,21.67
8715,21.67,False,21.67
8716,21.67,False,21.67
8717,21.67,False,21.67
8718,21.67,False,21.67
8719,21.67,False,21.67
8720,21.67,False,21.67
8721,21.67,False,21.67
8722,21.67,False,21.67
8723,21.67,False,21.67
8724,21.67,False,21.67
8725,21.67,False,21.67
8726,21.67,False,21.67
8727,21.67,False,21.67
8728,21.67,False,21.67
8729,21.67,False,21.67
8730,21.67,False,21.67
8731,21.67,False,21.67
8732,21.67,False,21.67
8733,21.67,False,21.67
8734,21.67,False,21.67
8735,21.67,False,21.67
8736,20.83,False,21.502000000000002
8737,20.83,False,21.334
8738,20.83,False,21.166
8739,20.83,False,20.997999999999998
8740,20.83,False,20.83
8741,20.83,False,20.83
8742,20.83,False,20.83
8743,20.83,False,20.83
8744,20.83,False,20.83
8745,20.83,False,20.83
8746,20.83,False,20.83
8747,20.83,False,20.83
8748,20.83,False,20.83
8749,20.83,False,20.83
8750,20.83,False,20.83
8751,20.83,False,20.83
8752,20.83,False,20.83
8753,20.83,False,20.83
8754,20.83,False,20.83
8755,20.83,False,20.83
8756,20.83,False,20.83
8757,20.83,False,20.83
8758,20.83,False,20.83
8759,20.83,False,20.83
8760,20.83,False,20.83
8761,20.83,False,20.83
8762,20.83,False,20.83
8763,20.83,False,20.83
8764,20.83,False,20.83
8765,20.83,False,20.83
8766,20.83,False,20.83
8767,20.83,False,20.83
8768,20.83,False,20.83
8769,20.83,False,20.83
8770,20.83,False,20.83
8771,20.83,False,20.83
8772,20.83,False,20.83
8773,20.83,False,20.83
8774,20.83,False,20.83
8775,20.83,False,20.83
8776,20.83,False,20.83
8777,20.83,False,20.83
8778,20.83,False,20.83
8779,20.83,False,20.83
8780,20.83,False,20.83
8781,20.83,False,20.83
8782,20.83,False,20.83
8783,20.83,False,20.83
8784,20.83,False,20.83
8785,20.83,False,20.83
8786,20.83,False,20.83
8787,20.83,False,20.83
8788,20.83,False,20.83
8789,20.83,False,20.83
8790,20.83,False,20.83
8791,20.83,False,20.83
8792,20.83,False,20.83
8793,20.83,False,20.83
8794,20.83,False,20.83
8795,20.83,False,20.83
8796,20.83,False,20.83
8797,20.83,False,20.83
8798,20.83,False,20.83
8799,20.83,False,20.83
8800,20.83,False,20.83
8801,20.83,False,20.83
8802,20.83,False,20.83
8803,20.83,False,20.83
8804,20.83,False,20.83
8805,20.83,False,20.83
8806,20.83,False,20.83
8807,20.83,False,20.83
8808,20.83,False,20.83
8809,20.83,False,20.83
8810,20.83,False,20.83
8811,20.83,False,20.83
8812,20.83,False,20.83
8813,20.83,False,20.83
8814,20.83,False,20.83
8815,20.83,False,20.83
8816,20.83,False,20.83
8817,20.83,False,20.83
8818,20.83,False,20.83
8819,20.83,False,20.83
8820,20.83,False,20.83
8821,20.83,False,20.83
8822,20.83,False,20.83
8823,20.83,False,20.83
8824,20.83,False,20.83
8825,20.83,False,20.83
8826,20.83,False,20.83
8827,20.83,False,20.83
8828,20.83,False,20.83
8829,20.83,False,20.83
8830,20.83,False,20.83
8831,20.83,False,20.83
8832,20.83,False,20.83
8833,20.83,False,20.83
8834,20.83,False,20.83
8835,20.83,False,20.83
8836,20.83,False,20.83
8837,20.83,False,20.83
8838,20.83,False,20.83
8839,20.83,False,20.83
8840,20.83,False,20.83
8841,20.83,False,20.83
8842,20.83,False,20.83
8843,20.83,False,20.83
8844,20.83,False,20.83
8845,20.83,False,20.83
8846,20.83,False,20.83
8847,20.83,False,20.83
8848,20.83,False,20.83
8849,20.83,False,20.83
8850,20.83,False,20.83
8851,20.83,False,20.83
8852,20.83,False,20.83
8853,20.83,False,20.83
8854,20.83,False,20.83
8855,20.83,False,20.83
8856,20.83,False,20.83
8857,20.83,False,20.83
8858,20.83,False,20.83
8859,20.83,False,20.83
8860,20.83,False,20.83
8861,20.83,False,20.83
8862,20.83,False,20.83
8863,20.83,False,20.83
8864,20.83,False,20.83
8865,20.83,False,20.83
8866,20.83,False,20.83
8867,20.83,False,20.83
8868,20.83,False,20.83
8869,20.83,False,20.83
8870,20.83,False,20.83
8871,20.83,False,20.83
8872,20.83,False,20.83
8873,20.83,False,20.83
8874,20.83,False,20.83
8875,20.83,False,20.83
8876,20.83,False,20.83
8877,20.83,False,20.83
8878,20.83,False,20.83
8879,20.83,False,20.83
8880,20.83,False,20.83
8881,20.83,False,20.83
8882,20.83,False,20.83
8883,20.83,False,20.83
8884,20.83,False,20.83
8885,20.83,False,20.83
8886,20.83,False,20.83
8887,20.83,False,20.83
8888,20.83,False,20.83
8889,20.83,False,20.83
8890,20.83,False,20.83
8891,20.83,False,20.83
8892,20.83,False,20.83
8893,20.83,False,20.83
8894,20.83,False,20.83
8895,20.83,False,20.83
8896,20.83,False,20.83
8897,20.83,False,20.83
8898,20.83,False,20.83
8899,20.83,False,20.83
8900,20.83,False,20.83
8901,20.83,False,20.83
8902,20.83,False,20.83
8903,20.83,False,20.83
8904,20.83,False,20.83
8905,20.83,False,20.83
8906,20.83,False,20.83
8907,20.83,False,20.83
8908,20.83,False,20.83
8909,20.83,False,20.83
8910,20.83,False,20.83
8911,20.83,False,20.83
8912,20.83,False,20.83
8913,20.83,False,20.83
8914,20.83,False,20.83
8915,20.83,False,20.83
8916,20.83,False,20.83
8917,20.83,False,20.83
8918,20.83,False,20.83
8919,20.83,False,20.83
8920,20.83,False,20.83
8921,20.83,False,20.83
8922,20.83,False,20.83
8923,20.83,False,20.83
8924,20.83,False,20.83
8925,20.83,False,20.83
8926,20.83,False,20.83
8927,20.83,False,20.83
8928,20.83,False,20.83
8929,20.83,False,20.83
8930,20.83,False,20.83
8931,20.83,False,20.83
8932,20.83,False,20.83
8933,20.83,False,20.83
8934,20.83,False,20.83
8935,20.83,False,20.83
8936,20.83,False,20.83
8937,20.83,False,20.83
8938,20.83,False,20.83
8939,20.83,False,20.83
8940,20.83,False,20.83
8941,20.83,False,20.83
8942,20.83,False,20.83
8943,20.83,False,20.83
8944,20.83,False,20.83
8945,20.83,False,20.83
8946,20.83,False,20.83
8947,20.83,False,20.83
8948,20.83,False,20.83
8949,20.83,False,20.83
8950,20.83,False,20.83
8951,20.83,False,20.83
8952,20.83,False,20.83
8953,20.83,False,20.83
8954,20.83,False,20.83
8955,20.83,False,20.83
8956,20.83,False,20.83
8957,20.83,False,20.83
8958,20.83,False,20.83
8959,20.83,False,20.83
8960,20.83,False,20.83
8961,20.83,False,20.83
8962,20.83,False,20.83
8963,20.83,False,20.83
8964,20.83,False,20.83
8965,20.83,False,20.83
8966,20.83,False,20.83
8967,20.83,False,20.83
8968,20.83,False,20.83
8969,20.83,False,20.83
8970,20.83,False,20.83
8971,20.83,False,20.83
8972,20.83,False,20.83
8973,20.83,False,20.83
8974,20.83,False,20.83
8975,20.83,False,20.83
8976,20.83,False,20.83
8977,20.83,False,20.83
8978,20.83,False,20.83
8979,20.83,False,20.83
8980,20.83,False,20.83
8981,20.83,False,20.83
8982,20.83,False,20.83
8983,20.83,False,20.83
8984,20.83,False,20.83
8985,20.83,False,20.83
8986,20.83,False,20.83
8987,20.83,False,20.83
8988,20.83,False,20.83
8989,20.83,False,20.83
8990,20.83,False,20.83
8991,20.83,False,20.83
8992,20.83,False,20.83
8993,20.83,False,20.83
8994,20.83,False,20.83
8995,20.83,False,20.83
8996,20.83,False,20.83
8997,20.83,False,20.83
8998,20.83,False,20.83
8999,20.83,False,20.83
9000,20.0,False,20.663999999999998
9001,20.0,False,20.497999999999998
9002,20.0,False,20.332
9003,20.0,False,20.166
9004,20.0,False,20.0
9005,20.0,False,20.0
9006,20.0,False,20.0
9007,20.0,False,20.0
9008,20.0,False,20.0
9009,20.0,False,20.0
9010,20.0,False,20.0
9011,20.0,False,20.0
9012,20.0,False,20.0
9013,20.0,False,20.0
9014,20.0,False,20.0
9015,20.0,False,20.0
9016,20.0,False,20.0
9017,20.0,False,20.0
9018,20.0,False,20.0
9019,20.0,False,20.0
9020,20.0,False,20.0
9021,20.0,False,20.0
9022,20.0,False,20.0
9023,20.0,False,20.0
9024,20.0,False,20.0
9025,20.0,False,20.0
9026,20.0,False,20.0
9027,20.0,False,20.0
9028,20.0,False,20.0
9029,20.0,False,20.0
9030,20.0,False,20.0
9031,20.0,False,20.0
9032,20.0,False,20.0
9033,20.0,False,20.0
9034,20.0,False,20.0
9035,20.0,False,20.0
9036,20.0,False,20.0
9037,20.0,False,20.0
9038,20.0,False,20.0
9039,20.0,False,20.0
9040,20.0,False,20.0
9041,20.0,False,20.0
9042,20.0,False,20.0
9043,20.0,False,20.0
9044,20.0,False,20.0
9045,20.0,False,20.0
9046,20.0,False,20.0
9047,20.0,False,20.0
9048,20.0,False,20.0
9049,20.0,False,20.0
9050,20.0,False,20.0
9051,20.0,False,20.0
9052,20.0,False,20.0
9053,20.0,False,20.0
9054,20.0,False,20.0
9055,20.0,False,20.0
9056,20.0,False,20.0
9057,20.0,False,20.0
9058,20.0,False,20.0
9059,20.0,False,20.0
9060,20.0,False,20.0
9061,20.0,False,20.0
9062,20.0,False,20.0
9063,20.0,False,20.0
9064,20.0,False,20.0
9065,20.0,False,20.0
9066,20.0,False,20.0
9067,20.0,False,20.0
9068,20.0,False,20.0
9069,20.0,False,20.0
9070,20.0,False,20.0
9071,20.0,False,20.0
9072,20.0,False,20.0
9073,20.0,False,20.0
9074,20.0,False,20.0
9075,20.0,False,20.0
9076,20.0,False,20.0
9077,20.0,False,20.0
9078,20.0,False,20.0
9079,20.0,False,20.0
9080,20.0,False,20.0
9081,20.0,False,20.0
9082,20.0,False,20.0
9083,20.0,False,20.0
9084,20.0,False,20.0
9085,20.0,False,20.0
9086,20.0,False,20.0
9087,20.0,False,20.0
9088,20.0,False,20.0
9089,20.0,False,20.0
9090,20.0,False,20.0
9091,20.0,False,20.0
9092,20.0,False,20.0
9093,20.0,False,20.0
9094,20.0,False,20.0
9095,20.0,False,20.0
9096,20.0,False,20.0
9097,20.0,False,20.0
9098,20.0,False,20.0
9099,20.0,False,20.0
9100,20.0,False,20.0
9101,20.0,False,20.0
9102,20.0,False,20.0
9103,20.0,False,20.0
9104,20.0,False,20.0
9105,20.0,False,20.0
9106,20.0,False,20.0
9107,20.0,False,20.0
9108,20.0,False,20.0
9109,20.0,False,20.0
9110,20.0,False,20.0
9111,20.0,False,20.0
9112,20.0,False,20.0
9113,20.0,False,20.0
9114,20.0,False,20.0
9115,20.0,False,20.0
9116,20.0,False,20.0
9117,20.0,False,20.0
9118,20.0,False,20.0
9119,20.0,False,20.0
9120,20.0,False,20.0
9121,20.0,False,20.0
9122,20.0,False,20.0
9123,20.0,False,20.0
9124,20.0,False,20.0
9125,20.0,False,20.0
9126,20.0,False,20.0
9127,20.0,False,20.0
9128,20.0,False,20.0
9129,20.0,False,20.0
9130,20.0,False,20.0
9131,20.0,False,20.0
9132,20.0,False,20.0
9133,20.0,False,20.0
9134,20.0,False,20.0
9135,20.0,False,20.0
9136,20.0,False,20.0
9137,20.0,False,20.0
9138,20.0,False,20.0
9139,20.0,False,20.0
9140,20.0,False,20.0
9141,20.0,False,20.0
9142,20.0,False,20.0
9143,20.0,False,20.0
9144,20.0,False,20.0
9145,20.0,False,20.0
9146,20.0,False,20.0
9147,20.0,False,20.0
9148,20.0,False,20.0
9149,20.0,False,20.0
9150,20.0,False,20.0
9151,20.0,False,20.0
9152,20.0,False,20.0
9153,20.0,False,20.0
9154,20.0,False,20.0
9155,20.0,False,20.0
9156,20.0,False,20.0
9157,20.0,False,20.0
9158,20.0,False,20.0
9159,20.0,False,20.0
9160,20.0,False,20.0
9161,20.0,False,20.0
9162,20.0,False,20.0
9163,20.0,False,20.0
9164,20.0,False,20.0
9165,20.0,False,20.0
9166,20.0,False,20.0
9167,20.0,False,20.0
9168,20.0,False,20.0
9169,20.0,False,20.0
9170,20.0,False,20.0
9171,20.0,False,20.0
9172,20.0,False,20.0
9173,20.0,False,20.0
9174,20.0,False,20.0
9175,20.0,False,20.0
9176,20.0,False,20.0
9177,20.0,False,20.0
9178,20.0,False,20.0
9179,20.0,False,20.0
9180,20.0,False,20.0
9181,20.0,False,20.0
9182,20.0,False,20.0
9183,20.0,False,20.0
9184,20.0,False,20.0
9185,20.0,False,20.0
9186,20.0,False,20.0
9187,20.0,False,20.0
9188,20.0,False,20.0
9189,20.0,False,20.0
9190,20.0,False,20.0
9191,20.0,False,20.0
9192,20.0,False,20.0
9193,20.0,False,20.0
9194,20.0,False,20.0
9195,20.0,False,20.0
9196,20.0,False,20.0
9197,20.0,False,20.0
9198,20.0,False,20.0
9199,20.0,False,20.0
9200,20.0,False,20.0
9201,20.0,False,20.0
9202,20.0,False,20.0
9203,20.0,False,20.0
9204,20.0,False,20.0
9205,20.0,False,20.0
9206,20.0,False,20.0
9207,20.0,False,20.0
9208,20.0,False,20.0
9209,20.0,False,20.0
9210,20.0,False,20.0
9211,20.0,False,20.0
9212,20.0,False,20.0
9213,19.17,False,19.834
9214,19.17,False,19.668
9215,19.17,False,19.502000000000002
9216,19.17,False,19.336000000000002
9217,20.0,False,19.336000000000002
9218,20.0,False,19.502000000000002
9219,20.0,False,19.668
9220,20.0,False,19.834
9221,20.0,False,20.0
9222,20.0,False,20.0
9223,20.0,False,20.0
9224,20.0,False,20.0
9225,20.0,False,20.0
9226,20.0,False,20.0
9227,20.0,False,20.0
9228,20.0,False,20.0
9229,20.0,False,20.0
9230,20.0,False,20.0
9231,20.0,False,20.0
9232,20.0,False,20.0
9233,20.0,False,20.0
9234,20.0,False,20.0
9235,20.0,False,20.0
9236,20.0,False,20.0
9237,20.0,False,20.0
9238,20.0,False,20.0
9239,20.0,False,20.0
9240,20.0,False,20.0
9241,20.0,False,20.0
9242,20.0,False,20.0
9243,20.0,False,20.0
9244,20.0,False,20.0
9245,20.0,False,20.0
9246,20.0,False,20.0
9247,20.0,False,20.0
9248,20.0,False,20.0
9249,20.0,False,20.0
9250,20.0,False,20.0
9251,20.0,False,20.0
9252,20.0,False,20.0
9253,20.0,False,20.0
9254,20.0,False,20.0
9255,20.0,False,20.0
9256,20.0,False,20.0
9257,20.0,False,20.0
9258,20.0,False,20.0
9259,20.0,False,20.0
9260,20.0,False,20.0
9261,20.0,False,20.0
9262,20.0,False,20.0
9263,20.0,False,20.0
9264,20.0,False,20.0
9265,19.17,False,19.834
9266,19.17,False,19.668
9267,19.17,False,19.502000000000002
9268,19.17,False,19.336000000000002
9269,19.17,False,19.17
9270,19.17,False,19.17
9271,19.17,False,19.17
9272,19.17,False,19.17
9273,19.17,False,19.17
9274,19.17,False,19.17
9275,19.17,False,19.17
9276,19.17,False,19.17
9277,19.17,False,19.17
9278,19.17,False,19.17
9279,19.17,False,19.17
9280,19.17,False,19.17
9281,19.17,False,19.17
9282,19.17,False,19.17
9283,19.17,False,19.17
9284,19.17,False,19.17
9285,19.17,False,19.17
9286,19.17,False,19.17
9287,19.17,False,19.17
9288,19.17,False,19.17
9289,19.17,False,19.17
9290,19.17,False,19.17
9291,19.17,False,19.17
9292,19.17,False,19.17
9293,19.17,False,19.17
9294,19.17,False,19.17
9295,19.17,False,19.17
9296,19.17,False,19.17
9297,19.17,False,19.17
9298,19.17,False,19.17
9299,19.17,False,19.17
9300,19.17,False,19.17
9301,19.17,False,19.17
9302,19.17,False,19.17
9303,19.17,False,19.17
9304,19.17,False,19.17
9305,19.17,False,19.17
9306,19.17,False,19.17
9307,19.17,False,19.17
9308,19.17,False,19.17
9309,19.17,False,19.17
9310,19.17,False,19.17
9311,19.17,False,19.17
9312,19.17,False,19.17
9313,19.17,False,19.17
9314,19.17,False,19.17
9315,19.17,False,19.17
9316,19.17,False,19.17
9317,19.17,False,19.17
9318,19.17,False,19.17
9319,19.17,False,19.17
9320,19.17,False,19.17
9321,19.17,False,19.17
9322,19.17,False,19.17
9323,19.17,False,19.17
9324,19.17,False,19.17
9325,19.17,False,19.17
9326,19.17,False,19.17
9327,19.17,False,19.17
9328,19.17,False,19.17
9329,19.17,False,19.17
9330,19.17,False,19.17
9331,19.17,False,19.17
9332,19.17,False,19.17
9333,19.17,False,19.17
9334,19.17,False,19.17
9335,19.17,False,19.17
9336,19.17,False,19.17
9337,19.17,False,19.17
9338,19.17,False,19.17
9339,19.17,False,19.17
9340,19.17,False,19.17
9341,19.17,False,19.17
9342,19.17,False,19.17
9343,19.17,False,19.17
9344,19.17,False,19.17
9345,19.17,False,19.17
9346,19.17,False,19.17
9347,19.17,False,19.17
9348,19.17,False,19.17
9349,19.17,False,19.17
9350,19.17,False,19.17
9351,19.17,False,19.17
9352,19.17,False,19.17
9353,19.17,False,19.17
9354,19.17,False,19.17
9355,19.17,False,19.17
9356,18.33,False,19.002000000000002
9357,18.33,False,18.834
9358,18.33,False,18.666
9359,18.33,False,18.497999999999998
9360,18.33,False,18.33
9361,18.33,False,18.33
9362,18.33,False,18.33
9363,18.33,False,18.33
9364,18.33,False,18.33
9365,18.33,False,18.33
9366,18.33,False,18.33
9367,18.33,False,18.33
9368,18.33,False,18.33
9369,18.33,False,18.33
9370,18.33,False,18.33
9371,18.33,False,18.33
9372,18.33,False,18.33
9373,18.33,False,18.33
9374,18.33,False,18.33
9375,18.33,False,18.33
9376,18.33,False,18.33
9377,18.33,False,18.33
9378,18.33,False,18.33
9379,18.33,False,18.33
9380,18.33,False,18.33
9381,18.33,False,18.33
9382,18.33,False,18.33
9383,18.33,False,18.33
9384,18.33,False,18.33
9385,18.33,False,18.33
9386,18.33,False,18.33
9387,18.33,False,18.33
9388,18.33,False,18.33
9389,18.33,False,18.33
9390,18.33,False,18.33
9391,18.33,False,18.33
9392,18.33,False,18.33
9393,18.33,False,18.33
9394,18.33,False,18.33
9395,18.33,False,18.33
9396,18.33,False,18.33
9397,18.33,False,18.33
9398,18.33,False,18.33
9399,18.33,False,18.33
9400,18.33,False,18.33
9401,18.33,False,18.33
9402,18.33,False,18.33
9403,18.33,False,18.33
9404,18.33,False,18.33
9405,18.33,False,18.33
9406,18.33,False,18.33
9407,18.33,False,18.33
9408,18.33,False,18.33
9409,18.33,False,18.33
9410,18.33,False,18.33
9411,18.33,False,18.33
9412,18.33,False,18.33
9413,18.33,False,18.33
9414,18.33,False,18.33
9415,18.33,False,18.33
9416,18.33,False,18.33
9417,18.33,False,18.33
9418,18.33,False,18.33
9419,18.33,False,18.33
9420,18.33,False,18.33
9421,18.33,False,18.33
9422,18.33,False,18.33
9423,18.33,False,18.33
9424,18.33,False,18.33
9425,18.33,False,18.33
9426,18.33,False,18.33
9427,18.33,False,18.33
9428,18.33,False,18.33
9429,18.33,False,18.33
9430,18.33,False,18.33
9431,18.33,False,18.33
9432,18.33,False,18.33
9433,18.33,False,18.33
9434,18.33,False,18.33
9435,18.33,False,18.33
9436,18.33,False,18.33
9437,18.33,False,18.33
9438,18.33,False,18.33
9439,18.33,False,18.33
9440,18.33,False,18.33
9441,18.33,False,18.33
9442,18.33,False,18.33
9443,18.33,False,18.33
9444,18.33,False,18.33
9445,18.33,False,18.33
9446,18.33,False,18.33
9447,18.33,False,18.33
9448,18.33,False,18.33
9449,18.33,False,18.33
9450,18.33,False,18.33
9451,18.33,False,18.33
9452,18.33,False,18.33
9453,18.33,False,18.33
9454,18.33,False,18.33
9455,18.33,False,18.33
9456,18.33,False,18.33
9457,18.33,False,18.33
9458,18.33,False,18.33
9459,18.33,False,18.33
9460,18.33,False,18.33
9461,18.33,False,18.33
9462,18.33,False,18.33
9463,18.33,False,18.33
9464,18.33,False,18.33
9465,18.33,False,18.33
9466,18.33,False,18.33
9467,18.33,False,18.33
9468,18.33,False,18.33
9469,18.33,False,18.33
9470,18.33,False,18.33
9471,18.33,False,18.33
9472,18.33,False,18.33
9473,19.17,False,18.497999999999998
9474,19.17,False,18.666
9475,19.17,False,18.834
9476,19.17,False,19.002000000000002
9477,19.17,False,19.17
9478,19.17,False,19.17
9479,19.17,False,19.17
9480,19.17,False,19.17
9481,19.17,False,19.17
9482,19.17,False,19.17
9483,19.17,False,19.17
9484,19.17,False,19.17
9485,19.17,False,19.17
9486,19.17,False,19.17
9487,19.17,False,19.17
9488,19.17,False,19.17
9489,19.17,False,19.17
9490,19.17,False,19.17
9491,19.17,False,19.17
9492,19.17,False,19.17
9493,19.17,False,19.17
9494,19.17,False,19.17
9495,19.17,False,19.17
9496,19.17,False,19.17
9497,19.17,False,19.17
9498,18.33,False,19.002000000000002
9499,18.33,False,18.834
9500,18.33,False,18.666
9501,18.33,False,18.497999999999998
9502,18.33,False,18.33
9503,18.33,False,18.33
9504,18.33,False,18.33
9505,18.33,False,18.33
9506,18.33,False,18.33
9507,18.33,False,18.33
9508,18.33,False,18.33
9509,18.33,False,18.33
9510,18.33,False,18.33
9511,18.33,False,18.33
9512,18.33,False,18.33
9513,18.33,False,18.33
9514,18.33,False,18.33
9515,18.33,False,18.33
9516,18.33,False,18.33
9517,18.33,False,18.33
9518,18.33,False,18.33
9519,18.33,False,18.33
9520,18.33,False,18.33
9521,18.33,False,18.33
9522,18.33,False,18.33
9523,18.33,False,18.33
9524,18.33,False,18.33
9525,18.33,False,18.33
9526,18.33,False,18.33
9527,18.33,False,18.33
9528,18.33,False,18.33
9529,18.33,False,18.33
9530,18.33,False,18.33
9531,18.33,False,18.33
9532,18.33,False,18.33
9533,18.33,False,18.33
9534,18.33,False,18.33
9535,18.33,False,18.33
9536,18.33,False,18.33
9537,18.33,False,18.33
9538,18.33,False,18.33
9539,18.33,False,18.33
9540,18.33,False,18.33
9541,18.33,False,18.33
9542,18.33,False,18.33
9543,18.33,False,18.33
9544,18.33,False,18.33
9545,18.33,False,18.33
9546,18.33,False,18.33
9547,18.33,False,18.33
9548,18.33,False,18.33
9549,18.33,False,18.33
9550,18.33,False,18.33
9551,18.33,False,18.33
9552,18.33,False,18.33
9553,18.33,False,18.33
9554,18.33,False,18.33
9555,18.33,False,18.33
9556,18.33,False,18.33
9557,18.33,False,18.33
9558,18.33,False,18.33
9559,18.33,False,18.33
9560,18.33,False,18.33
9561,18.33,False,18.33
9562,18.33,False,18.33
9563,18.33,False,18.33
9564,18.33,False,18.33
9565,18.33,False,18.33
9566,18.33,False,18.33
9567,18.33,False,18.33
9568,18.33,False,18.33
9569,18.33,False,18.33
9570,18.33,False,18.33
9571,18.33,False,18.33
9572,18.33,False,18.33
9573,18.33,False,18.33
9574,18.33,False,18.33
9575,18.33,False,18.33
9576,18.33,False,18.33
9577,18.33,False,18.33
9578,18.33,False,18.33
9579,18.33,False,18.33
9580,18.33,False,18.33
9581,18.33,False,18.33
9582,18.33,False,18.33
9583,18.33,False,18.33
9584,18.33,False,18.33
9585,18.33,False,18.33
9586,18.33,False,18.33
9587,18.33,False,18.33
9588,18.33,False,18.33
9589,18.33,False,18.33
9590,18.33,False,18.33
9591,18.33,False,18.33
9592,18.33,False,18.33
9593,18.33,False,18.33
9594,18.33,False,18.33
9595,18.33,False,18.33
9596,18.33,False,18.33
9597,18.33,False,18.33
9598,18.33,False,18.33
9599,18.33,False,18.33
9600,18.33,False,18.33
9601,18.33,False,18.33
9602,18.33,False,18.33
9603,18.33,False,18.33
9604,18.33,False,18.33
9605,18.33,False,18.33
9606,18.33,False,18.33
9607,18.33,False,18.33
9608,18.33,False,18.33
9609,18.33,False,18.33
9610,18.33,False,18.33
9611,18.33,False,18.33
9612,18.33,False,18.33
9613,18.33,False,18.33
9614,18.33,False,18.33
9615,18.33,False,18.33
9616,18.33,False,18.33
9617,18.33,False,18.33
9618,18.33,False,18.33
9619,18.33,False,18.33
9620,18.33,False,18.33
9621,18.33,False,18.33
9622,18.33,False,18.33
9623,18.33,False,18.33
9624,18.33,False,18.33
9625,18.33,False,18.33
9626,18.33,False,18.33
9627,18.33,False,18.33
9628,18.33,False,18.33
9629,18.33,False,18.33
9630,18.33,False,18.33
9631,18.33,False,18.33
9632,18.33,False,18.33
9633,18.33,False,18.33
9634,18.33,False,18.33
9635,18.33,False,18.33
9636,18.33,False,18.33
9637,18.33,False,18.33
9638,18.33,False,18.33
9639,18.33,False,18.33
9640,18.33,False,18.33
9641,18.33,False,18.33
9642,18.33,False,18.33
9643,18.33,False,18.33
9644,18.33,False,18.33
9645,18.33,False,18.33
9646,18.33,False,18.33
9647,18.33,False,18.33
9648,18.33,False,18.33
9649,18.33,False,18.33
9650,18.33,False,18.33
9651,18.33,False,18.33
9652,18.33,False,18.33
9653,18.33,False,18.33
9654,18.33,False,18.33
9655,18.33,False,18.33
9656,18.33,False,18.33
9657,18.33,False,18.33
9658,18.33,False,18.33
9659,18.33,False,18.33
9660,18.33,False,18.33
9661,18.33,False,18.33
9662,18.33,False,18.33
9663,18.33,False,18.33
9664,18.33,False,18.33
9665,18.33,False,18.33
9666,18.33,False,18.33
9667,18.33,False,18.33
9668,18.33,False,18.33
9669,18.33,False,18.33
9670,18.33,False,18.33
9671,18.33,False,18.33
9672,18.33,False,18.33
9673,18.33,False,18.33
9674,18.33,False,18.33
9675,18.33,False,18.33
9676,18.33,False,18.33
9677,18.33,False,18.33
9678,18.33,False,18.33
9679,18.33,False,18.33
9680,18.33,False,18.33
9681,18.33,False,18.33
9682,18.33,False,18.33
9683,18.33,False,18.33
9684,18.33,False,18.33
9685,18.33,False,18.33
9686,18.33,False,18.33
9687,18.33,False,18.33
9688,18.33,False,18.33
9689,18.33,False,18.33
9690,18.33,False,18.33
9691,18.33,False,18.33
9692,18.33,False,18.33
9693,18.33,False,18.33
9694,18.33,False,18.33
9695,18.33,False,18.33
9696,18.33,False,18.33
9697,18.33,False,18.33
9698,18.33,False,18.33
9699,18.33,False,18.33
9700,18.33,False,18.33
9701,18.33,False,18.33
9702,18.33,False,18.33
9703,18.33,False,18.33
9704,18.33,False,18.33
9705,18.33,False,18.33
9706,18.33,False,18.33
9707,18.33,False,18.33
9708,18.33,False,18.33
9709,18.33,False,18.33
9710,18.33,False,18.33
9711,18.33,False,18.33
9712,18.33,False,18.33
9713,18.33,False,18.33
9714,18.33,False,18.33
9715,18.33,False,18.33
9716,18.33,False,18.33
9717,18.33,False,18.33
9718,18.33,False,18.33
9719,18.33,False,18.33
9720,18.33,False,18.33
9721,18.33,False,18.33
9722,18.33,False,18.33
9723,18.33,False,18.33
9724,18.33,False,18.33
9725,18.33,False,18.33
9726,18.33,False,18.33
9727,18.33,False,18.33
9728,18.33,False,18.33
9729,19.17,False,18.497999999999998
9730,19.17,False,18.666
9731,19.17,False,18.834
9732,19.17,False,19.002000000000002
9733,19.17,False,19.17
9734,19.17,False,19.17
9735,19.17,False,19.17
9736,19.17,False,19.17
9737,19.17,False,19.17
9738,19.17,False,19.17
9739,19.17,False,19.17
9740,19.17,False,19.17
9741,19.17,False,19.17
9742,19.17,False,19.17
9743,19.17,False,19.17
9744,19.17,False,19.17
9745,19.17,False,19.17
9746,19.17,False,19.17
9747,19.17,False,19.17
9748,19.17,False,19.17
9749,19.17,False,19.17
9750,19.17,False,19.17
9751,19.17,False,19.17
9752,19.17,False,19.17
9753,19.17,False,19.17
9754,19.17,False,19.17
9755,19.17,False,19.17
9756,19.17,False,19.17
9757,19.17,False,19.17
9758,19.17,False,19.17
9759,19.17,False,19.17
9760,19.17,False,19.17
9761,19.17,False,19.17
9762,19.17,False,19.17
9763,19.17,False,19.17
9764,19.17,False,19.17
9765,19.17,False,19.17
9766,19.17,False,19.17
9767,19.17,False,19.17
9768,19.17,False,19.17
9769,19.17,False,19.17
9770,19.17,False,19.17
9771,19.17,False,19.17
9772,19.17,False,19.17
9773,19.17,False,19.17
9774,19.17,False,19.17
9775,19.17,False,19.17
9776,19.17,False,19.17
9777,19.17,False,19.17
9778,19.17,False,19.17
9779,19.17,False,19.17
9780,19.17,False,19.17
9781,19.17,False,19.17
9782,19.17,False,19.17
9783,19.17,False,19.17
9784,19.17,False,19.17
9785,19.17,False,19.17
9786,19.17,False,19.17
9787,19.17,False,19.17
9788,19.17,False,19.17
9789,19.17,False,19.17
9790,19.17,False,19.17
9791,19.17,False,19.17
9792,19.17,False,19.17
9793,19.17,False,19.17
9794,19.17,False,19.17
9795,19.17,False,19.17
9796,19.17,False,19.17
9797,19.17,False,19.17
9798,19.17,False,19.17
9799,19.17,False,19.17
9800,19.17,False,19.17
9801,19.17,False,19.17
9802,19.17,False,19.17
9803,19.17,False,19.17
9804,19.17,False,19.17
9805,19.17,False,19.17
9806,19.17,False,19.17
9807,19.17,False,19.17
9808,19.17,False,19.17
9809,19.17,False,19.17
9810,19.17,False,19.17
9811,19.17,False,19.17
9812,19.17,False,19.17
9813,19.17,False,19.17
9814,19.17,False,19.17
9815,19.17,False,19.17
9816,19.17,False,19.17
9817,19.17,False,19.17
9818,19.17,False,19.17
9819,19.17,False,19.17
9820,19.17,False,19.17
9821,19.17,False,19.17
9822,19.17,False,19.17
9823,19.17,False,19.17
9824,19.17,False,19.17
9825,19.17,False,19.17
9826,19.17,False,19.17
9827,19.17,False,19.17
9828,19.17,False,19.17
9829,19.17,False,19.17
9830,19.17,False,19.17
9831,19.17,False,19.17
9832,19.17,False,19.17
9833,19.17,False,19.17
9834,19.17,False,19.17
9835,19.17,False,19.17
9836,19.17,False,19.17
9837,19.17,False,19.17
9838,19.17,False,19.17
9839,19.17,False,19.17
9840,19.17,False,19.17
9841,19.17,False,19.17
9842,19.17,False,19.17
9843,19.17,False,19.17
9844,19.17,False,19.17
9845,19.17,False,19.17
9846,19.17,False,19.17
9847,19.17,False,19.17
9848,19.17,False,19.17
9849,19.17,False,19.17
9850,19.17,False,19.17
9851,19.17,False,19.17
9852,19.17,False,19.17
9853,19.17,False,19.17
9854,19.17,False,19.17
9855,19.17,False,19.17
9856,19.17,False,19.17
9857,19.17,False,19.17
9858,19.17,False,19.17
9859,19.17,False,19.17
9860,19.17,False,19.17
9861,19.17,False,19.17
9862,19.17,False,19.17
9863,19.17,False,19.17
9864,19.17,False,19.17
9865,19.17,False,19.17
9866,19.17,False,19.17
9867,19.17,False,19.17
9868,19.17,False,19.17
9869,19.17,False,19.17
9870,19.17,False,19.17
9871,19.17,False,19.17
9872,19.17,False,19.17
9873,19.17,False,19.17
9874,19.17,False,19.17
9875,19.17,False,19.17
9876,19.17,False,19.17
9877,19.17,False,19.17
9878,19.17,False,19.17
9879,19.17,False,19.17
9880,19.17,False,19.17
9881,19.17,False,19.17
9882,19.17,False,19.17
9883,19.17,False,19.17
9884,19.17,False,19.17
9885,19.17,False,19.17
9886,19.17,False,19.17
9887,19.17,False,19.17
9888,19.17,False,19.17
9889,19.17,False,19.17
9890,19.17,False,19.17
9891,19.17,False,19.17
9892,19.17,False,19.17
9893,19.17,False,19.17
9894,19.17,False,19.17
9895,19.17,False,19.17
9896,19.17,False,19.17
9897,19.17,False,19.17
9898,19.17,False,19.17
9899,19.17,False,19.17
9900,19.17,False,19.17
9901,19.17,False,19.17
9902,19.17,False,19.17
9903,19.17,False,19.17
9904,19.17,False,19.17
9905,19.17,False,19.17
9906,19.17,False,19.17
9907,19.17,False,19.17
9908,19.17,False,19.17
9909,19.17,False,19.17
9910,19.17,False,19.17
9911,19.17,False,19.17
9912,19.17,False,19.17
9913,19.17,False,19.17
9914,19.17,False,19.17
9915,19.17,False,19.17
9916,19.17,False,19.17
9917,19.17,False,19.17
9918,19.17,False,19.17
9919,19.17,False,19.17
9920,19.17,False,19.17
9921,19.17,False,19.17
9922,19.17,False,19.17
9923,19.17,False,19.17
9924,19.17,False,19.17
9925,19.17,False,19.17
9926,19.17,False,19.17
9927,19.17,False,19.17
9928,19.17,False,19.17
9929,19.17,False,19.17
9930,19.17,False,19.17
9931,19.17,False,19.17
9932,19.17,False,19.17
9933,19.17,False,19.17
9934,19.17,False,19.17
9935,19.17,False,19.17
9936,19.17,False,19.17
9937,19.17,False,19.17
9938,19.17,False,19.17
9939,19.17,False,19.17
9940,19.17,False,19.17
9941,19.17,False,19.17
9942,19.17,False,19.17
9943,19.17,False,19.17
9944,19.17,False,19.17
9945,19.17,False,19.17
9946,19.17,False,19.17
9947,19.17,False,19.17
9948,19.17,False,19.17
9949,19.17,False,19.17
9950,19.17,False,19.17
9951,19.17,False,19.17
9952,19.17,False,19.17
9953,19.17,False,19.17
9954,19.17,False,19.17
9955,19.17,False,19.17
9956,19.17,False,19.17
9957,19.17,False,19.17
9958,19.17,False,19.17
9959,19.17,False,19.17
9960,19.17,False,19.17
9961,19.17,False,19.17
9962,19.17,False,19.17
9963,19.17,False,19.17
9964,19.17,False,19.17
9965,19.17,False,19.17
9966,19.17,False,19.17
9967,19.17,False,19.17
9968,19.17,False,19.17
9969,19.17,False,19.17
9970,19.17,False,19.17
9971,19.17,False,19.17
9972,19.17,False,19.17
9973,19.17,False,19.17
9974,19.17,False,19.17
9975,19.17,False,19.17
9976,19.17,False,19.17
9977,19.17,False,19.17
9978,19.17,False,19.17
9979,19.17,False,19.17
9980,19.17,False,19.17
9981,19.17,False,19.17
9982,19.17,False,19.17
9983,19.17,False,19.17
9984,19.17,False,19.17
9985,20.0,False,19.336000000000002
9986,20.0,False,19.502000000000002
9987,20.0,False,19.668
9988,20.0,False,19.834
9989,20.0,False,20.0
9990,20.0,False,20.0
9991,20.0,False,20.0
9992,20.0,False,20.0
9993,20.0,False,20.0
9994,20.0,False,20.0
9995,20.0,False,20.0
9996,20.0,False,20.0
9997,20.0,False,20.0
9998,20.0,False,20.0
9999,20.0,False,20.0
10000,20.0,False,20.0
10001,20.0,False,20.0
10002,20.0,False,20.0
10003,20.0,False,20.0
10004,20.0,False,20.0
10005,20.0,False,20.0
10006,20.0,False,20.0
10007,20.0,False,20.0
10008,20.0,False,20.0
10009,20.0,False,20.0
10010,20.0,False,20.0
10011,20.0,False,20.0
10012,20.0,False,20.0
10013,20.0,False,20.0
10014,20.0,False,20.0
10015,20.0,False,20.0
10016,20.0,False,20.0
10017,20.0,False,20.0
10018,20.0,False,20.0
10019,20.0,False,20.0
10020,20.0,False,20.0
10021,20.0,False,20.0
10022,20.0,False,20.0
10023,20.0,False,20.0
10024,20.0,False,20.0
10025,20.0,False,20.0
10026,20.0,False,20.0
10027,20.0,False,20.0
10028,20.0,False,20.0
10029,20.0,False,20.0
10030,20.0,False,20.0
10031,20.0,False,20.0
10032,20.0,False,20.0
10033,20.0,False,20.0
10034,20.0,False,20.0
10035,20.0,False,20.0
10036,20.0,False,20.0
10037,20.0,False,20.0
10038,20.0,False,20.0
10039,20.0,False,20.0
10040,20.0,False,20.0
10041,20.0,False,20.0
10042,20.0,False,20.0
10043,20.0,False,20.0
10044,20.0,False,20.0
10045,20.0,False,20.0
10046,20.0,False,20.0
10047,20.0,False,20.0
10048,20.0,False,20.0
10049,20.0,False,20.0
10050,20.0,False,20.0
10051,20.0,False,20.0
10052,20.0,False,20.0
10053,20.0,False,20.0
10054,20.0,False,20.0
10055,20.0,False,20.0
10056,20.0,False,20.0
10057,20.0,False,20.0
10058,20.0,False,20.0
10059,20.0,False,20.0
10060,20.0,False,20.0
10061,20.0,False,20.0
10062,20.0,False,20.0
10063,20.0,False,20.0
10064,20.0,False,20.0
10065,20.0,False,20.0
10066,20.0,False,20.0
10067,20.0,False,20.0
10068,20.0,False,20.0
10069,20.0,False,20.0
10070,20.0,False,20.0
10071,20.0,False,20.0
10072,20.0,False,20.0
10073,20.0,False,20.0
10074,20.0,False,20.0
10075,20.0,False,20.0
10076,20.0,False,20.0
10077,20.0,False,20.0
10078,20.0,False,20.0
10079,20.0,False,20.0
10080,20.0,False,20.0
10081,20.0,False,20.0
10082,20.0,False,20.0
10083,20.0,False,20.0
10084,20.0,False,20.0
10085,20.0,False,20.0
10086,20.0,False,20.0
10087,20.0,False,20.0
10088,20.83,False,20.166
10089,20.83,False,20.332
10090,20.83,False,20.497999999999998
10091,20.83,False,20.663999999999998
10092,20.83,False,20.83
10093,20.83,False,20.83
10094,20.83,False,20.83
10095,20.83,False,20.83
10096,20.83,False,20.83
10097,20.83,False,20.83
10098,20.83,False,20.83
10099,20.83,False,20.83
10100,20.83,False,20.83
10101,20.83,False,20.83
10102,20.83,False,20.83
10103,20.83,False,20.83
10104,20.83,False,20.83
10105,20.83,False,20.83
10106,20.83,False,20.83
10107,20.83,False,20.83
10108,20.83,False,20.83
10109,20.83,False,20.83
10110,20.83,False,20.83
10111,20.83,False,20.83
10112,20.83,False,20.83
10113,20.83,False,20.83
10114,20.83,False,20.83
10115,20.83,False,20.83
10116,20.83,False,20.83
10117,20.83,False,20.83
10118,20.83,False,20.83
10119,20.83,False,20.83
10120,20.83,False,20.83
10121,20.83,False,20.83
10122,20.83,False,20.83
10123,20.83,False,20.83
10124,20.83,False,20.83
10125,20.83,False,20.83
10126,20.83,False,20.83
10127,20.83,False,20.83
10128,20.83,False,20.83
10129,20.83,False,20.83
10130,20.83,False,20.83
10131,20.83,False,20.83
10132,20.83,False,20.83
10133,20.83,False,20.83
10134,20.83,False,20.83
10135,20.83,False,20.83
10136,20.83,False,20.83
10137,20.83,False,20.83
10138,20.83,False,20.83
10139,20.83,False,20.83
10140,20.83,False,20.83
10141,20.83,False,20.83
10142,20.83,False,20.83
10143,20.83,False,20.83
10144,20.83,False,20.83
10145,20.83,False,20.83
10146,20.83,False,20.83
10147,20.83,False,20.83
10148,20.83,False,20.83
10149,20.83,False,20.83
10150,20.83,False,20.83
10151,20.83,False,20.83
10152,20.83,False,20.83
10153,20.83,False,20.83
10154,20.83,False,20.83
10155,20.83,False,20.83
10156,20.83,False,20.83
10157,20.83,False,20.83
10158,20.83,False,20.83
10159,20.83,False,20.83
10160,20.83,False,20.83
10161,20.83,False,20.83
10162,20.83,False,20.83
10163,20.83,False,20.83
10164,20.83,False,20.83
10165,20.83,False,20.83
10166,20.83,False,20.83
10167,20.83,False,20.83
10168,20.83,False,20.83
10169,20.83,False,20.83
10170,20.83,False,20.83
10171,20.83,False,20.83
10172,20.83,False,20.83
10173,20.83,False,20.83
10174,20.83,False,20.83
10175,20.83,False,20.83
10176,20.83,False,20.83
10177,20.83,False,20.83
10178,20.83,False,20.83
10179,20.83,False,20.83
10180,20.83,False,20.83
10181,20.83,False,20.83
10182,20.83,False,20.83
10183,20.83,False,20.83
10184,20.83,False,20.83
10185,20.83,False,20.83
10186,20.83,False,20.83
10187,20.83,False,20.83
10188,20.83,False,20.83
10189,20.83,False,20.83
10190,20.83,False,20.83
10191,20.83,False,20.83
10192,20.83,False,20.83
10193,20.83,False,20.83
10194,20.83,False,20.83
10195,20.83,False,20.83
10196,20.83,False,20.83
10197,20.83,False,20.83
10198,20.83,False,20.83
10199,20.83,False,20.83
10200,20.83,False,20.83
10201,20.83,False,20.83
10202,20.83,False,20.83
10203,20.83,False,20.83
10204,20.83,False,20.83
10205,20.83,False,20.83
10206,20.83,False,20.83
10207,20.83,False,20.83
10208,20.83,False,20.83
10209,20.0,False,20.663999999999998
10210,20.0,False,20.497999999999998
10211,20.0,False,20.332
10212,20.0,False,20.166
10213,20.0,False,20.0
10214,20.0,False,20.0
10215,20.0,False,20.0
10216,20.0,False,20.0
10217,20.0,False,20.0
10218,20.0,False,20.0
10219,20.0,False,20.0
10220,20.0,False,20.0
10221,20.0,False,20.0
10222,20.0,False,20.0
10223,20.0,False,20.0
10224,20.0,False,20.0
10225,20.0,False,20.0
10226,20.0,False,20.0
10227,20.0,False,20.0
10228,20.0,False,20.0
10229,20.0,False,20.0
10230,20.0,False,20.0
10231,20.0,False,20.0
10232,20.0,False,20.0
10233,20.0,False,20.0
10234,20.0,False,20.0
10235,20.0,False,20.0
10236,20.0,False,20.0
10237,20.0,False,20.0
10238,20.0,False,20.0
10239,20.0,False,20.0
10240,20.0,False,20.0
10241,21.67,False,20.334
10242,21.67,False,20.668
10243,21.67,False,21.002000000000002
10244,21.67,False,21.336000000000002
10245,21.67,False,21.67
10246,21.67,False,21.67
10247,21.67,False,21.67
10248,21.67,False,21.67
10249,21.67,False,21.67
10250,21.67,False,21.67
10251,21.67,False,21.67
10252,21.67,False,21.67
10253,21.67,False,21.67
10254,21.67,False,21.67
10255,21.67,False,21.67
10256,21.67,False,21.67
10257,21.67,False,21.67
10258,21.67,False,21.67
10259,21.67,False,21.67
10260,21.67,False,21.67
10261,20.83,False,21.502000000000002
10262,20.83,False,21.334
10263,20.83,False,21.166
10264,20.83,False,20.997999999999998
10265,20.83,False,20.83
10266,20.83,False,20.83
10267,20.83,False,20.83
10268,20.83,False,20.83
10269,20.83,False,20.83
10270,20.83,False,20.83
10271,20.83,False,20.83
10272,20.83,False,20.83
10273,20.83,False,20.83
10274,20.83,False,20.83
10275,20.83,False,20.83
10276,20.83,False,20.83
10277,20.83,False,20.83
10278,20.83,False,20.83
10279,20.83,False,20.83
10280,20.83,False,20.83
10281,20.83,False,20.83
10282,20.83,False,20.83
10283,20.83,False,20.83
10284,20.83,False,20.83
10285,20.83,False,20.83
10286,20.83,False,20.83
10287,20.83,False,20.83
10288,20.83,False,20.83
10289,20.83,False,20.83
10290,20.83,False,20.83
10291,20.0,False,20.663999999999998
10292,20.0,False,20.497999999999998
10293,20.0,False,20.332
10294,20.0,False,20.166
10295,20.0,False,20.0
10296,20.0,False,20.0
10297,20.0,False,20.0
10298,20.0,False,20.0
10299,20.0,False,20.0
10300,20.0,False,20.0
10301,20.0,False,20.0
10302,20.0,False,20.0
10303,20.0,False,20.0
10304,20.0,False,20.0
10305,20.0,False,20.0
10306,20.0,False,20.0
10307,20.0,False,20.0
10308,20.0,False,20.0
10309,20.0,False,20.0
10310,20.0,False,20.0
10311,20.0,False,20.0
10312,20.0,False,20.0
10313,20.0,False,20.0
10314,20.0,False,20.0
10315,20.0,False,20.0
10316,20.0,False,20.0
10317,20.0,False,20.0
10318,20.0,False,20.0
10319,20.0,False,20.0
10320,20.0,False,20.0
10321,20.0,False,20.0
10322,20.0,False,20.0
10323,20.0,False,20.0
10324,20.0,False,20.0
10325,20.0,False,20.0
10326,20.0,False,20.0
10327,20.0,False,20.0
10328,20.0,False,20.0
10329,20.0,False,20.0
10330,20.0,False,20.0
10331,20.0,False,20.0
10332,20.0,False,20.0
10333,20.0,False,20.0
10334,20.0,False,20.0
10335,20.0,False,20.0
10336,20.0,False,20.0
10337,20.0,False,20.0
10338,20.0,False,20.0
10339,20.0,False,20.0
10340,20.0,False,20.0
10341,20.0,False,20.0
10342,20.0,False,20.0
10343,20.0,False,20.0
10344,20.0,False,20.0
10345,20.0,False,20.0
10346,20.0,False,20.0
10347,20.0,False,20.0
10348,20.0,False,20.0
10349,20.0,False,20.0
10350,20.0,False,20.0
10351,20.0,False,20.0
10352,19.17,False,19.834
10353,19.17,False,19.668
10354,19.17,False,19.502000000000002
10355,19.17,False,19.336000000000002
10356,19.17,False,19.17
10357,19.17,False,19.17
10358,19.17,False,19.17
10359,19.17,False,19.17
10360,19.17,False,19.17
10361,19.17,False,19.17
10362,19.17,False,19.17
10363,19.17,False,19.17
10364,19.17,False,19.17
10365,19.17,False,19.17
10366,19.17,False,19.17
10367,19.17,False,19.17
10368,19.17,False,19.17
10369,19.17,False,19.17
10370,19.17,False,19.17
10371,19.17,False,19.17
10372,19.17,False,19.17
10373,19.17,False,19.17
10374,19.17,False,19.17
10375,19.17,False,19.17
10376,19.17,False,19.17
10377,19.17,False,19.17
10378,19.17,False,19.17
10379,19.17,False,19.17
10380,19.17,False,19.17
10381,19.17,False,19.17
10382,18.33,False,19.002000000000002
10383,18.33,False,18.834
10384,18.33,False,18.666
10385,18.33,False,18.497999999999998
10386,18.33,False,18.33
10387,18.33,False,18.33
10388,18.33,False,18.33
10389,18.33,False,18.33
10390,18.33,False,18.33
10391,18.33,False,18.33
10392,18.33,False,18.33
10393,18.33,False,18.33
10394,18.33,False,18.33
10395,18.33,False,18.33
10396,18.33,False,18.33
10397,18.33,False,18.33
10398,18.33,False,18.33
10399,18.33,False,18.33
10400,18.33,False,18.33
10401,18.33,False,18.33
10402,18.33,False,18.33
10403,18.33,False,18.33
10404,18.33,False,18.33
10405,18.33,False,18.33
10406,18.33,False,18.33
10407,18.33,False,18.33
10408,18.33,False,18.33
10409,18.33,False,18.33
10410,18.33,False,18.33
10411,18.33,False,18.33
10412,18.33,False,18.33
10413,17.5,False,18.163999999999998
10414,17.5,False,17.997999999999998
10415,17.5,False,17.832
10416,17.5,False,17.666
10417,17.5,False,17.5
10418,17.5,False,17.5
10419,17.5,False,17.5
10420,17.5,False,17.5
10421,17.5,False,17.5
10422,17.5,False,17.5
10423,17.5,False,17.5
10424,17.5,False,17.5
10425,17.5,False,17.5
10426,17.5,False,17.5
10427,17.5,False,17.5
10428,17.5,False,17.5
10429,17.5,False,17.5
10430,17.5,False,17.5
10431,17.5,False,17.5
10432,17.5,False,17.5
10433,17.5,False,17.5
10434,17.5,False,17.5
10435,17.5,False,17.5
10436,17.5,False,17.5
10437,17.5,False,17.5
10438,17.5,False,17.5
10439,17.5,False,17.5
10440,17.5,False,17.5
10441,17.5,False,17.5
10442,17.5,False,17.5
10443,17.5,False,17.5
10444,17.5,False,17.5
10445,17.5,False,17.5
10446,17.5,False,17.5
10447,17.5,False,17.5
10448,17.5,False,17.5
10449,17.5,False,17.5
10450,17.5,False,17.5
10451,17.5,False,17.5
10452,17.5,False,17.5
10453,17.5,False,17.5
10454,17.5,False,17.5
10455,17.5,False,17.5
10456,17.5,False,17.5
10457,17.5,False,17.5
10458,17.5,False,17.5
10459,17.5,False,17.5
10460,17.5,False,17.5
10461,17.5,False,17.5
10462,17.5,False,17.5
10463,17.5,False,17.5
10464,17.5,False,17.5
10465,17.5,False,17.5
10466,17.5,False,17.5
10467,17.5,False,17.5
10468,17.5,False,17.5
10469,17.5,False,17.5
10470,17.5,False,17.5
10471,17.5,False,17.5
10472,17.5,False,17.5
10473,17.5,False,17.5
10474,17.5,False,17.5
10475,17.5,False,17.5
10476,17.5,False,17.5
10477,17.5,False,17.5
10478,17.5,False,17.5
10479,17.5,False,17.5
10480,17.5,False,17.5
10481,17.5,False,17.5
10482,17.5,False,17.5
10483,17.5,False,17.5
10484,17.5,False,17.5
10485,17.5,False,17.5
10486,17.5,False,17.5
10487,17.5,False,17.5
10488,17.5,False,17.5
10489,17.5,False,17.5
10490,17.5,False,17.5
10491,17.5,False,17.5
10492,17.5,False,17.5
10493,17.5,False,17.5
10494,17.5,False,17.5
10495,17.5,False,17.5
10496,17.5,False,17.5
10497,18.33,False,17.666
10498,18.33,False,17.832
10499,18.33,False,17.997999999999998
10500,18.33,False,18.163999999999998
10501,18.33,False,18.33
10502,18.33,False,18.33
10503,18.33,False,18.33
10504,18.33,False,18.33
10505,18.33,False,18.33
10506,18.33,False,18.33
10507,18.33,False,18.33
10508,18.33,False,18.33
10509,18.33,False,18.33
10510,18.33,False,18.33
10511,18.33,False,18.33
10512,18.33,False,18.33
10513,18.33,False,18.33
10514,18.33,False,18.33
10515,18.33,False,18.33
10516,18.33,False,18.33
10517,18.33,False,18.33
10518,18.33,False,18.33
10519,18.33,False,18.33
10520,18.33,False,18.33
10521,18.33,False,18.33
10522,18.33,False,18.33
10523,18.33,False,18.33
10524,18.33,False,18.33
10525,18.33,False,18.33
10526,18.33,False,18.33
10527,18.33,False,18.33
10528,18.33,False,18.33
10529,18.33,False,18.33
10530,18.33,False,18.33
10531,18.33,False,18.33
10532,18.33,False,18.33
10533,18.33,False,18.33
10534,18.33,False,18.33
10535,18.33,False,18.33
10536,18.33,False,18.33
10537,18.33,False,18.33
10538,18.33,False,18.33
10539,18.33,False,18.33
10540,18.33,False,18.33
10541,18.33,False,18.33
10542,18.33,False,18.33
10543,18.33,False,18.33
10544,18.33,False,18.33
10545,18.33,False,18.33
10546,18.33,False,18.33
10547,18.33,False,18.33
10548,18.33,False,18.33
10549,18.33,False,18.33
10550,18.33,False,18.33
10551,18.33,False,18.33
10552,18.33,False,18.33
10553,18.33,False,18.33
10554,18.33,False,18.33
10555,19.17,False,18.497999999999998
10556,19.17,False,18.666
10557,19.17,False,18.834
10558,19.17,False,19.002000000000002
10559,19.17,False,19.17
10560,19.17,False,19.17
10561,19.17,False,19.17
10562,19.17,False,19.17
10563,19.17,False,19.17
10564,19.17,False,19.17
10565,19.17,False,19.17
10566,19.17,False,19.17
10567,19.17,False,19.17
10568,19.17,False,19.17
10569,19.17,False,19.17
10570,19.17,False,19.17
10571,19.17,False,19.17
10572,19.17,False,19.17
10573,19.17,False,19.17
10574,19.17,False,19.17
10575,19.17,False,19.17
10576,19.17,False,19.17
10577,19.17,False,19.17
10578,19.17,False,19.17
10579,19.17,False,19.17
10580,19.17,False,19.17
10581,19.17,False,19.17
10582,19.17,False,19.17
10583,19.17,False,19.17
10584,19.17,False,19.17
10585,19.17,False,19.17
10586,19.17,False,19.17
10587,19.17,False,19.17
10588,19.17,False,19.17
10589,19.17,False,19.17
10590,19.17,False,19.17
10591,19.17,False,19.17
10592,19.17,False,19.17
10593,19.17,False,19.17
10594,19.17,False,19.17
10595,19.17,False,19.17
10596,19.17,False,19.17
10597,19.17,False,19.17
10598,19.17,False,19.17
10599,19.17,False,19.17
10600,19.17,False,19.17
10601,19.17,False,19.17
10602,19.17,False,19.17
10603,19.17,False,19.17
10604,19.17,False,19.17
10605,19.17,False,19.17
10606,19.17,False,19.17
10607,19.17,False,19.17
10608,19.17,False,19.17
10609,19.17,False,19.17
10610,19.17,False,19.17
10611,19.17,False,19.17
10612,19.17,False,19.17
10613,19.17,False,19.17
10614,19.17,False,19.17
10615,19.17,False,19.17
10616,19.17,False,19.17
10617,19.17,False,19.17
10618,19.17,False,19.17
10619,19.17,False,19.17
10620,19.17,False,19.17
10621,19.17,False,19.17
10622,19.17,False,19.17
10623,19.17,False,19.17
10624,19.17,False,19.17
10625,19.17,False,19.17
10626,19.17,False,19.17
10627,19.17,False,19.17
10628,19.17,False,19.17
10629,19.17,False,19.17
10630,19.17,False,19.17
10631,19.17,False,19.17
10632,19.17,False,19.17
10633,19.17,False,19.17
10634,19.17,False,19.17
10635,19.17,False,19.17
10636,19.17,False,19.17
10637,19.17,False,19.17
10638,19.17,False,19.17
10639,19.17,False,19.17
10640,19.17,False,19.17
10641,19.17,False,19.17
10642,19.17,False,19.17
10643,19.17,False,19.17
10644,19.17,False,19.17
10645,19.17,False,19.17
10646,19.17,False,19.17
10647,19.17,False,19.17
10648,19.17,False,19.17
10649,19.17,False,19.17
10650,19.17,False,19.17
10651,19.17,False,19.17
10652,19.17,False,19.17
10653,19.17,False,19.17
10654,19.17,False,19.17
10655,19.17,False,19.17
10656,19.17,False,19.17
10657,19.17,False,19.17
10658,19.17,False,19.17
10659,19.17,False,19.17
10660,19.17,False,19.17
10661,19.17,False,19.17
10662,19.17,False,19.17
10663,19.17,False,19.17
10664,19.17,False,19.17
10665,19.17,False,19.17
10666,19.17,False,19.17
10667,19.17,False,19.17
10668,19.17,False,19.17
10669,19.17,False,19.17
10670,19.17,False,19.17
10671,19.17,False,19.17
10672,19.17,False,19.17
10673,19.17,False,19.17
10674,19.17,False,19.17
10675,19.17,False,19.17
10676,19.17,False,19.17
10677,20.0,False,19.336000000000002
10678,20.0,False,19.502000000000002
10679,20.0,False,19.668
10680,20.0,False,19.834
10681,20.0,False,20.0
10682,20.0,False,20.0
10683,20.0,False,20.0
10684,20.0,False,20.0
10685,20.0,False,20.0
10686,20.0,False,20.0
10687,20.0,False,20.0
10688,20.0,False,20.0
10689,20.0,False,20.0
10690,20.0,False,20.0
10691,20.0,False,20.0
10692,20.0,False,20.0
10693,20.0,False,20.0
10694,20.0,False,20.0
10695,20.0,False,20.0
10696,20.0,False,20.0
10697,20.0,False,20.0
10698,20.0,False,20.0
10699,20.0,False,20.0
10700,20.0,False,20.0
10701,20.0,False,20.0
10702,20.0,False,20.0
10703,20.0,False,20.0
10704,20.0,False,20.0
10705,20.0,False,20.0
10706,20.0,False,20.0
10707,20.0,False,20.0
10708,20.0,False,20.0
10709,20.0,False,20.0
10710,20.0,False,20.0
10711,20.0,False,20.0
10712,20.0,False,20.0
10713,20.0,False,20.0
10714,20.0,False,20.0
10715,20.0,False,20.0
10716,20.0,False,20.0
10717,20.0,False,20.0
10718,20.0,False,20.0
10719,20.0,False,20.0
10720,20.0,False,20.0
10721,20.0,False,20.0
10722,20.0,False,20.0
10723,20.0,False,20.0
10724,20.0,False,20.0
10725,20.0,False,20.0
10726,20.0,False,20.0
10727,20.0,False,20.0
10728,20.0,False,20.0
10729,20.0,False,20.0
10730,20.0,False,20.0
10731,20.0,False,20.0
10732,20.0,False,20.0
10733,20.0,False,20.0
10734,20.0,False,20.0
10735,20.0,False,20.0
10736,20.0,False,20.0
10737,20.0,False,20.0
10738,20.0,False,20.0
10739,20.0,False,20.0
10740,20.0,False,20.0
10741,20.0,False,20.0
10742,20.0,False,20.0
10743,20.0,False,20.0
10744,20.0,False,20.0
10745,20.0,False,20.0
10746,20.0,False,20.0
10747,20.0,False,20.0
10748,20.0,False,20.0
10749,20.0,False,20.0
10750,20.0,False,20.0
10751,20.0,False,20.0
10752,20.0,False,20.0
10753,20.83,False,20.166
10754,20.83,False,20.332
10755,20.83,False,20.497999999999998
10756,20.83,False,20.663999999999998
10757,20.83,False,20.83
10758,20.83,False,20.83
10759,20.83,False,20.83
10760,20.83,False,20.83
10761,20.83,False,20.83
10762,20.83,False,20.83
10763,20.83,False,20.83
10764,20.83,False,20.83
10765,20.83,False,20.83
10766,20.83,False,20.83
10767,20.83,False,20.83
10768,20.83,False,20.83
10769,20.83,False,20.83
10770,20.83,False,20.83
10771,20.83,False,20.83
10772,20.83,False,20.83
10773,20.83,False,20.83
10774,20.83,False,20.83
10775,20.83,False,20.83
10776,20.83,False,20.83
10777,20.83,False,20.83
10778,20.83,False,20.83
10779,20.83,False,20.83
10780,20.83,False,20.83
10781,20.83,False,20.83
10782,20.83,False,20.83
10783,20.83,False,20.83
10784,20.83,False,20.83
10785,20.83,False,20.83
10786,20.83,False,20.83
10787,20.83,False,20.83
10788,20.83,False,20.83
10789,20.0,False,20.663999999999998
10790,20.0,False,20.497999999999998
10791,20.0,False,20.332
10792,20.0,False,20.166
10793,20.0,False,20.0
10794,20.0,False,20.0
10795,20.0,False,20.0
10796,20.0,False,20.0
10797,20.0,False,20.0
10798,20.0,False,20.0
10799,20.0,False,20.0
10800,20.0,False,20.0
10801,20.0,False,20.0
10802,20.0,False,20.0
10803,20.0,False,20.0
10804,20.0,False,20.0
10805,20.0,False,20.0
10806,20.0,False,20.0
10807,20.0,False,20.0
10808,20.0,False,20.0
10809,20.0,False,20.0
10810,20.0,False,20.0
10811,20.0,False,20.0
10812,20.0,False,20.0
10813,20.0,False,20.0
10814,20.0,False,20.0
10815,20.0,False,20.0
10816,20.0,False,20.0
10817,20.0,False,20.0
10818,20.0,False,20.0
10819,20.0,False,20.0
10820,20.0,False,20.0
10821,20.0,False,20.0
10822,20.0,False,20.0
10823,20.0,False,20.0
10824,20.0,False,20.0
10825,20.0,False,20.0
10826,20.0,False,20.0
10827,20.0,False,20.0
10828,20.0,False,20.0
10829,20.0,False,20.0
10830,20.0,False,20.0
10831,20.0,False,20.0
10832,20.0,False,20.0
10833,20.0,False,20.0
10834,20.0,False,20.0
10835,20.0,False,20.0
10836,20.0,False,20.0
10837,20.0,False,20.0
10838,20.0,False,20.0
10839,20.0,False,20.0
10840,20.0,False,20.0
10841,20.0,False,20.0
10842,20.0,False,20.0
10843,20.0,False,20.0
10844,20.0,False,20.0
10845,20.0,False,20.0
10846,20.0,False,20.0
10847,20.0,False,20.0
10848,20.0,False,20.0
10849,20.0,False,20.0
10850,20.83,False,20.166
10851,20.83,False,20.332
10852,20.83,False,20.497999999999998
10853,20.83,False,20.663999999999998
10854,20.83,False,20.83
10855,20.83,False,20.83
10856,20.83,False,20.83
10857,20.83,False,20.83
10858,20.83,False,20.83
10859,20.83,False,20.83
10860,20.83,False,20.83
10861,20.83,False,20.83
10862,20.83,False,20.83
10863,20.83,False,20.83
10864,20.83,False,20.83
10865,20.83,False,20.83
10866,20.83,False,20.83
10867,20.83,False,20.83
10868,20.83,False,20.83
10869,20.83,False,20.83
10870,20.83,False,20.83
10871,20.83,False,20.83
10872,20.83,False,20.83
10873,20.83,False,20.83
10874,20.83,False,20.83
10875,20.83,False,20.83
10876,20.83,False,20.83
10877,20.83,False,20.83
10878,20.83,False,20.83
10879,20.83,False,20.83
10880,20.83,False,20.83
10881,20.83,False,20.83
10882,20.83,False,20.83
10883,20.83,False,20.83
10884,20.83,False,20.83
10885,20.83,False,20.83
10886,20.83,False,20.83
10887,20.83,False,20.83
10888,20.83,False,20.83
10889,20.83,False,20.83
10890,20.83,False,20.83
10891,20.83,False,20.83
10892,20.83,False,20.83
10893,20.83,False,20.83
10894,20.83,False,20.83
10895,20.83,False,20.83
10896,20.83,False,20.83
10897,20.83,False,20.83
10898,20.83,False,20.83
10899,20.83,False,20.83
10900,20.83,False,20.83
10901,20.83,False,20.83
10902,20.83,False,20.83
10903,20.83,False,20.83
10904,20.83,False,20.83
10905,20.83,False,20.83
10906,20.83,False,20.83
10907,20.83,False,20.83
10908,20.83,False,20.83
10909,20.83,False,20.83
10910,20.83,False,20.83
10911,20.83,False,20.83
10912,20.83,False,20.83
10913,20.83,False,20.83
10914,20.83,False,20.83
10915,20.83,False,20.83
10916,20.83,False,20.83
10917,20.83,False,20.83
10918,20.83,False,20.83
10919,20.83,False,20.83
10920,20.83,False,20.83
10921,20.83,False,20.83
10922,20.83,False,20.83
10923,20.83,False,20.83
10924,20.83,False,20.83
10925,20.83,False,20.83
10926,20.83,False,20.83
10927,20.83,False,20.83
10928,20.83,False,20.83
10929,20.83,False,20.83
10930,20.83,False,20.83
10931,20.83,False,20.83
10932,20.83,False,20.83
10933,20.83,False,20.83
10934,20.83,False,20.83
10935,20.83,False,20.83
10936,20.83,False,20.83
10937,20.83,False,20.83
10938,20.83,False,20.83
10939,20.83,False,20.83
10940,20.83,False,20.83
10941,20.83,False,20.83
10942,20.83,False,20.83
10943,20.83,False,20.83
10944,20.83,False,20.83
10945,20.83,False,20.83
10946,20.83,False,20.83
10947,20.83,False,20.83
10948,20.83,False,20.83
10949,20.83,False,20.83
10950,20.83,False,20.83
10951,20.83,False,20.83
10952,20.83,False,20.83
10953,20.83,False,20.83
10954,20.83,False,20.83
10955,20.83,False,20.83
10956,20.83,False,20.83
10957,20.83,False,20.83
10958,20.83,False,20.83
10959,20.83,False,20.83
10960,20.83,False,20.83
10961,20.83,False,20.83
10962,20.83,False,20.83
10963,20.83,False,20.83
10964,20.83,False,20.83
10965,20.83,False,20.83
10966,20.83,False,20.83
10967,20.83,False,20.83
10968,20.83,False,20.83
10969,20.83,False,20.83
10970,20.83,False,20.83
10971,20.83,False,20.83
10972,20.83,False,20.83
10973,20.83,False,20.83
10974,20.83,False,20.83
10975,20.83,False,20.83
10976,20.83,False,20.83
10977,20.83,False,20.83
10978,20.83,False,20.83
10979,20.83,False,20.83
10980,20.83,False,20.83
10981,20.83,False,20.83
10982,20.83,False,20.83
10983,20.83,False,20.83
10984,20.83,False,20.83
10985,20.83,False,20.83
10986,20.83,False,20.83
10987,20.83,False,20.83
10988,20.83,False,20.83
10989,20.83,False,20.83
10990,20.83,False,20.83
10991,20.83,False,20.83
10992,20.83,False,20.83
10993,20.83,False,20.83
10994,20.83,False,20.83
10995,20.83,False,20.83
10996,20.83,False,20.83
10997,20.83,False,20.83
10998,20.83,False,20.83
10999,20.83,False,20.83
11000,20.83,False,20.83
11001,20.83,False,20.83
11002,20.83,False,20.83
11003,20.83,False,20.83
11004,20.83,False,20.83
11005,20.83,False,20.83
11006,20.83,False,20.83
11007,20.83,False,20.83
11008,20.83,False,20.83
11009,20.83,False,20.83
11010,20.83,False,20.83
11011,20.83,False,20.83
11012,20.83,False,20.83
11013,20.83,False,20.83
11014,20.83,False,20.83
11015,20.83,False,20.83
11016,20.83,False,20.83
11017,20.83,False,20.83
11018,20.83,False,20.83
11019,20.83,False,20.83
11020,20.83,False,20.83
11021,20.83,False,20.83
11022,20.83,False,20.83
11023,20.83,False,20.83
11024,20.83,False,20.83
11025,20.83,False,20.83
11026,20.83,False,20.83
11027,20.83,False,20.83
11028,20.83,False,20.83
11029,20.83,False,20.83
11030,20.83,False,20.83
11031,20.83,False,20.83
11032,20.83,False,20.83
11033,20.83,False,20.83
11034,20.83,False,20.83
11035,20.83,False,20.83
11036,20.83,False,20.83
11037,20.83,False,20.83
11038,20.83,False,20.83
11039,20.83,False,20.83
11040,20.83,False,20.83
11041,20.83,False,20.83
11042,20.83,False,20.83
11043,20.83,False,20.83
11044,20.83,False,20.83
11045,20.83,False,20.83
11046,20.83,False,20.83
11047,20.83,False,20.83
11048,20.83,False,20.83
11049,20.83,False,20.83
11050,20.83,False,20.83
11051,20.83,False,20.83
11052,20.83,False,20.83
11053,20.83,False,20.83
11054,20.83,False,20.83
11055,20.83,False,20.83
11056,20.83,False,20.83
11057,20.83,False,20.83
11058,20.83,False,20.83
11059,20.83,False,20.83
11060,20.83,False,20.83
11061,20.83,False,20.83
11062,20.83,False,20.83
11063,20.83,False,20.83
11064,20.83,False,20.83
11065,20.83,False,20.83
11066,20.83,False,20.83
11067,20.83,False,20.83
11068,20.83,False,20.83
11069,20.83,False,20.83
11070,20.83,False,20.83
11071,20.83,False,20.83
11072,20.83,False,20.83
11073,20.83,False,20.83
11074,20.83,False,20.83
11075,20.83,False,20.83
11076,20.83,False,20.83
11077,20.83,False,20.83
11078,20.83,False,20.83
11079,20.83,False,20.83
11080,20.83,False,20.83
11081,20.83,False,20.83
11082,20.83,False,20.83
11083,20.83,False,20.83
11084,20.83,False,20.83
11085,20.83,False,20.83
11086,20.83,False,20.83
11087,20.83,False,20.83
11088,20.83,False,20.83
11089,20.83,False,20.83
11090,20.83,False,20.83
11091,20.83,False,20.83
11092,20.83,False,20.83
11093,20.83,False,20.83
11094,20.83,False,20.83
11095,20.83,False,20.83
11096,20.83,False,20.83
11097,20.83,False,20.83
11098,20.83,False,20.83
11099,20.83,False,20.83
11100,20.83,False,20.83
11101,20.83,False,20.83
11102,20.83,False,20.83
11103,20.83,False,20.83
11104,20.83,False,20.83
11105,20.83,False,20.83
11106,20.83,False,20.83
11107,20.83,False,20.83
11108,20.83,False,20.83
11109,20.83,False,20.83
11110,20.83,False,20.83
11111,20.83,False,20.83
11112,20.83,False,20.83
11113,20.83,False,20.83
11114,20.83,False,20.83
11115,20.83,False,20.83
11116,20.83,False,20.83
11117,20.83,False,20.83
11118,20.83,False,20.83
11119,20.83,False,20.83
11120,20.83,False,20.83
11121,20.83,False,20.83
11122,20.83,False,20.83
11123,20.83,False,20.83
11124,20.83,False,20.83
11125,20.83,False,20.83
11126,20.83,False,20.83
11127,20.83,False,20.83
11128,20.83,False,20.83
11129,20.83,False,20.83
11130,20.83,False,20.83
11131,20.83,False,20.83
11132,20.83,False,20.83
11133,20.83,False,20.83
11134,20.83,False,20.83
11135,20.83,False,20.83
11136,20.83,False,20.83
11137,20.83,False,20.83
11138,20.83,False,20.83
11139,20.83,False,20.83
11140,20.83,False,20.83
11141,20.83,False,20.83
11142,20.83,False,20.83
11143,20.83,False,20.83
11144,20.83,False,20.83
11145,20.83,False,20.83
11146,20.83,False,20.83
11147,20.83,False,20.83
11148,20.83,False,20.83
11149,20.83,False,20.83
11150,20.83,False,20.83
11151,20.83,False,20.83
11152,20.83,False,20.83
11153,20.83,False,20.83
11154,20.83,False,20.83
11155,20.83,False,20.83
11156,20.83,False,20.83
11157,20.83,False,20.83
11158,20.83,False,20.83
11159,20.83,False,20.83
11160,20.83,False,20.83
11161,20.83,False,20.83
11162,20.83,False,20.83
11163,20.83,False,20.83
11164,20.83,False,20.83
11165,20.83,False,20.83
11166,20.83,False,20.83
11167,20.83,False,20.83
11168,20.83,False,20.83
11169,20.83,False,20.83
11170,20.83,False,20.83
11171,20.83,False,20.83
11172,20.83,False,20.83
11173,20.83,False,20.83
11174,20.83,False,20.83
11175,20.83,False,20.83
11176,20.83,False,20.83
11177,20.83,False,20.83
11178,20.83,False,20.83
11179,20.83,False,20.83
11180,20.83,False,20.83
11181,20.83,False,20.83
11182,20.83,False,20.83
11183,20.83,False,20.83
11184,20.83,False,20.83
11185,20.83,False,20.83
11186,20.83,False,20.83
11187,20.83,False,20.83
11188,20.83,False,20.83
11189,20.83,False,20.83
11190,20.83,False,20.83
11191,20.83,False,20.83
11192,20.83,False,20.83
11193,20.83,False,20.83
11194,20.83,False,20.83
11195,20.83,False,20.83
11196,20.83,False,20.83
11197,20.83,False,20.83
11198,20.83,False,20.83
11199,20.83,False,20.83
11200,20.83,False,20.83
11201,20.83,False,20.83
11202,20.83,False,20.83
11203,20.83,False,20.83
11204,20.83,False,20.83
11205,20.83,False,20.83
11206,21.67,False,20.997999999999998
11207,21.67,False,21.166
11208,21.67,False,21.334
11209,21.67,False,21.502000000000002
11210,21.67,False,21.67
11211,21.67,False,21.67
11212,21.67,False,21.67
11213,21.67,False,21.67
11214,21.67,False,21.67
11215,21.67,False,21.67
11216,21.67,False,21.67
11217,21.67,False,21.67
11218,21.67,False,21.67
11219,21.67,False,21.67
11220,21.67,False,21.67
11221,21.67,False,21.67
11222,21.67,False,21.67
11223,21.67,False,21.67
11224,21.67,False,21.67
11225,21.67,False,21.67
11226,21.67,False,21.67
11227,21.67,False,21.67
11228,21.67,False,21.67
11229,21.67,False,21.67
11230,21.67,False,21.67
11231,21.67,False,21.67
11232,21.67,False,21.67
11233,21.67,False,21.67
11234,21.67,False,21.67
11235,21.67,False,21.67
11236,21.67,False,21.67
11237,22.5,False,21.836000000000002
11238,22.5,False,22.002000000000002
11239,22.5,False,22.168
11240,22.5,False,22.334
11241,22.5,False,22.5
11242,22.5,False,22.5
11243,22.5,False,22.5
11244,22.5,False,22.5
11245,22.5,False,22.5
11246,22.5,False,22.5
11247,22.5,False,22.5
11248,22.5,False,22.5
11249,22.5,False,22.5
11250,22.5,False,22.5
11251,22.5,False,22.5
11252,22.5,False,22.5
11253,22.5,False,22.5
11254,22.5,False,22.5
11255,22.5,False,22.5
11256,22.5,False,22.5
11257,22.5,False,22.5
11258,22.5,False,22.5
11259,22.5,False,22.5
11260,22.5,False,22.5
11261,22.5,False,22.5
11262,22.5,False,22.5
11263,22.5,False,22.5
11264,22.5,False,22.5
11265,22.5,False,22.5
11266,22.5,False,22.5
11267,22.5,False,22.5
11268,22.5,False,22.5
11269,22.5,False,22.5
11270,22.5,False,22.5
11271,22.5,False,22.5
11272,22.5,False,22.5
11273,22.5,False,22.5
11274,22.5,False,22.5
11275,22.5,False,22.5
11276,22.5,False,22.5
11277,22.5,False,22.5
11278,22.5,False,22.5
11279,22.5,False,22.5
11280,22.5,False,22.5
11281,22.5,False,22.5
11282,22.5,False,22.5
11283,22.5,False,22.5
11284,22.5,False,22.5
11285,22.5,False,22.5
11286,22.5,False,22.5
11287,22.5,False,22.5
11288,22.5,False,22.5
11289,22.5,False,22.5
11290,22.5,False,22.5
11291,22.5,False,22.5
11292,22.5,False,22.5
11293,22.5,False,22.5
11294,22.5,False,22.5
11295,22.5,False,22.5
11296,22.5,False,22.5
11297,22.5,False,22.5
11298,22.5,False,22.5
11299,22.5,False,22.5
11300,22.5,False,22.5
11301,22.5,False,22.5
11302,22.5,False,22.5
11303,22.5,False,22.5
11304,22.5,False,22.5
11305,22.5,False,22.5
11306,22.5,False,22.5
11307,22.5,False,22.5
11308,22.5,False,22.5
11309,22.5,False,22.5
11310,22.5,False,22.5
11311,22.5,False,22.5
11312,22.5,False,22.5
11313,22.5,False,22.5
11314,22.5,False,22.5
11315,22.5,False,22.5
11316,22.5,False,22.5
11317,22.5,False,22.5
11318,22.5,False,22.5
11319,22.5,False,22.5
11320,22.5,False,22.5
11321,22.5,False,22.5
11322,22.5,False,22.5
11323,22.5,False,22.5
11324,22.5,False,22.5
11325,22.5,False,22.5
11326,22.5,False,22.5
11327,22.5,False,22.5
11328,22.5,False,22.5
11329,22.5,False,22.5
11330,22.5,False,22.5
11331,22.5,False,22.5
11332,22.5,False,22.5
11333,22.5,False,22.5
11334,22.5,False,22.5
11335,22.5,False,22.5
11336,22.5,False,22.5
11337,22.5,False,22.5
11338,22.5,False,22.5
11339,22.5,False,22.5
11340,22.5,False,22.5
11341,22.5,False,22.5
11342,22.5,False,22.5
11343,22.5,False,22.5
11344,22.5,False,22.5
11345,22.5,False,22.5
11346,22.5,False,22.5
11347,22.5,False,22.5
11348,22.5,False,22.5
11349,21.67,False,22.334
11350,21.67,False,22.168
11351,21.67,False,22.002000000000002
11352,21.67,False,21.836000000000002
11353,21.67,False,21.67
11354,21.67,False,21.67
11355,21.67,False,21.67
11356,21.67,False,21.67
11357,21.67,False,21.67
11358,21.67,False,21.67
11359,21.67,False,21.67
11360,21.67,False,21.67
11361,21.67,False,21.67
11362,21.67,False,21.67
11363,21.67,False,21.67
11364,21.67,False,21.67
11365,21.67,False,21.67
11366,21.67,False,21.67
11367,21.67,False,21.67
11368,21.67,False,21.67
11369,21.67,False,21.67
11370,21.67,False,21.67
11371,21.67,False,21.67
11372,21.67,False,21.67
11373,21.67,False,21.67
11374,21.67,False,21.67
11375,21.67,False,21.67
11376,21.67,False,21.67
11377,21.67,False,21.67
11378,21.67,False,21.67
11379,21.67,False,21.67
11380,21.67,False,21.67
11381,21.67,False,21.67
11382,21.67,False,21.67
11383,21.67,False,21.67
11384,21.67,False,21.67
11385,21.67,False,21.67
11386,21.67,False,21.67
11387,21.67,False,21.67
11388,21.67,False,21.67
11389,21.67,False,21.67
11390,21.67,False,21.67
11391,21.67,False,21.67
11392,21.67,False,21.67
11393,21.67,False,21.67
11394,21.67,False,21.67
11395,21.67,False,21.67
11396,21.67,False,21.67
11397,21.67,False,21.67
11398,21.67,False,21.67
11399,21.67,False,21.67
11400,21.67,False,21.67
11401,21.67,False,21.67
11402,21.67,False,21.67
11403,21.67,False,21.67
11404,21.67,False,21.67
11405,21.67,False,21.67
11406,21.67,False,21.67
11407,21.67,False,21.67
11408,21.67,False,21.67
11409,21.67,False,21.67
11410,21.67,False,21.67
11411,21.67,False,21.67
11412,21.67,False,21.67
11413,21.67,False,21.67
11414,21.67,False,21.67
11415,21.67,False,21.67
11416,21.67,False,21.67
11417,21.67,False,21.67
11418,21.67,False,21.67
11419,21.67,False,21.67
11420,21.67,False,21.67
11421,21.67,False,21.67
11422,21.67,False,21.67
11423,21.67,False,21.67
11424,21.67,False,21.67
11425,21.67,False,21.67
11426,21.67,False,21.67
11427,21.67,False,21.67
11428,21.67,False,21.67
11429,21.67,False,21.67
11430,21.67,False,21.67
11431,21.67,False,21.67
11432,21.67,False,21.67
11433,21.67,False,21.67
11434,21.67,False,21.67
11435,21.67,False,21.67
11436,21.67,False,21.67
11437,21.67,False,21.67
11438,21.67,False,21.67
11439,21.67,False,21.67
11440,21.67,False,21.67
11441,21.67,False,21.67
11442,21.67,False,21.67
11443,21.67,False,21.67
11444,21.67,False,21.67
11445,21.67,False,21.67
11446,21.67,False,21.67
11447,21.67,False,21.67
11448,21.67,False,21.67
11449,21.67,False,21.67
11450,21.67,False,21.67
11451,21.67,False,21.67
11452,21.67,False,21.67
11453,21.67,False,21.67
11454,21.67,False,21.67
11455,21.67,False,21.67
11456,21.67,False,21.67
11457,21.67,False,21.67
11458,21.67,False,21.67
11459,21.67,False,21.67
11460,21.67,False,21.67
11461,21.67,False,21.67
11462,21.67,False,21.67
11463,21.67,False,21.67
11464,21.67,False,21.67
11465,21.67,False,21.67
11466,21.67,False,21.67
11467,21.67,False,21.67
11468,21.67,False,21.67
11469,21.67,False,21.67
11470,21.67,False,21.67
11471,20.83,False,21.502000000000002
11472,20.83,False,21.334
11473,20.83,False,21.166
11474,20.83,False,20.997999999999998
11475,20.83,False,20.83
11476,20.83,False,20.83
11477,20.83,False,20.83
11478,20.83,False,20.83
11479,20.83,False,20.83
11480,20.83,False,20.83
11481,20.83,False,20.83
11482,20.83,False,20.83
11483,20.83,False,20.83
11484,20.83,False,20.83
11485,20.83,False,20.83
11486,20.83,False,20.83
11487,20.83,False,20.83
11488,20.83,False,20.83
11489,20.83,False,20.83
11490,20.83,False,20.83
11491,20.83,False,20.83
11492,20.83,False,20.83
11493,20.83,False,20.83
11494,20.83,False,20.83
11495,20.83,False,20.83
11496,20.83,False,20.83
11497,20.83,False,20.83
11498,20.83,False,20.83
11499,20.83,False,20.83
11500,20.83,False,20.83
11501,20.83,False,20.83
11502,20.83,False,20.83
11503,20.83,False,20.83
11504,20.83,False,20.83
11505,20.83,False,20.83
11506,20.83,False,20.83
11507,20.83,False,20.83
11508,20.83,False,20.83
11509,20.83,False,20.83
11510,20.83,False,20.83
11511,20.83,False,20.83
11512,20.83,False,20.83
11513,20.83,False,20.83
11514,20.83,False,20.83
11515,20.83,False,20.83
11516,20.83,False,20.83
11517,20.83,False,20.83
11518,20.83,False,20.83
11519,20.83,False,20.83
11520,20.83,False,20.83
11521,21.67,False,20.997999999999998
11522,21.67,False,21.166
11523,21.67,False,21.334
11524,21.67,False,21.502000000000002
11525,21.67,False,21.67
11526,21.67,False,21.67
11527,21.67,False,21.67
11528,21.67,False,21.67
11529,21.67,False,21.67
11530,21.67,False,21.67
11531,21.67,False,21.67
11532,21.67,False,21.67
11533,21.67,False,21.67
11534,21.67,False,21.67
11535,21.67,False,21.67
11536,21.67,False,21.67
11537,21.67,False,21.67
11538,21.67,False,21.67
11539,21.67,False,21.67
11540,21.67,False,21.67
11541,21.67,False,21.67
11542,21.67,False,21.67
11543,21.67,False,21.67
11544,21.67,False,21.67
11545,21.67,False,21.67
11546,21.67,False,21.67
11547,21.67,False,21.67
11548,21.67,False,21.67
11549,21.67,False,21.67
11550,21.67,False,21.67
11551,21.67,False,21.67
11552,21.67,False,21.67
11553,21.67,False,21.67
11554,21.67,False,21.67
11555,21.67,False,21.67
11556,21.67,False,21.67
11557,21.67,False,21.67
11558,21.67,False,21.67
11559,21.67,False,21.67
11560,21.67,False,21.67
11561,21.67,False,21.67
11562,21.67,False,21.67
11563,21.67,False,21.67
11564,21.67,False,21.67
11565,21.67,False,21.67
11566,21.67,False,21.67
11567,21.67,False,21.67
11568,21.67,False,21.67
11569,21.67,False,21.67
11570,21.67,False,21.67
11571,21.67,False,21.67
11572,21.67,False,21.67
11573,21.67,False,21.67
11574,21.67,False,21.67
11575,21.67,False,21.67
11576,21.67,False,21.67
11577,21.67,False,21.67
11578,21.67,False,21.67
11579,21.67,False,21.67
11580,21.67,False,21.67
11581,21.67,False,21.67
11582,21.67,False,21.67
11583,20.83,False,21.502000000000002
11584,20.83,False,21.334
11585,20.83,False,21.166
11586,20.83,False,20.997999999999998
11587,20.83,False,20.83
11588,20.83,False,20.83
11589,20.83,False,20.83
11590,20.83,False,20.83
11591,20.83,False,20.83
11592,20.83,False,20.83
11593,20.83,False,20.83
11594,20.83,False,20.83
11595,20.83,False,20.83
11596,20.83,False,20.83
11597,20.83,False,20.83
11598,20.83,False,20.83
11599,20.83,False,20.83
11600,20.83,False,20.83
11601,20.83,False,20.83
11602,20.83,False,20.83
11603,20.83,False,20.83
11604,20.83,False,20.83
11605,20.83,False,20.83
11606,20.83,False,20.83
11607,20.83,False,20.83
11608,20.83,False,20.83
11609,20.83,False,20.83
11610,20.83,False,20.83
11611,20.83,False,20.83
11612,20.83,False,20.83
11613,20.83,False,20.83
11614,20.83,False,20.83
11615,20.83,False,20.83
11616,20.83,False,20.83
11617,20.83,False,20.83
11618,20.83,False,20.83
11619,20.83,False,20.83
11620,20.83,False,20.83
11621,20.83,False,20.83
11622,20.83,False,20.83
11623,20.83,False,20.83
11624,20.83,False,20.83
11625,20.83,False,20.83
11626,20.83,False,20.83
11627,20.83,False,20.83
11628,20.83,False,20.83
11629,20.83,False,20.83
11630,20.83,False,20.83
11631,20.83,False,20.83
11632,20.83,False,20.83
11633,20.83,False,20.83
11634,20.83,False,20.83
11635,20.83,False,20.83
11636,20.83,False,20.83
11637,20.83,False,20.83
11638,20.83,False,20.83
11639,20.83,False,20.83
11640,20.83,False,20.83
11641,20.83,False,20.83
11642,20.83,False,20.83
11643,20.83,False,20.83
11644,21.67,False,20.997999999999998
11645,21.67,False,21.166
11646,21.67,False,21.334
11647,21.67,False,21.502000000000002
11648,21.67,False,21.67
11649,21.67,False,21.67
11650,21.67,False,21.67
11651,21.67,False,21.67
11652,21.67,False,21.67
11653,21.67,False,21.67
11654,21.67,False,21.67
11655,21.67,False,21.67
11656,21.67,False,21.67
11657,21.67,False,21.67
11658,21.67,False,21.67
11659,21.67,False,21.67
11660,21.67,False,21.67
11661,21.67,False,21.67
11662,21.67,False,21.67
11663,21.67,False,21.67
11664,21.67,False,21.67
11665,21.67,False,21.67
11666,21.67,False,21.67
11667,21.67,False,21.67
11668,21.67,False,21.67
11669,21.67,False,21.67
11670,21.67,False,21.67
11671,21.67,False,21.67
11672,21.67,False,21.67
11673,21.67,False,21.67
11674,21.67,False,21.67
11675,21.67,False,21.67
11676,21.67,False,21.67
11677,21.67,False,21.67
11678,21.67,False,21.67
11679,21.67,False,21.67
11680,21.67,False,21.67
11681,21.67,False,21.67
11682,21.67,False,21.67
11683,21.67,False,21.67
11684,21.67,False,21.67
11685,21.67,False,21.67
11686,21.67,False,21.67
11687,21.67,False,21.67
11688,21.67,False,21.67
11689,21.67,False,21.67
11690,21.67,False,21.67
11691,21.67,False,21.67
11692,21.67,False,21.67
11693,21.67,False,21.67
11694,21.67,False,21.67
11695,21.67,False,21.67
11696,21.67,False,21.67
11697,21.67,False,21.67
11698,21.67,False,21.67
11699,21.67,False,21.67
11700,21.67,False,21.67
11701,21.67,False,21.67
11702,21.67,False,21.67
11703,21.67,False,21.67
11704,21.67,False,21.67
11705,21.67,False,21.67
11706,21.67,False,21.67
11707,21.67,False,21.67
11708,21.67,False,21.67
11709,21.67,False,21.67
11710,21.67,False,21.67
11711,21.67,False,21.67
11712,21.67,False,21.67
11713,21.67,False,21.67
11714,21.67,False,21.67
11715,21.67,False,21.67
11716,21.67,False,21.67
11717,21.67,False,21.67
11718,21.67,False,21.67
11719,21.67,False,21.67
11720,21.67,False,21.67
11721,21.67,False,21.67
11722,21.67,False,21.67
11723,21.67,False,21.67
11724,21.67,False,21.67
11725,21.67,False,21.67
11726,21.67,False,21.67
11727,21.67,False,21.67
11728,21.67,False,21.67
11729,21.67,False,21.67
11730,21.67,False,21.67
11731,21.67,False,21.67
11732,21.67,False,21.67
11733,21.67,False,21.67
11734,21.67,False,21.67
11735,21.67,False,21.67
11736,21.67,False,21.67
11737,21.67,False,21.67
11738,21.67,False,21.67
11739,21.67,False,21.67
11740,21.67,False,21.67
11741,21.67,False,21.67
11742,21.67,False,21.67
11743,21.67,False,21.67
11744,21.67,False,21.67
11745,21.67,False,21.67
11746,21.67,False,21.67
11747,21.67,False,21.67
11748,21.67,False,21.67
11749,21.67,False,21.67
11750,21.67,False,21.67
11751,21.67,False,21.67
11752,21.67,False,21.67
11753,21.67,False,21.67
11754,21.67,False,21.67
11755,21.67,False,21.67
11756,21.67,False,21.67
11757,21.67,False,21.67
11758,21.67,False,21.67
11759,21.67,False,21.67
11760,21.67,False,21.67
11761,21.67,False,21.67
11762,21.67,False,21.67
11763,21.67,False,21.67
11764,21.67,False,21.67
11765,21.67,False,21.67
11766,20.83,False,21.502000000000002
11767,20.83,False,21.334
11768,20.83,False,21.166
11769,20.83,False,20.997999999999998
11770,20.83,False,20.83
11771,20.83,False,20.83
11772,20.83,False,20.83
11773,20.83,False,20.83
11774,20.83,False,20.83
11775,20.83,False,20.83
11776,20.83,False,20.83
11777,20.83,False,20.83
11778,20.83,False,20.83
11779,20.83,False,20.83
11780,20.83,False,20.83
11781,20.83,False,20.83
11782,20.83,False,20.83
11783,20.83,False,20.83
11784,20.83,False,20.83
11785,20.83,False,20.83
11786,19.17,False,20.497999999999998
11787,19.17,False,20.166
11788,19.17,False,19.834
11789,19.17,False,19.502000000000002
11790,19.17,False,19.17
11791,19.17,False,19.17
11792,19.17,False,19.17
11793,19.17,False,19.17
11794,19.17,False,19.17
11795,19.17,False,19.17
11796,19.17,False,19.17
11797,19.17,False,19.17
11798,19.17,False,19.17
11799,19.17,False,19.17
11800,19.17,False,19.17
11801,19.17,False,19.17
11802,19.17,False,19.17
11803,19.17,False,19.17
11804,19.17,False,19.17
11805,19.17,False,19.17
11806,19.17,False,19.17
11807,19.17,False,19.17
11808,19.17,False,19.17
11809,19.17,False,19.17
11810,19.17,False,19.17
11811,19.17,False,19.17
11812,19.17,False,19.17
11813,19.17,False,19.17
11814,19.17,False,19.17
11815,19.17,False,19.17
11816,19.17,False,19.17
11817,14.17,False,18.17
11818,14.17,False,17.169999999999998
11819,14.17,False,16.169999999999998
11820,14.17,False,15.169999999999998
11821,14.17,False,14.17
11822,14.17,False,14.17
11823,14.17,False,14.17
11824,14.17,False,14.17
11825,14.17,False,14.17
11826,14.17,False,14.17
11827,14.17,False,14.17
11828,14.17,False,14.17
11829,14.17,False,14.17
11830,14.17,False,14.17
11831,14.17,False,14.17
11832,14.17,False,14.17
11833,14.17,False,14.17
11834,14.17,False,14.17
11835,14.17,False,14.17
11836,14.17,False,14.17
11837,14.17,False,14.17
11838,14.17,False,14.17
11839,14.17,False,14.17
11840,14.17,False,14.17
11841,14.17,False,14.17
11842,14.17,False,14.17
11843,14.17,False,14.17
11844,14.17,False,14.17
11845,14.17,False,14.17
11846,14.17,False,14.17
11847,13.33,False,14.002
11848,13.33,False,13.834
11849,13.33,False,13.666
11850,13.33,False,13.498000000000001
11851,13.33,False,13.33
11852,13.33,False,13.33
11853,13.33,False,13.33
11854,13.33,False,13.33
11855,13.33,False,13.33
11856,13.33,False,13.33
11857,13.33,False,13.33
11858,13.33,False,13.33
11859,13.33,False,13.33
11860,13.33,False,13.33
11861,13.33,False,13.33
11862,13.33,False,13.33
11863,13.33,False,13.33
11864,13.33,False,13.33
11865,13.33,False,13.33
11866,13.33,False,13.33
11867,13.33,False,13.33
11868,13.33,False,13.33
11869,13.33,False,13.33
11870,13.33,False,13.33
11871,13.33,False,13.33
11872,13.33,False,13.33
11873,13.33,False,13.33
11874,13.33,False,13.33
11875,13.33,False,13.33
11876,13.33,False,13.33
11877,13.33,False,13.33
11878,13.33,False,13.33
11879,13.33,False,13.33
11880,13.33,False,13.33
11881,13.33,False,13.33
11882,13.33,False,13.33
11883,13.33,False,13.33
11884,13.33,False,13.33
11885,13.33,False,13.33
11886,13.33,False,13.33
11887,13.33,False,13.33
11888,13.33,False,13.33
11889,13.33,False,13.33
11890,13.33,False,13.33
11891,13.33,False,13.33
11892,13.33,False,13.33
11893,13.33,False,13.33
11894,13.33,False,13.33
11895,13.33,False,13.33
11896,13.33,False,13.33
11897,13.33,False,13.33
11898,13.33,False,13.33
11899,13.33,False,13.33
11900,13.33,False,13.33
11901,13.33,False,13.33
11902,13.33,False,13.33
11903,13.33,False,13.33
11904,13.33,False,13.33
11905,13.33,False,13.33
11906,13.33,False,13.33
11907,13.33,False,13.33
11908,12.5,False,13.164000000000001
11909,12.5,False,12.998000000000001
11910,12.5,False,12.831999999999999
11911,12.5,False,12.666
11912,12.5,False,12.5
11913,12.5,False,12.5
11914,12.5,False,12.5
11915,12.5,False,12.5
11916,12.5,False,12.5
11917,12.5,False,12.5
11918,12.5,False,12.5
11919,12.5,False,12.5
11920,12.5,False,12.5
11921,12.5,False,12.5
11922,12.5,False,12.5
11923,12.5,False,12.5
11924,12.5,False,12.5
11925,12.5,False,12.5
11926,12.5,False,12.5
11927,12.5,False,12.5
11928,12.5,False,12.5
11929,12.5,False,12.5
11930,12.5,False,12.5
11931,12.5,False,12.5
11932,12.5,False,12.5
11933,12.5,False,12.5
11934,12.5,False,12.5
11935,12.5,False,12.5
11936,12.5,False,12.5
11937,12.5,False,12.5
11938,12.5,False,12.5
11939,12.5,False,12.5
11940,12.5,False,12.5
11941,12.5,False,12.5
11942,12.5,False,12.5
11943,12.5,False,12.5
11944,12.5,False,12.5
11945,12.5,False,12.5
11946,12.5,False,12.5
11947,12.5,False,12.5
11948,12.5,False,12.5
11949,12.5,False,12.5
11950,12.5,False,12.5
11951,12.5,False,12.5
11952,12.5,False,12.5
11953,12.5,False,12.5
11954,12.5,False,12.5
11955,12.5,False,12.5
11956,12.5,False,12.5
11957,12.5,False,12.5
11958,12.5,False,12.5
11959,12.5,False,12.5
11960,12.5,False,12.5
11961,12.5,False,12.5
11962,12.5,False,12.5
11963,12.5,False,12.5
11964,12.5,False,12.5
11965,12.5,False,12.5
11966,12.5,False,12.5
11967,12.5,False,12.5
11968,12.5,False,12.5
11969,11.67,False,12.334
11970,11.67,False,12.168000000000001
11971,11.67,False,12.002
11972,11.67,False,11.836
11973,11.67,False,11.67
11974,11.67,False,11.67
11975,11.67,False,11.67
11976,11.67,False,11.67
11977,11.67,False,11.67
11978,11.67,False,11.67
11979,11.67,False,11.67
11980,11.67,False,11.67
11981,11.67,False,11.67
11982,11.67,False,11.67
11983,11.67,False,11.67
11984,11.67,False,11.67
11985,11.67,False,11.67
11986,11.67,False,11.67
11987,11.67,False,11.67
11988,11.67,False,11.67
11989,11.67,False,11.67
11990,11.67,False,11.67
11991,11.67,False,11.67
11992,11.67,False,11.67
11993,11.67,False,11.67
11994,11.67,False,11.67
11995,11.67,False,11.67
11996,11.67,False,11.67
11997,11.67,False,11.67
11998,11.67,False,11.67
11999,8.33,False,11.001999999999999
12000,8.33,False,10.334
12001,8.33,False,9.666
12002,8.33,False,8.998000000000001
12003,8.33,False,8.33
12004,8.33,False,8.33
12005,8.33,False,8.33
12006,8.33,False,8.33
12007,8.33,False,8.33
12008,8.33,False,8.33
12009,8.33,False,8.33
12010,8.33,False,8.33
12011,8.33,False,8.33
12012,8.33,False,8.33
12013,8.33,False,8.33
12014,8.33,False,8.33
12015,8.33,False,8.33
12016,8.33,False,8.33
12017,8.33,False,8.33
12018,8.33,False,8.33
12019,8.33,False,8.33
12020,8.33,False,8.33
12021,8.33,False,8.33
12022,8.33,False,8.33
12023,8.33,False,8.33
12024,8.33,False,8.33
12025,8.33,False,8.33
12026,8.33,False,8.33
12027,8.33,False,8.33
12028,8.33,False,8.33
12029,5.0,False,7.664
12030,5.0,False,6.998
12031,5.0,False,6.332000000000001
12032,5.0,False,5.6659999999999995
12033,3.33,False,4.666
12034,3.33,False,4.331999999999999
12035,3.33,False,3.9979999999999998
12036,3.33,False,3.664
12037,3.33,False,3.33
12038,3.33,False,3.33
12039,3.33,False,3.33
12040,3.33,False,3.33
12041,3.33,False,3.33
12042,3.33,False,3.33
12043,3.33,False,3.33
12044,3.33,False,3.33
12045,3.33,False,3.33
12046,3.33,False,3.33
12047,3.33,False,3.33
12048,3.33,False,3.33
12049,3.33,False,3.33
12050,3.33,False,3.33
12051,1.67,False,2.998
12052,1.67,False,2.666
12053,1.67,False,2.334
12054,1.67,False,2.002
12055,1.67,False,1.67
12056,1.67,False,1.67
12057,1.67,False,1.67
12058,1.67,False,1.67
12059,1.67,False,1.67
12060,1.67,False,1.67
12061,1.67,False,1.67
12062,1.67,False,1.67
12063,1.67,False,1.67
12064,1.67,False,1.67
12065,1.67,False,1.67
12066,1.67,False,1.67
12067,1.67,False,1.67
12068,1.67,False,1.67
12069,1.67,False,1.67
12070,1.67,False,1.67
12071,1.67,False,1.67
12072,1.67,False,1.67
12073,1.67,False,1.67
12074,1.67,False,1.67
12075,1.67,False,1.67
12076,1.67,False,1.67
12077,1.67,False,1.67
12078,1.67,False,1.67
12079,1.67,False,1.67
12080,1.67,False,1.67
12081,2.5,False,1.8359999999999999
12082,2.5,False,2.002
12083,2.5,False,2.168
12084,2.5,False,2.334
12085,2.5,False,2.5
12086,2.5,False,2.5
12087,2.5,False,2.5
12088,2.5,False,2.5
12089,2.5,False,2.5
12090,2.5,False,2.5
12091,2.5,False,2.5
12092,2.5,False,2.5
12093,2.5,False,2.5
12094,2.5,False,2.5
12095,2.5,False,2.5
12096,2.5,False,2.5
12097,2.5,False,2.5
12098,2.5,False,2.5
12099,2.5,False,2.5
12100,2.5,False,2.5
12101,2.5,False,2.5
12102,2.5,False,2.5
12103,2.5,False,2.5
12104,2.5,False,2.5
12105,2.5,False,2.5
12106,2.5,False,2.5
12107,2.5,False,2.5
12108,2.5,False,2.5
12109,2.5,False,2.5
12110,2.5,False,2.5
12111,5.83,False,3.166
12112,5.83,False,3.832
12113,5.83,False,4.498
12114,5.83,False,5.164
12115,5.83,False,5.83
12116,5.83,False,5.83
12117,5.83,False,5.83
12118,5.83,False,5.83
12119,5.83,False,5.83
12120,5.83,False,5.83
12121,5.83,False,5.83
12122,5.83,False,5.83
12123,5.83,False,5.83
12124,5.83,False,5.83
12125,5.83,False,5.83
12126,5.83,False,5.83
12127,5.83,False,5.83
12128,5.83,False,5.83
12129,5.83,False,5.83
12130,5.83,False,5.83
12131,5.83,False,5.83
12132,5.83,False,5.83
12133,5.83,False,5.83
12134,5.83,False,5.83
12135,5.83,False,5.83
12136,5.83,False,5.83
12137,5.83,False,5.83
12138,5.83,False,5.83
12139,5.83,False,5.83
12140,5.83,False,5.83
12141,5.83,False,5.83
12142,6.67,False,5.998
12143,6.67,False,6.1659999999999995
12144,6.67,False,6.3340000000000005
12145,6.67,False,6.502
12146,6.67,False,6.67
12147,6.67,False,6.67
12148,6.67,False,6.67
12149,6.67,False,6.67
12150,6.67,False,6.67
12151,6.67,False,6.67
12152,6.67,False,6.67
12153,6.67,False,6.67
12154,6.67,False,6.67
12155,6.67,False,6.67
12156,6.67,False,6.67
12157,6.67,False,6.67
12158,6.67,False,6.67
12159,6.67,False,6.67
12160,6.67,False,6.67
12161,6.67,False,6.67
12162,6.67,False,6.67
12163,6.67,False,6.67
12164,6.67,False,6.67
12165,6.67,False,6.67
12166,6.67,False,6.67
12167,6.67,False,6.67
12168,6.67,False,6.67
12169,6.67,False,6.67
12170,6.67,False,6.67
12171,6.67,False,6.67
12172,6.67,False,6.67
12173,6.67,False,6.67
12174,6.67,False,6.67
12175,6.67,False,6.67
12176,6.67,False,6.67
12177,6.67,False,6.67
12178,6.67,False,6.67
12179,6.67,False,6.67
12180,6.67,False,6.67
12181,6.67,False,6.67
12182,6.67,False,6.67
12183,6.67,False,6.67
12184,6.67,False,6.67
12185,6.67,False,6.67
12186,6.67,False,6.67
12187,6.67,False,6.67
12188,6.67,False,6.67
12189,6.67,False,6.67
12190,6.67,False,6.67
12191,6.67,False,6.67
12192,6.67,False,6.67
12193,6.67,False,6.67
12194,6.67,False,6.67
12195,6.67,False,6.67
12196,6.67,False,6.67
12197,6.67,False,6.67
12198,6.67,False,6.67
12199,6.67,False,6.67
12200,6.67,False,6.67
12201,6.67,False,6.67
12202,6.67,False,6.67
12203,6.67,False,6.67
12204,6.67,False,6.67
12205,6.67,False,6.67
12206,6.67,False,6.67
12207,6.67,False,6.67
12208,6.67,False,6.67
12209,6.67,False,6.67
12210,6.67,False,6.67
12211,6.67,False,6.67
12212,6.67,False,6.67
12213,6.67,False,6.67
12214,6.67,False,6.67
12215,6.67,False,6.67
12216,6.67,False,6.67
12217,6.67,False,6.67
12218,6.67,False,6.67
12219,6.67,False,6.67
12220,6.67,False,6.67
12221,6.67,False,6.67
12222,6.67,False,6.67
12223,6.67,False,6.67
12224,6.67,False,6.67
12225,6.67,False,6.67
12226,6.67,False,6.67
12227,6.67,False,6.67
12228,6.67,False,6.67
12229,6.67,False,6.67
12230,6.67,False,6.67
12231,6.67,False,6.67
12232,6.67,False,6.67
12233,6.67,False,6.67
12234,6.67,False,6.67
12235,6.67,False,6.67
12236,6.67,False,6.67
12237,6.67,False,6.67
12238,6.67,False,6.67
12239,6.67,False,6.67
12240,6.67,False,6.67
12241,6.67,False,6.67
12242,6.67,False,6.67
12243,6.67,False,6.67
12244,6.67,False,6.67
12245,6.67,False,6.67
12246,6.67,False,6.67
12247,6.67,False,6.67
12248,6.67,False,6.67
12249,6.67,False,6.67
12250,6.67,False,6.67
12251,6.67,False,6.67
12252,6.67,False,6.67
12253,6.67,False,6.67
12254,6.67,False,6.67
12255,6.67,False,6.67
12256,6.67,False,6.67
12257,6.67,False,6.67
12258,6.67,False,6.67
12259,6.67,False,6.67
12260,6.67,False,6.67
12261,6.67,False,6.67
12262,6.67,False,6.67
12263,6.67,False,6.67
12264,6.67,False,6.67
12265,6.67,False,6.67
12266,6.67,False,6.67
12267,6.67,False,6.67
12268,6.67,False,6.67
12269,6.67,False,6.67
12270,6.67,False,6.67
12271,6.67,False,6.67
12272,6.67,False,6.67
12273,6.67,False,6.67
12274,6.67,False,6.67
12275,6.67,False,6.67
12276,6.67,False,6.67
12277,6.67,False,6.67
12278,6.67,False,6.67
12279,6.67,False,6.67
12280,6.67,False,6.67
12281,6.67,False,6.67
12282,6.67,False,6.67
12283,6.67,False,6.67
12284,6.67,False,6.67
12285,6.67,False,6.67
12286,6.67,False,6.67
12287,6.67,False,6.67
12288,6.67,False,6.67
12289,7.5,False,6.836
12290,7.5,False,7.002
12291,7.5,False,7.168000000000001
12292,7.5,False,7.3340000000000005
12293,7.5,False,7.5
12294,7.5,False,7.5
12295,7.5,False,7.5
12296,7.5,False,7.5
12297,7.5,False,7.5
12298,7.5,False,7.5
12299,7.5,False,7.5
12300,7.5,False,7.5
12301,7.5,False,7.5
12302,7.5,False,7.5
12303,7.5,False,7.5
12304,7.5,False,7.5
12305,7.5,False,7.5
12306,7.5,False,7.5
12307,7.5,False,7.5
12308,7.5,False,7.5
12309,7.5,False,7.5
12310,7.5,False,7.5
12311,7.5,False,7.5
12312,7.5,False,7.5
12313,7.5,False,7.5
12314,7.5,False,7.5
12315,7.5,False,7.5
12316,7.5,False,7.5
12317,7.5,False,7.5
12318,7.5,False,7.5
12319,7.5,False,7.5
12320,7.5,False,7.5
12321,6.67,False,7.3340000000000005
12322,6.67,False,7.168000000000001
12323,6.67,False,7.002
12324,6.67,False,6.836
12325,6.67,False,6.67
12326,6.67,False,6.67
12327,6.67,False,6.67
12328,6.67,False,6.67
12329,6.67,False,6.67
12330,6.67,False,6.67
12331,6.67,False,6.67
12332,6.67,False,6.67
12333,6.67,False,6.67
12334,6.67,False,6.67
12335,6.67,False,6.67
12336,6.67,False,6.67
12337,6.67,False,6.67
12338,6.67,False,6.67
12339,6.67,False,6.67
12340,6.67,False,6.67
12341,6.67,False,6.67
12342,6.67,False,6.67
12343,6.67,False,6.67
12344,6.67,False,6.67
12345,6.67,False,6.67
12346,6.67,False,6.67
12347,6.67,False,6.67
12348,6.67,False,6.67
12349,6.67,False,6.67
12350,6.67,False,6.67
12351,6.67,False,6.67
12352,6.67,False,6.67
12353,6.67,False,6.67
12354,6.67,False,6.67
12355,6.67,False,6.67
12356,6.67,False,6.67
12357,6.67,False,6.67
12358,6.67,False,6.67
12359,6.67,False,6.67
12360,6.67,False,6.67
12361,6.67,False,6.67
12362,6.67,False,6.67
12363,6.67,False,6.67
12364,6.67,False,6.67
12365,6.67,False,6.67
12366,6.67,False,6.67
12367,6.67,False,6.67
12368,6.67,False,6.67
12369,6.67,False,6.67
12370,6.67,False,6.67
12371,6.67,False,6.67
12372,6.67,False,6.67
12373,6.67,False,6.67
12374,6.67,False,6.67
12375,6.67,False,6.67
12376,6.67,False,6.67
12377,6.67,False,6.67
12378,6.67,False,6.67
12379,6.67,False,6.67
12380,6.67,False,6.67
12381,6.67,False,6.67
12382,6.67,False,6.67
12383,6.67,False,6.67
12384,6.67,False,6.67
12385,6.67,False,6.67
12386,6.67,False,6.67
12387,6.67,False,6.67
12388,6.67,False,6.67
12389,6.67,False,6.67
12390,6.67,False,6.67
12391,6.67,False,6.67
12392,6.67,False,6.67
12393,6.67,False,6.67
12394,6.67,False,6.67
12395,6.67,False,6.67
12396,6.67,False,6.67
12397,6.67,False,6.67
12398,6.67,False,6.67
12399,6.67,False,6.67
12400,6.67,False,6.67
12401,6.67,False,6.67
12402,6.67,False,6.67
12403,6.67,False,6.67
12404,6.67,False,6.67
12405,6.67,False,6.67
12406,6.67,False,6.67
12407,6.67,False,6.67
12408,6.67,False,6.67
12409,6.67,False,6.67
12410,6.67,False,6.67
12411,6.67,False,6.67
12412,6.67,False,6.67
12413,6.67,False,6.67
12414,6.67,False,6.67
12415,6.67,False,6.67
12416,6.67,False,6.67
12417,6.67,False,6.67
12418,6.67,False,6.67
12419,6.67,False,6.67
12420,6.67,False,6.67
12421,6.67,False,6.67
12422,6.67,False,6.67
12423,6.67,False,6.67
12424,6.67,False,6.67
12425,6.67,False,6.67
12426,6.67,False,6.67
12427,6.67,False,6.67
12428,6.67,False,6.67
12429,6.67,False,6.67
12430,6.67,False,6.67
12431,6.67,False,6.67
12432,6.67,False,6.67
12433,6.67,False,6.67
12434,6.67,False,6.67
12435,6.67,False,6.67
12436,6.67,False,6.67
12437,6.67,False,6.67
12438,6.67,False,6.67
12439,6.67,False,6.67
12440,6.67,False,6.67
12441,6.67,False,6.67
12442,6.67,False,6.67
12443,6.67,False,6.67
12444,6.67,False,6.67
12445,6.67,False,6.67
12446,6.67,False,6.67
12447,6.67,False,6.67
12448,6.67,False,6.67
12449,6.67,False,6.67
12450,6.67,False,6.67
12451,6.67,False,6.67
12452,6.67,False,6.67
12453,6.67,False,6.67
12454,6.67,False,6.67
12455,6.67,False,6.67
12456,6.67,False,6.67
12457,6.67,False,6.67
12458,6.67,False,6.67
12459,6.67,False,6.67
12460,6.67,False,6.67
12461,6.67,False,6.67
12462,6.67,False,6.67
12463,6.67,False,6.67
12464,6.67,False,6.67
12465,6.67,False,6.67
12466,6.67,False,6.67
12467,6.67,False,6.67
12468,6.67,False,6.67
12469,6.67,False,6.67
12470,6.67,False,6.67
12471,6.67,False,6.67
12472,6.67,False,6.67
12473,6.67,False,6.67
12474,6.67,False,6.67
12475,6.67,False,6.67
12476,6.67,False,6.67
12477,6.67,False,6.67
12478,6.67,False,6.67
12479,6.67,False,6.67
12480,6.67,False,6.67
12481,6.67,False,6.67
12482,6.67,False,6.67
12483,6.67,False,6.67
12484,6.67,False,6.67
12485,6.67,False,6.67
12486,6.67,False,6.67
12487,6.67,False,6.67
12488,6.67,False,6.67
12489,6.67,False,6.67
12490,6.67,False,6.67
12491,6.67,False,6.67
12492,6.67,False,6.67
12493,6.67,False,6.67
12494,6.67,False,6.67
12495,6.67,False,6.67
12496,6.67,False,6.67
12497,6.67,False,6.67
12498,6.67,False,6.67
12499,6.67,False,6.67
12500,6.67,False,6.67
12501,6.67,False,6.67
12502,6.67,False,6.67
12503,6.67,False,6.67
12504,6.67,False,6.67
12505,6.67,False,6.67
12506,6.67,False,6.67
12507,6.67,False,6.67
12508,6.67,False,6.67
12509,6.67,False,6.67
12510,6.67,False,6.67
12511,6.67,False,6.67
12512,6.67,False,6.67
12513,6.67,False,6.67
12514,6.67,False,6.67
12515,6.67,False,6.67
12516,6.67,False,6.67
12517,6.67,False,6.67
12518,6.67,False,6.67
12519,6.67,False,6.67
12520,6.67,False,6.67
12521,6.67,False,6.67
12522,6.67,False,6.67
12523,6.67,False,6.67
12524,6.67,False,6.67
12525,6.67,False,6.67
12526,6.67,False,6.67
12527,6.67,False,6.67
12528,6.67,False,6.67
12529,6.67,False,6.67
12530,6.67,False,6.67
12531,6.67,False,6.67
12532,6.67,False,6.67
12533,6.67,False,6.67
12534,6.67,False,6.67
12535,6.67,False,6.67
12536,6.67,False,6.67
12537,6.67,False,6.67
12538,6.67,False,6.67
12539,6.67,False,6.67
12540,6.67,False,6.67
12541,6.67,False,6.67
12542,6.67,False,6.67
12543,6.67,False,6.67
12544,6.67,False,6.67
12545,6.67,False,6.67
12546,6.67,False,6.67
12547,6.67,False,6.67
12548,6.67,False,6.67
12549,6.67,False,6.67
12550,6.67,False,6.67
12551,6.67,False,6.67
12552,6.67,False,6.67
12553,6.67,False,6.67
12554,6.67,False,6.67
12555,6.67,False,6.67
12556,6.67,False,6.67
12557,6.67,False,6.67
12558,6.67,False,6.67
12559,6.67,False,6.67
12560,6.67,False,6.67
12561,6.67,False,6.67
12562,6.67,False,6.67
12563,6.67,False,6.67
12564,6.67,False,6.67
12565,6.67,False,6.67
12566,6.67,False,6.67
12567,6.67,False,6.67
12568,6.67,False,6.67
12569,6.67,False,6.67
12570,6.67,False,6.67
12571,6.67,False,6.67
12572,6.67,False,6.67
12573,6.67,False,6.67
12574,6.67,False,6.67
12575,6.67,False,6.67
12576,6.67,False,6.67
12577,6.67,False,6.67
12578,6.67,False,6.67
12579,6.67,False,6.67
12580,6.67,False,6.67
12581,6.67,False,6.67
12582,6.67,False,6.67
12583,6.67,False,6.67
12584,6.67,False,6.67
12585,6.67,False,6.67
12586,6.67,False,6.67
12587,6.67,False,6.67
12588,6.67,False,6.67
12589,6.67,False,6.67
12590,6.67,False,6.67
12591,6.67,False,6.67
12592,6.67,False,6.67
12593,6.67,False,6.67
12594,6.67,False,6.67
12595,6.67,False,6.67
12596,6.67,False,6.67
12597,6.67,False,6.67
12598,6.67,False,6.67
12599,6.67,False,6.67
12600,6.67,False,6.67
12601,6.67,False,6.67
12602,6.67,False,6.67
12603,6.67,False,6.67
12604,6.67,False,6.67
12605,6.67,False,6.67
12606,6.67,False,6.67
12607,6.67,False,6.67
12608,6.67,False,6.67
12609,6.67,False,6.67
12610,6.67,False,6.67
12611,6.67,False,6.67
12612,6.67,False,6.67
12613,6.67,False,6.67
12614,6.67,False,6.67
12615,6.67,False,6.67
12616,6.67,False,6.67
12617,6.67,False,6.67
12618,6.67,False,6.67
12619,6.67,False,6.67
12620,6.67,False,6.67
12621,6.67,False,6.67
12622,6.67,False,6.67
12623,6.67,False,6.67
12624,6.67,False,6.67
12625,6.67,False,6.67
12626,6.67,False,6.67
12627,6.67,False,6.67
12628,6.67,False,6.67
12629,6.67,False,6.67
12630,6.67,False,6.67
12631,6.67,False,6.67
12632,6.67,False,6.67
12633,6.67,False,6.67
12634,6.67,False,6.67
12635,6.67,False,6.67
12636,6.67,False,6.67
12637,6.67,False,6.67
12638,6.67,False,6.67
12639,6.67,False,6.67
12640,6.67,False,6.67
12641,6.67,False,6.67
12642,6.67,False,6.67
12643,6.67,False,6.67
12644,6.67,False,6.67
12645,6.67,False,6.67
12646,6.67,False,6.67
12647,6.67,False,6.67
12648,6.67,False,6.67
12649,6.67,False,6.67
12650,6.67,False,6.67
12651,6.67,False,6.67
12652,6.67,False,6.67
12653,6.67,False,6.67
12654,6.67,False,6.67
12655,6.67,False,6.67
12656,6.67,False,6.67
12657,6.67,False,6.67
12658,6.67,False,6.67
12659,6.67,False,6.67
12660,6.67,False,6.67
12661,6.67,False,6.67
12662,6.67,False,6.67
12663,6.67,False,6.67
12664,6.67,False,6.67
12665,6.67,False,6.67
12666,6.67,False,6.67
12667,6.67,False,6.67
12668,6.67,False,6.67
12669,6.67,False,6.67
12670,6.67,False,6.67
12671,6.67,False,6.67
12672,6.67,False,6.67
12673,6.67,False,6.67
12674,6.67,False,6.67
12675,6.67,False,6.67
12676,6.67,False,6.67
12677,6.67,False,6.67
12678,6.67,False,6.67
12679,6.67,False,6.67
12680,6.67,False,6.67
12681,6.67,False,6.67
12682,6.67,False,6.67
12683,6.67,False,6.67
12684,6.67,False,6.67
12685,6.67,False,6.67
12686,6.67,False,6.67
12687,6.67,False,6.67
12688,6.67,False,6.67
12689,6.67,False,6.67
12690,6.67,False,6.67
12691,6.67,False,6.67
12692,6.67,False,6.67
12693,6.67,False,6.67
12694,6.67,False,6.67
12695,6.67,False,6.67
12696,6.67,False,6.67
12697,6.67,False,6.67
12698,6.67,False,6.67
12699,6.67,False,6.67
12700,6.67,False,6.67
12701,6.67,False,6.67
12702,6.67,False,6.67
12703,6.67,False,6.67
12704,6.67,False,6.67
12705,6.67,False,6.67
12706,6.67,False,6.67
12707,6.67,False,6.67
12708,6.67,False,6.67
12709,6.67,False,6.67
12710,6.67,False,6.67
12711,6.67,False,6.67
12712,6.67,False,6.67
12713,6.67,False,6.67
12714,6.67,False,6.67
12715,6.67,False,6.67
12716,6.67,False,6.67
12717,6.67,False,6.67
12718,6.67,False,6.67
12719,6.67,False,6.67
12720,6.67,False,6.67
12721,6.67,False,6.67
12722,6.67,False,6.67
12723,6.67,False,6.67
12724,6.67,False,6.67
12725,6.67,False,6.67
12726,6.67,False,6.67
12727,6.67,False,6.67
12728,6.67,False,6.67
12729,6.67,False,6.67
12730,6.67,False,6.67
12731,6.67,False,6.67
12732,6.67,False,6.67
12733,6.67,False,6.67
12734,6.67,False,6.67
12735,6.67,False,6.67
12736,6.67,False,6.67
12737,6.67,False,6.67
12738,6.67,False,6.67
12739,6.67,False,6.67
12740,6.67,False,6.67
12741,6.67,False,6.67
12742,6.67,False,6.67
12743,6.67,False,6.67
12744,6.67,False,6.67
12745,6.67,False,6.67
12746,6.67,False,6.67
12747,6.67,False,6.67
12748,6.67,False,6.67
12749,6.67,False,6.67
12750,6.67,False,6.67
12751,6.67,False,6.67
12752,6.67,False,6.67
12753,6.67,False,6.67
12754,6.67,False,6.67
12755,6.67,False,6.67
12756,6.67,False,6.67
12757,6.67,False,6.67
12758,6.67,False,6.67
12759,6.67,False,6.67
12760,6.67,False,6.67
12761,6.67,False,6.67
12762,6.67,False,6.67
12763,6.67,False,6.67
12764,6.67,False,6.67
12765,6.67,False,6.67
12766,6.67,False,6.67
12767,6.67,False,6.67
12768,6.67,False,6.67
12769,6.67,False,6.67
12770,6.67,False,6.67
12771,6.67,False,6.67
12772,6.67,False,6.67
12773,6.67,False,6.67
12774,6.67,False,6.67
12775,6.67,False,6.67
12776,6.67,False,6.67
12777,6.67,False,6.67
12778,6.67,False,6.67
12779,6.67,False,6.67
12780,6.67,False,6.67
12781,6.67,False,6.67
12782,6.67,False,6.67
12783,6.67,False,6.67
12784,6.67,False,6.67
12785,6.67,False,6.67
12786,6.67,False,6.67
12787,6.67,False,6.67
12788,6.67,False,6.67
12789,6.67,False,6.67
12790,6.67,False,6.67
12791,6.67,False,6.67
12792,6.67,False,6.67
12793,6.67,False,6.67
12794,6.67,False,6.67
12795,6.67,False,6.67
12796,6.67,False,6.67
12797,6.67,False,6.67
12798,6.67,False,6.67
12799,6.67,False,6.67
12800,6.67,False,6.67
12801,7.5,False,6.836
12802,7.5,False,7.002
12803,7.5,False,7.168000000000001
12804,7.5,False,7.3340000000000005
12805,7.5,False,7.5
12806,7.5,False,7.5
12807,7.5,False,7.5
12808,7.5,False,7.5
12809,7.5,False,7.5
12810,7.5,False,7.5
12811,7.5,False,7.5
12812,7.5,False,7.5
12813,7.5,False,7.5
12814,7.5,False,7.5
12815,7.5,False,7.5
12816,7.5,False,7.5
12817,7.5,False,7.5
12818,7.5,False,7.5
12819,7.5,False,7.5
12820,7.5,False,7.5
12821,7.5,False,7.5
12822,7.5,False,7.5
12823,7.5,False,7.5
12824,7.5,False,7.5
12825,7.5,False,7.5
12826,7.5,False,7.5
12827,7.5,False,7.5
12828,7.5,False,7.5
12829,7.5,False,7.5
12830,7.5,False,7.5
12831,6.67,False,7.3340000000000005
12832,6.67,False,7.168000000000001
12833,6.67,False,7.002
12834,6.67,False,6.836
12835,6.67,False,6.67
12836,6.67,False,6.67
12837,6.67,False,6.67
12838,6.67,False,6.67
12839,6.67,False,6.67
12840,6.67,False,6.67
12841,6.67,False,6.67
12842,6.67,False,6.67
12843,6.67,False,6.67
12844,6.67,False,6.67
12845,6.67,False,6.67
12846,6.67,False,6.67
12847,6.67,False,6.67
12848,6.67,False,6.67
12849,6.67,False,6.67
12850,6.67,False,6.67
12851,6.67,False,6.67
12852,6.67,False,6.67
12853,6.67,False,6.67
12854,6.67,False,6.67
12855,6.67,False,6.67
12856,6.67,False,6.67
12857,6.67,False,6.67
12858,6.67,False,6.67
12859,6.67,False,6.67
12860,6.67,False,6.67
12861,6.67,False,6.67
12862,6.67,False,6.67
12863,6.67,False,6.67
12864,6.67,False,6.67
12865,6.67,False,6.67
12866,6.67,False,6.67
12867,6.67,False,6.67
12868,6.67,False,6.67
12869,6.67,False,6.67
12870,6.67,False,6.67
12871,6.67,False,6.67
12872,6.67,False,6.67
12873,6.67,False,6.67
12874,6.67,False,6.67
12875,6.67,False,6.67
12876,6.67,False,6.67
12877,6.67,False,6.67
12878,6.67,False,6.67
12879,6.67,False,6.67
12880,6.67,False,6.67
12881,6.67,False,6.67
12882,6.67,False,6.67
12883,6.67,False,6.67
12884,6.67,False,6.67
12885,6.67,False,6.67
12886,6.67,False,6.67
12887,6.67,False,6.67
12888,6.67,False,6.67
12889,6.67,False,6.67
12890,6.67,False,6.67
12891,5.83,False,6.502
12892,5.83,False,6.334
12893,5.83,False,6.1659999999999995
12894,5.83,False,5.997999999999999
12895,5.83,False,5.83
12896,5.83,False,5.83
12897,5.83,False,5.83
12898,5.83,False,5.83
12899,5.83,False,5.83
12900,5.83,False,5.83
12901,5.83,False,5.83
12902,5.83,False,5.83
12903,5.83,False,5.83
12904,5.83,False,5.83
12905,5.83,False,5.83
12906,5.83,False,5.83
12907,5.83,False,5.83
12908,5.83,False,5.83
12909,5.83,False,5.83
12910,5.83,False,5.83
12911,5.83,False,5.83
12912,5.83,False,5.83
12913,5.83,False,5.83
12914,5.83,False,5.83
12915,5.83,False,5.83
12916,5.83,False,5.83
12917,5.83,False,5.83
12918,5.83,False,5.83
12919,5.83,False,5.83
12920,5.83,False,5.83
12921,5.83,False,5.83
12922,5.83,False,5.83
12923,5.83,False,5.83
12924,5.83,False,5.83
12925,5.83,False,5.83
12926,5.83,False,5.83
12927,5.83,False,5.83
12928,5.83,False,5.83
12929,5.83,False,5.83
12930,5.83,False,5.83
12931,5.83,False,5.83
12932,5.83,False,5.83
12933,5.83,False,5.83
12934,5.83,False,5.83
12935,5.83,False,5.83
12936,5.83,False,5.83
12937,5.83,False,5.83
12938,5.83,False,5.83
12939,5.83,False,5.83
12940,5.83,False,5.83
12941,5.83,False,5.83
12942,5.83,False,5.83
12943,5.83,False,5.83
12944,5.83,False,5.83
12945,5.83,False,5.83
12946,5.83,False,5.83
12947,5.83,False,5.83
12948,5.83,False,5.83
12949,5.83,False,5.83
12950,5.83,False,5.83
12951,5.83,False,5.83
12952,5.83,False,5.83
12953,5.83,False,5.83
12954,5.83,False,5.83
12955,5.83,False,5.83
12956,5.83,False,5.83
12957,5.83,False,5.83
12958,5.83,False,5.83
12959,5.83,False,5.83
12960,5.83,False,5.83
12961,5.83,False,5.83
12962,5.83,False,5.83
12963,5.83,False,5.83
12964,5.83,False,5.83
12965,5.83,False,5.83
12966,5.83,False,5.83
12967,5.83,False,5.83
12968,5.83,False,5.83
12969,5.83,False,5.83
12970,5.83,False,5.83
12971,5.83,False,5.83
12972,5.83,False,5.83
12973,5.83,False,5.83
12974,5.83,False,5.83
12975,5.83,False,5.83
12976,5.83,False,5.83
12977,5.83,False,5.83
12978,5.83,False,5.83
12979,5.83,False,5.83
12980,5.83,False,5.83
12981,5.83,False,5.83
12982,5.0,False,5.664
12983,5.0,False,5.498
12984,5.0,False,5.332000000000001
12985,5.0,False,5.1659999999999995
12986,5.0,False,5.0
12987,5.0,False,5.0
12988,5.0,False,5.0
12989,5.0,False,5.0
12990,5.0,False,5.0
12991,5.0,False,5.0
12992,5.0,False,5.0
12993,5.0,False,5.0
12994,5.0,False,5.0
12995,5.0,False,5.0
12996,5.0,False,5.0
12997,5.0,False,5.0
12998,5.0,False,5.0
12999,5.0,False,5.0
13000,5.0,False,5.0
13001,5.0,False,5.0
13002,5.0,False,5.0
13003,5.0,False,5.0
13004,5.0,False,5.0
13005,5.0,False,5.0
13006,5.0,False,5.0
13007,5.0,False,5.0
13008,5.0,False,5.0
13009,5.0,False,5.0
13010,5.0,False,5.0
13011,5.0,False,5.0
13012,5.0,False,5.0
13013,5.0,False,5.0
13014,5.0,False,5.0
13015,5.0,False,5.0
13016,5.0,False,5.0
13017,5.0,False,5.0
13018,5.0,False,5.0
13019,5.0,False,5.0
13020,5.0,False,5.0
13021,5.0,False,5.0
13022,5.0,False,5.0
13023,5.0,False,5.0
13024,5.0,False,5.0
13025,5.0,False,5.0
13026,5.0,False,5.0
13027,5.0,False,5.0
13028,5.0,False,5.0
13029,5.0,False,5.0
13030,5.0,False,5.0
13031,5.0,False,5.0
13032,5.0,False,5.0
13033,5.0,False,5.0
13034,5.0,False,5.0
13035,5.0,False,5.0
13036,5.0,False,5.0
13037,5.0,False,5.0
13038,5.0,False,5.0
13039,5.0,False,5.0
13040,5.0,False,5.0
13041,5.0,False,5.0
13042,5.0,False,5.0
13043,5.0,False,5.0
13044,5.0,False,5.0
13045,5.0,False,5.0
13046,5.0,False,5.0
13047,5.0,False,5.0
13048,5.0,False,5.0
13049,5.0,False,5.0
13050,5.0,False,5.0
13051,5.0,False,5.0
13052,5.0,False,5.0
13053,5.0,False,5.0
13054,5.0,False,5.0
13055,5.0,False,5.0
13056,5.0,False,5.0
13057,5.0,False,5.0
13058,5.0,False,5.0
13059,5.0,False,5.0
13060,5.0,False,5.0
13061,5.0,False,5.0
13062,5.0,False,5.0
13063,5.0,False,5.0
13064,5.0,False,5.0
13065,5.0,False,5.0
13066,5.0,False,5.0
13067,5.0,False,5.0
13068,5.0,False,5.0
13069,5.0,False,5.0
13070,5.0,False,5.0
13071,5.0,False,5.0
13072,5.0,False,5.0
13073,5.0,False,5.0
13074,5.0,False,5.0
13075,5.0,False,5.0
13076,5.0,False,5.0
13077,5.0,False,5.0
13078,5.0,False,5.0
13079,5.0,False,5.0
13080,5.0,False,5.0
13081,5.0,False,5.0
13082,5.0,False,5.0
13083,5.0,False,5.0
13084,5.0,False,5.0
13085,5.0,False,5.0
13086,5.0,False,5.0
13087,5.0,False,5.0
13088,5.0,False,5.0
13089,5.0,False,5.0
13090,5.0,False,5.0
13091,5.0,False,5.0
13092,5.0,False,5.0
13093,5.0,False,5.0
13094,5.0,False,5.0
13095,5.0,False,5.0
13096,5.0,False,5.0
13097,5.0,False,5.0
13098,5.0,False,5.0
13099,5.0,False,5.0
13100,5.0,False,5.0
13101,5.0,False,5.0
13102,5.0,False,5.0
13103,5.0,False,5.0
13104,5.0,False,5.0
13105,5.0,False,5.0
13106,5.0,False,5.0
13107,5.0,False,5.0
13108,5.0,False,5.0
13109,5.0,False,5.0
13110,5.0,False,5.0
13111,5.0,False,5.0
13112,5.0,False,5.0
13113,5.0,False,5.0
13114,5.0,False,5.0
13115,5.0,False,5.0
13116,5.0,False,5.0
13117,5.0,False,5.0
13118,5.0,False,5.0
13119,5.0,False,5.0
13120,5.0,False,5.0
13121,5.0,False,5.0
13122,5.0,False,5.0
13123,5.0,False,5.0
13124,5.0,False,5.0
13125,5.0,False,5.0
13126,5.0,False,5.0
13127,5.0,False,5.0
13128,5.0,False,5.0
13129,5.0,False,5.0
13130,5.0,False,5.0
13131,5.83,False,5.166
13132,5.83,False,5.331999999999999
13133,5.83,False,5.497999999999999
13134,5.83,False,5.664
13135,5.83,False,5.83
13136,5.83,False,5.83
13137,5.83,False,5.83
13138,5.83,False,5.83
13139,5.83,False,5.83
13140,5.83,False,5.83
13141,5.83,False,5.83
13142,5.83,False,5.83
13143,5.83,False,5.83
13144,5.83,False,5.83
13145,5.83,False,5.83
13146,5.83,False,5.83
13147,5.83,False,5.83
13148,5.83,False,5.83
13149,5.83,False,5.83
13150,5.83,False,5.83
13151,5.83,False,5.83
13152,5.83,False,5.83
13153,5.83,False,5.83
13154,5.83,False,5.83
13155,5.83,False,5.83
13156,5.83,False,5.83
13157,5.83,False,5.83
13158,5.83,False,5.83
13159,5.83,False,5.83
13160,5.83,False,5.83
13161,5.83,False,5.83
13162,5.83,False,5.83
13163,5.83,False,5.83
13164,5.83,False,5.83
13165,5.83,False,5.83
13166,5.83,False,5.83
13167,5.83,False,5.83
13168,5.83,False,5.83
13169,5.83,False,5.83
13170,5.83,False,5.83
13171,5.83,False,5.83
13172,5.83,False,5.83
13173,5.83,False,5.83
13174,5.83,False,5.83
13175,5.83,False,5.83
13176,5.83,False,5.83
13177,5.83,False,5.83
13178,5.83,False,5.83
13179,5.83,False,5.83
13180,5.83,False,5.83
13181,5.83,False,5.83
13182,5.83,False,5.83
13183,5.83,False,5.83
13184,5.83,False,5.83
13185,5.83,False,5.83
13186,5.83,False,5.83
13187,5.83,False,5.83
13188,5.83,False,5.83
13189,5.83,False,5.83
13190,5.83,False,5.83
13191,5.83,False,5.83
13192,5.83,False,5.83
13193,5.83,False,5.83
13194,5.83,False,5.83
13195,5.83,False,5.83
13196,5.83,False,5.83
13197,5.83,False,5.83
13198,5.83,False,5.83
13199,5.83,False,5.83
13200,5.83,False,5.83
13201,5.83,False,5.83
13202,5.83,False,5.83
13203,5.83,False,5.83
13204,5.83,False,5.83
13205,5.83,False,5.83
13206,5.83,False,5.83
13207,5.83,False,5.83
13208,5.83,False,5.83
13209,5.83,False,5.83
13210,5.83,False,5.83
13211,5.83,False,5.83
13212,5.83,False,5.83
13213,5.83,False,5.83
13214,5.83,False,5.83
13215,5.83,False,5.83
13216,5.83,False,5.83
13217,5.83,False,5.83
13218,5.83,False,5.83
13219,5.83,False,5.83
13220,5.83,False,5.83
13221,5.83,False,5.83
13222,5.83,False,5.83
13223,5.83,False,5.83
13224,5.83,False,5.83
13225,5.83,False,5.83
13226,5.83,False,5.83
13227,5.83,False,5.83
13228,5.83,False,5.83
13229,5.83,False,5.83
13230,5.83,False,5.83
13231,5.83,False,5.83
13232,5.83,False,5.83
13233,5.83,False,5.83
13234,5.83,False,5.83
13235,5.83,False,5.83
13236,5.83,False,5.83
13237,5.83,False,5.83
13238,5.83,False,5.83
13239,5.83,False,5.83
13240,5.83,False,5.83
13241,5.83,False,5.83
13242,5.83,False,5.83
13243,5.83,False,5.83
13244,5.83,False,5.83
13245,5.83,False,5.83
13246,5.83,False,5.83
13247,5.83,False,5.83
13248,5.83,False,5.83
13249,5.83,False,5.83
13250,5.83,False,5.83
13251,5.83,False,5.83
13252,5.83,False,5.83
13253,5.83,False,5.83
13254,5.83,False,5.83
13255,5.83,False,5.83
13256,5.83,False,5.83
13257,5.83,False,5.83
13258,5.83,False,5.83
13259,5.83,False,5.83
13260,5.83,False,5.83
13261,5.83,False,5.83
13262,5.83,False,5.83
13263,5.83,False,5.83
13264,5.83,False,5.83
13265,5.83,False,5.83
13266,5.83,False,5.83
13267,5.83,False,5.83
13268,5.83,False,5.83
13269,5.83,False,5.83
13270,5.83,False,5.83
13271,5.83,False,5.83
13272,5.83,False,5.83
13273,5.83,False,5.83
13274,5.83,False,5.83
13275,5.83,False,5.83
13276,5.83,False,5.83
13277,5.83,False,5.83
13278,5.83,False,5.83
13279,5.83,False,5.83
13280,5.83,False,5.83
13281,5.83,False,5.83
13282,5.83,False,5.83
13283,5.83,False,5.83
13284,5.83,False,5.83
13285,5.83,False,5.83
13286,5.83,False,5.83
13287,5.83,False,5.83
13288,5.83,False,5.83
13289,5.83,False,5.83
13290,5.83,False,5.83
13291,5.83,False,5.83
13292,5.83,False,5.83
13293,5.83,False,5.83
13294,5.83,False,5.83
13295,5.83,False,5.83
13296,5.83,False,5.83
13297,5.83,False,5.83
13298,5.83,False,5.83
13299,5.83,False,5.83
13300,5.83,False,5.83
13301,5.83,False,5.83
13302,5.83,False,5.83
13303,5.83,False,5.83
13304,5.83,False,5.83
13305,5.83,False,5.83
13306,5.83,False,5.83
13307,5.83,False,5.83
13308,5.83,False,5.83
13309,5.83,False,5.83
13310,5.83,False,5.83
13311,5.83,False,5.83
13312,5.83,False,5.83
13313,5.83,False,5.83
13314,5.83,False,5.83
13315,5.83,False,5.83
13316,5.83,False,5.83
13317,5.83,False,5.83
13318,5.83,False,5.83
13319,5.83,False,5.83
13320,5.83,False,5.83
13321,5.83,False,5.83
13322,5.83,False,5.83
13323,5.83,False,5.83
13324,5.83,False,5.83
13325,5.83,False,5.83
13326,5.83,False,5.83
13327,5.83,False,5.83
13328,5.83,False,5.83
13329,5.83,False,5.83
13330,5.83,False,5.83
13331,5.83,False,5.83
13332,5.83,False,5.83
13333,5.83,False,5.83
13334,5.83,False,5.83
13335,5.83,False,5.83
13336,5.83,False,5.83
13337,5.83,False,5.83
13338,5.83,False,5.83
13339,5.83,False,5.83
13340,5.83,False,5.83
13341,5.83,False,5.83
13342,5.83,False,5.83
13343,5.83,False,5.83
13344,5.83,False,5.83
13345,5.83,False,5.83
13346,5.83,False,5.83
13347,5.83,False,5.83
13348,5.83,False,5.83
13349,5.83,False,5.83
13350,5.83,False,5.83
13351,5.83,False,5.83
13352,5.83,False,5.83
13353,5.83,False,5.83
13354,5.83,False,5.83
13355,5.83,False,5.83
13356,5.83,False,5.83
13357,5.83,False,5.83
13358,5.83,False,5.83
13359,5.83,False,5.83
13360,5.83,False,5.83
13361,5.83,False,5.83
13362,5.83,False,5.83
13363,5.83,False,5.83
13364,5.83,False,5.83
13365,5.83,False,5.83
13366,5.83,False,5.83
13367,5.83,False,5.83
13368,5.83,False,5.83
13369,5.83,False,5.83
13370,5.83,False,5.83
13371,5.0,False,5.664
13372,5.0,False,5.498
13373,5.0,False,5.332000000000001
13374,5.0,False,5.1659999999999995
13375,5.0,False,5.0
13376,5.0,False,5.0
13377,5.0,False,5.0
13378,5.0,False,5.0
13379,5.0,False,5.0
13380,5.0,False,5.0
13381,5.0,False,5.0
13382,5.0,False,5.0
13383,5.0,False,5.0
13384,5.0,False,5.0
13385,5.0,False,5.0
13386,5.0,False,5.0
13387,5.0,False,5.0
13388,5.0,False,5.0
13389,5.0,False,5.0
13390,5.0,False,5.0
13391,5.0,False,5.0
13392,5.0,False,5.0
13393,5.0,False,5.0
13394,5.0,False,5.0
13395,5.0,False,5.0
13396,5.0,False,5.0
13397,5.0,False,5.0
13398,5.0,False,5.0
13399,5.0,False,5.0
13400,5.0,False,5.0
13401,5.0,False,5.0
13402,5.0,False,5.0
13403,5.0,False,5.0
13404,5.0,False,5.0
13405,5.0,False,5.0
13406,5.0,False,5.0
13407,5.0,False,5.0
13408,5.0,False,5.0
13409,5.0,False,5.0
13410,5.0,False,5.0
13411,5.0,False,5.0
13412,5.0,False,5.0
13413,5.0,False,5.0
13414,5.0,False,5.0
13415,5.0,False,5.0
13416,5.0,False,5.0
13417,5.0,False,5.0
13418,5.0,False,5.0
13419,5.0,False,5.0
13420,5.0,False,5.0
13421,5.0,False,5.0
13422,5.0,False,5.0
13423,5.0,False,5.0
13424,5.0,False,5.0
13425,5.0,False,5.0
13426,5.0,False,5.0
13427,5.0,False,5.0
13428,5.0,False,5.0
13429,5.0,False,5.0
13430,5.0,False,5.0
13431,5.0,False,5.0
13432,5.0,False,5.0
13433,5.0,False,5.0
13434,5.0,False,5.0
13435,5.0,False,5.0
13436,5.0,False,5.0
13437,5.0,False,5.0
13438,5.0,False,5.0
13439,5.0,False,5.0
13440,5.0,False,5.0
13441,5.0,False,5.0
13442,5.0,False,5.0
13443,5.0,False,5.0
13444,5.0,False,5.0
13445,5.0,False,5.0
13446,5.0,False,5.0
13447,5.0,False,5.0
13448,5.0,False,5.0
13449,5.0,False,5.0
13450,5.0,False,5.0
13451,5.0,False,5.0
13452,5.0,False,5.0
13453,5.0,False,5.0
13454,5.0,False,5.0
13455,5.0,False,5.0
13456,5.0,False,5.0
13457,5.0,False,5.0
13458,5.0,False,5.0
13459,5.0,False,5.0
13460,5.0,False,5.0
13461,5.0,False,5.0
13462,5.0,False,5.0
13463,5.0,False,5.0
13464,5.0,False,5.0
13465,5.0,False,5.0
13466,5.0,False,5.0
13467,5.0,False,5.0
13468,5.0,False,5.0
13469,5.0,False,5.0
13470,5.0,False,5.0
13471,5.0,False,5.0
13472,5.0,False,5.0
13473,5.0,False,5.0
13474,5.0,False,5.0
13475,5.0,False,5.0
13476,5.0,False,5.0
13477,5.0,False,5.0
13478,5.0,False,5.0
13479,5.0,False,5.0
13480,5.0,False,5.0
13481,5.0,False,5.0
13482,5.0,False,5.0
13483,5.0,False,5.0
13484,5.0,False,5.0
13485,5.0,False,5.0
13486,5.0,False,5.0
13487,5.0,False,5.0
13488,5.0,False,5.0
13489,5.0,False,5.0
13490,5.0,False,5.0
13491,5.0,False,5.0
13492,5.0,False,5.0
13493,5.0,False,5.0
13494,5.0,False,5.0
13495,5.0,False,5.0
13496,5.0,False,5.0
13497,5.0,False,5.0
13498,5.0,False,5.0
13499,5.0,False,5.0
13500,5.0,False,5.0
13501,5.0,False,5.0
13502,5.0,False,5.0
13503,5.0,False,5.0
13504,5.0,False,5.0
13505,5.0,False,5.0
13506,5.0,False,5.0
13507,5.0,False,5.0
13508,5.0,False,5.0
13509,5.0,False,5.0
13510,5.0,False,5.0
13511,5.0,False,5.0
13512,5.0,False,5.0
13513,5.0,False,5.0
13514,5.0,False,5.0
13515,5.0,False,5.0
13516,5.0,False,5.0
13517,5.0,False,5.0
13518,5.0,False,5.0
13519,5.0,False,5.0
13520,5.0,False,5.0
13521,5.0,False,5.0
13522,5.0,False,5.0
13523,5.0,False,5.0
13524,5.0,False,5.0
13525,5.0,False,5.0
13526,5.0,False,5.0
13527,5.0,False,5.0
13528,5.0,False,5.0
13529,5.0,False,5.0
13530,5.0,False,5.0
13531,5.0,False,5.0
13532,5.0,False,5.0
13533,5.0,False,5.0
13534,5.0,False,5.0
13535,5.0,False,5.0
13536,5.0,False,5.0
13537,5.0,False,5.0
13538,5.0,False,5.0
13539,5.0,False,5.0
13540,5.0,False,5.0
13541,5.0,False,5.0
13542,5.0,False,5.0
13543,5.0,False,5.0
13544,5.0,False,5.0
13545,5.0,False,5.0
13546,5.0,False,5.0
13547,5.0,False,5.0
13548,5.0,False,5.0
13549,5.0,False,5.0
13550,5.0,False,5.0
13551,5.0,False,5.0
13552,5.0,False,5.0
13553,5.0,False,5.0
13554,5.0,False,5.0
13555,5.0,False,5.0
13556,5.0,False,5.0
13557,5.0,False,5.0
13558,5.0,False,5.0
13559,5.0,False,5.0
13560,5.0,False,5.0
13561,5.0,False,5.0
13562,5.0,False,5.0
13563,5.0,False,5.0
13564,5.0,False,5.0
13565,5.0,False,5.0
13566,5.0,False,5.0
13567,5.0,False,5.0
13568,5.0,False,5.0
13569,5.0,False,5.0
13570,5.0,False,5.0
13571,5.0,False,5.0
13572,5.0,False,5.0
13573,5.0,False,5.0
13574,5.0,False,5.0
13575,5.0,False,5.0
13576,5.0,False,5.0
13577,5.0,False,5.0
13578,5.0,False,5.0
13579,5.0,False,5.0
13580,5.0,False,5.0
13581,5.0,False,5.0
13582,5.0,False,5.0
13583,5.0,False,5.0
13584,5.0,False,5.0
13585,5.0,False,5.0
13586,5.0,False,5.0
13587,5.0,False,5.0
13588,5.0,False,5.0
13589,5.0,False,5.0
13590,5.0,False,5.0
13591,5.0,False,5.0
13592,5.0,False,5.0
13593,5.0,False,5.0
13594,5.0,False,5.0
13595,5.0,False,5.0
13596,5.0,False,5.0
13597,5.0,False,5.0
13598,5.0,False,5.0
13599,5.0,False,5.0
13600,5.0,False,5.0
13601,5.0,False,5.0
13602,5.0,False,5.0
13603,5.0,False,5.0
13604,5.0,False,5.0
13605,5.0,False,5.0
13606,5.0,False,5.0
13607,5.0,False,5.0
13608,5.0,False,5.0
13609,5.0,False,5.0
13610,5.0,False,5.0
13611,5.0,False,5.0
13612,5.0,False,5.0
13613,5.0,False,5.0
13614,5.0,False,5.0
13615,5.0,False,5.0
13616,5.0,False,5.0
13617,5.0,False,5.0
13618,5.0,False,5.0
13619,5.0,False,5.0
13620,5.0,False,5.0
13621,5.0,False,5.0
13622,5.0,False,5.0
13623,5.0,False,5.0
13624,5.0,False,5.0
13625,5.0,False,5.0
13626,5.0,False,5.0
13627,5.0,False,5.0
13628,5.0,False,5.0
13629,5.0,False,5.0
13630,5.0,False,5.0
13631,5.0,False,5.0
13632,5.0,False,5.0
13633,5.0,False,5.0
13634,5.0,False,5.0
13635,5.0,False,5.0
13636,5.0,False,5.0
13637,5.0,False,5.0
13638,5.0,False,5.0
13639,5.0,False,5.0
13640,5.0,False,5.0
13641,5.0,False,5.0
13642,5.0,False,5.0
13643,5.0,False,5.0
13644,5.0,False,5.0
13645,5.0,False,5.0
13646,5.0,False,5.0
13647,5.0,False,5.0
13648,5.0,False,5.0
13649,5.0,False,5.0
13650,5.0,False,5.0
13651,5.0,False,5.0
13652,5.0,False,5.0
13653,5.0,False,5.0
13654,5.0,False,5.0
13655,5.0,False,5.0
13656,5.0,False,5.0
13657,5.0,False,5.0
13658,5.0,False,5.0
13659,5.0,False,5.0
13660,5.0,False,5.0
13661,5.0,False,5.0
13662,5.0,False,5.0
13663,5.0,False,5.0
13664,5.0,False,5.0
13665,5.0,False,5.0
13666,5.0,False,5.0
13667,5.0,False,5.0
13668,5.0,False,5.0
13669,5.0,False,5.0
13670,5.0,False,5.0
13671,5.0,False,5.0
13672,5.0,False,5.0
13673,5.0,False,5.0
13674,5.0,False,5.0
13675,5.0,False,5.0
13676,5.0,False,5.0
13677,5.0,False,5.0
13678,5.0,False,5.0
13679,5.0,False,5.0
13680,5.0,False,5.0
13681,5.0,False,5.0
13682,5.0,False,5.0
13683,5.0,False,5.0
13684,5.0,False,5.0
13685,5.0,False,5.0
13686,5.0,False,5.0
13687,5.0,False,5.0
13688,5.0,False,5.0
13689,5.0,False,5.0
13690,5.0,False,5.0
13691,5.0,False,5.0
13692,5.0,False,5.0
13693,5.0,False,5.0
13694,5.0,False,5.0
13695,5.0,False,5.0
13696,5.0,False,5.0
13697,5.0,False,5.0
13698,5.0,False,5.0
13699,5.0,False,5.0
13700,5.0,False,5.0
13701,5.0,False,5.0
13702,5.0,False,5.0
13703,5.0,False,5.0
13704,5.0,False,5.0
13705,5.0,False,5.0
13706,5.0,False,5.0
13707,5.0,False,5.0
13708,5.0,False,5.0
13709,5.0,False,5.0
13710,5.0,False,5.0
13711,5.0,False,5.0
13712,5.0,False,5.0
13713,5.0,False,5.0
13714,5.0,False,5.0
13715,5.0,False,5.0
13716,5.0,False,5.0
13717,5.0,False,5.0
13718,5.0,False,5.0
13719,5.0,False,5.0
13720,5.0,False,5.0
13721,5.0,False,5.0
13722,5.0,False,5.0
13723,5.0,False,5.0
13724,5.0,False,5.0
13725,5.0,False,5.0
13726,5.0,False,5.0
13727,5.0,False,5.0
13728,5.0,False,5.0
13729,5.0,False,5.0
13730,5.0,False,5.0
13731,5.0,False,5.0
13732,5.0,False,5.0
13733,5.0,False,5.0
13734,5.0,False,5.0
13735,5.0,False,5.0
13736,5.0,False,5.0
13737,5.0,False,5.0
13738,5.0,False,5.0
13739,5.0,False,5.0
13740,5.0,False,5.0
13741,5.0,False,5.0
13742,5.0,False,5.0
13743,5.0,False,5.0
13744,5.0,False,5.0
13745,5.0,False,5.0
13746,5.0,False,5.0
13747,5.0,False,5.0
13748,5.0,False,5.0
13749,5.0,False,5.0
13750,5.0,False,5.0
13751,5.0,False,5.0
13752,5.0,False,5.0
13753,5.0,False,5.0
13754,5.0,False,5.0
13755,5.0,False,5.0
13756,5.0,False,5.0
13757,5.0,False,5.0
13758,5.0,False,5.0
13759,5.0,False,5.0
13760,5.0,False,5.0
13761,5.0,False,5.0
13762,5.0,False,5.0
13763,5.0,False,5.0
13764,5.0,False,5.0
13765,5.0,False,5.0
13766,5.0,False,5.0
13767,5.0,False,5.0
13768,5.0,False,5.0
13769,5.0,False,5.0
13770,5.0,False,5.0
13771,5.0,False,5.0
13772,5.0,False,5.0
13773,5.0,False,5.0
13774,5.0,False,5.0
13775,5.0,False,5.0
13776,5.0,False,5.0
13777,5.0,False,5.0
13778,5.0,False,5.0
13779,5.0,False,5.0
13780,5.0,False,5.0
13781,5.0,False,5.0
13782,5.0,False,5.0
13783,5.0,False,5.0
13784,5.0,False,5.0
13785,5.0,False,5.0
13786,5.0,False,5.0
13787,5.0,False,5.0
13788,5.0,False,5.0
13789,5.0,False,5.0
13790,5.0,False,5.0
13791,5.0,False,5.0
13792,5.0,False,5.0
13793,5.0,False,5.0
13794,5.0,False,5.0
13795,5.0,False,5.0
13796,5.0,False,5.0
13797,5.0,False,5.0
13798,5.0,False,5.0
13799,5.0,False,5.0
13800,5.0,False,5.0
13801,5.0,False,5.0
13802,5.0,False,5.0
13803,5.0,False,5.0
13804,5.0,False,5.0
13805,5.0,False,5.0
13806,5.0,False,5.0
13807,5.0,False,5.0
13808,5.0,False,5.0
13809,5.0,False,5.0
13810,5.0,False,5.0
13811,5.0,False,5.0
13812,5.0,False,5.0
13813,5.0,False,5.0
13814,5.0,False,5.0
13815,5.0,False,5.0
13816,5.0,False,5.0
13817,5.0,False,5.0
13818,5.0,False,5.0
13819,5.0,False,5.0
13820,5.0,False,5.0
13821,5.0,False,5.0
13822,5.0,False,5.0
13823,5.0,False,5.0
13824,5.0,False,5.0
13825,5.83,False,5.166
13826,5.83,False,5.331999999999999
13827,5.83,False,5.497999999999999
13828,5.83,False,5.664
13829,5.83,False,5.83
13830,5.83,False,5.83
13831,5.83,False,5.83
13832,5.83,False,5.83
13833,5.83,False,5.83
13834,5.83,False,5.83
13835,5.83,False,5.83
13836,5.83,False,5.83
13837,5.83,False,5.83
13838,5.83,False,5.83
13839,5.83,False,5.83
13840,5.83,False,5.83
13841,5.83,False,5.83
13842,5.83,False,5.83
13843,5.83,False,5.83
13844,5.83,False,5.83
13845,5.83,False,5.83
13846,5.83,False,5.83
13847,5.83,False,5.83
13848,5.83,False,5.83
13849,5.83,False,5.83
13850,5.83,False,5.83
13851,5.83,False,5.83
13852,5.83,False,5.83
13853,5.83,False,5.83
13854,5.83,False,5.83
13855,5.83,False,5.83
13856,5.83,False,5.83
13857,5.83,False,5.83
13858,5.83,False,5.83
13859,5.83,False,5.83
13860,5.83,False,5.83
13861,5.83,False,5.83
13862,5.83,False,5.83
13863,5.83,False,5.83
13864,5.83,False,5.83
13865,5.83,False,5.83
13866,5.83,False,5.83
13867,5.83,False,5.83
13868,5.83,False,5.83
13869,5.83,False,5.83
13870,5.83,False,5.83
13871,5.83,False,5.83
13872,5.83,False,5.83
13873,5.83,False,5.83
13874,5.83,False,5.83
13875,5.83,False,5.83
13876,5.83,False,5.83
13877,5.83,False,5.83
13878,5.83,False,5.83
13879,5.83,False,5.83
13880,5.83,False,5.83
13881,5.83,False,5.83
13882,5.83,False,5.83
13883,5.83,False,5.83
13884,5.83,False,5.83
13885,5.83,False,5.83
13886,5.83,False,5.83
13887,5.83,False,5.83
13888,5.83,False,5.83
13889,5.83,False,5.83
13890,5.83,False,5.83
13891,5.83,False,5.83
13892,5.83,False,5.83
13893,5.83,False,5.83
13894,5.83,False,5.83
13895,5.83,False,5.83
13896,5.83,False,5.83
13897,5.83,False,5.83
13898,5.83,False,5.83
13899,5.83,False,5.83
13900,5.83,False,5.83
13901,5.83,False,5.83
13902,5.83,False,5.83
13903,5.83,False,5.83
13904,5.83,False,5.83
13905,5.83,False,5.83
13906,5.83,False,5.83
13907,5.83,False,5.83
13908,5.83,False,5.83
13909,5.83,False,5.83
13910,5.83,False,5.83
13911,5.83,False,5.83
13912,5.83,False,5.83
13913,5.83,False,5.83
13914,5.83,False,5.83
13915,5.83,False,5.83
13916,5.83,False,5.83
13917,5.83,False,5.83
13918,5.83,False,5.83
13919,5.83,False,5.83
13920,5.83,False,5.83
13921,5.83,False,5.83
13922,5.83,False,5.83
13923,5.83,False,5.83
13924,5.83,False,5.83
13925,5.83,False,5.83
13926,5.83,False,5.83
13927,5.83,False,5.83
13928,5.83,False,5.83
13929,5.83,False,5.83
13930,5.83,False,5.83
13931,5.83,False,5.83
13932,5.83,False,5.83
13933,5.83,False,5.83
13934,5.83,False,5.83
13935,5.83,False,5.83
13936,5.83,False,5.83
13937,5.83,False,5.83
13938,5.83,False,5.83
13939,5.83,False,5.83
13940,5.83,False,5.83
13941,5.83,False,5.83
13942,5.0,False,5.664
13943,5.0,False,5.498
13944,5.0,False,5.332
13945,5.0,False,5.1659999999999995
13946,5.0,False,5.0
13947,5.0,False,5.0
13948,5.0,False,5.0
13949,5.0,False,5.0
13950,5.0,False,5.0
13951,5.0,False,5.0
13952,5.0,False,5.0
13953,5.0,False,5.0
13954,5.0,False,5.0
13955,5.0,False,5.0
13956,5.0,False,5.0
13957,5.0,False,5.0
13958,5.0,False,5.0
13959,5.0,False,5.0
13960,5.0,False,5.0
13961,5.0,False,5.0
13962,5.0,False,5.0
13963,5.0,False,5.0
13964,5.0,False,5.0
13965,5.0,False,5.0
13966,5.0,False,5.0
13967,5.0,False,5.0
13968,5.0,False,5.0
13969,5.0,False,5.0
13970,5.0,False,5.0
13971,5.0,False,5.0
13972,5.83,False,5.1659999999999995
13973,5.83,False,5.332
13974,5.83,False,5.498
13975,5.83,False,5.664
13976,5.83,False,5.83
13977,5.83,False,5.83
13978,5.83,False,5.83
13979,5.83,False,5.83
13980,5.83,False,5.83
13981,5.83,False,5.83
13982,5.83,False,5.83
13983,5.83,False,5.83
13984,5.83,False,5.83
13985,5.83,False,5.83
13986,5.83,False,5.83
13987,5.83,False,5.83
13988,5.83,False,5.83
13989,5.83,False,5.83
13990,5.83,False,5.83
13991,5.83,False,5.83
13992,5.83,False,5.83
13993,5.83,False,5.83
13994,5.83,False,5.83
13995,5.83,False,5.83
13996,5.83,False,5.83
13997,5.83,False,5.83
13998,5.83,False,5.83
13999,5.83,False,5.83
14000,5.83,False,5.83
14001,5.83,False,5.83
14002,5.83,False,5.83
14003,5.83,False,5.83
14004,5.83,False,5.83
14005,5.83,False,5.83
14006,5.83,False,5.83
14007,5.83,False,5.83
14008,5.83,False,5.83
14009,5.83,False,5.83
14010,5.83,False,5.83
14011,5.83,False,5.83
14012,5.83,False,5.83
14013,5.83,False,5.83
14014,5.83,False,5.83
14015,5.83,False,5.83
14016,5.83,False,5.83
14017,5.83,False,5.83
14018,5.83,False,5.83
14019,5.83,False,5.83
14020,5.83,False,5.83
14021,5.83,False,5.83
14022,5.83,False,5.83
14023,5.83,False,5.83
14024,5.83,False,5.83
14025,5.83,False,5.83
14026,5.83,False,5.83
14027,5.83,False,5.83
14028,5.83,False,5.83
14029,5.83,False,5.83
14030,5.83,False,5.83
14031,5.83,False,5.83
14032,5.83,False,5.83
14033,5.0,False,5.664
14034,5.0,False,5.498
14035,5.0,False,5.332000000000001
14036,5.0,False,5.1659999999999995
14037,5.0,False,5.0
14038,5.0,False,5.0
14039,5.0,False,5.0
14040,5.0,False,5.0
14041,5.0,False,5.0
14042,5.0,False,5.0
14043,5.0,False,5.0
14044,5.0,False,5.0
14045,5.0,False,5.0
14046,5.0,False,5.0
14047,5.0,False,5.0
14048,5.0,False,5.0
14049,5.0,False,5.0
14050,5.0,False,5.0
14051,5.0,False,5.0
14052,5.0,False,5.0
14053,5.0,False,5.0
14054,5.0,False,5.0
14055,5.0,False,5.0
14056,5.0,False,5.0
14057,5.0,False,5.0
14058,5.0,False,5.0
14059,5.0,False,5.0
14060,5.0,False,5.0
14061,5.0,False,5.0
14062,5.0,False,5.0
14063,4.17,False,4.8340000000000005
14064,4.17,False,4.668000000000001
14065,4.17,False,4.502000000000001
14066,4.17,False,4.336
14067,4.17,False,4.17
14068,4.17,False,4.17
14069,4.17,False,4.17
14070,4.17,False,4.17
14071,4.17,False,4.17
14072,4.17,False,4.17
14073,4.17,False,4.17
14074,4.17,False,4.17
14075,4.17,False,4.17
14076,4.17,False,4.17
14077,4.17,False,4.17
14078,4.17,False,4.17
14079,4.17,False,4.17
14080,4.17,False,4.17
14081,5.0,False,4.336
14082,5.0,False,4.502
14083,5.0,False,4.667999999999999
14084,5.0,False,4.8340000000000005
14085,5.0,False,5.0
14086,5.0,False,5.0
14087,5.0,False,5.0
14088,5.0,False,5.0
14089,5.0,False,5.0
14090,5.0,False,5.0
14091,5.0,False,5.0
14092,5.0,False,5.0
14093,5.0,False,5.0
14094,5.0,False,5.0
14095,5.0,False,5.0
14096,5.0,False,5.0
14097,5.0,False,5.0
14098,5.0,False,5.0
14099,5.0,False,5.0
14100,5.0,False,5.0
14101,5.0,False,5.0
14102,5.0,False,5.0
14103,5.0,False,5.0
14104,5.0,False,5.0
14105,5.0,False,5.0
14106,5.0,False,5.0
14107,5.0,False,5.0
14108,5.0,False,5.0
14109,5.0,False,5.0
14110,5.0,False,5.0
14111,5.0,False,5.0
14112,5.0,False,5.0
14113,5.0,False,5.0
14114,5.0,False,5.0
14115,5.0,False,5.0
14116,5.0,False,5.0
14117,5.0,False,5.0
14118,5.0,False,5.0
14119,5.0,False,5.0
14120,4.17,False,4.834
14121,4.17,False,4.668000000000001
14122,4.17,False,4.502000000000001
14123,4.17,False,4.336
14124,4.17,False,4.17
14125,4.17,False,4.17
14126,4.17,False,4.17
14127,4.17,False,4.17
14128,4.17,False,4.17
14129,4.17,False,4.17
14130,4.17,False,4.17
14131,4.17,False,4.17
14132,4.17,False,4.17
14133,4.17,False,4.17
14134,4.17,False,4.17
14135,4.17,False,4.17
14136,4.17,False,4.17
14137,4.17,False,4.17
14138,4.17,False,4.17
14139,4.17,False,4.17
14140,4.17,False,4.17
14141,4.17,False,4.17
14142,4.17,False,4.17
14143,4.17,False,4.17
14144,4.17,False,4.17
14145,4.17,False,4.17
14146,4.17,False,4.17
14147,4.17,False,4.17
14148,4.17,False,4.17
14149,4.17,False,4.17
14150,4.17,False,4.17
14151,4.17,False,4.17
14152,4.17,False,4.17
14153,4.17,False,4.17
14154,4.17,False,4.17
14155,4.17,False,4.17
14156,4.17,False,4.17
14157,4.17,False,4.17
14158,4.17,False,4.17
14159,4.17,False,4.17
14160,4.17,False,4.17
14161,4.17,False,4.17
14162,4.17,False,4.17
14163,4.17,False,4.17
14164,4.17,False,4.17
14165,4.17,False,4.17
14166,4.17,False,4.17
14167,4.17,False,4.17
14168,4.17,False,4.17
14169,4.17,False,4.17
14170,4.17,False,4.17
14171,4.17,False,4.17
14172,4.17,False,4.17
14173,4.17,False,4.17
14174,4.17,False,4.17
14175,4.17,False,4.17
14176,4.17,False,4.17
14177,4.17,False,4.17
14178,4.17,False,4.17
14179,4.17,False,4.17
14180,4.17,False,4.17
14181,4.17,False,4.17
14182,4.17,False,4.17
14183,4.17,False,4.17
14184,4.17,False,4.17
14185,4.17,False,4.17
14186,4.17,False,4.17
14187,4.17,False,4.17
14188,4.17,False,4.17
14189,4.17,False,4.17
14190,4.17,False,4.17
14191,4.17,False,4.17
14192,4.17,False,4.17
14193,4.17,False,4.17
14194,4.17,False,4.17
14195,4.17,False,4.17
14196,4.17,False,4.17
14197,4.17,False,4.17
14198,4.17,False,4.17
14199,4.17,False,4.17
14200,4.17,False,4.17
14201,4.17,False,4.17
14202,4.17,False,4.17
14203,4.17,False,4.17
14204,4.17,False,4.17
14205,4.17,False,4.17
14206,4.17,False,4.17
14207,4.17,False,4.17
14208,4.17,False,4.17
14209,4.17,False,4.17
14210,4.17,False,4.17
14211,4.17,False,4.17
14212,4.17,False,4.17
14213,4.17,False,4.17
14214,4.17,False,4.17
14215,4.17,False,4.17
14216,4.17,False,4.17
14217,4.17,False,4.17
14218,4.17,False,4.17
14219,4.17,False,4.17
14220,4.17,False,4.17
14221,4.17,False,4.17
14222,4.17,False,4.17
14223,4.17,False,4.17
14224,4.17,False,4.17
14225,4.17,False,4.17
14226,4.17,False,4.17
14227,4.17,False,4.17
14228,4.17,False,4.17
14229,4.17,False,4.17
14230,4.17,False,4.17
14231,4.17,False,4.17
14232,4.17,False,4.17
14233,4.17,False,4.17
14234,4.17,False,4.17
14235,4.17,False,4.17
14236,4.17,False,4.17
14237,4.17,False,4.17
14238,4.17,False,4.17
14239,4.17,False,4.17
14240,4.17,False,4.17
14241,4.17,False,4.17
14242,4.17,False,4.17
14243,4.17,False,4.17
14244,4.17,False,4.17
14245,4.17,False,4.17
14246,4.17,False,4.17
14247,4.17,False,4.17
14248,4.17,False,4.17
14249,4.17,False,4.17
14250,4.17,False,4.17
14251,4.17,False,4.17
14252,4.17,False,4.17
14253,4.17,False,4.17
14254,4.17,False,4.17
14255,4.17,False,4.17
14256,4.17,False,4.17
14257,4.17,False,4.17
14258,4.17,False,4.17
14259,4.17,False,4.17
14260,4.17,False,4.17
14261,4.17,False,4.17
14262,4.17,False,4.17
14263,4.17,False,4.17
14264,4.17,False,4.17
14265,4.17,False,4.17
14266,4.17,False,4.17
14267,4.17,False,4.17
14268,4.17,False,4.17
14269,4.17,False,4.17
14270,4.17,False,4.17
14271,4.17,False,4.17
14272,4.17,False,4.17
14273,4.17,False,4.17
14274,4.17,False,4.17
14275,4.17,False,4.17
14276,4.17,False,4.17
14277,4.17,False,4.17
14278,4.17,False,4.17
14279,4.17,False,4.17
14280,4.17,False,4.17
14281,4.17,False,4.17
14282,4.17,False,4.17
14283,4.17,False,4.17
14284,4.17,False,4.17
14285,4.17,False,4.17
14286,4.17,False,4.17
14287,4.17,False,4.17
14288,4.17,False,4.17
14289,4.17,False,4.17
14290,4.17,False,4.17
14291,4.17,False,4.17
14292,4.17,False,4.17
14293,4.17,False,4.17
14294,4.17,False,4.17
14295,4.17,False,4.17
14296,4.17,False,4.17
14297,4.17,False,4.17
14298,4.17,False,4.17
14299,4.17,False,4.17
14300,4.17,False,4.17
14301,4.17,False,4.17
14302,4.17,False,4.17
14303,4.17,False,4.17
14304,4.17,False,4.17
14305,4.17,False,4.17
14306,4.17,False,4.17
14307,4.17,False,4.17
14308,4.17,False,4.17
14309,4.17,False,4.17
14310,4.17,False,4.17
14311,4.17,False,4.17
14312,4.17,False,4.17
14313,4.17,False,4.17
14314,4.17,False,4.17
14315,4.17,False,4.17
14316,4.17,False,4.17
14317,4.17,False,4.17
14318,4.17,False,4.17
14319,4.17,False,4.17
14320,4.17,False,4.17
14321,4.17,False,4.17
14322,4.17,False,4.17
14323,4.17,False,4.17
14324,4.17,False,4.17
14325,4.17,False,4.17
14326,4.17,False,4.17
14327,4.17,False,4.17
14328,4.17,False,4.17
14329,4.17,False,4.17
14330,4.17,False,4.17
14331,4.17,False,4.17
14332,4.17,False,4.17
14333,4.17,False,4.17
14334,4.17,False,4.17
14335,4.17,False,4.17
14336,4.17,False,4.17
14337,5.0,False,4.336
14338,5.0,False,4.502
14339,5.0,False,4.668
14340,5.0,False,4.8340000000000005
14341,5.0,False,5.0
14342,5.0,False,5.0
14343,5.0,False,5.0
14344,5.0,False,5.0
14345,5.0,False,5.0
14346,5.0,False,5.0
14347,5.0,False,5.0
14348,5.0,False,5.0
14349,5.0,False,5.0
14350,5.0,False,5.0
14351,5.0,False,5.0
14352,5.0,False,5.0
14353,5.0,False,5.0
14354,5.0,False,5.0
14355,5.0,False,5.0
14356,5.0,False,5.0
14357,5.0,False,5.0
14358,5.0,False,5.0
14359,5.0,False,5.0
14360,4.17,False,4.8340000000000005
14361,4.17,False,4.668
14362,4.17,False,4.502
14363,4.17,False,4.336
14364,4.17,False,4.17
14365,4.17,False,4.17
14366,4.17,False,4.17
14367,4.17,False,4.17
14368,4.17,False,4.17
14369,4.17,False,4.17
14370,4.17,False,4.17
14371,4.17,False,4.17
14372,4.17,False,4.17
14373,4.17,False,4.17
14374,4.17,False,4.17
14375,4.17,False,4.17
14376,4.17,False,4.17
14377,4.17,False,4.17
14378,4.17,False,4.17
14379,4.17,False,4.17
14380,4.17,False,4.17
14381,4.17,False,4.17
14382,4.17,False,4.17
14383,4.17,False,4.17
14384,4.17,False,4.17
14385,4.17,False,4.17
14386,4.17,False,4.17
14387,4.17,False,4.17
14388,4.17,False,4.17
14389,4.17,False,4.17
14390,4.17,False,4.17
14391,4.17,False,4.17
14392,4.17,False,4.17
14393,4.17,False,4.17
14394,4.17,False,4.17
14395,4.17,False,4.17
14396,4.17,False,4.17
14397,4.17,False,4.17
14398,4.17,False,4.17
14399,4.17,False,4.17
14400,4.17,False,4.17
14401,4.17,False,4.17
14402,4.17,False,4.17
14403,4.17,False,4.17
14404,4.17,False,4.17
14405,4.17,False,4.17
14406,4.17,False,4.17
14407,4.17,False,4.17
14408,4.17,False,4.17
14409,4.17,False,4.17
14410,4.17,False,4.17
14411,4.17,False,4.17
14412,4.17,False,4.17
14413,4.17,False,4.17
14414,4.17,False,4.17
14415,4.17,False,4.17
14416,4.17,False,4.17
14417,4.17,False,4.17
14418,4.17,False,4.17
14419,4.17,False,4.17
14420,4.17,False,4.17
14421,4.17,False,4.17
14422,4.17,False,4.17
14423,4.17,False,4.17
14424,4.17,False,4.17
14425,4.17,False,4.17
14426,4.17,False,4.17
14427,4.17,False,4.17
14428,4.17,False,4.17
14429,4.17,False,4.17
14430,4.17,False,4.17
14431,4.17,False,4.17
14432,4.17,False,4.17
14433,4.17,False,4.17
14434,4.17,False,4.17
14435,4.17,False,4.17
14436,4.17,False,4.17
14437,4.17,False,4.17
14438,4.17,False,4.17
14439,4.17,False,4.17
14440,4.17,False,4.17
14441,4.17,False,4.17
14442,4.17,False,4.17
14443,4.17,False,4.17
14444,4.17,False,4.17
14445,4.17,False,4.17
14446,4.17,False,4.17
14447,4.17,False,4.17
14448,4.17,False,4.17
14449,4.17,False,4.17
14450,4.17,False,4.17
14451,4.17,False,4.17
14452,4.17,False,4.17
14453,4.17,False,4.17
14454,4.17,False,4.17
14455,4.17,False,4.17
14456,4.17,False,4.17
14457,4.17,False,4.17
14458,4.17,False,4.17
14459,4.17,False,4.17
14460,4.17,False,4.17
14461,4.17,False,4.17
14462,4.17,False,4.17
14463,4.17,False,4.17
14464,4.17,False,4.17
14465,4.17,False,4.17
14466,4.17,False,4.17
14467,4.17,False,4.17
14468,4.17,False,4.17
14469,4.17,False,4.17
14470,4.17,False,4.17
14471,4.17,False,4.17
14472,4.17,False,4.17
14473,4.17,False,4.17
14474,4.17,False,4.17
14475,4.17,False,4.17
14476,4.17,False,4.17
14477,4.17,False,4.17
14478,4.17,False,4.17
14479,4.17,False,4.17
14480,4.17,False,4.17
14481,4.17,False,4.17
14482,4.17,False,4.17
14483,4.17,False,4.17
14484,4.17,False,4.17
14485,4.17,False,4.17
14486,4.17,False,4.17
14487,4.17,False,4.17
14488,4.17,False,4.17
14489,4.17,False,4.17
14490,4.17,False,4.17
14491,4.17,False,4.17
14492,4.17,False,4.17
14493,4.17,False,4.17
14494,4.17,False,4.17
14495,4.17,False,4.17
14496,4.17,False,4.17
14497,4.17,False,4.17
14498,4.17,False,4.17
14499,4.17,False,4.17
14500,4.17,False,4.17
14501,4.17,False,4.17
14502,4.17,False,4.17
14503,4.17,False,4.17
14504,4.17,False,4.17
14505,4.17,False,4.17
14506,4.17,False,4.17
14507,4.17,False,4.17
14508,4.17,False,4.17
14509,4.17,False,4.17
14510,4.17,False,4.17
14511,4.17,False,4.17
14512,4.17,False,4.17
14513,4.17,False,4.17
14514,4.17,False,4.17
14515,4.17,False,4.17
14516,4.17,False,4.17
14517,4.17,False,4.17
14518,4.17,False,4.17
14519,4.17,False,4.17
14520,4.17,False,4.17
14521,4.17,False,4.17
14522,4.17,False,4.17
14523,4.17,False,4.17
14524,4.17,False,4.17
14525,4.17,False,4.17
14526,4.17,False,4.17
14527,4.17,False,4.17
14528,4.17,False,4.17
14529,4.17,False,4.17
14530,4.17,False,4.17
14531,4.17,False,4.17
14532,4.17,False,4.17
14533,4.17,False,4.17
14534,4.17,False,4.17
14535,4.17,False,4.17
14536,4.17,False,4.17
14537,4.17,False,4.17
14538,4.17,False,4.17
14539,4.17,False,4.17
14540,4.17,False,4.17
14541,4.17,False,4.17
14542,4.17,False,4.17
14543,4.17,False,4.17
14544,4.17,False,4.17
14545,4.17,False,4.17
14546,4.17,False,4.17
14547,4.17,False,4.17
14548,4.17,False,4.17
14549,4.17,False,4.17
14550,4.17,False,4.17
14551,4.17,False,4.17
14552,4.17,False,4.17
14553,4.17,False,4.17
14554,4.17,False,4.17
14555,4.17,False,4.17
14556,4.17,False,4.17
14557,4.17,False,4.17
14558,4.17,False,4.17
14559,4.17,False,4.17
14560,4.17,False,4.17
14561,4.17,False,4.17
14562,4.17,False,4.17
14563,4.17,False,4.17
14564,4.17,False,4.17
14565,4.17,False,4.17
14566,4.17,False,4.17
14567,4.17,False,4.17
14568,4.17,False,4.17
14569,4.17,False,4.17
14570,4.17,False,4.17
14571,4.17,False,4.17
14572,4.17,False,4.17
14573,4.17,False,4.17
14574,4.17,False,4.17
14575,4.17,False,4.17
14576,4.17,False,4.17
14577,4.17,False,4.17
14578,4.17,False,4.17
14579,4.17,False,4.17
14580,4.17,False,4.17
14581,4.17,False,4.17
14582,4.17,False,4.17
14583,4.17,False,4.17
14584,4.17,False,4.17
14585,4.17,False,4.17
14586,4.17,False,4.17
14587,4.17,False,4.17
14588,4.17,False,4.17
14589,4.17,False,4.17
14590,4.17,False,4.17
14591,4.17,False,4.17
14592,4.17,False,4.17
14593,4.17,False,4.17
14594,4.17,False,4.17
14595,4.17,False,4.17
14596,4.17,False,4.17
14597,4.17,False,4.17
14598,4.17,False,4.17
14599,4.17,False,4.17
14600,4.17,False,4.17
14601,4.17,False,4.17
14602,4.17,False,4.17
14603,4.17,False,4.17
14604,4.17,False,4.17
14605,4.17,False,4.17
14606,4.17,False,4.17
14607,4.17,False,4.17
14608,4.17,False,4.17
14609,4.17,False,4.17
14610,4.17,False,4.17
14611,4.17,False,4.17
14612,4.17,False,4.17
14613,4.17,False,4.17
14614,4.17,False,4.17
14615,4.17,False,4.17
14616,4.17,False,4.17
14617,4.17,False,4.17
14618,4.17,False,4.17
14619,4.17,False,4.17
14620,4.17,False,4.17
14621,4.17,False,4.17
14622,4.17,False,4.17
14623,4.17,False,4.17
14624,4.17,False,4.17
14625,4.17,False,4.17
14626,4.17,False,4.17
14627,4.17,False,4.17
14628,4.17,False,4.17
14629,4.17,False,4.17
14630,4.17,False,4.17
14631,4.17,False,4.17
14632,4.17,False,4.17
14633,4.17,False,4.17
14634,4.17,False,4.17
14635,4.17,False,4.17
14636,4.17,False,4.17
14637,4.17,False,4.17
14638,4.17,False,4.17
14639,4.17,False,4.17
14640,4.17,False,4.17
14641,4.17,False,4.17
14642,4.17,False,4.17
14643,4.17,False,4.17
14644,4.17,False,4.17
14645,4.17,False,4.17
14646,4.17,False,4.17
14647,4.17,False,4.17
14648,4.17,False,4.17
14649,4.17,False,4.17
14650,4.17,False,4.17
14651,4.17,False,4.17
14652,4.17,False,4.17
14653,4.17,False,4.17
14654,4.17,False,4.17
14655,4.17,False,4.17
14656,4.17,False,4.17
14657,4.17,False,4.17
14658,4.17,False,4.17
14659,4.17,False,4.17
14660,4.17,False,4.17
14661,4.17,False,4.17
14662,4.17,False,4.17
14663,4.17,False,4.17
14664,4.17,False,4.17
14665,4.17,False,4.17
14666,4.17,False,4.17
14667,4.17,False,4.17
14668,4.17,False,4.17
14669,4.17,False,4.17
14670,4.17,False,4.17
14671,4.17,False,4.17
14672,4.17,False,4.17
14673,4.17,False,4.17
14674,4.17,False,4.17
14675,4.17,False,4.17
14676,4.17,False,4.17
14677,4.17,False,4.17
14678,4.17,False,4.17
14679,4.17,False,4.17
14680,4.17,False,4.17
14681,4.17,False,4.17
14682,4.17,False,4.17
14683,4.17,False,4.17
14684,4.17,False,4.17
14685,4.17,False,4.17
14686,4.17,False,4.17
14687,4.17,False,4.17
14688,4.17,False,4.17
14689,4.17,False,4.17
14690,4.17,False,4.17
14691,4.17,False,4.17
14692,4.17,False,4.17
14693,4.17,False,4.17
14694,4.17,False,4.17
14695,4.17,False,4.17
14696,4.17,False,4.17
14697,4.17,False,4.17
14698,4.17,False,4.17
14699,4.17,False,4.17
14700,4.17,False,4.17
14701,4.17,False,4.17
14702,4.17,False,4.17
14703,4.17,False,4.17
14704,4.17,False,4.17
14705,4.17,False,4.17
14706,4.17,False,4.17
14707,4.17,False,4.17
14708,4.17,False,4.17
14709,4.17,False,4.17
14710,4.17,False,4.17
14711,4.17,False,4.17
14712,4.17,False,4.17
14713,4.17,False,4.17
14714,4.17,False,4.17
14715,4.17,False,4.17
14716,4.17,False,4.17
14717,4.17,False,4.17
14718,4.17,False,4.17
14719,4.17,False,4.17
14720,4.17,False,4.17
14721,4.17,False,4.17
14722,4.17,False,4.17
14723,4.17,False,4.17
14724,4.17,False,4.17
14725,4.17,False,4.17
14726,4.17,False,4.17
14727,4.17,False,4.17
14728,4.17,False,4.17
14729,4.17,False,4.17
14730,4.17,False,4.17
14731,4.17,False,4.17
14732,4.17,False,4.17
14733,4.17,False,4.17
14734,4.17,False,4.17
14735,4.17,False,4.17
14736,4.17,False,4.17
14737,4.17,False,4.17
14738,4.17,False,4.17
14739,4.17,False,4.17
14740,4.17,False,4.17
14741,4.17,False,4.17
14742,4.17,False,4.17
14743,4.17,False,4.17
14744,4.17,False,4.17
14745,4.17,False,4.17
14746,4.17,False,4.17
14747,4.17,False,4.17
14748,4.17,False,4.17
14749,4.17,False,4.17
14750,4.17,False,4.17
14751,4.17,False,4.17
14752,4.17,False,4.17
14753,4.17,False,4.17
14754,4.17,False,4.17
14755,4.17,False,4.17
14756,4.17,False,4.17
14757,4.17,False,4.17
14758,4.17,False,4.17
14759,4.17,False,4.17
14760,4.17,False,4.17
14761,4.17,False,4.17
14762,4.17,False,4.17
14763,4.17,False,4.17
14764,4.17,False,4.17
14765,4.17,False,4.17
14766,4.17,False,4.17
14767,4.17,False,4.17
14768,4.17,False,4.17
14769,4.17,False,4.17
14770,4.17,False,4.17
14771,4.17,False,4.17
14772,4.17,False,4.17
14773,4.17,False,4.17
14774,4.17,False,4.17
14775,4.17,False,4.17
14776,4.17,False,4.17
14777,4.17,False,4.17
14778,4.17,False,4.17
14779,4.17,False,4.17
14780,4.17,False,4.17
14781,4.17,False,4.17
14782,4.17,False,4.17
14783,4.17,False,4.17
14784,4.17,False,4.17
14785,4.17,False,4.17
14786,4.17,False,4.17
14787,4.17,False,4.17
14788,4.17,False,4.17
14789,4.17,False,4.17
14790,4.17,False,4.17
14791,4.17,False,4.17
14792,4.17,False,4.17
14793,4.17,False,4.17
14794,4.17,False,4.17
14795,4.17,False,4.17
14796,4.17,False,4.17
14797,4.17,False,4.17
14798,4.17,False,4.17
14799,4.17,False,4.17
14800,4.17,False,4.17
14801,4.17,False,4.17
14802,4.17,False,4.17
14803,4.17,False,4.17
14804,4.17,False,4.17
14805,4.17,False,4.17
14806,4.17,False,4.17
14807,4.17,False,4.17
14808,4.17,False,4.17
14809,4.17,False,4.17
14810,4.17,False,4.17
14811,4.17,False,4.17
14812,4.17,False,4.17
14813,4.17,False,4.17
14814,4.17,False,4.17
14815,4.17,False,4.17
14816,4.17,False,4.17
14817,4.17,False,4.17
14818,4.17,False,4.17
14819,4.17,False,4.17
14820,4.17,False,4.17
14821,4.17,False,4.17
14822,4.17,False,4.17
14823,4.17,False,4.17
14824,4.17,False,4.17
14825,4.17,False,4.17
14826,4.17,False,4.17
14827,4.17,False,4.17
14828,4.17,False,4.17
14829,4.17,False,4.17
14830,4.17,False,4.17
14831,4.17,False,4.17
14832,4.17,False,4.17
14833,4.17,False,4.17
14834,4.17,False,4.17
14835,4.17,False,4.17
14836,4.17,False,4.17
14837,4.17,False,4.17
14838,4.17,False,4.17
14839,4.17,False,4.17
14840,4.17,False,4.17
14841,4.17,False,4.17
14842,4.17,False,4.17
14843,4.17,False,4.17
14844,4.17,False,4.17
14845,4.17,False,4.17
14846,4.17,False,4.17
14847,4.17,False,4.17
14848,4.17,False,4.17
14849,5.0,False,4.336
14850,5.0,False,4.502
14851,5.0,False,4.667999999999999
14852,5.0,False,4.8340000000000005
14853,5.0,False,5.0
14854,5.0,False,5.0
14855,5.0,False,5.0
14856,5.0,False,5.0
14857,5.0,False,5.0
14858,5.0,False,5.0
14859,5.0,False,5.0
14860,5.0,False,5.0
14861,5.0,False,5.0
14862,5.0,False,5.0
14863,5.0,False,5.0
14864,5.0,False,5.0
14865,5.0,False,5.0
14866,5.0,False,5.0
14867,5.0,False,5.0
14868,5.0,False,5.0
14869,5.0,False,5.0
14870,4.17,False,4.834
14871,4.17,False,4.668000000000001
14872,4.17,False,4.502000000000001
14873,4.17,False,4.336
14874,4.17,False,4.17
14875,4.17,False,4.17
14876,4.17,False,4.17
14877,4.17,False,4.17
14878,4.17,False,4.17
14879,4.17,False,4.17
14880,4.17,False,4.17
14881,4.17,False,4.17
14882,4.17,False,4.17
14883,4.17,False,4.17
14884,4.17,False,4.17
14885,4.17,False,4.17
14886,4.17,False,4.17
14887,4.17,False,4.17
14888,4.17,False,4.17
14889,4.17,False,4.17
14890,4.17,False,4.17
14891,4.17,False,4.17
14892,4.17,False,4.17
14893,4.17,False,4.17
14894,4.17,False,4.17
14895,4.17,False,4.17
14896,4.17,False,4.17
14897,4.17,False,4.17
14898,4.17,False,4.17
14899,4.17,False,4.17
14900,4.17,False,4.17
14901,4.17,False,4.17
14902,4.17,False,4.17
14903,4.17,False,4.17
14904,4.17,False,4.17
14905,4.17,False,4.17
14906,4.17,False,4.17
14907,4.17,False,4.17
14908,4.17,False,4.17
14909,4.17,False,4.17
14910,4.17,False,4.17
14911,4.17,False,4.17
14912,4.17,False,4.17
14913,4.17,False,4.17
14914,4.17,False,4.17
14915,4.17,False,4.17
14916,4.17,False,4.17
14917,4.17,False,4.17
14918,4.17,False,4.17
14919,4.17,False,4.17
14920,4.17,False,4.17
14921,4.17,False,4.17
14922,4.17,False,4.17
14923,4.17,False,4.17
14924,4.17,False,4.17
14925,4.17,False,4.17
14926,4.17,False,4.17
14927,4.17,False,4.17
14928,4.17,False,4.17
14929,4.17,False,4.17
14930,4.17,False,4.17
14931,4.17,False,4.17
14932,4.17,False,4.17
14933,4.17,False,4.17
14934,4.17,False,4.17
14935,4.17,False,4.17
14936,4.17,False,4.17
14937,4.17,False,4.17
14938,4.17,False,4.17
14939,4.17,False,4.17
14940,4.17,False,4.17
14941,4.17,False,4.17
14942,4.17,False,4.17
14943,4.17,False,4.17
14944,4.17,False,4.17
14945,4.17,False,4.17
14946,4.17,False,4.17
14947,4.17,False,4.17
14948,4.17,False,4.17
14949,4.17,False,4.17
14950,4.17,False,4.17
14951,4.17,False,4.17
14952,4.17,False,4.17
14953,4.17,False,4.17
14954,4.17,False,4.17
14955,4.17,False,4.17
14956,4.17,False,4.17
14957,4.17,False,4.17
14958,4.17,False,4.17
14959,4.17,False,4.17
14960,4.17,False,4.17
14961,4.17,False,4.17
14962,4.17,False,4.17
14963,4.17,False,4.17
14964,4.17,False,4.17
14965,4.17,False,4.17
14966,4.17,False,4.17
14967,4.17,False,4.17
14968,4.17,False,4.17
14969,4.17,False,4.17
14970,4.17,False,4.17
14971,4.17,False,4.17
14972,4.17,False,4.17
14973,4.17,False,4.17
14974,4.17,False,4.17
14975,4.17,False,4.17
14976,4.17,False,4.17
14977,4.17,False,4.17
14978,4.17,False,4.17
14979,4.17,False,4.17
14980,4.17,False,4.17
14981,4.17,False,4.17
14982,4.17,False,4.17
14983,4.17,False,4.17
14984,4.17,False,4.17
14985,4.17,False,4.17
14986,4.17,False,4.17
14987,4.17,False,4.17
14988,4.17,False,4.17
14989,4.17,False,4.17
14990,4.17,False,4.17
14991,4.17,False,4.17
14992,4.17,False,4.17
14993,4.17,False,4.17
14994,4.17,False,4.17
14995,4.17,False,4.17
14996,4.17,False,4.17
14997,4.17,False,4.17
14998,4.17,False,4.17
14999,4.17,False,4.17
15000,4.17,False,4.17
15001,4.17,False,4.17
15002,4.17,False,4.17
15003,4.17,False,4.17
15004,4.17,False,4.17
15005,4.17,False,4.17
15006,4.17,False,4.17
15007,4.17,False,4.17
15008,4.17,False,4.17
15009,4.17,False,4.17
15010,4.17,False,4.17
15011,4.17,False,4.17
15012,4.17,False,4.17
15013,4.17,False,4.17
15014,4.17,False,4.17
15015,4.17,False,4.17
15016,4.17,False,4.17
15017,4.17,False,4.17
15018,4.17,False,4.17
15019,4.17,False,4.17
15020,4.17,False,4.17
15021,4.17,False,4.17
15022,4.17,False,4.17
15023,4.17,False,4.17
15024,4.17,False,4.17
15025,4.17,False,4.17
15026,4.17,False,4.17
15027,4.17,False,4.17
15028,4.17,False,4.17
15029,4.17,False,4.17
15030,4.17,False,4.17
15031,4.17,False,4.17
15032,4.17,False,4.17
15033,4.17,False,4.17
15034,4.17,False,4.17
15035,4.17,False,4.17
15036,4.17,False,4.17
15037,4.17,False,4.17
15038,4.17,False,4.17
15039,4.17,False,4.17
15040,4.17,False,4.17
15041,4.17,False,4.17
15042,4.17,False,4.17
15043,4.17,False,4.17
15044,4.17,False,4.17
15045,4.17,False,4.17
15046,4.17,False,4.17
15047,4.17,False,4.17
15048,4.17,False,4.17
15049,4.17,False,4.17
15050,4.17,False,4.17
15051,4.17,False,4.17
15052,4.17,False,4.17
15053,4.17,False,4.17
15054,4.17,False,4.17
15055,4.17,False,4.17
15056,4.17,False,4.17
15057,4.17,False,4.17
15058,4.17,False,4.17
15059,4.17,False,4.17
15060,4.17,False,4.17
15061,4.17,False,4.17
15062,4.17,False,4.17
15063,4.17,False,4.17
15064,4.17,False,4.17
15065,4.17,False,4.17
15066,4.17,False,4.17
15067,4.17,False,4.17
15068,4.17,False,4.17
15069,4.17,False,4.17
15070,4.17,False,4.17
15071,4.17,False,4.17
15072,4.17,False,4.17
15073,4.17,False,4.17
15074,4.17,False,4.17
15075,4.17,False,4.17
15076,4.17,False,4.17
15077,4.17,False,4.17
15078,4.17,False,4.17
15079,4.17,False,4.17
15080,4.17,False,4.17
15081,4.17,False,4.17
15082,4.17,False,4.17
15083,4.17,False,4.17
15084,4.17,False,4.17
15085,4.17,False,4.17
15086,4.17,False,4.17
15087,4.17,False,4.17
15088,4.17,False,4.17
15089,4.17,False,4.17
15090,4.17,False,4.17
15091,4.17,False,4.17
15092,4.17,False,4.17
15093,4.17,False,4.17
15094,4.17,False,4.17
15095,4.17,False,4.17
15096,4.17,False,4.17
15097,4.17,False,4.17
15098,4.17,False,4.17
15099,4.17,False,4.17
15100,4.17,False,4.17
15101,4.17,False,4.17
15102,4.17,False,4.17
15103,4.17,False,4.17
15104,4.17,False,4.17
15105,4.17,False,4.17
15106,4.17,False,4.17
15107,4.17,False,4.17
15108,4.17,False,4.17
15109,5.0,False,4.336
15110,5.0,False,4.502
15111,5.0,False,4.668
15112,5.0,False,4.8340000000000005
15113,5.0,False,5.0
15114,5.0,False,5.0
15115,5.0,False,5.0
15116,5.0,False,5.0
15117,5.0,False,5.0
15118,5.0,False,5.0
15119,5.0,False,5.0
15120,5.0,False,5.0
15121,5.0,False,5.0
15122,5.0,False,5.0
15123,5.0,False,5.0
15124,5.0,False,5.0
15125,5.0,False,5.0
15126,5.0,False,5.0
15127,5.0,False,5.0
15128,5.0,False,5.0
15129,5.0,False,5.0
15130,5.0,False,5.0
15131,5.0,False,5.0
15132,5.0,False,5.0
15133,5.0,False,5.0
15134,5.0,False,5.0
15135,5.0,False,5.0
15136,5.0,False,5.0
15137,5.0,False,5.0
15138,5.0,False,5.0
15139,5.0,False,5.0
15140,4.17,False,4.8340000000000005
15141,4.17,False,4.668
15142,4.17,False,4.502
15143,4.17,False,4.336
15144,4.17,False,4.17
15145,4.17,False,4.17
15146,4.17,False,4.17
15147,4.17,False,4.17
15148,4.17,False,4.17
15149,4.17,False,4.17
15150,4.17,False,4.17
15151,4.17,False,4.17
15152,4.17,False,4.17
15153,4.17,False,4.17
15154,4.17,False,4.17
15155,4.17,False,4.17
15156,4.17,False,4.17
15157,4.17,False,4.17
15158,4.17,False,4.17
15159,4.17,False,4.17
15160,4.17,False,4.17
15161,4.17,False,4.17
15162,4.17,False,4.17
15163,4.17,False,4.17
15164,4.17,False,4.17
15165,4.17,False,4.17
15166,4.17,False,4.17
15167,4.17,False,4.17
15168,4.17,False,4.17
15169,4.17,False,4.17
15170,4.17,False,4.17
15171,4.17,False,4.17
15172,4.17,False,4.17
15173,4.17,False,4.17
15174,4.17,False,4.17
15175,4.17,False,4.17
15176,4.17,False,4.17
15177,4.17,False,4.17
15178,4.17,False,4.17
15179,4.17,False,4.17
15180,4.17,False,4.17
15181,4.17,False,4.17
15182,4.17,False,4.17
15183,4.17,False,4.17
15184,4.17,False,4.17
15185,4.17,False,4.17
15186,4.17,False,4.17
15187,4.17,False,4.17
15188,4.17,False,4.17
15189,4.17,False,4.17
15190,4.17,False,4.17
15191,4.17,False,4.17
15192,4.17,False,4.17
15193,4.17,False,4.17
15194,4.17,False,4.17
15195,4.17,False,4.17
15196,4.17,False,4.17
15197,4.17,False,4.17
15198,4.17,False,4.17
15199,4.17,False,4.17
15200,4.17,False,4.17
15201,4.17,False,4.17
15202,4.17,False,4.17
15203,4.17,False,4.17
15204,4.17,False,4.17
15205,4.17,False,4.17
15206,4.17,False,4.17
15207,4.17,False,4.17
15208,4.17,False,4.17
15209,4.17,False,4.17
15210,4.17,False,4.17
15211,4.17,False,4.17
15212,4.17,False,4.17
15213,4.17,False,4.17
15214,4.17,False,4.17
15215,4.17,False,4.17
15216,4.17,False,4.17
15217,4.17,False,4.17
15218,4.17,False,4.17
15219,4.17,False,4.17
15220,4.17,False,4.17
15221,4.17,False,4.17
15222,4.17,False,4.17
15223,4.17,False,4.17
15224,4.17,False,4.17
15225,4.17,False,4.17
15226,4.17,False,4.17
15227,4.17,False,4.17
15228,4.17,False,4.17
15229,4.17,False,4.17
15230,4.17,False,4.17
15231,4.17,False,4.17
15232,4.17,False,4.17
15233,4.17,False,4.17
15234,4.17,False,4.17
15235,4.17,False,4.17
15236,4.17,False,4.17
15237,4.17,False,4.17
15238,4.17,False,4.17
15239,4.17,False,4.17
15240,4.17,False,4.17
15241,4.17,False,4.17
15242,4.17,False,4.17
15243,4.17,False,4.17
15244,4.17,False,4.17
15245,4.17,False,4.17
15246,4.17,False,4.17
15247,4.17,False,4.17
15248,4.17,False,4.17
15249,4.17,False,4.17
15250,4.17,False,4.17
15251,4.17,False,4.17
15252,4.17,False,4.17
15253,4.17,False,4.17
15254,4.17,False,4.17
15255,4.17,False,4.17
15256,4.17,False,4.17
15257,4.17,False,4.17
15258,4.17,False,4.17
15259,4.17,False,4.17
15260,4.17,False,4.17
15261,4.17,False,4.17
15262,4.17,False,4.17
15263,4.17,False,4.17
15264,4.17,False,4.17
15265,4.17,False,4.17
15266,4.17,False,4.17
15267,4.17,False,4.17
15268,4.17,False,4.17
15269,4.17,False,4.17
15270,4.17,False,4.17
15271,4.17,False,4.17
15272,4.17,False,4.17
15273,4.17,False,4.17
15274,4.17,False,4.17
15275,4.17,False,4.17
15276,4.17,False,4.17
15277,4.17,False,4.17
15278,4.17,False,4.17
15279,4.17,False,4.17
15280,4.17,False,4.17
15281,4.17,False,4.17
15282,4.17,False,4.17
15283,4.17,False,4.17
15284,4.17,False,4.17
15285,4.17,False,4.17
15286,4.17,False,4.17
15287,4.17,False,4.17
15288,4.17,False,4.17
15289,4.17,False,4.17
15290,4.17,False,4.17
15291,4.17,False,4.17
15292,4.17,False,4.17
15293,4.17,False,4.17
15294,4.17,False,4.17
15295,4.17,False,4.17
15296,4.17,False,4.17
15297,4.17,False,4.17
15298,4.17,False,4.17
15299,4.17,False,4.17
15300,4.17,False,4.17
15301,4.17,False,4.17
15302,4.17,False,4.17
15303,4.17,False,4.17
15304,4.17,False,4.17
15305,4.17,False,4.17
15306,4.17,False,4.17
15307,4.17,False,4.17
15308,4.17,False,4.17
15309,4.17,False,4.17
15310,4.17,False,4.17
15311,4.17,False,4.17
15312,4.17,False,4.17
15313,4.17,False,4.17
15314,4.17,False,4.17
15315,4.17,False,4.17
15316,4.17,False,4.17
15317,4.17,False,4.17
15318,4.17,False,4.17
15319,4.17,False,4.17
15320,4.17,False,4.17
15321,4.17,False,4.17
15322,4.17,False,4.17
15323,4.17,False,4.17
15324,4.17,False,4.17
15325,4.17,False,4.17
15326,4.17,False,4.17
15327,4.17,False,4.17
15328,4.17,False,4.17
15329,4.17,False,4.17
15330,4.17,False,4.17
15331,4.17,False,4.17
15332,4.17,False,4.17
15333,4.17,False,4.17
15334,4.17,False,4.17
15335,4.17,False,4.17
15336,4.17,False,4.17
15337,4.17,False,4.17
15338,4.17,False,4.17
15339,4.17,False,4.17
15340,4.17,False,4.17
15341,4.17,False,4.17
15342,4.17,False,4.17
15343,4.17,False,4.17
15344,4.17,False,4.17
15345,4.17,False,4.17
15346,4.17,False,4.17
15347,4.17,False,4.17
15348,4.17,False,4.17
15349,4.17,False,4.17
15350,4.17,False,4.17
15351,4.17,False,4.17
15352,4.17,False,4.17
15353,4.17,False,4.17
15354,4.17,False,4.17
15355,4.17,False,4.17
15356,4.17,False,4.17
15357,4.17,False,4.17
15358,4.17,False,4.17
15359,4.17,False,4.17
15360,4.17,False,4.17
15361,5.0,False,4.336
15362,5.0,False,4.502
15363,5.0,False,4.667999999999999
15364,5.0,False,4.8340000000000005
15365,5.0,False,5.0
15366,5.0,False,5.0
15367,5.0,False,5.0
15368,5.0,False,5.0
15369,5.0,False,5.0
15370,5.0,False,5.0
15371,5.0,False,5.0
15372,5.0,False,5.0
15373,5.0,False,5.0
15374,5.0,False,5.0
15375,5.0,False,5.0
15376,5.0,False,5.0
15377,5.0,False,5.0
15378,5.0,False,5.0
15379,4.17,False,4.834
15380,4.17,False,4.668000000000001
15381,4.17,False,4.502000000000001
15382,4.17,False,4.336
15383,4.17,False,4.17
15384,4.17,False,4.17
15385,4.17,False,4.17
15386,4.17,False,4.17
15387,4.17,False,4.17
15388,4.17,False,4.17
15389,4.17,False,4.17
15390,4.17,False,4.17
15391,4.17,False,4.17
15392,4.17,False,4.17
15393,4.17,False,4.17
15394,4.17,False,4.17
15395,4.17,False,4.17
15396,4.17,False,4.17
15397,4.17,False,4.17
15398,4.17,False,4.17
15399,4.17,False,4.17
15400,4.17,False,4.17
15401,4.17,False,4.17
15402,4.17,False,4.17
15403,4.17,False,4.17
15404,4.17,False,4.17
15405,4.17,False,4.17
15406,4.17,False,4.17
15407,4.17,False,4.17
15408,4.17,False,4.17
15409,4.17,False,4.17
15410,4.17,False,4.17
15411,4.17,False,4.17
15412,4.17,False,4.17
15413,4.17,False,4.17
15414,4.17,False,4.17
15415,4.17,False,4.17
15416,4.17,False,4.17
15417,4.17,False,4.17
15418,4.17,False,4.17
15419,4.17,False,4.17
15420,4.17,False,4.17
15421,4.17,False,4.17
15422,4.17,False,4.17
15423,4.17,False,4.17
15424,4.17,False,4.17
15425,4.17,False,4.17
15426,4.17,False,4.17
15427,4.17,False,4.17
15428,4.17,False,4.17
15429,4.17,False,4.17
15430,4.17,False,4.17
15431,4.17,False,4.17
15432,4.17,False,4.17
15433,4.17,False,4.17
15434,4.17,False,4.17
15435,4.17,False,4.17
15436,4.17,False,4.17
15437,4.17,False,4.17
15438,4.17,False,4.17
15439,4.17,False,4.17
15440,4.17,False,4.17
15441,4.17,False,4.17
15442,4.17,False,4.17
15443,4.17,False,4.17
15444,4.17,False,4.17
15445,4.17,False,4.17
15446,4.17,False,4.17
15447,4.17,False,4.17
15448,4.17,False,4.17
15449,4.17,False,4.17
15450,4.17,False,4.17
15451,4.17,False,4.17
15452,4.17,False,4.17
15453,4.17,False,4.17
15454,4.17,False,4.17
15455,4.17,False,4.17
15456,4.17,False,4.17
15457,4.17,False,4.17
15458,4.17,False,4.17
15459,4.17,False,4.17
15460,4.17,False,4.17
15461,4.17,False,4.17
15462,4.17,False,4.17
15463,4.17,False,4.17
15464,4.17,False,4.17
15465,4.17,False,4.17
15466,4.17,False,4.17
15467,4.17,False,4.17
15468,4.17,False,4.17
15469,4.17,False,4.17
15470,4.17,False,4.17
15471,4.17,False,4.17
15472,4.17,False,4.17
15473,4.17,False,4.17
15474,4.17,False,4.17
15475,4.17,False,4.17
15476,4.17,False,4.17
15477,4.17,False,4.17
15478,4.17,False,4.17
15479,4.17,False,4.17
15480,4.17,False,4.17
15481,4.17,False,4.17
15482,4.17,False,4.17
15483,4.17,False,4.17
15484,4.17,False,4.17
15485,4.17,False,4.17
15486,4.17,False,4.17
15487,4.17,False,4.17
15488,4.17,False,4.17
15489,4.17,False,4.17
15490,4.17,False,4.17
15491,4.17,False,4.17
15492,4.17,False,4.17
15493,4.17,False,4.17
15494,4.17,False,4.17
15495,4.17,False,4.17
15496,4.17,False,4.17
15497,4.17,False,4.17
15498,4.17,False,4.17
15499,4.17,False,4.17
15500,4.17,False,4.17
15501,4.17,False,4.17
15502,4.17,False,4.17
15503,4.17,False,4.17
15504,4.17,False,4.17
15505,4.17,False,4.17
15506,4.17,False,4.17
15507,4.17,False,4.17
15508,4.17,False,4.17
15509,4.17,False,4.17
15510,4.17,False,4.17
15511,4.17,False,4.17
15512,4.17,False,4.17
15513,4.17,False,4.17
15514,4.17,False,4.17
15515,4.17,False,4.17
15516,4.17,False,4.17
15517,4.17,False,4.17
15518,4.17,False,4.17
15519,4.17,False,4.17
15520,4.17,False,4.17
15521,4.17,False,4.17
15522,4.17,False,4.17
15523,4.17,False,4.17
15524,4.17,False,4.17
15525,4.17,False,4.17
15526,4.17,False,4.17
15527,4.17,False,4.17
15528,4.17,False,4.17
15529,4.17,False,4.17
15530,4.17,False,4.17
15531,4.17,False,4.17
15532,4.17,False,4.17
15533,4.17,False,4.17
15534,4.17,False,4.17
15535,4.17,False,4.17
15536,4.17,False,4.17
15537,4.17,False,4.17
15538,4.17,False,4.17
15539,4.17,False,4.17
15540,4.17,False,4.17
15541,4.17,False,4.17
15542,4.17,False,4.17
15543,4.17,False,4.17
15544,4.17,False,4.17
15545,4.17,False,4.17
15546,4.17,False,4.17
15547,4.17,False,4.17
15548,4.17,False,4.17
15549,4.17,False,4.17
15550,4.17,False,4.17
15551,4.17,False,4.17
15552,4.17,False,4.17
15553,4.17,False,4.17
15554,4.17,False,4.17
15555,4.17,False,4.17
15556,4.17,False,4.17
15557,4.17,False,4.17
15558,4.17,False,4.17
15559,4.17,False,4.17
15560,4.17,False,4.17
15561,4.17,False,4.17
15562,4.17,False,4.17
15563,4.17,False,4.17
15564,4.17,False,4.17
15565,4.17,False,4.17
15566,4.17,False,4.17
15567,4.17,False,4.17
15568,4.17,False,4.17
15569,4.17,False,4.17
15570,4.17,False,4.17
15571,4.17,False,4.17
15572,4.17,False,4.17
15573,4.17,False,4.17
15574,4.17,False,4.17
15575,4.17,False,4.17
15576,4.17,False,4.17
15577,4.17,False,4.17
15578,4.17,False,4.17
15579,4.17,False,4.17
15580,4.17,False,4.17
15581,4.17,False,4.17
15582,4.17,False,4.17
15583,4.17,False,4.17
15584,4.17,False,4.17
15585,4.17,False,4.17
15586,4.17,False,4.17
15587,4.17,False,4.17
15588,4.17,False,4.17
15589,4.17,False,4.17
15590,4.17,False,4.17
15591,4.17,False,4.17
15592,4.17,False,4.17
15593,4.17,False,4.17
15594,4.17,False,4.17
15595,4.17,False,4.17
15596,4.17,False,4.17
15597,4.17,False,4.17
15598,4.17,False,4.17
15599,4.17,False,4.17
15600,4.17,False,4.17
15601,4.17,False,4.17
15602,4.17,False,4.17
15603,4.17,False,4.17
15604,4.17,False,4.17
15605,4.17,False,4.17
15606,4.17,False,4.17
15607,4.17,False,4.17
15608,4.17,False,4.17
15609,4.17,False,4.17
15610,4.17,False,4.17
15611,4.17,False,4.17
15612,4.17,False,4.17
15613,4.17,False,4.17
15614,4.17,False,4.17
15615,4.17,False,4.17
15616,4.17,False,4.17
15617,4.17,False,4.17
15618,4.17,False,4.17
15619,5.0,False,4.336
15620,5.0,False,4.502
15621,5.0,False,4.667999999999999
15622,5.0,False,4.8340000000000005
15623,5.0,False,5.0
15624,5.0,False,5.0
15625,5.0,False,5.0
15626,5.0,False,5.0
15627,5.0,False,5.0
15628,5.0,False,5.0
15629,5.0,False,5.0
15630,5.0,False,5.0
15631,5.0,False,5.0
15632,5.0,False,5.0
15633,5.0,False,5.0
15634,5.0,False,5.0
15635,5.0,False,5.0
15636,5.0,False,5.0
15637,5.0,False,5.0
15638,5.0,False,5.0
15639,5.0,False,5.0
15640,5.0,False,5.0
15641,5.0,False,5.0
15642,5.0,False,5.0
15643,5.0,False,5.0
15644,5.0,False,5.0
15645,5.0,False,5.0
15646,5.0,False,5.0
15647,5.0,False,5.0
15648,5.0,False,5.0
15649,4.17,False,4.834
15650,4.17,False,4.668000000000001
15651,4.17,False,4.502000000000001
15652,4.17,False,4.336
15653,4.17,False,4.17
15654,4.17,False,4.17
15655,4.17,False,4.17
15656,4.17,False,4.17
15657,4.17,False,4.17
15658,4.17,False,4.17
15659,4.17,False,4.17
15660,4.17,False,4.17
15661,4.17,False,4.17
15662,4.17,False,4.17
15663,4.17,False,4.17
15664,4.17,False,4.17
15665,4.17,False,4.17
15666,4.17,False,4.17
15667,4.17,False,4.17
15668,4.17,False,4.17
15669,4.17,False,4.17
15670,4.17,False,4.17
15671,4.17,False,4.17
15672,4.17,False,4.17
15673,4.17,False,4.17
15674,4.17,False,4.17
15675,4.17,False,4.17
15676,4.17,False,4.17
15677,4.17,False,4.17
15678,4.17,False,4.17
15679,4.17,False,4.17
15680,4.17,False,4.17
15681,4.17,False,4.17
15682,4.17,False,4.17
15683,4.17,False,4.17
15684,4.17,False,4.17
15685,4.17,False,4.17
15686,4.17,False,4.17
15687,4.17,False,4.17
15688,4.17,False,4.17
15689,4.17,False,4.17
15690,4.17,False,4.17
15691,4.17,False,4.17
15692,4.17,False,4.17
15693,4.17,False,4.17
15694,4.17,False,4.17
15695,4.17,False,4.17
15696,4.17,False,4.17
15697,4.17,False,4.17
15698,4.17,False,4.17
15699,4.17,False,4.17
15700,4.17,False,4.17
15701,4.17,False,4.17
15702,4.17,False,4.17
15703,4.17,False,4.17
15704,4.17,False,4.17
15705,4.17,False,4.17
15706,4.17,False,4.17
15707,4.17,False,4.17
15708,4.17,False,4.17
15709,4.17,False,4.17
15710,4.17,False,4.17
15711,4.17,False,4.17
15712,4.17,False,4.17
15713,4.17,False,4.17
15714,4.17,False,4.17
15715,4.17,False,4.17
15716,4.17,False,4.17
15717,4.17,False,4.17
15718,4.17,False,4.17
15719,4.17,False,4.17
15720,4.17,False,4.17
15721,4.17,False,4.17
15722,4.17,False,4.17
15723,4.17,False,4.17
15724,4.17,False,4.17
15725,4.17,False,4.17
15726,4.17,False,4.17
15727,4.17,False,4.17
15728,4.17,False,4.17
15729,4.17,False,4.17
15730,4.17,False,4.17
15731,4.17,False,4.17
15732,4.17,False,4.17
15733,4.17,False,4.17
15734,4.17,False,4.17
15735,4.17,False,4.17
15736,4.17,False,4.17
15737,4.17,False,4.17
15738,4.17,False,4.17
15739,4.17,False,4.17
15740,4.17,False,4.17
15741,4.17,False,4.17
15742,4.17,False,4.17
15743,4.17,False,4.17
15744,4.17,False,4.17
15745,4.17,False,4.17
15746,4.17,False,4.17
15747,4.17,False,4.17
15748,4.17,False,4.17
15749,4.17,False,4.17
15750,4.17,False,4.17
15751,4.17,False,4.17
15752,4.17,False,4.17
15753,4.17,False,4.17
15754,4.17,False,4.17
15755,4.17,False,4.17
15756,4.17,False,4.17
15757,4.17,False,4.17
15758,4.17,False,4.17
15759,4.17,False,4.17
15760,4.17,False,4.17
15761,4.17,False,4.17
15762,4.17,False,4.17
15763,4.17,False,4.17
15764,4.17,False,4.17
15765,4.17,False,4.17
15766,4.17,False,4.17
15767,4.17,False,4.17
15768,4.17,False,4.17
15769,4.17,False,4.17
15770,4.17,False,4.17
15771,4.17,False,4.17
15772,4.17,False,4.17
15773,4.17,False,4.17
15774,4.17,False,4.17
15775,4.17,False,4.17
15776,4.17,False,4.17
15777,4.17,False,4.17
15778,4.17,False,4.17
15779,4.17,False,4.17
15780,4.17,False,4.17
15781,4.17,False,4.17
15782,4.17,False,4.17
15783,4.17,False,4.17
15784,4.17,False,4.17
15785,4.17,False,4.17
15786,4.17,False,4.17
15787,4.17,False,4.17
15788,4.17,False,4.17
15789,4.17,False,4.17
15790,4.17,False,4.17
15791,4.17,False,4.17
15792,4.17,False,4.17
15793,4.17,False,4.17
15794,4.17,False,4.17
15795,4.17,False,4.17
15796,4.17,False,4.17
15797,4.17,False,4.17
15798,4.17,False,4.17
15799,4.17,False,4.17
15800,4.17,False,4.17
15801,4.17,False,4.17
15802,4.17,False,4.17
15803,4.17,False,4.17
15804,4.17,False,4.17
15805,4.17,False,4.17
15806,4.17,False,4.17
15807,4.17,False,4.17
15808,4.17,False,4.17
15809,4.17,False,4.17
15810,4.17,False,4.17
15811,4.17,False,4.17
15812,4.17,False,4.17
15813,4.17,False,4.17
15814,4.17,False,4.17
15815,4.17,False,4.17
15816,4.17,False,4.17
15817,4.17,False,4.17
15818,4.17,False,4.17
15819,4.17,False,4.17
15820,4.17,False,4.17
15821,4.17,False,4.17
15822,4.17,False,4.17
15823,4.17,False,4.17
15824,4.17,False,4.17
15825,4.17,False,4.17
15826,4.17,False,4.17
15827,4.17,False,4.17
15828,4.17,False,4.17
15829,4.17,False,4.17
15830,4.17,False,4.17
15831,4.17,False,4.17
15832,4.17,False,4.17
15833,4.17,False,4.17
15834,4.17,False,4.17
15835,4.17,False,4.17
15836,4.17,False,4.17
15837,4.17,False,4.17
15838,4.17,False,4.17
15839,4.17,False,4.17
15840,4.17,False,4.17
15841,4.17,False,4.17
15842,4.17,False,4.17
15843,4.17,False,4.17
15844,4.17,False,4.17
15845,4.17,False,4.17
15846,4.17,False,4.17
15847,4.17,False,4.17
15848,4.17,False,4.17
15849,4.17,False,4.17
15850,4.17,False,4.17
15851,4.17,False,4.17
15852,4.17,False,4.17
15853,4.17,False,4.17
15854,4.17,False,4.17
15855,4.17,False,4.17
15856,4.17,False,4.17
15857,4.17,False,4.17
15858,4.17,False,4.17
15859,4.17,False,4.17
15860,4.17,False,4.17
15861,4.17,False,4.17
15862,4.17,False,4.17
15863,4.17,False,4.17
15864,4.17,False,4.17
15865,4.17,False,4.17
15866,4.17,False,4.17
15867,4.17,False,4.17
15868,4.17,False,4.17
15869,4.17,False,4.17
15870,4.17,False,4.17
15871,4.17,False,4.17
15872,4.17,False,4.17
15873,5.0,False,4.336
15874,5.0,False,4.502
15875,5.0,False,4.667999999999999
15876,5.0,False,4.8340000000000005
15877,5.0,False,5.0
15878,5.0,False,5.0
15879,5.0,False,5.0
15880,5.0,False,5.0
15881,5.0,False,5.0
15882,5.0,False,5.0
15883,5.0,False,5.0
15884,5.0,False,5.0
15885,5.0,False,5.0
15886,5.0,False,5.0
15887,5.0,False,5.0
15888,5.0,False,5.0
15889,5.0,False,5.0
15890,5.0,False,5.0
15891,5.0,False,5.0
15892,5.0,False,5.0
15893,5.0,False,5.0
15894,5.0,False,5.0
15895,5.0,False,5.0
15896,5.0,False,5.0
15897,5.0,False,5.0
15898,5.0,False,5.0
15899,5.0,False,5.0
15900,5.0,False,5.0
15901,5.0,False,5.0
15902,5.0,False,5.0
15903,5.0,False,5.0
15904,5.0,False,5.0
15905,5.0,False,5.0
15906,5.0,False,5.0
15907,5.0,False,5.0
15908,5.0,False,5.0
15909,5.0,False,5.0
15910,5.0,False,5.0
15911,5.0,False,5.0
15912,5.0,False,5.0
15913,5.0,False,5.0
15914,5.0,False,5.0
15915,5.0,False,5.0
15916,5.0,False,5.0
15917,5.0,False,5.0
15918,5.0,False,5.0
15919,5.0,False,5.0
15920,4.17,False,4.834
15921,4.17,False,4.668000000000001
15922,4.17,False,4.502000000000001
15923,4.17,False,4.336
15924,4.17,False,4.17
15925,4.17,False,4.17
15926,4.17,False,4.17
15927,4.17,False,4.17
15928,4.17,False,4.17
15929,4.17,False,4.17
15930,4.17,False,4.17
15931,4.17,False,4.17
15932,4.17,False,4.17
15933,4.17,False,4.17
15934,4.17,False,4.17
15935,4.17,False,4.17
15936,4.17,False,4.17
15937,4.17,False,4.17
15938,4.17,False,4.17
15939,4.17,False,4.17
15940,4.17,False,4.17
15941,4.17,False,4.17
15942,4.17,False,4.17
15943,4.17,False,4.17
15944,4.17,False,4.17
15945,4.17,False,4.17
15946,4.17,False,4.17
15947,4.17,False,4.17
15948,4.17,False,4.17
15949,4.17,False,4.17
15950,4.17,False,4.17
15951,4.17,False,4.17
15952,4.17,False,4.17
15953,4.17,False,4.17
15954,4.17,False,4.17
15955,4.17,False,4.17
15956,4.17,False,4.17
15957,4.17,False,4.17
15958,4.17,False,4.17
15959,4.17,False,4.17
15960,4.17,False,4.17
15961,4.17,False,4.17
15962,4.17,False,4.17
15963,4.17,False,4.17
15964,4.17,False,4.17
15965,4.17,False,4.17
15966,4.17,False,4.17
15967,4.17,False,4.17
15968,4.17,False,4.17
15969,4.17,False,4.17
15970,4.17,False,4.17
15971,4.17,False,4.17
15972,4.17,False,4.17
15973,4.17,False,4.17
15974,4.17,False,4.17
15975,4.17,False,4.17
15976,4.17,False,4.17
15977,4.17,False,4.17
15978,4.17,False,4.17
15979,4.17,False,4.17
15980,4.17,False,4.17
15981,4.17,False,4.17
15982,4.17,False,4.17
15983,4.17,False,4.17
15984,4.17,False,4.17
15985,4.17,False,4.17
15986,4.17,False,4.17
15987,4.17,False,4.17
15988,4.17,False,4.17
15989,4.17,False,4.17
15990,4.17,False,4.17
15991,4.17,False,4.17
15992,4.17,False,4.17
15993,4.17,False,4.17
15994,4.17,False,4.17
15995,4.17,False,4.17
15996,4.17,False,4.17
15997,4.17,False,4.17
15998,4.17,False,4.17
15999,4.17,False,4.17
16000,4.17,False,4.17
16001,4.17,False,4.17
16002,4.17,False,4.17
16003,4.17,False,4.17
16004,4.17,False,4.17
16005,4.17,False,4.17
16006,4.17,False,4.17
16007,4.17,False,4.17
16008,4.17,False,4.17
16009,4.17,False,4.17
16010,4.17,False,4.17
16011,4.17,False,4.17
16012,4.17,False,4.17
16013,4.17,False,4.17
16014,4.17,False,4.17
16015,4.17,False,4.17
16016,4.17,False,4.17
16017,4.17,False,4.17
16018,4.17,False,4.17
16019,4.17,False,4.17
16020,4.17,False,4.17
16021,4.17,False,4.17
16022,4.17,False,4.17
16023,4.17,False,4.17
16024,4.17,False,4.17
16025,4.17,False,4.17
16026,4.17,False,4.17
16027,4.17,False,4.17
16028,4.17,False,4.17
16029,4.17,False,4.17
16030,4.17,False,4.17
16031,4.17,False,4.17
16032,4.17,False,4.17
16033,4.17,False,4.17
16034,4.17,False,4.17
16035,4.17,False,4.17
16036,4.17,False,4.17
16037,4.17,False,4.17
16038,4.17,False,4.17
16039,4.17,False,4.17
16040,4.17,False,4.17
16041,4.17,False,4.17
16042,4.17,False,4.17
16043,4.17,False,4.17
16044,4.17,False,4.17
16045,4.17,False,4.17
16046,4.17,False,4.17
16047,4.17,False,4.17
16048,4.17,False,4.17
16049,4.17,False,4.17
16050,4.17,False,4.17
16051,4.17,False,4.17
16052,4.17,False,4.17
16053,4.17,False,4.17
16054,4.17,False,4.17
16055,4.17,False,4.17
16056,4.17,False,4.17
16057,4.17,False,4.17
16058,4.17,False,4.17
16059,4.17,False,4.17
16060,4.17,False,4.17
16061,4.17,False,4.17
16062,4.17,False,4.17
16063,4.17,False,4.17
16064,4.17,False,4.17
16065,4.17,False,4.17
16066,4.17,False,4.17
16067,4.17,False,4.17
16068,4.17,False,4.17
16069,4.17,False,4.17
16070,4.17,False,4.17
16071,4.17,False,4.17
16072,4.17,False,4.17
16073,4.17,False,4.17
16074,4.17,False,4.17
16075,4.17,False,4.17
16076,4.17,False,4.17
16077,4.17,False,4.17
16078,4.17,False,4.17
16079,4.17,False,4.17
16080,4.17,False,4.17
16081,4.17,False,4.17
16082,4.17,False,4.17
16083,4.17,False,4.17
16084,4.17,False,4.17
16085,4.17,False,4.17
16086,4.17,False,4.17
16087,4.17,False,4.17
16088,4.17,False,4.17
16089,4.17,False,4.17
16090,4.17,False,4.17
16091,4.17,False,4.17
16092,4.17,False,4.17
16093,4.17,False,4.17
16094,4.17,False,4.17
16095,4.17,False,4.17
16096,4.17,False,4.17
16097,4.17,False,4.17
16098,4.17,False,4.17
16099,4.17,False,4.17
16100,4.17,False,4.17
16101,4.17,False,4.17
16102,4.17,False,4.17
16103,4.17,False,4.17
16104,4.17,False,4.17
16105,4.17,False,4.17
16106,4.17,False,4.17
16107,4.17,False,4.17
16108,4.17,False,4.17
16109,4.17,False,4.17
16110,4.17,False,4.17
16111,4.17,False,4.17
16112,4.17,False,4.17
16113,4.17,False,4.17
16114,4.17,False,4.17
16115,4.17,False,4.17
16116,4.17,False,4.17
16117,4.17,False,4.17
16118,4.17,False,4.17
16119,4.17,False,4.17
16120,4.17,False,4.17
16121,4.17,False,4.17
16122,4.17,False,4.17
16123,4.17,False,4.17
16124,4.17,False,4.17
16125,4.17,False,4.17
16126,4.17,False,4.17
16127,4.17,False,4.17
16128,4.17,False,4.17
16129,5.0,False,4.336
16130,5.0,False,4.502
16131,5.0,False,4.668
16132,5.0,False,4.8340000000000005
16133,5.0,False,5.0
16134,5.0,False,5.0
16135,5.0,False,5.0
16136,5.0,False,5.0
16137,5.0,False,5.0
16138,5.0,False,5.0
16139,5.0,False,5.0
16140,5.0,False,5.0
16141,5.0,False,5.0
16142,5.0,False,5.0
16143,5.0,False,5.0
16144,5.0,False,5.0
16145,5.0,False,5.0
16146,5.0,False,5.0
16147,5.0,False,5.0
16148,5.0,False,5.0
16149,5.0,False,5.0
16150,5.0,False,5.0
16151,5.0,False,5.0
16152,5.0,False,5.0
16153,5.0,False,5.0
16154,5.0,False,5.0
16155,5.0,False,5.0
16156,5.0,False,5.0
16157,5.0,False,5.0
16158,5.0,False,5.0
16159,5.0,False,5.0
16160,4.17,False,4.8340000000000005
16161,4.17,False,4.668
16162,4.17,False,4.502
16163,4.17,False,4.336
16164,4.17,False,4.17
16165,4.17,False,4.17
16166,4.17,False,4.17
16167,4.17,False,4.17
16168,4.17,False,4.17
16169,4.17,False,4.17
16170,4.17,False,4.17
16171,4.17,False,4.17
16172,4.17,False,4.17
16173,4.17,False,4.17
16174,4.17,False,4.17
16175,4.17,False,4.17
16176,4.17,False,4.17
16177,4.17,False,4.17
16178,4.17,False,4.17
16179,4.17,False,4.17
16180,4.17,False,4.17
16181,4.17,False,4.17
16182,4.17,False,4.17
16183,4.17,False,4.17
16184,4.17,False,4.17
16185,4.17,False,4.17
16186,4.17,False,4.17
16187,4.17,False,4.17
16188,4.17,False,4.17
16189,4.17,False,4.17
16190,4.17,False,4.17
16191,4.17,False,4.17
16192,4.17,False,4.17
16193,4.17,False,4.17
16194,4.17,False,4.17
16195,4.17,False,4.17
16196,4.17,False,4.17
16197,4.17,False,4.17
16198,4.17,False,4.17
16199,4.17,False,4.17
16200,4.17,False,4.17
16201,4.17,False,4.17
16202,4.17,False,4.17
16203,4.17,False,4.17
16204,4.17,False,4.17
16205,4.17,False,4.17
16206,4.17,False,4.17
16207,4.17,False,4.17
16208,4.17,False,4.17
16209,4.17,False,4.17
16210,4.17,False,4.17
16211,4.17,False,4.17
16212,4.17,False,4.17
16213,4.17,False,4.17
16214,4.17,False,4.17
16215,4.17,False,4.17
16216,4.17,False,4.17
16217,4.17,False,4.17
16218,4.17,False,4.17
16219,4.17,False,4.17
16220,4.17,False,4.17
16221,4.17,False,4.17
16222,4.17,False,4.17
16223,4.17,False,4.17
16224,4.17,False,4.17
16225,4.17,False,4.17
16226,4.17,False,4.17
16227,4.17,False,4.17
16228,4.17,False,4.17
16229,4.17,False,4.17
16230,4.17,False,4.17
16231,4.17,False,4.17
16232,4.17,False,4.17
16233,4.17,False,4.17
16234,4.17,False,4.17
16235,4.17,False,4.17
16236,4.17,False,4.17
16237,4.17,False,4.17
16238,4.17,False,4.17
16239,4.17,False,4.17
16240,4.17,False,4.17
16241,4.17,False,4.17
16242,4.17,False,4.17
16243,4.17,False,4.17
16244,4.17,False,4.17
16245,4.17,False,4.17
16246,4.17,False,4.17
16247,4.17,False,4.17
16248,4.17,False,4.17
16249,4.17,False,4.17
16250,4.17,False,4.17
16251,4.17,False,4.17
16252,4.17,False,4.17
16253,4.17,False,4.17
16254,4.17,False,4.17
16255,4.17,False,4.17
16256,4.17,False,4.17
16257,4.17,False,4.17
16258,4.17,False,4.17
16259,4.17,False,4.17
16260,4.17,False,4.17
16261,4.17,False,4.17
16262,4.17,False,4.17
16263,4.17,False,4.17
16264,4.17,False,4.17
16265,4.17,False,4.17
16266,4.17,False,4.17
16267,4.17,False,4.17
16268,4.17,False,4.17
16269,4.17,False,4.17
16270,4.17,False,4.17
16271,4.17,False,4.17
16272,4.17,False,4.17
16273,4.17,False,4.17
16274,4.17,False,4.17
16275,4.17,False,4.17
16276,4.17,False,4.17
16277,4.17,False,4.17
16278,4.17,False,4.17
16279,4.17,False,4.17
16280,4.17,False,4.17
16281,4.17,False,4.17
16282,4.17,False,4.17
16283,4.17,False,4.17
16284,4.17,False,4.17
16285,4.17,False,4.17
16286,4.17,False,4.17
16287,4.17,False,4.17
16288,4.17,False,4.17
16289,4.17,False,4.17
16290,4.17,False,4.17
16291,4.17,False,4.17
16292,4.17,False,4.17
16293,4.17,False,4.17
16294,4.17,False,4.17
16295,4.17,False,4.17
16296,4.17,False,4.17
16297,4.17,False,4.17
16298,4.17,False,4.17
16299,4.17,False,4.17
16300,4.17,False,4.17
16301,4.17,False,4.17
16302,4.17,False,4.17
16303,4.17,False,4.17
16304,4.17,False,4.17
16305,4.17,False,4.17
16306,4.17,False,4.17
16307,4.17,False,4.17
16308,4.17,False,4.17
16309,4.17,False,4.17
16310,4.17,False,4.17
16311,4.17,False,4.17
16312,4.17,False,4.17
16313,4.17,False,4.17
16314,4.17,False,4.17
16315,4.17,False,4.17
16316,4.17,False,4.17
16317,4.17,False,4.17
16318,4.17,False,4.17
16319,4.17,False,4.17
16320,4.17,False,4.17
16321,4.17,False,4.17
16322,4.17,False,4.17
16323,4.17,False,4.17
16324,4.17,False,4.17
16325,4.17,False,4.17
16326,4.17,False,4.17
16327,4.17,False,4.17
16328,4.17,False,4.17
16329,4.17,False,4.17
16330,4.17,False,4.17
16331,4.17,False,4.17
16332,4.17,False,4.17
16333,4.17,False,4.17
16334,4.17,False,4.17
16335,4.17,False,4.17
16336,4.17,False,4.17
16337,4.17,False,4.17
16338,4.17,False,4.17
16339,4.17,False,4.17
16340,4.17,False,4.17
16341,4.17,False,4.17
16342,4.17,False,4.17
16343,4.17,False,4.17
16344,4.17,False,4.17
16345,4.17,False,4.17
16346,4.17,False,4.17
16347,4.17,False,4.17
16348,4.17,False,4.17
16349,4.17,False,4.17
16350,4.17,False,4.17
16351,4.17,False,4.17
16352,4.17,False,4.17
16353,4.17,False,4.17
16354,4.17,False,4.17
16355,4.17,False,4.17
16356,4.17,False,4.17
16357,4.17,False,4.17
16358,4.17,False,4.17
16359,4.17,False,4.17
16360,4.17,False,4.17
16361,4.17,False,4.17
16362,4.17,False,4.17
16363,4.17,False,4.17
16364,4.17,False,4.17
16365,4.17,False,4.17
16366,4.17,False,4.17
16367,4.17,False,4.17
16368,4.17,False,4.17
16369,4.17,False,4.17
16370,4.17,False,4.17
16371,4.17,False,4.17
16372,4.17,False,4.17
16373,4.17,False,4.17
16374,4.17,False,4.17
16375,4.17,False,4.17
16376,4.17,False,4.17
16377,4.17,False,4.17
16378,4.17,False,4.17
16379,4.17,False,4.17
16380,4.17,False,4.17
16381,4.17,False,4.17
16382,4.17,False,4.17
16383,4.17,False,4.17
16384,4.17,False,4.17
16385,5.0,False,4.336
16386,5.0,False,4.502
16387,5.0,False,4.667999999999999
16388,5.0,False,4.8340000000000005
16389,5.0,False,5.0
16390,5.0,False,5.0
16391,5.0,False,5.0
16392,5.0,False,5.0
16393,5.0,False,5.0
16394,5.0,False,5.0
16395,5.0,False,5.0
16396,5.0,False,5.0
16397,5.0,False,5.0
16398,5.0,False,5.0
16399,5.0,False,5.0
16400,5.0,False,5.0
16401,5.0,False,5.0
16402,5.0,False,5.0
16403,5.0,False,5.0
16404,5.0,False,5.0
16405,5.0,False,5.0
16406,5.0,False,5.0
16407,5.0,False,5.0
16408,5.0,False,5.0
16409,5.0,False,5.0
16410,5.0,False,5.0
16411,5.0,False,5.0
16412,5.0,False,5.0
16413,5.0,False,5.0
16414,5.0,False,5.0
16415,5.0,False,5.0
16416,5.0,False,5.0
16417,5.0,False,5.0
16418,5.0,False,5.0
16419,5.0,False,5.0
16420,5.0,False,5.0
16421,5.0,False,5.0
16422,5.0,False,5.0
16423,5.0,False,5.0
16424,5.0,False,5.0
16425,5.0,False,5.0
16426,5.0,False,5.0
16427,5.0,False,5.0
16428,5.0,False,5.0
16429,5.0,False,5.0
16430,4.17,False,4.834
16431,4.17,False,4.668000000000001
16432,4.17,False,4.502000000000001
16433,4.17,False,4.336
16434,4.17,False,4.17
16435,4.17,False,4.17
16436,4.17,False,4.17
16437,4.17,False,4.17
16438,4.17,False,4.17
16439,4.17,False,4.17
16440,4.17,False,4.17
16441,4.17,False,4.17
16442,4.17,False,4.17
16443,4.17,False,4.17
16444,4.17,False,4.17
16445,4.17,False,4.17
16446,4.17,False,4.17
16447,4.17,False,4.17
16448,4.17,False,4.17
16449,4.17,False,4.17
16450,4.17,False,4.17
16451,4.17,False,4.17
16452,4.17,False,4.17
16453,4.17,False,4.17
16454,4.17,False,4.17
16455,4.17,False,4.17
16456,4.17,False,4.17
16457,4.17,False,4.17
16458,4.17,False,4.17
16459,4.17,False,4.17
16460,4.17,False,4.17
16461,4.17,False,4.17
16462,4.17,False,4.17
16463,4.17,False,4.17
16464,4.17,False,4.17
16465,4.17,False,4.17
16466,4.17,False,4.17
16467,4.17,False,4.17
16468,4.17,False,4.17
16469,4.17,False,4.17
16470,4.17,False,4.17
16471,4.17,False,4.17
16472,4.17,False,4.17
16473,4.17,False,4.17
16474,4.17,False,4.17
16475,4.17,False,4.17
16476,4.17,False,4.17
16477,4.17,False,4.17
16478,4.17,False,4.17
16479,4.17,False,4.17
16480,4.17,False,4.17
16481,4.17,False,4.17
16482,4.17,False,4.17
16483,4.17,False,4.17
16484,4.17,False,4.17
16485,4.17,False,4.17
16486,4.17,False,4.17
16487,4.17,False,4.17
16488,4.17,False,4.17
16489,4.17,False,4.17
16490,4.17,False,4.17
16491,4.17,False,4.17
16492,4.17,False,4.17
16493,4.17,False,4.17
16494,4.17,False,4.17
16495,4.17,False,4.17
16496,4.17,False,4.17
16497,4.17,False,4.17
16498,4.17,False,4.17
16499,4.17,False,4.17
16500,4.17,False,4.17
16501,4.17,False,4.17
16502,4.17,False,4.17
16503,4.17,False,4.17
16504,4.17,False,4.17
16505,4.17,False,4.17
16506,4.17,False,4.17
16507,4.17,False,4.17
16508,4.17,False,4.17
16509,4.17,False,4.17
16510,4.17,False,4.17
16511,4.17,False,4.17
16512,4.17,False,4.17
16513,4.17,False,4.17
16514,4.17,False,4.17
16515,4.17,False,4.17
16516,4.17,False,4.17
16517,4.17,False,4.17
16518,4.17,False,4.17
16519,4.17,False,4.17
16520,4.17,False,4.17
16521,4.17,False,4.17
16522,4.17,False,4.17
16523,4.17,False,4.17
16524,4.17,False,4.17
16525,4.17,False,4.17
16526,4.17,False,4.17
16527,4.17,False,4.17
16528,4.17,False,4.17
16529,4.17,False,4.17
16530,4.17,False,4.17
16531,4.17,False,4.17
16532,4.17,False,4.17
16533,4.17,False,4.17
16534,4.17,False,4.17
16535,4.17,False,4.17
16536,4.17,False,4.17
16537,4.17,False,4.17
16538,4.17,False,4.17
16539,4.17,False,4.17
16540,4.17,False,4.17
16541,4.17,False,4.17
16542,4.17,False,4.17
16543,4.17,False,4.17
16544,4.17,False,4.17
16545,4.17,False,4.17
16546,4.17,False,4.17
16547,4.17,False,4.17
16548,4.17,False,4.17
16549,4.17,False,4.17
16550,4.17,False,4.17
16551,4.17,False,4.17
16552,4.17,False,4.17
16553,4.17,False,4.17
16554,4.17,False,4.17
16555,4.17,False,4.17
16556,4.17,False,4.17
16557,4.17,False,4.17
16558,4.17,False,4.17
16559,4.17,False,4.17
16560,4.17,False,4.17
16561,4.17,False,4.17
16562,4.17,False,4.17
16563,4.17,False,4.17
16564,4.17,False,4.17
16565,4.17,False,4.17
16566,4.17,False,4.17
16567,4.17,False,4.17
16568,4.17,False,4.17
16569,4.17,False,4.17
16570,4.17,False,4.17
16571,4.17,False,4.17
16572,4.17,False,4.17
16573,4.17,False,4.17
16574,4.17,False,4.17
16575,4.17,False,4.17
16576,4.17,False,4.17
16577,4.17,False,4.17
16578,4.17,False,4.17
16579,4.17,False,4.17
16580,4.17,False,4.17
16581,4.17,False,4.17
16582,4.17,False,4.17
16583,4.17,False,4.17
16584,4.17,False,4.17
16585,4.17,False,4.17
16586,4.17,False,4.17
16587,4.17,False,4.17
16588,4.17,False,4.17
16589,4.17,False,4.17
16590,4.17,False,4.17
16591,4.17,False,4.17
16592,4.17,False,4.17
16593,4.17,False,4.17
16594,4.17,False,4.17
16595,4.17,False,4.17
16596,4.17,False,4.17
16597,4.17,False,4.17
16598,4.17,False,4.17
16599,4.17,False,4.17
16600,4.17,False,4.17
16601,4.17,False,4.17
16602,4.17,False,4.17
16603,4.17,False,4.17
16604,4.17,False,4.17
16605,4.17,False,4.17
16606,4.17,False,4.17
16607,4.17,False,4.17
16608,4.17,False,4.17
16609,4.17,False,4.17
16610,4.17,False,4.17
16611,4.17,False,4.17
16612,4.17,False,4.17
16613,4.17,False,4.17
16614,4.17,False,4.17
16615,4.17,False,4.17
16616,4.17,False,4.17
16617,4.17,False,4.17
16618,4.17,False,4.17
16619,4.17,False,4.17
16620,4.17,False,4.17
16621,4.17,False,4.17
16622,4.17,False,4.17
16623,4.17,False,4.17
16624,4.17,False,4.17
16625,4.17,False,4.17
16626,4.17,False,4.17
16627,4.17,False,4.17
16628,4.17,False,4.17
16629,4.17,False,4.17
16630,4.17,False,4.17
16631,4.17,False,4.17
16632,4.17,False,4.17
16633,4.17,False,4.17
16634,4.17,False,4.17
16635,4.17,False,4.17
16636,4.17,False,4.17
16637,4.17,False,4.17
16638,4.17,False,4.17
16639,4.17,False,4.17
16640,4.17,False,4.17
16641,5.0,False,4.336
16642,5.0,False,4.502
16643,5.0,False,4.668
16644,5.0,False,4.8340000000000005
16645,5.0,False,5.0
16646,5.0,False,5.0
16647,5.0,False,5.0
16648,5.0,False,5.0
16649,5.0,False,5.0
16650,5.0,False,5.0
16651,5.0,False,5.0
16652,5.0,False,5.0
16653,5.0,False,5.0
16654,5.0,False,5.0
16655,5.0,False,5.0
16656,5.0,False,5.0
16657,5.0,False,5.0
16658,5.0,False,5.0
16659,5.0,False,5.0
16660,5.0,False,5.0
16661,5.0,False,5.0
16662,5.0,False,5.0
16663,5.0,False,5.0
16664,5.0,False,5.0
16665,5.0,False,5.0
16666,5.0,False,5.0
16667,5.0,False,5.0
16668,5.0,False,5.0
16669,4.17,False,4.8340000000000005
16670,4.17,False,4.668
16671,4.17,False,4.502
16672,4.17,False,4.336
16673,4.17,False,4.17
16674,4.17,False,4.17
16675,4.17,False,4.17
16676,4.17,False,4.17
16677,4.17,False,4.17
16678,4.17,False,4.17
16679,4.17,False,4.17
16680,4.17,False,4.17
16681,4.17,False,4.17
16682,4.17,False,4.17
16683,4.17,False,4.17
16684,4.17,False,4.17
16685,4.17,False,4.17
16686,4.17,False,4.17
16687,4.17,False,4.17
16688,4.17,False,4.17
16689,4.17,False,4.17
16690,4.17,False,4.17
16691,4.17,False,4.17
16692,4.17,False,4.17
16693,4.17,False,4.17
16694,4.17,False,4.17
16695,4.17,False,4.17
16696,4.17,False,4.17
16697,4.17,False,4.17
16698,4.17,False,4.17
16699,4.17,False,4.17
16700,4.17,False,4.17
16701,4.17,False,4.17
16702,4.17,False,4.17
16703,4.17,False,4.17
16704,4.17,False,4.17
16705,4.17,False,4.17
16706,4.17,False,4.17
16707,4.17,False,4.17
16708,4.17,False,4.17
16709,4.17,False,4.17
16710,4.17,False,4.17
16711,4.17,False,4.17
16712,4.17,False,4.17
16713,4.17,False,4.17
16714,4.17,False,4.17
16715,4.17,False,4.17
16716,4.17,False,4.17
16717,4.17,False,4.17
16718,4.17,False,4.17
16719,4.17,False,4.17
16720,4.17,False,4.17
16721,4.17,False,4.17
16722,4.17,False,4.17
16723,4.17,False,4.17
16724,4.17,False,4.17
16725,4.17,False,4.17
16726,4.17,False,4.17
16727,4.17,False,4.17
16728,4.17,False,4.17
16729,4.17,False,4.17
16730,4.17,False,4.17
16731,4.17,False,4.17
16732,4.17,False,4.17
16733,4.17,False,4.17
16734,4.17,False,4.17
16735,4.17,False,4.17
16736,4.17,False,4.17
16737,4.17,False,4.17
16738,4.17,False,4.17
16739,4.17,False,4.17
16740,4.17,False,4.17
16741,4.17,False,4.17
16742,4.17,False,4.17
16743,4.17,False,4.17
16744,4.17,False,4.17
16745,4.17,False,4.17
16746,4.17,False,4.17
16747,4.17,False,4.17
16748,4.17,False,4.17
16749,4.17,False,4.17
16750,4.17,False,4.17
16751,4.17,False,4.17
16752,4.17,False,4.17
16753,4.17,False,4.17
16754,4.17,False,4.17
16755,4.17,False,4.17
16756,4.17,False,4.17
16757,4.17,False,4.17
16758,4.17,False,4.17
16759,4.17,False,4.17
16760,4.17,False,4.17
16761,4.17,False,4.17
16762,4.17,False,4.17
16763,4.17,False,4.17
16764,4.17,False,4.17
16765,4.17,False,4.17
16766,4.17,False,4.17
16767,4.17,False,4.17
16768,4.17,False,4.17
16769,4.17,False,4.17
16770,4.17,False,4.17
16771,4.17,False,4.17
16772,4.17,False,4.17
16773,4.17,False,4.17
16774,4.17,False,4.17
16775,4.17,False,4.17
16776,4.17,False,4.17
16777,4.17,False,4.17
16778,4.17,False,4.17
16779,4.17,False,4.17
16780,4.17,False,4.17
16781,4.17,False,4.17
16782,4.17,False,4.17
16783,4.17,False,4.17
16784,4.17,False,4.17
16785,4.17,False,4.17
16786,4.17,False,4.17
16787,4.17,False,4.17
16788,4.17,False,4.17
16789,4.17,False,4.17
16790,4.17,False,4.17
16791,4.17,False,4.17
16792,4.17,False,4.17
16793,4.17,False,4.17
16794,4.17,False,4.17
16795,4.17,False,4.17
16796,4.17,False,4.17
16797,4.17,False,4.17
16798,4.17,False,4.17
16799,4.17,False,4.17
16800,4.17,False,4.17
16801,4.17,False,4.17
16802,4.17,False,4.17
16803,4.17,False,4.17
16804,4.17,False,4.17
16805,4.17,False,4.17
16806,4.17,False,4.17
16807,4.17,False,4.17
16808,4.17,False,4.17
16809,4.17,False,4.17
16810,4.17,False,4.17
16811,4.17,False,4.17
16812,4.17,False,4.17
16813,4.17,False,4.17
16814,4.17,False,4.17
16815,4.17,False,4.17
16816,4.17,False,4.17
16817,4.17,False,4.17
16818,4.17,False,4.17
16819,4.17,False,4.17
16820,4.17,False,4.17
16821,4.17,False,4.17
16822,4.17,False,4.17
16823,4.17,False,4.17
16824,4.17,False,4.17
16825,4.17,False,4.17
16826,4.17,False,4.17
16827,4.17,False,4.17
16828,4.17,False,4.17
16829,4.17,False,4.17
16830,4.17,False,4.17
16831,4.17,False,4.17
16832,4.17,False,4.17
16833,4.17,False,4.17
16834,4.17,False,4.17
16835,4.17,False,4.17
16836,4.17,False,4.17
16837,4.17,False,4.17
16838,4.17,False,4.17
16839,4.17,False,4.17
16840,4.17,False,4.17
16841,4.17,False,4.17
16842,4.17,False,4.17
16843,4.17,False,4.17
16844,4.17,False,4.17
16845,4.17,False,4.17
16846,4.17,False,4.17
16847,4.17,False,4.17
16848,4.17,False,4.17
16849,4.17,False,4.17
16850,4.17,False,4.17
16851,4.17,False,4.17
16852,4.17,False,4.17
16853,4.17,False,4.17
16854,4.17,False,4.17
16855,4.17,False,4.17
16856,4.17,False,4.17
16857,4.17,False,4.17
16858,4.17,False,4.17
16859,4.17,False,4.17
16860,4.17,False,4.17
16861,4.17,False,4.17
16862,4.17,False,4.17
16863,4.17,False,4.17
16864,4.17,False,4.17
16865,4.17,False,4.17
16866,4.17,False,4.17
16867,4.17,False,4.17
16868,4.17,False,4.17
16869,4.17,False,4.17
16870,4.17,False,4.17
16871,4.17,False,4.17
16872,4.17,False,4.17
16873,4.17,False,4.17
16874,4.17,False,4.17
16875,4.17,False,4.17
16876,4.17,False,4.17
16877,4.17,False,4.17
16878,4.17,False,4.17
16879,4.17,False,4.17
16880,4.17,False,4.17
16881,4.17,False,4.17
16882,4.17,False,4.17
16883,4.17,False,4.17
16884,4.17,False,4.17
16885,4.17,False,4.17
16886,4.17,False,4.17
16887,4.17,False,4.17
16888,4.17,False,4.17
16889,4.17,False,4.17
16890,4.17,False,4.17
16891,4.17,False,4.17
16892,4.17,False,4.17
16893,4.17,False,4.17
16894,4.17,False,4.17
16895,4.17,False,4.17
16896,4.17,False,4.17
16897,4.17,False,4.17
16898,4.17,False,4.17
16899,4.17,False,4.17
16900,4.17,False,4.17
16901,4.17,False,4.17
16902,4.17,False,4.17
16903,4.17,False,4.17
16904,4.17,False,4.17
16905,4.17,False,4.17
16906,4.17,False,4.17
16907,4.17,False,4.17
16908,4.17,False,4.17
16909,4.17,False,4.17
16910,4.17,False,4.17
16911,4.17,False,4.17
16912,4.17,False,4.17
16913,4.17,False,4.17
16914,4.17,False,4.17
16915,4.17,False,4.17
16916,4.17,False,4.17
16917,4.17,False,4.17
16918,4.17,False,4.17
16919,4.17,False,4.17
16920,4.17,False,4.17
16921,4.17,False,4.17
16922,4.17,False,4.17
16923,4.17,False,4.17
16924,4.17,False,4.17
16925,4.17,False,4.17
16926,4.17,False,4.17
16927,4.17,False,4.17
16928,4.17,False,4.17
16929,4.17,False,4.17
16930,4.17,False,4.17
16931,4.17,False,4.17
16932,4.17,False,4.17
16933,4.17,False,4.17
16934,4.17,False,4.17
16935,4.17,False,4.17
16936,4.17,False,4.17
16937,4.17,False,4.17
16938,4.17,False,4.17
16939,4.17,False,4.17
16940,4.17,False,4.17
16941,4.17,False,4.17
16942,4.17,False,4.17
16943,4.17,False,4.17
16944,4.17,False,4.17
16945,4.17,False,4.17
16946,4.17,False,4.17
16947,4.17,False,4.17
16948,4.17,False,4.17
16949,4.17,False,4.17
16950,4.17,False,4.17
16951,4.17,False,4.17
16952,4.17,False,4.17
16953,4.17,False,4.17
16954,4.17,False,4.17
16955,4.17,False,4.17
16956,4.17,False,4.17
16957,4.17,False,4.17
16958,4.17,False,4.17
16959,4.17,False,4.17
16960,4.17,False,4.17
16961,4.17,False,4.17
16962,4.17,False,4.17
16963,4.17,False,4.17
16964,4.17,False,4.17
16965,4.17,False,4.17
16966,4.17,False,4.17
16967,4.17,False,4.17
16968,4.17,False,4.17
16969,4.17,False,4.17
16970,4.17,False,4.17
16971,4.17,False,4.17
16972,4.17,False,4.17
16973,4.17,False,4.17
16974,4.17,False,4.17
16975,4.17,False,4.17
16976,4.17,False,4.17
16977,4.17,False,4.17
16978,4.17,False,4.17
16979,4.17,False,4.17
16980,4.17,False,4.17
16981,4.17,False,4.17
16982,4.17,False,4.17
16983,4.17,False,4.17
16984,4.17,False,4.17
16985,4.17,False,4.17
16986,4.17,False,4.17
16987,4.17,False,4.17
16988,4.17,False,4.17
16989,4.17,False,4.17
16990,4.17,False,4.17
16991,4.17,False,4.17
16992,4.17,False,4.17
16993,4.17,False,4.17
16994,4.17,False,4.17
16995,4.17,False,4.17
16996,4.17,False,4.17
16997,4.17,False,4.17
16998,4.17,False,4.17
16999,4.17,False,4.17
17000,4.17,False,4.17
17001,4.17,False,4.17
17002,4.17,False,4.17
17003,4.17,False,4.17
17004,4.17,False,4.17
17005,4.17,False,4.17
17006,4.17,False,4.17
17007,4.17,False,4.17
17008,4.17,False,4.17
17009,4.17,False,4.17
17010,4.17,False,4.17
17011,4.17,False,4.17
17012,4.17,False,4.17
17013,4.17,False,4.17
17014,4.17,False,4.17
17015,4.17,False,4.17
17016,4.17,False,4.17
17017,4.17,False,4.17
17018,4.17,False,4.17
17019,4.17,False,4.17
17020,4.17,False,4.17
17021,4.17,False,4.17
17022,4.17,False,4.17
17023,4.17,False,4.17
17024,4.17,False,4.17
17025,4.17,False,4.17
17026,4.17,False,4.17
17027,4.17,False,4.17
17028,4.17,False,4.17
17029,4.17,False,4.17
17030,4.17,False,4.17
17031,4.17,False,4.17
17032,4.17,False,4.17
17033,4.17,False,4.17
17034,4.17,False,4.17
17035,4.17,False,4.17
17036,4.17,False,4.17
17037,4.17,False,4.17
17038,4.17,False,4.17
17039,4.17,False,4.17
17040,4.17,False,4.17
17041,4.17,False,4.17
17042,4.17,False,4.17
17043,4.17,False,4.17
17044,4.17,False,4.17
17045,4.17,False,4.17
17046,4.17,False,4.17
17047,4.17,False,4.17
17048,4.17,False,4.17
17049,4.17,False,4.17
17050,4.17,False,4.17
17051,4.17,False,4.17
17052,4.17,False,4.17
17053,4.17,False,4.17
17054,4.17,False,4.17
17055,4.17,False,4.17
17056,4.17,False,4.17
17057,4.17,False,4.17
17058,4.17,False,4.17
17059,4.17,False,4.17
17060,4.17,False,4.17
17061,4.17,False,4.17
17062,4.17,False,4.17
17063,4.17,False,4.17
17064,4.17,False,4.17
17065,4.17,False,4.17
17066,4.17,False,4.17
17067,4.17,False,4.17
17068,4.17,False,4.17
17069,4.17,False,4.17
17070,4.17,False,4.17
17071,4.17,False,4.17
17072,4.17,False,4.17
17073,4.17,False,4.17
17074,4.17,False,4.17
17075,4.17,False,4.17
17076,4.17,False,4.17
17077,4.17,False,4.17
17078,4.17,False,4.17
17079,4.17,False,4.17
17080,4.17,False,4.17
17081,4.17,False,4.17
17082,4.17,False,4.17
17083,4.17,False,4.17
17084,4.17,False,4.17
17085,4.17,False,4.17
17086,4.17,False,4.17
17087,4.17,False,4.17
17088,4.17,False,4.17
17089,4.17,False,4.17
17090,4.17,False,4.17
17091,4.17,False,4.17
17092,4.17,False,4.17
17093,4.17,False,4.17
17094,4.17,False,4.17
17095,4.17,False,4.17
17096,4.17,False,4.17
17097,4.17,False,4.17
17098,4.17,False,4.17
17099,4.17,False,4.17
17100,4.17,False,4.17
17101,4.17,False,4.17
17102,4.17,False,4.17
17103,4.17,False,4.17
17104,4.17,False,4.17
17105,4.17,False,4.17
17106,4.17,False,4.17
17107,4.17,False,4.17
17108,4.17,False,4.17
17109,4.17,False,4.17
17110,4.17,False,4.17
17111,4.17,False,4.17
17112,4.17,False,4.17
17113,4.17,False,4.17
17114,4.17,False,4.17
17115,4.17,False,4.17
17116,4.17,False,4.17
17117,4.17,False,4.17
17118,4.17,False,4.17
17119,4.17,False,4.17
17120,4.17,False,4.17
17121,4.17,False,4.17
17122,4.17,False,4.17
17123,4.17,False,4.17
17124,4.17,False,4.17
17125,4.17,False,4.17
17126,4.17,False,4.17
17127,4.17,False,4.17
17128,4.17,False,4.17
17129,4.17,False,4.17
17130,4.17,False,4.17
17131,4.17,False,4.17
17132,4.17,False,4.17
17133,4.17,False,4.17
17134,4.17,False,4.17
17135,4.17,False,4.17
17136,4.17,False,4.17
17137,4.17,False,4.17
17138,4.17,False,4.17
17139,4.17,False,4.17
17140,4.17,False,4.17
17141,4.17,False,4.17
17142,4.17,False,4.17
17143,4.17,False,4.17
17144,4.17,False,4.17
17145,4.17,False,4.17
17146,4.17,False,4.17
17147,4.17,False,4.17
17148,4.17,False,4.17
17149,4.17,False,4.17
17150,4.17,False,4.17
17151,4.17,False,4.17
17152,4.17,False,4.17
17153,5.0,False,4.336
17154,5.0,False,4.502
17155,5.0,False,4.668
17156,5.0,False,4.8340000000000005
17157,5.0,False,5.0
17158,5.0,False,5.0
17159,5.0,False,5.0
17160,5.0,False,5.0
17161,5.0,False,5.0
17162,5.0,False,5.0
17163,5.0,False,5.0
17164,5.0,False,5.0
17165,5.0,False,5.0
17166,5.0,False,5.0
17167,5.0,False,5.0
17168,5.0,False,5.0
17169,5.0,False,5.0
17170,5.0,False,5.0
17171,5.0,False,5.0
17172,5.0,False,5.0
17173,5.0,False,5.0
17174,5.0,False,5.0
17175,5.0,False,5.0
17176,5.0,False,5.0
17177,5.0,False,5.0
17178,5.0,False,5.0
17179,4.17,False,4.8340000000000005
17180,4.17,False,4.668
17181,4.17,False,4.502
17182,4.17,False,4.336
17183,4.17,False,4.17
17184,4.17,False,4.17
17185,4.17,False,4.17
17186,4.17,False,4.17
17187,4.17,False,4.17
17188,4.17,False,4.17
17189,4.17,False,4.17
17190,4.17,False,4.17
17191,4.17,False,4.17
17192,4.17,False,4.17
17193,4.17,False,4.17
17194,4.17,False,4.17
17195,4.17,False,4.17
17196,4.17,False,4.17
17197,4.17,False,4.17
17198,4.17,False,4.17
17199,4.17,False,4.17
17200,4.17,False,4.17
17201,4.17,False,4.17
17202,4.17,False,4.17
17203,4.17,False,4.17
17204,4.17,False,4.17
17205,4.17,False,4.17
17206,4.17,False,4.17
17207,4.17,False,4.17
17208,4.17,False,4.17
17209,4.17,False,4.17
17210,4.17,False,4.17
17211,4.17,False,4.17
17212,4.17,False,4.17
17213,4.17,False,4.17
17214,4.17,False,4.17
17215,4.17,False,4.17
17216,4.17,False,4.17
17217,4.17,False,4.17
17218,4.17,False,4.17
17219,4.17,False,4.17
17220,4.17,False,4.17
17221,4.17,False,4.17
17222,4.17,False,4.17
17223,4.17,False,4.17
17224,4.17,False,4.17
17225,4.17,False,4.17
17226,4.17,False,4.17
17227,4.17,False,4.17
17228,4.17,False,4.17
17229,4.17,False,4.17
17230,4.17,False,4.17
17231,4.17,False,4.17
17232,4.17,False,4.17
17233,4.17,False,4.17
17234,4.17,False,4.17
17235,4.17,False,4.17
17236,4.17,False,4.17
17237,4.17,False,4.17
17238,4.17,False,4.17
17239,4.17,False,4.17
17240,4.17,False,4.17
17241,4.17,False,4.17
17242,4.17,False,4.17
17243,4.17,False,4.17
17244,4.17,False,4.17
17245,4.17,False,4.17
17246,4.17,False,4.17
17247,4.17,False,4.17
17248,4.17,False,4.17
17249,4.17,False,4.17
17250,4.17,False,4.17
17251,4.17,False,4.17
17252,4.17,False,4.17
17253,4.17,False,4.17
17254,4.17,False,4.17
17255,4.17,False,4.17
17256,4.17,False,4.17
17257,4.17,False,4.17
17258,4.17,False,4.17
17259,4.17,False,4.17
17260,4.17,False,4.17
17261,4.17,False,4.17
17262,4.17,False,4.17
17263,4.17,False,4.17
17264,4.17,False,4.17
17265,4.17,False,4.17
17266,4.17,False,4.17
17267,4.17,False,4.17
17268,4.17,False,4.17
17269,4.17,False,4.17
17270,4.17,False,4.17
17271,4.17,False,4.17
17272,4.17,False,4.17
17273,4.17,False,4.17
17274,4.17,False,4.17
17275,4.17,False,4.17
17276,4.17,False,4.17
17277,4.17,False,4.17
17278,4.17,False,4.17
17279,4.17,False,4.17
17280,4.17,False,4.17
17281,4.17,False,4.17
17282,4.17,False,4.17
17283,4.17,False,4.17
17284,4.17,False,4.17
17285,4.17,False,4.17
17286,4.17,False,4.17
17287,4.17,False,4.17
17288,4.17,False,4.17
17289,4.17,False,4.17
17290,4.17,False,4.17
17291,4.17,False,4.17
17292,4.17,False,4.17
17293,4.17,False,4.17
17294,4.17,False,4.17
17295,4.17,False,4.17
17296,4.17,False,4.17
17297,4.17,False,4.17
17298,4.17,False,4.17
17299,4.17,False,4.17
17300,4.17,False,4.17
17301,4.17,False,4.17
17302,4.17,False,4.17
17303,4.17,False,4.17
17304,4.17,False,4.17
17305,4.17,False,4.17
17306,4.17,False,4.17
17307,4.17,False,4.17
17308,4.17,False,4.17
17309,4.17,False,4.17
17310,4.17,False,4.17
17311,4.17,False,4.17
17312,4.17,False,4.17
17313,4.17,False,4.17
17314,4.17,False,4.17
17315,4.17,False,4.17
17316,4.17,False,4.17
17317,4.17,False,4.17
17318,4.17,False,4.17
17319,4.17,False,4.17
17320,4.17,False,4.17
17321,4.17,False,4.17
17322,4.17,False,4.17
17323,4.17,False,4.17
17324,4.17,False,4.17
17325,4.17,False,4.17
17326,4.17,False,4.17
17327,4.17,False,4.17
17328,4.17,False,4.17
17329,4.17,False,4.17
17330,4.17,False,4.17
17331,4.17,False,4.17
17332,4.17,False,4.17
17333,4.17,False,4.17
17334,4.17,False,4.17
17335,4.17,False,4.17
17336,4.17,False,4.17
17337,4.17,False,4.17
17338,4.17,False,4.17
17339,4.17,False,4.17
17340,4.17,False,4.17
17341,4.17,False,4.17
17342,4.17,False,4.17
17343,4.17,False,4.17
17344,4.17,False,4.17
17345,4.17,False,4.17
17346,4.17,False,4.17
17347,4.17,False,4.17
17348,4.17,False,4.17
17349,4.17,False,4.17
17350,4.17,False,4.17
17351,4.17,False,4.17
17352,4.17,False,4.17
17353,4.17,False,4.17
17354,4.17,False,4.17
17355,4.17,False,4.17
17356,4.17,False,4.17
17357,4.17,False,4.17
17358,4.17,False,4.17
17359,4.17,False,4.17
17360,4.17,False,4.17
17361,4.17,False,4.17
17362,4.17,False,4.17
17363,4.17,False,4.17
17364,4.17,False,4.17
17365,4.17,False,4.17
17366,4.17,False,4.17
17367,4.17,False,4.17
17368,4.17,False,4.17
17369,4.17,False,4.17
17370,4.17,False,4.17
17371,4.17,False,4.17
17372,4.17,False,4.17
17373,4.17,False,4.17
17374,4.17,False,4.17
17375,4.17,False,4.17
17376,4.17,False,4.17
17377,4.17,False,4.17
17378,4.17,False,4.17
17379,4.17,False,4.17
17380,4.17,False,4.17
17381,4.17,False,4.17
17382,4.17,False,4.17
17383,4.17,False,4.17
17384,4.17,False,4.17
17385,4.17,False,4.17
17386,4.17,False,4.17
17387,4.17,False,4.17
17388,4.17,False,4.17
17389,4.17,False,4.17
17390,4.17,False,4.17
17391,4.17,False,4.17
17392,4.17,False,4.17
17393,4.17,False,4.17
17394,4.17,False,4.17
17395,4.17,False,4.17
17396,4.17,False,4.17
17397,4.17,False,4.17
17398,4.17,False,4.17
17399,4.17,False,4.17
17400,4.17,False,4.17
17401,4.17,False,4.17
17402,4.17,False,4.17
17403,4.17,False,4.17
17404,4.17,False,4.17
17405,4.17,False,4.17
17406,4.17,False,4.17
17407,4.17,False,4.17
17408,4.17,False,4.17
17409,4.17,False,4.17
17410,4.17,False,4.17
17411,4.17,False,4.17
17412,4.17,False,4.17
17413,4.17,False,4.17
17414,4.17,False,4.17
17415,4.17,False,4.17
17416,4.17,False,4.17
17417,4.17,False,4.17
17418,4.17,False,4.17
17419,4.17,False,4.17
17420,4.17,False,4.17
17421,4.17,False,4.17
17422,4.17,False,4.17
17423,4.17,False,4.17
17424,4.17,False,4.17
17425,4.17,False,4.17
17426,4.17,False,4.17
17427,4.17,False,4.17
17428,4.17,False,4.17
17429,4.17,False,4.17
17430,4.17,False,4.17
17431,4.17,False,4.17
17432,4.17,False,4.17
17433,4.17,False,4.17
17434,4.17,False,4.17
17435,4.17,False,4.17
17436,4.17,False,4.17
17437,4.17,False,4.17
17438,4.17,False,4.17
17439,4.17,False,4.17
17440,4.17,False,4.17
17441,4.17,False,4.17
17442,4.17,False,4.17
17443,4.17,False,4.17
17444,4.17,False,4.17
17445,4.17,False,4.17
17446,4.17,False,4.17
17447,4.17,False,4.17
17448,4.17,False,4.17
17449,4.17,False,4.17
17450,4.17,False,4.17
17451,4.17,False,4.17
17452,4.17,False,4.17
17453,4.17,False,4.17
17454,4.17,False,4.17
17455,4.17,False,4.17
17456,4.17,False,4.17
17457,4.17,False,4.17
17458,4.17,False,4.17
17459,4.17,False,4.17
17460,4.17,False,4.17
17461,4.17,False,4.17
17462,4.17,False,4.17
17463,4.17,False,4.17
17464,4.17,False,4.17
17465,4.17,False,4.17
17466,4.17,False,4.17
17467,4.17,False,4.17
17468,4.17,False,4.17
17469,4.17,False,4.17
17470,4.17,False,4.17
17471,4.17,False,4.17
17472,4.17,False,4.17
17473,4.17,False,4.17
17474,4.17,False,4.17
17475,4.17,False,4.17
17476,4.17,False,4.17
17477,4.17,False,4.17
17478,4.17,False,4.17
17479,4.17,False,4.17
17480,4.17,False,4.17
17481,4.17,False,4.17
17482,4.17,False,4.17
17483,4.17,False,4.17
17484,4.17,False,4.17
17485,4.17,False,4.17
17486,4.17,False,4.17
17487,4.17,False,4.17
17488,4.17,False,4.17
17489,4.17,False,4.17
17490,4.17,False,4.17
17491,4.17,False,4.17
17492,4.17,False,4.17
17493,4.17,False,4.17
17494,4.17,False,4.17
17495,4.17,False,4.17
17496,4.17,False,4.17
17497,4.17,False,4.17
17498,4.17,False,4.17
17499,4.17,False,4.17
17500,4.17,False,4.17
17501,4.17,False,4.17
17502,4.17,False,4.17
17503,4.17,False,4.17
17504,4.17,False,4.17
17505,4.17,False,4.17
17506,4.17,False,4.17
17507,4.17,False,4.17
17508,4.17,False,4.17
17509,4.17,False,4.17
17510,4.17,False,4.17
17511,4.17,False,4.17
17512,4.17,False,4.17
17513,4.17,False,4.17
17514,4.17,False,4.17
17515,4.17,False,4.17
17516,4.17,False,4.17
17517,4.17,False,4.17
17518,4.17,False,4.17
17519,4.17,False,4.17
17520,4.17,False,4.17
17521,4.17,False,4.17
17522,4.17,False,4.17
17523,4.17,False,4.17
17524,4.17,False,4.17
17525,4.17,False,4.17
17526,4.17,False,4.17
17527,4.17,False,4.17
17528,4.17,False,4.17
17529,4.17,False,4.17
17530,4.17,False,4.17
17531,4.17,False,4.17
17532,4.17,False,4.17
17533,4.17,False,4.17
17534,4.17,False,4.17
17535,4.17,False,4.17
17536,4.17,False,4.17
17537,4.17,False,4.17
17538,4.17,False,4.17
17539,4.17,False,4.17
17540,4.17,False,4.17
17541,4.17,False,4.17
17542,4.17,False,4.17
17543,4.17,False,4.17
17544,4.17,False,4.17
17545,4.17,False,4.17
17546,4.17,False,4.17
17547,4.17,False,4.17
17548,4.17,False,4.17
17549,4.17,False,4.17
17550,4.17,False,4.17
17551,4.17,False,4.17
17552,4.17,False,4.17
17553,4.17,False,4.17
17554,4.17,False,4.17
17555,4.17,False,4.17
17556,4.17,False,4.17
17557,4.17,False,4.17
17558,4.17,False,4.17
17559,4.17,False,4.17
17560,4.17,False,4.17
17561,4.17,False,4.17
17562,4.17,False,4.17
17563,4.17,False,4.17
17564,4.17,False,4.17
17565,4.17,False,4.17
17566,4.17,False,4.17
17567,4.17,False,4.17
17568,4.17,False,4.17
17569,4.17,False,4.17
17570,4.17,False,4.17
17571,4.17,False,4.17
17572,4.17,False,4.17
17573,4.17,False,4.17
17574,4.17,False,4.17
17575,4.17,False,4.17
17576,4.17,False,4.17
17577,4.17,False,4.17
17578,4.17,False,4.17
17579,4.17,False,4.17
17580,4.17,False,4.17
17581,4.17,False,4.17
17582,4.17,False,4.17
17583,4.17,False,4.17
17584,4.17,False,4.17
17585,4.17,False,4.17
17586,4.17,False,4.17
17587,4.17,False,4.17
17588,4.17,False,4.17
17589,4.17,False,4.17
17590,4.17,False,4.17
17591,4.17,False,4.17
17592,4.17,False,4.17
17593,4.17,False,4.17
17594,4.17,False,4.17
17595,4.17,False,4.17
17596,4.17,False,4.17
17597,4.17,False,4.17
17598,4.17,False,4.17
17599,4.17,False,4.17
17600,4.17,False,4.17
17601,4.17,False,4.17
17602,4.17,False,4.17
17603,4.17,False,4.17
17604,4.17,False,4.17
17605,4.17,False,4.17
17606,4.17,False,4.17
17607,4.17,False,4.17
17608,4.17,False,4.17
17609,4.17,False,4.17
17610,4.17,False,4.17
17611,4.17,False,4.17
17612,4.17,False,4.17
17613,4.17,False,4.17
17614,4.17,False,4.17
17615,4.17,False,4.17
17616,4.17,False,4.17
17617,4.17,False,4.17
17618,4.17,False,4.17
17619,4.17,False,4.17
17620,4.17,False,4.17
17621,4.17,False,4.17
17622,4.17,False,4.17
17623,4.17,False,4.17
17624,4.17,False,4.17
17625,4.17,False,4.17
17626,4.17,False,4.17
17627,4.17,False,4.17
17628,4.17,False,4.17
17629,4.17,False,4.17
17630,4.17,False,4.17
17631,4.17,False,4.17
17632,4.17,False,4.17
17633,4.17,False,4.17
17634,4.17,False,4.17
17635,4.17,False,4.17
17636,4.17,False,4.17
17637,4.17,False,4.17
17638,4.17,False,4.17
17639,4.17,False,4.17
17640,4.17,False,4.17
17641,4.17,False,4.17
17642,4.17,False,4.17
17643,4.17,False,4.17
17644,4.17,False,4.17
17645,4.17,False,4.17
17646,4.17,False,4.17
17647,4.17,False,4.17
17648,4.17,False,4.17
17649,4.17,False,4.17
17650,4.17,False,4.17
17651,4.17,False,4.17
17652,4.17,False,4.17
17653,4.17,False,4.17
17654,4.17,False,4.17
17655,4.17,False,4.17
17656,4.17,False,4.17
17657,4.17,False,4.17
17658,4.17,False,4.17
17659,4.17,False,4.17
17660,4.17,False,4.17
17661,4.17,False,4.17
17662,4.17,False,4.17
17663,4.17,False,4.17
17664,4.17,False,4.17
17665,4.17,False,4.17
17666,4.17,False,4.17
17667,4.17,False,4.17
17668,4.17,False,4.17
17669,4.17,False,4.17
17670,4.17,False,4.17
17671,4.17,False,4.17
17672,4.17,False,4.17
17673,4.17,False,4.17
17674,4.17,False,4.17
17675,4.17,False,4.17
17676,4.17,False,4.17
17677,4.17,False,4.17
17678,4.17,False,4.17
17679,4.17,False,4.17
17680,4.17,False,4.17
17681,4.17,False,4.17
17682,4.17,False,4.17
17683,4.17,False,4.17
17684,4.17,False,4.17
17685,4.17,False,4.17
17686,4.17,False,4.17
17687,4.17,False,4.17
17688,4.17,False,4.17
17689,4.17,False,4.17
17690,4.17,False,4.17
17691,4.17,False,4.17
17692,4.17,False,4.17
17693,4.17,False,4.17
17694,4.17,False,4.17
17695,4.17,False,4.17
17696,4.17,False,4.17
17697,4.17,False,4.17
17698,4.17,False,4.17
17699,4.17,False,4.17
17700,4.17,False,4.17
17701,4.17,False,4.17
17702,4.17,False,4.17
17703,4.17,False,4.17
17704,4.17,False,4.17
17705,4.17,False,4.17
17706,4.17,False,4.17
17707,4.17,False,4.17
17708,4.17,False,4.17
17709,4.17,False,4.17
17710,4.17,False,4.17
17711,4.17,False,4.17
17712,4.17,False,4.17
17713,4.17,False,4.17
17714,4.17,False,4.17
17715,4.17,False,4.17
17716,4.17,False,4.17
17717,4.17,False,4.17
17718,4.17,False,4.17
17719,4.17,False,4.17
17720,4.17,False,4.17
17721,4.17,False,4.17
17722,4.17,False,4.17
17723,4.17,False,4.17
17724,4.17,False,4.17
17725,4.17,False,4.17
17726,4.17,False,4.17
17727,4.17,False,4.17
17728,4.17,False,4.17
17729,4.17,False,4.17
17730,4.17,False,4.17
17731,4.17,False,4.17
17732,4.17,False,4.17
17733,4.17,False,4.17
17734,4.17,False,4.17
17735,4.17,False,4.17
17736,4.17,False,4.17
17737,4.17,False,4.17
17738,4.17,False,4.17
17739,4.17,False,4.17
17740,4.17,False,4.17
17741,4.17,False,4.17
17742,4.17,False,4.17
17743,4.17,False,4.17
17744,4.17,False,4.17
17745,4.17,False,4.17
17746,4.17,False,4.17
17747,4.17,False,4.17
17748,4.17,False,4.17
17749,4.17,False,4.17
17750,4.17,False,4.17
17751,4.17,False,4.17
17752,4.17,False,4.17
17753,4.17,False,4.17
17754,4.17,False,4.17
17755,4.17,False,4.17
17756,4.17,False,4.17
17757,4.17,False,4.17
17758,4.17,False,4.17
17759,4.17,False,4.17
17760,4.17,False,4.17
17761,4.17,False,4.17
17762,4.17,False,4.17
17763,4.17,False,4.17
17764,4.17,False,4.17
17765,4.17,False,4.17
17766,4.17,False,4.17
17767,4.17,False,4.17
17768,4.17,False,4.17
17769,4.17,False,4.17
17770,4.17,False,4.17
17771,4.17,False,4.17
17772,4.17,False,4.17
17773,4.17,False,4.17
17774,4.17,False,4.17
17775,4.17,False,4.17
17776,4.17,False,4.17
17777,4.17,False,4.17
17778,4.17,False,4.17
17779,4.17,False,4.17
17780,4.17,False,4.17
17781,4.17,False,4.17
17782,4.17,False,4.17
17783,4.17,False,4.17
17784,4.17,False,4.17
17785,4.17,False,4.17
17786,4.17,False,4.17
17787,4.17,False,4.17
17788,4.17,False,4.17
17789,4.17,False,4.17
17790,4.17,False,4.17
17791,4.17,False,4.17
17792,4.17,False,4.17
17793,4.17,False,4.17
17794,4.17,False,4.17
17795,4.17,False,4.17
17796,4.17,False,4.17
17797,4.17,False,4.17
17798,4.17,False,4.17
17799,4.17,False,4.17
17800,4.17,False,4.17
17801,4.17,False,4.17
17802,4.17,False,4.17
17803,4.17,False,4.17
17804,4.17,False,4.17
17805,4.17,False,4.17
17806,4.17,False,4.17
17807,4.17,False,4.17
17808,4.17,False,4.17
17809,4.17,False,4.17
17810,4.17,False,4.17
17811,4.17,False,4.17
17812,4.17,False,4.17
17813,4.17,False,4.17
17814,4.17,False,4.17
17815,4.17,False,4.17
17816,4.17,False,4.17
17817,4.17,False,4.17
17818,4.17,False,4.17
17819,4.17,False,4.17
17820,4.17,False,4.17
17821,4.17,False,4.17
17822,4.17,False,4.17
17823,4.17,False,4.17
17824,4.17,False,4.17
17825,4.17,False,4.17
17826,4.17,False,4.17
17827,4.17,False,4.17
17828,4.17,False,4.17
17829,4.17,False,4.17
17830,4.17,False,4.17
17831,4.17,False,4.17
17832,4.17,False,4.17
17833,4.17,False,4.17
17834,4.17,False,4.17
17835,4.17,False,4.17
17836,4.17,False,4.17
17837,4.17,False,4.17
17838,4.17,False,4.17
17839,4.17,False,4.17
17840,4.17,False,4.17
17841,4.17,False,4.17
17842,4.17,False,4.17
17843,4.17,False,4.17
17844,4.17,False,4.17
17845,4.17,False,4.17
17846,4.17,False,4.17
17847,4.17,False,4.17
17848,4.17,False,4.17
17849,4.17,False,4.17
17850,4.17,False,4.17
17851,4.17,False,4.17
17852,4.17,False,4.17
17853,4.17,False,4.17
17854,4.17,False,4.17
17855,4.17,False,4.17
17856,4.17,False,4.17
17857,4.17,False,4.17
17858,4.17,False,4.17
17859,4.17,False,4.17
17860,4.17,False,4.17
17861,4.17,False,4.17
17862,4.17,False,4.17
17863,4.17,False,4.17
17864,4.17,False,4.17
17865,4.17,False,4.17
17866,4.17,False,4.17
17867,4.17,False,4.17
17868,4.17,False,4.17
17869,4.17,False,4.17
17870,4.17,False,4.17
17871,4.17,False,4.17
17872,4.17,False,4.17
17873,4.17,False,4.17
17874,4.17,False,4.17
17875,4.17,False,4.17
17876,4.17,False,4.17
17877,4.17,False,4.17
17878,4.17,False,4.17
17879,4.17,False,4.17
17880,4.17,False,4.17
17881,4.17,False,4.17
17882,4.17,False,4.17
17883,4.17,False,4.17
17884,4.17,False,4.17
17885,4.17,False,4.17
17886,4.17,False,4.17
17887,4.17,False,4.17
17888,4.17,False,4.17
17889,4.17,False,4.17
17890,4.17,False,4.17
17891,4.17,False,4.17
17892,4.17,False,4.17
17893,4.17,False,4.17
17894,4.17,False,4.17
17895,4.17,False,4.17
17896,4.17,False,4.17
17897,4.17,False,4.17
17898,4.17,False,4.17
17899,4.17,False,4.17
17900,4.17,False,4.17
17901,4.17,False,4.17
17902,4.17,False,4.17
17903,4.17,False,4.17
17904,4.17,False,4.17
17905,4.17,False,4.17
17906,4.17,False,4.17
17907,4.17,False,4.17
17908,4.17,False,4.17
17909,4.17,False,4.17
17910,4.17,False,4.17
17911,4.17,False,4.17
17912,4.17,False,4.17
17913,4.17,False,4.17
17914,4.17,False,4.17
17915,4.17,False,4.17
17916,4.17,False,4.17
17917,4.17,False,4.17
17918,4.17,False,4.17
17919,4.17,False,4.17
17920,4.17,False,4.17
17921,4.17,False,4.17
17922,4.17,False,4.17
17923,4.17,False,4.17
17924,4.17,False,4.17
17925,4.17,False,4.17
17926,4.17,False,4.17
17927,4.17,False,4.17
17928,4.17,False,4.17
17929,4.17,False,4.17
17930,4.17,False,4.17
17931,4.17,False,4.17
17932,4.17,False,4.17
17933,4.17,False,4.17
17934,4.17,False,4.17
17935,4.17,False,4.17
17936,4.17,False,4.17
17937,4.17,False,4.17
17938,4.17,False,4.17
17939,4.17,False,4.17
17940,4.17,False,4.17
17941,4.17,False,4.17
17942,4.17,False,4.17
17943,4.17,False,4.17
17944,4.17,False,4.17
17945,4.17,False,4.17
17946,4.17,False,4.17
17947,4.17,False,4.17
17948,4.17,False,4.17
17949,4.17,False,4.17
17950,4.17,False,4.17
17951,4.17,False,4.17
17952,4.17,False,4.17
17953,4.17,False,4.17
17954,4.17,False,4.17
17955,4.17,False,4.17
17956,4.17,False,4.17
17957,4.17,False,4.17
17958,4.17,False,4.17
17959,4.17,False,4.17
17960,4.17,False,4.17
17961,4.17,False,4.17
17962,4.17,False,4.17
17963,4.17,False,4.17
17964,4.17,False,4.17
17965,4.17,False,4.17
17966,4.17,False,4.17
17967,4.17,False,4.17
17968,4.17,False,4.17
17969,4.17,False,4.17
17970,4.17,False,4.17
17971,4.17,False,4.17
17972,4.17,False,4.17
17973,4.17,False,4.17
17974,4.17,False,4.17
17975,4.17,False,4.17
17976,4.17,False,4.17
17977,4.17,False,4.17
17978,4.17,False,4.17
17979,4.17,False,4.17
17980,4.17,False,4.17
17981,4.17,False,4.17
17982,4.17,False,4.17
17983,4.17,False,4.17
17984,4.17,False,4.17
17985,4.17,False,4.17
17986,4.17,False,4.17
17987,4.17,False,4.17
17988,4.17,False,4.17
17989,4.17,False,4.17
17990,4.17,False,4.17
17991,4.17,False,4.17
17992,4.17,False,4.17
17993,4.17,False,4.17
17994,4.17,False,4.17
17995,4.17,False,4.17
17996,4.17,False,4.17
17997,4.17,False,4.17
17998,4.17,False,4.17
17999,4.17,False,4.17
18000,4.17,False,4.17
18001,4.17,False,4.17
18002,4.17,False,4.17
18003,4.17,False,4.17
18004,4.17,False,4.17
18005,4.17,False,4.17
18006,4.17,False,4.17
18007,4.17,False,4.17
18008,4.17,False,4.17
18009,4.17,False,4.17
18010,4.17,False,4.17
18011,4.17,False,4.17
18012,4.17,False,4.17
18013,4.17,False,4.17
18014,4.17,False,4.17
18015,4.17,False,4.17
18016,4.17,False,4.17
18017,4.17,False,4.17
18018,4.17,False,4.17
18019,4.17,False,4.17
18020,4.17,False,4.17
18021,4.17,False,4.17
18022,4.17,False,4.17
18023,4.17,False,4.17
18024,4.17,False,4.17
18025,4.17,False,4.17
18026,4.17,False,4.17
18027,4.17,False,4.17
18028,4.17,False,4.17
18029,4.17,False,4.17
18030,4.17,False,4.17
18031,4.17,False,4.17
18032,4.17,False,4.17
18033,4.17,False,4.17
18034,4.17,False,4.17
18035,4.17,False,4.17
18036,4.17,False,4.17
18037,4.17,False,4.17
18038,4.17,False,4.17
18039,4.17,False,4.17
18040,4.17,False,4.17
18041,4.17,False,4.17
18042,4.17,False,4.17
18043,4.17,False,4.17
18044,4.17,False,4.17
18045,4.17,False,4.17
18046,4.17,False,4.17
18047,4.17,False,4.17
18048,4.17,False,4.17
18049,4.17,False,4.17
18050,4.17,False,4.17
18051,4.17,False,4.17
18052,4.17,False,4.17
18053,4.17,False,4.17
18054,4.17,False,4.17
18055,4.17,False,4.17
18056,4.17,False,4.17
18057,4.17,False,4.17
18058,4.17,False,4.17
18059,4.17,False,4.17
18060,4.17,False,4.17
18061,4.17,False,4.17
18062,4.17,False,4.17
18063,4.17,False,4.17
18064,4.17,False,4.17
18065,4.17,False,4.17
18066,4.17,False,4.17
18067,4.17,False,4.17
18068,4.17,False,4.17
18069,4.17,False,4.17
18070,4.17,False,4.17
18071,4.17,False,4.17
18072,4.17,False,4.17
18073,4.17,False,4.17
18074,4.17,False,4.17
18075,4.17,False,4.17
18076,4.17,False,4.17
18077,4.17,False,4.17
18078,4.17,False,4.17
18079,4.17,False,4.17
18080,4.17,False,4.17
18081,4.17,False,4.17
18082,4.17,False,4.17
18083,4.17,False,4.17
18084,4.17,False,4.17
18085,4.17,False,4.17
18086,4.17,False,4.17
18087,4.17,False,4.17
18088,4.17,False,4.17
18089,4.17,False,4.17
18090,4.17,False,4.17
18091,4.17,False,4.17
18092,4.17,False,4.17
18093,4.17,False,4.17
18094,4.17,False,4.17
18095,4.17,False,4.17
18096,4.17,False,4.17
18097,4.17,False,4.17
18098,4.17,False,4.17
18099,4.17,False,4.17
18100,4.17,False,4.17
18101,4.17,False,4.17
18102,4.17,False,4.17
18103,4.17,False,4.17
18104,4.17,False,4.17
18105,4.17,False,4.17
18106,4.17,False,4.17
18107,4.17,False,4.17
18108,4.17,False,4.17
18109,4.17,False,4.17
18110,4.17,False,4.17
18111,4.17,False,4.17
18112,4.17,False,4.17
18113,4.17,False,4.17
18114,4.17,False,4.17
18115,4.17,False,4.17
18116,4.17,False,4.17
18117,4.17,False,4.17
18118,4.17,False,4.17
18119,4.17,False,4.17
18120,4.17,False,4.17
18121,4.17,False,4.17
18122,4.17,False,4.17
18123,4.17,False,4.17
18124,4.17,False,4.17
18125,4.17,False,4.17
18126,4.17,False,4.17
18127,4.17,False,4.17
18128,4.17,False,4.17
18129,4.17,False,4.17
18130,4.17,False,4.17
18131,4.17,False,4.17
18132,4.17,False,4.17
18133,4.17,False,4.17
18134,4.17,False,4.17
18135,4.17,False,4.17
18136,4.17,False,4.17
18137,4.17,False,4.17
18138,4.17,False,4.17
18139,4.17,False,4.17
18140,4.17,False,4.17
18141,4.17,False,4.17
18142,4.17,False,4.17
18143,4.17,False,4.17
18144,4.17,False,4.17
18145,4.17,False,4.17
18146,4.17,False,4.17
18147,4.17,False,4.17
18148,4.17,False,4.17
18149,4.17,False,4.17
18150,4.17,False,4.17
18151,4.17,False,4.17
18152,4.17,False,4.17
18153,4.17,False,4.17
18154,4.17,False,4.17
18155,4.17,False,4.17
18156,4.17,False,4.17
18157,4.17,False,4.17
18158,4.17,False,4.17
18159,4.17,False,4.17
18160,4.17,False,4.17
18161,4.17,False,4.17
18162,4.17,False,4.17
18163,4.17,False,4.17
18164,4.17,False,4.17
18165,4.17,False,4.17
18166,4.17,False,4.17
18167,4.17,False,4.17
18168,4.17,False,4.17
18169,4.17,False,4.17
18170,4.17,False,4.17
18171,4.17,False,4.17
18172,4.17,False,4.17
18173,4.17,False,4.17
18174,4.17,False,4.17
18175,4.17,False,4.17
18176,4.17,False,4.17
18177,4.17,False,4.17
18178,4.17,False,4.17
18179,4.17,False,4.17
18180,4.17,False,4.17
18181,4.17,False,4.17
18182,4.17,False,4.17
18183,4.17,False,4.17
18184,4.17,False,4.17
18185,4.17,False,4.17
18186,4.17,False,4.17
18187,4.17,False,4.17
18188,4.17,False,4.17
18189,4.17,False,4.17
18190,4.17,False,4.17
18191,4.17,False,4.17
18192,4.17,False,4.17
18193,4.17,False,4.17
18194,4.17,False,4.17
18195,4.17,False,4.17
18196,4.17,False,4.17
18197,4.17,False,4.17
18198,4.17,False,4.17
18199,4.17,False,4.17
18200,4.17,False,4.17
18201,4.17,False,4.17
18202,4.17,False,4.17
18203,4.17,False,4.17
18204,4.17,False,4.17
18205,4.17,False,4.17
18206,4.17,False,4.17
18207,4.17,False,4.17
18208,4.17,False,4.17
18209,4.17,False,4.17
18210,4.17,False,4.17
18211,4.17,False,4.17
18212,4.17,False,4.17
18213,4.17,False,4.17
18214,4.17,False,4.17
18215,4.17,False,4.17
18216,4.17,False,4.17
18217,4.17,False,4.17
18218,4.17,False,4.17
18219,4.17,False,4.17
18220,4.17,False,4.17
18221,4.17,False,4.17
18222,4.17,False,4.17
18223,4.17,False,4.17
18224,4.17,False,4.17
18225,4.17,False,4.17
18226,4.17,False,4.17
18227,4.17,False,4.17
18228,4.17,False,4.17
18229,4.17,False,4.17
18230,4.17,False,4.17
18231,4.17,False,4.17
18232,4.17,False,4.17
18233,4.17,False,4.17
18234,4.17,False,4.17
18235,4.17,False,4.17
18236,4.17,False,4.17
18237,4.17,False,4.17
18238,4.17,False,4.17
18239,4.17,False,4.17
18240,4.17,False,4.17
18241,4.17,False,4.17
18242,4.17,False,4.17
18243,4.17,False,4.17
18244,4.17,False,4.17
18245,4.17,False,4.17
18246,4.17,False,4.17
18247,4.17,False,4.17
18248,4.17,False,4.17
18249,4.17,False,4.17
18250,4.17,False,4.17
18251,4.17,False,4.17
18252,4.17,False,4.17
18253,4.17,False,4.17
18254,4.17,False,4.17
18255,4.17,False,4.17
18256,4.17,False,4.17
18257,4.17,False,4.17
18258,4.17,False,4.17
18259,4.17,False,4.17
18260,4.17,False,4.17
18261,4.17,False,4.17
18262,4.17,False,4.17
18263,4.17,False,4.17
18264,4.17,False,4.17
18265,4.17,False,4.17
18266,4.17,False,4.17
18267,4.17,False,4.17
18268,4.17,False,4.17
18269,4.17,False,4.17
18270,4.17,False,4.17
18271,4.17,False,4.17
18272,4.17,False,4.17
18273,4.17,False,4.17
18274,4.17,False,4.17
18275,4.17,False,4.17
18276,4.17,False,4.17
18277,4.17,False,4.17
18278,4.17,False,4.17
18279,4.17,False,4.17
18280,4.17,False,4.17
18281,4.17,False,4.17
18282,4.17,False,4.17
18283,4.17,False,4.17
18284,4.17,False,4.17
18285,4.17,False,4.17
18286,4.17,False,4.17
18287,4.17,False,4.17
18288,4.17,False,4.17
18289,4.17,False,4.17
18290,4.17,False,4.17
18291,4.17,False,4.17
18292,4.17,False,4.17
18293,4.17,False,4.17
18294,4.17,False,4.17
18295,4.17,False,4.17
18296,4.17,False,4.17
18297,4.17,False,4.17
18298,4.17,False,4.17
18299,4.17,False,4.17
18300,4.17,False,4.17
18301,4.17,False,4.17
18302,4.17,False,4.17
18303,4.17,False,4.17
18304,4.17,False,4.17
18305,4.17,False,4.17
18306,4.17,False,4.17
18307,4.17,False,4.17
18308,4.17,False,4.17
18309,4.17,False,4.17
18310,4.17,False,4.17
18311,4.17,False,4.17
18312,4.17,False,4.17
18313,4.17,False,4.17
18314,4.17,False,4.17
18315,4.17,False,4.17
18316,4.17,False,4.17
18317,4.17,False,4.17
18318,4.17,False,4.17
18319,4.17,False,4.17
18320,4.17,False,4.17
18321,4.17,False,4.17
18322,4.17,False,4.17
18323,4.17,False,4.17
18324,4.17,False,4.17
18325,4.17,False,4.17
18326,4.17,False,4.17
18327,4.17,False,4.17
18328,4.17,False,4.17
18329,4.17,False,4.17
18330,4.17,False,4.17
18331,4.17,False,4.17
18332,4.17,False,4.17
18333,4.17,False,4.17
18334,4.17,False,4.17
18335,4.17,False,4.17
18336,4.17,False,4.17
18337,4.17,False,4.17
18338,4.17,False,4.17
18339,4.17,False,4.17
18340,4.17,False,4.17
18341,4.17,False,4.17
18342,4.17,False,4.17
18343,4.17,False,4.17
18344,4.17,False,4.17
18345,4.17,False,4.17
18346,4.17,False,4.17
18347,4.17,False,4.17
18348,4.17,False,4.17
18349,4.17,False,4.17
18350,4.17,False,4.17
18351,4.17,False,4.17
18352,4.17,False,4.17
18353,4.17,False,4.17
18354,4.17,False,4.17
18355,4.17,False,4.17
18356,4.17,False,4.17
18357,4.17,False,4.17
18358,4.17,False,4.17
18359,4.17,False,4.17
18360,4.17,False,4.17
18361,4.17,False,4.17
18362,4.17,False,4.17
18363,4.17,False,4.17
18364,4.17,False,4.17
18365,4.17,False,4.17
18366,4.17,False,4.17
18367,4.17,False,4.17
18368,4.17,False,4.17
18369,4.17,False,4.17
18370,4.17,False,4.17
18371,4.17,False,4.17
18372,4.17,False,4.17
18373,4.17,False,4.17
18374,4.17,False,4.17
18375,4.17,False,4.17
18376,4.17,False,4.17
18377,4.17,False,4.17
18378,4.17,False,4.17
18379,4.17,False,4.17
18380,4.17,False,4.17
18381,4.17,False,4.17
18382,4.17,False,4.17
18383,4.17,False,4.17
18384,4.17,False,4.17
18385,4.17,False,4.17
18386,4.17,False,4.17
18387,4.17,False,4.17
18388,4.17,False,4.17
18389,4.17,False,4.17
18390,4.17,False,4.17
18391,4.17,False,4.17
18392,4.17,False,4.17
18393,4.17,False,4.17
18394,4.17,False,4.17
18395,4.17,False,4.17
18396,4.17,False,4.17
18397,4.17,False,4.17
18398,4.17,False,4.17
18399,4.17,False,4.17
18400,4.17,False,4.17
18401,4.17,False,4.17
18402,4.17,False,4.17
18403,4.17,False,4.17
18404,4.17,False,4.17
18405,4.17,False,4.17
18406,4.17,False,4.17
18407,4.17,False,4.17
18408,4.17,False,4.17
18409,4.17,False,4.17
18410,4.17,False,4.17
18411,4.17,False,4.17
18412,4.17,False,4.17
18413,4.17,False,4.17
18414,4.17,False,4.17
18415,4.17,False,4.17
18416,4.17,False,4.17
18417,4.17,False,4.17
18418,4.17,False,4.17
18419,4.17,False,4.17
18420,4.17,False,4.17
18421,4.17,False,4.17
18422,4.17,False,4.17
18423,4.17,False,4.17
18424,4.17,False,4.17
18425,4.17,False,4.17
18426,4.17,False,4.17
18427,4.17,False,4.17
18428,4.17,False,4.17
18429,4.17,False,4.17
18430,4.17,False,4.17
18431,4.17,False,4.17
18432,4.17,False,4.17
18433,4.17,False,4.17
18434,4.17,False,4.17
18435,4.17,False,4.17
18436,4.17,False,4.17
18437,5.0,False,4.336
18438,5.0,False,4.502
18439,5.0,False,4.668
18440,5.0,False,4.8340000000000005
18441,5.0,False,5.0
18442,5.0,False,5.0
18443,5.0,False,5.0
18444,5.0,False,5.0
18445,5.0,False,5.0
18446,5.0,False,5.0
18447,5.0,False,5.0
18448,5.0,False,5.0
18449,5.0,False,5.0
18450,5.0,False,5.0
18451,5.0,False,5.0
18452,5.0,False,5.0
18453,5.0,False,5.0
18454,5.0,False,5.0
18455,5.0,False,5.0
18456,5.0,False,5.0
18457,5.0,False,5.0
18458,5.0,False,5.0
18459,5.0,False,5.0
18460,5.0,False,5.0
18461,5.0,False,5.0
18462,5.0,False,5.0
18463,5.0,False,5.0
18464,5.0,False,5.0
18465,5.0,False,5.0
18466,5.0,False,5.0
18467,5.0,False,5.0
18468,4.17,False,4.8340000000000005
18469,4.17,False,4.668
18470,4.17,False,4.502
18471,4.17,False,4.336
18472,4.17,False,4.17
18473,4.17,False,4.17
18474,4.17,False,4.17
18475,4.17,False,4.17
18476,4.17,False,4.17
18477,4.17,False,4.17
18478,4.17,False,4.17
18479,4.17,False,4.17
18480,4.17,False,4.17
18481,4.17,False,4.17
18482,4.17,False,4.17
18483,4.17,False,4.17
18484,4.17,False,4.17
18485,4.17,False,4.17
18486,4.17,False,4.17
18487,4.17,False,4.17
18488,4.17,False,4.17
18489,4.17,False,4.17
18490,4.17,False,4.17
18491,4.17,False,4.17
18492,4.17,False,4.17
18493,4.17,False,4.17
18494,4.17,False,4.17
18495,4.17,False,4.17
18496,4.17,False,4.17
18497,4.17,False,4.17
18498,4.17,False,4.17
18499,4.17,False,4.17
18500,4.17,False,4.17
18501,4.17,False,4.17
18502,4.17,False,4.17
18503,4.17,False,4.17
18504,4.17,False,4.17
18505,4.17,False,4.17
18506,4.17,False,4.17
18507,4.17,False,4.17
18508,4.17,False,4.17
18509,4.17,False,4.17
18510,4.17,False,4.17
18511,4.17,False,4.17
18512,4.17,False,4.17
18513,4.17,False,4.17
18514,4.17,False,4.17
18515,4.17,False,4.17
18516,4.17,False,4.17
18517,4.17,False,4.17
18518,4.17,False,4.17
18519,4.17,False,4.17
18520,4.17,False,4.17
18521,4.17,False,4.17
18522,4.17,False,4.17
18523,4.17,False,4.17
18524,4.17,False,4.17
18525,4.17,False,4.17
18526,4.17,False,4.17
18527,4.17,False,4.17
18528,4.17,False,4.17
18529,4.17,False,4.17
18530,4.17,False,4.17
18531,4.17,False,4.17
18532,4.17,False,4.17
18533,4.17,False,4.17
18534,4.17,False,4.17
18535,4.17,False,4.17
18536,4.17,False,4.17
18537,4.17,False,4.17
18538,4.17,False,4.17
18539,4.17,False,4.17
18540,4.17,False,4.17
18541,4.17,False,4.17
18542,4.17,False,4.17
18543,4.17,False,4.17
18544,4.17,False,4.17
18545,4.17,False,4.17
18546,4.17,False,4.17
18547,4.17,False,4.17
18548,4.17,False,4.17
18549,4.17,False,4.17
18550,4.17,False,4.17
18551,4.17,False,4.17
18552,4.17,False,4.17
18553,4.17,False,4.17
18554,4.17,False,4.17
18555,4.17,False,4.17
18556,4.17,False,4.17
18557,4.17,False,4.17
18558,4.17,False,4.17
18559,4.17,False,4.17
18560,4.17,False,4.17
18561,4.17,False,4.17
18562,4.17,False,4.17
18563,4.17,False,4.17
18564,4.17,False,4.17
18565,4.17,False,4.17
18566,4.17,False,4.17
18567,4.17,False,4.17
18568,4.17,False,4.17
18569,4.17,False,4.17
18570,4.17,False,4.17
18571,4.17,False,4.17
18572,4.17,False,4.17
18573,4.17,False,4.17
18574,4.17,False,4.17
18575,4.17,False,4.17
18576,4.17,False,4.17
18577,4.17,False,4.17
18578,4.17,False,4.17
18579,4.17,False,4.17
18580,4.17,False,4.17
18581,4.17,False,4.17
18582,4.17,False,4.17
18583,4.17,False,4.17
18584,4.17,False,4.17
18585,4.17,False,4.17
18586,4.17,False,4.17
18587,4.17,False,4.17
18588,4.17,False,4.17
18589,4.17,False,4.17
18590,4.17,False,4.17
18591,4.17,False,4.17
18592,4.17,False,4.17
18593,4.17,False,4.17
18594,4.17,False,4.17
18595,4.17,False,4.17
18596,4.17,False,4.17
18597,4.17,False,4.17
18598,4.17,False,4.17
18599,4.17,False,4.17
18600,4.17,False,4.17
18601,4.17,False,4.17
18602,4.17,False,4.17
18603,4.17,False,4.17
18604,4.17,False,4.17
18605,4.17,False,4.17
18606,4.17,False,4.17
18607,4.17,False,4.17
18608,4.17,False,4.17
18609,4.17,False,4.17
18610,4.17,False,4.17
18611,4.17,False,4.17
18612,4.17,False,4.17
18613,4.17,False,4.17
18614,4.17,False,4.17
18615,4.17,False,4.17
18616,4.17,False,4.17
18617,4.17,False,4.17
18618,4.17,False,4.17
18619,4.17,False,4.17
18620,4.17,False,4.17
18621,4.17,False,4.17
18622,4.17,False,4.17
18623,4.17,False,4.17
18624,4.17,False,4.17
18625,4.17,False,4.17
18626,4.17,False,4.17
18627,4.17,False,4.17
18628,4.17,False,4.17
18629,4.17,False,4.17
18630,4.17,False,4.17
18631,4.17,False,4.17
18632,4.17,False,4.17
18633,4.17,False,4.17
18634,4.17,False,4.17
18635,4.17,False,4.17
18636,4.17,False,4.17
18637,4.17,False,4.17
18638,4.17,False,4.17
18639,4.17,False,4.17
18640,4.17,False,4.17
18641,4.17,False,4.17
18642,4.17,False,4.17
18643,4.17,False,4.17
18644,4.17,False,4.17
18645,4.17,False,4.17
18646,4.17,False,4.17
18647,4.17,False,4.17
18648,4.17,False,4.17
18649,4.17,False,4.17
18650,4.17,False,4.17
18651,4.17,False,4.17
18652,4.17,False,4.17
18653,4.17,False,4.17
18654,4.17,False,4.17
18655,4.17,False,4.17
18656,4.17,False,4.17
18657,4.17,False,4.17
18658,4.17,False,4.17
18659,4.17,False,4.17
18660,4.17,False,4.17
18661,4.17,False,4.17
18662,4.17,False,4.17
18663,4.17,False,4.17
18664,4.17,False,4.17
18665,4.17,False,4.17
18666,4.17,False,4.17
18667,4.17,False,4.17
18668,4.17,False,4.17
18669,4.17,False,4.17
18670,4.17,False,4.17
18671,4.17,False,4.17
18672,4.17,False,4.17
18673,4.17,False,4.17
18674,4.17,False,4.17
18675,4.17,False,4.17
18676,4.17,False,4.17
18677,4.17,False,4.17
18678,4.17,False,4.17
18679,4.17,False,4.17
18680,4.17,False,4.17
18681,4.17,False,4.17
18682,4.17,False,4.17
18683,4.17,False,4.17
18684,4.17,False,4.17
18685,4.17,False,4.17
18686,4.17,False,4.17
18687,4.17,False,4.17
18688,4.17,False,4.17
18689,5.0,False,4.336
18690,5.0,False,4.502
18691,5.0,False,4.667999999999999
18692,5.0,False,4.8340000000000005
18693,5.0,False,5.0
18694,5.0,False,5.0
18695,5.0,False,5.0
18696,5.0,False,5.0
18697,5.0,False,5.0
18698,5.0,False,5.0
18699,5.0,False,5.0
18700,5.0,False,5.0
18701,5.0,False,5.0
18702,5.0,False,5.0
18703,5.0,False,5.0
18704,5.0,False,5.0
18705,5.0,False,5.0
18706,5.0,False,5.0
18707,4.17,False,4.834
18708,4.17,False,4.668000000000001
18709,4.17,False,4.502000000000001
18710,4.17,False,4.336
18711,4.17,False,4.17
18712,4.17,False,4.17
18713,4.17,False,4.17
18714,4.17,False,4.17
18715,4.17,False,4.17
18716,4.17,False,4.17
18717,4.17,False,4.17
18718,4.17,False,4.17
18719,4.17,False,4.17
18720,4.17,False,4.17
18721,4.17,False,4.17
18722,4.17,False,4.17
18723,4.17,False,4.17
18724,4.17,False,4.17
18725,4.17,False,4.17
18726,4.17,False,4.17
18727,4.17,False,4.17
18728,4.17,False,4.17
18729,4.17,False,4.17
18730,4.17,False,4.17
18731,4.17,False,4.17
18732,4.17,False,4.17
18733,4.17,False,4.17
18734,4.17,False,4.17
18735,4.17,False,4.17
18736,4.17,False,4.17
18737,4.17,False,4.17
18738,4.17,False,4.17
18739,4.17,False,4.17
18740,4.17,False,4.17
18741,4.17,False,4.17
18742,4.17,False,4.17
18743,4.17,False,4.17
18744,4.17,False,4.17
18745,4.17,False,4.17
18746,4.17,False,4.17
18747,4.17,False,4.17
18748,4.17,False,4.17
18749,4.17,False,4.17
18750,4.17,False,4.17
18751,4.17,False,4.17
18752,4.17,False,4.17
18753,4.17,False,4.17
18754,4.17,False,4.17
18755,4.17,False,4.17
18756,4.17,False,4.17
18757,4.17,False,4.17
18758,4.17,False,4.17
18759,4.17,False,4.17
18760,4.17,False,4.17
18761,4.17,False,4.17
18762,4.17,False,4.17
18763,4.17,False,4.17
18764,4.17,False,4.17
18765,4.17,False,4.17
18766,4.17,False,4.17
18767,4.17,False,4.17
18768,4.17,False,4.17
18769,4.17,False,4.17
18770,4.17,False,4.17
18771,4.17,False,4.17
18772,4.17,False,4.17
18773,4.17,False,4.17
18774,4.17,False,4.17
18775,4.17,False,4.17
18776,4.17,False,4.17
18777,4.17,False,4.17
18778,4.17,False,4.17
18779,4.17,False,4.17
18780,4.17,False,4.17
18781,4.17,False,4.17
18782,4.17,False,4.17
18783,4.17,False,4.17
18784,4.17,False,4.17
18785,4.17,False,4.17
18786,4.17,False,4.17
18787,4.17,False,4.17
18788,4.17,False,4.17
18789,4.17,False,4.17
18790,4.17,False,4.17
18791,4.17,False,4.17
18792,4.17,False,4.17
18793,4.17,False,4.17
18794,4.17,False,4.17
18795,4.17,False,4.17
18796,4.17,False,4.17
18797,4.17,False,4.17
18798,4.17,False,4.17
18799,4.17,False,4.17
18800,4.17,False,4.17
18801,4.17,False,4.17
18802,4.17,False,4.17
18803,4.17,False,4.17
18804,4.17,False,4.17
18805,4.17,False,4.17
18806,4.17,False,4.17
18807,4.17,False,4.17
18808,4.17,False,4.17
18809,4.17,False,4.17
18810,4.17,False,4.17
18811,4.17,False,4.17
18812,4.17,False,4.17
18813,4.17,False,4.17
18814,4.17,False,4.17
18815,4.17,False,4.17
18816,4.17,False,4.17
18817,4.17,False,4.17
18818,4.17,False,4.17
18819,4.17,False,4.17
18820,4.17,False,4.17
18821,4.17,False,4.17
18822,4.17,False,4.17
18823,4.17,False,4.17
18824,4.17,False,4.17
18825,4.17,False,4.17
18826,4.17,False,4.17
18827,4.17,False,4.17
18828,4.17,False,4.17
18829,4.17,False,4.17
18830,4.17,False,4.17
18831,4.17,False,4.17
18832,4.17,False,4.17
18833,4.17,False,4.17
18834,4.17,False,4.17
18835,4.17,False,4.17
18836,4.17,False,4.17
18837,4.17,False,4.17
18838,4.17,False,4.17
18839,4.17,False,4.17
18840,4.17,False,4.17
18841,4.17,False,4.17
18842,4.17,False,4.17
18843,4.17,False,4.17
18844,4.17,False,4.17
18845,4.17,False,4.17
18846,4.17,False,4.17
18847,4.17,False,4.17
18848,4.17,False,4.17
18849,4.17,False,4.17
18850,4.17,False,4.17
18851,4.17,False,4.17
18852,4.17,False,4.17
18853,4.17,False,4.17
18854,4.17,False,4.17
18855,4.17,False,4.17
18856,4.17,False,4.17
18857,4.17,False,4.17
18858,4.17,False,4.17
18859,4.17,False,4.17
18860,4.17,False,4.17
18861,4.17,False,4.17
18862,4.17,False,4.17
18863,4.17,False,4.17
18864,4.17,False,4.17
18865,4.17,False,4.17
18866,4.17,False,4.17
18867,4.17,False,4.17
18868,4.17,False,4.17
18869,4.17,False,4.17
18870,4.17,False,4.17
18871,4.17,False,4.17
18872,4.17,False,4.17
18873,4.17,False,4.17
18874,4.17,False,4.17
18875,4.17,False,4.17
18876,4.17,False,4.17
18877,4.17,False,4.17
18878,4.17,False,4.17
18879,4.17,False,4.17
18880,4.17,False,4.17
18881,4.17,False,4.17
18882,4.17,False,4.17
18883,4.17,False,4.17
18884,4.17,False,4.17
18885,4.17,False,4.17
18886,4.17,False,4.17
18887,4.17,False,4.17
18888,4.17,False,4.17
18889,4.17,False,4.17
18890,4.17,False,4.17
18891,4.17,False,4.17
18892,4.17,False,4.17
18893,4.17,False,4.17
18894,4.17,False,4.17
18895,4.17,False,4.17
18896,4.17,False,4.17
18897,4.17,False,4.17
18898,4.17,False,4.17
18899,4.17,False,4.17
18900,4.17,False,4.17
18901,4.17,False,4.17
18902,4.17,False,4.17
18903,4.17,False,4.17
18904,4.17,False,4.17
18905,4.17,False,4.17
18906,4.17,False,4.17
18907,4.17,False,4.17
18908,4.17,False,4.17
18909,4.17,False,4.17
18910,4.17,False,4.17
18911,4.17,False,4.17
18912,4.17,False,4.17
18913,4.17,False,4.17
18914,4.17,False,4.17
18915,4.17,False,4.17
18916,4.17,False,4.17
18917,4.17,False,4.17
18918,4.17,False,4.17
18919,4.17,False,4.17
18920,4.17,False,4.17
18921,4.17,False,4.17
18922,4.17,False,4.17
18923,4.17,False,4.17
18924,4.17,False,4.17
18925,4.17,False,4.17
18926,4.17,False,4.17
18927,4.17,False,4.17
18928,4.17,False,4.17
18929,4.17,False,4.17
18930,4.17,False,4.17
18931,4.17,False,4.17
18932,4.17,False,4.17
18933,4.17,False,4.17
18934,4.17,False,4.17
18935,4.17,False,4.17
18936,4.17,False,4.17
18937,4.17,False,4.17
18938,4.17,False,4.17
18939,4.17,False,4.17
18940,4.17,False,4.17
18941,4.17,False,4.17
18942,4.17,False,4.17
18943,4.17,False,4.17
18944,4.17,False,4.17
18945,4.17,False,4.17
18946,4.17,False,4.17
18947,5.0,False,4.336
18948,5.0,False,4.502
18949,5.0,False,4.667999999999999
18950,5.0,False,4.8340000000000005
18951,5.0,False,5.0
18952,5.0,False,5.0
18953,5.0,False,5.0
18954,5.0,False,5.0
18955,5.0,False,5.0
18956,5.0,False,5.0
18957,5.0,False,5.0
18958,5.0,False,5.0
18959,5.0,False,5.0
18960,5.0,False,5.0
18961,5.0,False,5.0
18962,5.0,False,5.0
18963,5.0,False,5.0
18964,5.0,False,5.0
18965,5.0,False,5.0
18966,5.0,False,5.0
18967,5.0,False,5.0
18968,5.0,False,5.0
18969,5.0,False,5.0
18970,5.0,False,5.0
18971,5.0,False,5.0
18972,5.0,False,5.0
18973,5.0,False,5.0
18974,5.0,False,5.0
18975,5.0,False,5.0
18976,5.0,False,5.0
18977,4.17,False,4.834
18978,4.17,False,4.668000000000001
18979,4.17,False,4.502000000000001
18980,4.17,False,4.336
18981,4.17,False,4.17
18982,4.17,False,4.17
18983,4.17,False,4.17
18984,4.17,False,4.17
18985,4.17,False,4.17
18986,4.17,False,4.17
18987,4.17,False,4.17
18988,4.17,False,4.17
18989,4.17,False,4.17
18990,4.17,False,4.17
18991,4.17,False,4.17
18992,4.17,False,4.17
18993,4.17,False,4.17
18994,4.17,False,4.17
18995,4.17,False,4.17
18996,4.17,False,4.17
18997,4.17,False,4.17
18998,4.17,False,4.17
18999,4.17,False,4.17
19000,4.17,False,4.17
19001,4.17,False,4.17
19002,4.17,False,4.17
19003,4.17,False,4.17
19004,4.17,False,4.17
19005,4.17,False,4.17
19006,4.17,False,4.17
19007,4.17,False,4.17
19008,4.17,False,4.17
19009,4.17,False,4.17
19010,4.17,False,4.17
19011,4.17,False,4.17
19012,4.17,False,4.17
19013,4.17,False,4.17
19014,4.17,False,4.17
19015,4.17,False,4.17
19016,4.17,False,4.17
19017,4.17,False,4.17
19018,4.17,False,4.17
19019,4.17,False,4.17
19020,4.17,False,4.17
19021,4.17,False,4.17
19022,4.17,False,4.17
19023,4.17,False,4.17
19024,4.17,False,4.17
19025,4.17,False,4.17
19026,4.17,False,4.17
19027,4.17,False,4.17
19028,4.17,False,4.17
19029,4.17,False,4.17
19030,4.17,False,4.17
19031,4.17,False,4.17
19032,4.17,False,4.17
19033,4.17,False,4.17
19034,4.17,False,4.17
19035,4.17,False,4.17
19036,4.17,False,4.17
19037,4.17,False,4.17
19038,4.17,False,4.17
19039,4.17,False,4.17
19040,4.17,False,4.17
19041,4.17,False,4.17
19042,4.17,False,4.17
19043,4.17,False,4.17
19044,4.17,False,4.17
19045,4.17,False,4.17
19046,4.17,False,4.17
19047,4.17,False,4.17
19048,4.17,False,4.17
19049,4.17,False,4.17
19050,4.17,False,4.17
19051,4.17,False,4.17
19052,4.17,False,4.17
19053,4.17,False,4.17
19054,4.17,False,4.17
19055,4.17,False,4.17
19056,4.17,False,4.17
19057,4.17,False,4.17
19058,4.17,False,4.17
19059,4.17,False,4.17
19060,4.17,False,4.17
19061,4.17,False,4.17
19062,4.17,False,4.17
19063,4.17,False,4.17
19064,4.17,False,4.17
19065,4.17,False,4.17
19066,4.17,False,4.17
19067,4.17,False,4.17
19068,4.17,False,4.17
19069,4.17,False,4.17
19070,4.17,False,4.17
19071,4.17,False,4.17
19072,4.17,False,4.17
19073,4.17,False,4.17
19074,4.17,False,4.17
19075,4.17,False,4.17
19076,4.17,False,4.17
19077,4.17,False,4.17
19078,4.17,False,4.17
19079,4.17,False,4.17
19080,4.17,False,4.17
19081,4.17,False,4.17
19082,4.17,False,4.17
19083,4.17,False,4.17
19084,4.17,False,4.17
19085,4.17,False,4.17
19086,4.17,False,4.17
19087,4.17,False,4.17
19088,4.17,False,4.17
19089,4.17,False,4.17
19090,4.17,False,4.17
19091,4.17,False,4.17
19092,4.17,False,4.17
19093,4.17,False,4.17
19094,4.17,False,4.17
19095,4.17,False,4.17
19096,4.17,False,4.17
19097,4.17,False,4.17
19098,4.17,False,4.17
19099,4.17,False,4.17
19100,4.17,False,4.17
19101,4.17,False,4.17
19102,4.17,False,4.17
19103,4.17,False,4.17
19104,4.17,False,4.17
19105,4.17,False,4.17
19106,4.17,False,4.17
19107,4.17,False,4.17
19108,4.17,False,4.17
19109,4.17,False,4.17
19110,4.17,False,4.17
19111,4.17,False,4.17
19112,4.17,False,4.17
19113,4.17,False,4.17
19114,4.17,False,4.17
19115,4.17,False,4.17
19116,4.17,False,4.17
19117,4.17,False,4.17
19118,4.17,False,4.17
19119,4.17,False,4.17
19120,4.17,False,4.17
19121,4.17,False,4.17
19122,4.17,False,4.17
19123,4.17,False,4.17
19124,4.17,False,4.17
19125,4.17,False,4.17
19126,4.17,False,4.17
19127,4.17,False,4.17
19128,4.17,False,4.17
19129,4.17,False,4.17
19130,4.17,False,4.17
19131,4.17,False,4.17
19132,4.17,False,4.17
19133,4.17,False,4.17
19134,4.17,False,4.17
19135,4.17,False,4.17
19136,4.17,False,4.17
19137,4.17,False,4.17
19138,4.17,False,4.17
19139,4.17,False,4.17
19140,4.17,False,4.17
19141,4.17,False,4.17
19142,4.17,False,4.17
19143,4.17,False,4.17
19144,4.17,False,4.17
19145,4.17,False,4.17
19146,4.17,False,4.17
19147,4.17,False,4.17
19148,4.17,False,4.17
19149,4.17,False,4.17
19150,4.17,False,4.17
19151,4.17,False,4.17
19152,4.17,False,4.17
19153,4.17,False,4.17
19154,4.17,False,4.17
19155,4.17,False,4.17
19156,4.17,False,4.17
19157,4.17,False,4.17
19158,4.17,False,4.17
19159,4.17,False,4.17
19160,4.17,False,4.17
19161,4.17,False,4.17
19162,4.17,False,4.17
19163,4.17,False,4.17
19164,4.17,False,4.17
19165,4.17,False,4.17
19166,4.17,False,4.17
19167,4.17,False,4.17
19168,4.17,False,4.17
19169,4.17,False,4.17
19170,4.17,False,4.17
19171,4.17,False,4.17
19172,4.17,False,4.17
19173,4.17,False,4.17
19174,4.17,False,4.17
19175,4.17,False,4.17
19176,4.17,False,4.17
19177,4.17,False,4.17
19178,4.17,False,4.17
19179,4.17,False,4.17
19180,4.17,False,4.17
19181,4.17,False,4.17
19182,4.17,False,4.17
19183,4.17,False,4.17
19184,4.17,False,4.17
19185,4.17,False,4.17
19186,4.17,False,4.17
19187,4.17,False,4.17
19188,4.17,False,4.17
19189,4.17,False,4.17
19190,4.17,False,4.17
19191,4.17,False,4.17
19192,4.17,False,4.17
19193,4.17,False,4.17
19194,4.17,False,4.17
19195,4.17,False,4.17
19196,4.17,False,4.17
19197,4.17,False,4.17
19198,4.17,False,4.17
19199,4.17,False,4.17
19200,4.17,False,4.17
19201,4.17,False,4.17
19202,4.17,False,4.17
19203,4.17,False,4.17
19204,4.17,False,4.17
19205,4.17,False,4.17
19206,4.17,False,4.17
19207,4.17,False,4.17
19208,4.17,False,4.17
19209,4.17,False,4.17
19210,4.17,False,4.17
19211,4.17,False,4.17
19212,4.17,False,4.17
19213,4.17,False,4.17
19214,4.17,False,4.17
19215,4.17,False,4.17
19216,4.17,False,4.17
19217,4.17,False,4.17
19218,4.17,False,4.17
19219,4.17,False,4.17
19220,4.17,False,4.17
19221,4.17,False,4.17
19222,4.17,False,4.17
19223,4.17,False,4.17
19224,4.17,False,4.17
19225,4.17,False,4.17
19226,4.17,False,4.17
19227,4.17,False,4.17
19228,4.17,False,4.17
19229,4.17,False,4.17
19230,4.17,False,4.17
19231,4.17,False,4.17
19232,4.17,False,4.17
19233,4.17,False,4.17
19234,4.17,False,4.17
19235,4.17,False,4.17
19236,4.17,False,4.17
19237,4.17,False,4.17
19238,4.17,False,4.17
19239,4.17,False,4.17
19240,4.17,False,4.17
19241,4.17,False,4.17
19242,4.17,False,4.17
19243,4.17,False,4.17
19244,4.17,False,4.17
19245,4.17,False,4.17
19246,4.17,False,4.17
19247,4.17,False,4.17
19248,4.17,False,4.17
19249,4.17,False,4.17
19250,4.17,False,4.17
19251,4.17,False,4.17
19252,4.17,False,4.17
19253,4.17,False,4.17
19254,4.17,False,4.17
19255,4.17,False,4.17
19256,4.17,False,4.17
19257,4.17,False,4.17
19258,4.17,False,4.17
19259,4.17,False,4.17
19260,4.17,False,4.17
19261,4.17,False,4.17
19262,4.17,False,4.17
19263,4.17,False,4.17
19264,4.17,False,4.17
19265,4.17,False,4.17
19266,4.17,False,4.17
19267,4.17,False,4.17
19268,4.17,False,4.17
19269,4.17,False,4.17
19270,4.17,False,4.17
19271,4.17,False,4.17
19272,4.17,False,4.17
19273,4.17,False,4.17
19274,4.17,False,4.17
19275,4.17,False,4.17
19276,4.17,False,4.17
19277,4.17,False,4.17
19278,4.17,False,4.17
19279,4.17,False,4.17
19280,4.17,False,4.17
19281,4.17,False,4.17
19282,4.17,False,4.17
19283,4.17,False,4.17
19284,4.17,False,4.17
19285,4.17,False,4.17
19286,4.17,False,4.17
19287,4.17,False,4.17
19288,4.17,False,4.17
19289,4.17,False,4.17
19290,4.17,False,4.17
19291,4.17,False,4.17
19292,4.17,False,4.17
19293,4.17,False,4.17
19294,4.17,False,4.17
19295,4.17,False,4.17
19296,4.17,False,4.17
19297,4.17,False,4.17
19298,4.17,False,4.17
19299,4.17,False,4.17
19300,4.17,False,4.17
19301,4.17,False,4.17
19302,4.17,False,4.17
19303,4.17,False,4.17
19304,4.17,False,4.17
19305,4.17,False,4.17
19306,4.17,False,4.17
19307,4.17,False,4.17
19308,4.17,False,4.17
19309,4.17,False,4.17
19310,4.17,False,4.17
19311,4.17,False,4.17
19312,4.17,False,4.17
19313,4.17,False,4.17
19314,4.17,False,4.17
19315,4.17,False,4.17
19316,4.17,False,4.17
19317,4.17,False,4.17
19318,4.17,False,4.17
19319,4.17,False,4.17
19320,4.17,False,4.17
19321,4.17,False,4.17
19322,4.17,False,4.17
19323,4.17,False,4.17
19324,4.17,False,4.17
19325,4.17,False,4.17
19326,4.17,False,4.17
19327,4.17,False,4.17
19328,4.17,False,4.17
19329,4.17,False,4.17
19330,4.17,False,4.17
19331,4.17,False,4.17
19332,4.17,False,4.17
19333,4.17,False,4.17
19334,4.17,False,4.17
19335,4.17,False,4.17
19336,4.17,False,4.17
19337,4.17,False,4.17
19338,4.17,False,4.17
19339,4.17,False,4.17
19340,4.17,False,4.17
19341,4.17,False,4.17
19342,4.17,False,4.17
19343,4.17,False,4.17
19344,4.17,False,4.17
19345,4.17,False,4.17
19346,4.17,False,4.17
19347,4.17,False,4.17
19348,4.17,False,4.17
19349,4.17,False,4.17
19350,4.17,False,4.17
19351,4.17,False,4.17
19352,4.17,False,4.17
19353,4.17,False,4.17
19354,4.17,False,4.17
19355,4.17,False,4.17
19356,4.17,False,4.17
19357,4.17,False,4.17
19358,4.17,False,4.17
19359,4.17,False,4.17
19360,4.17,False,4.17
19361,4.17,False,4.17
19362,4.17,False,4.17
19363,4.17,False,4.17
19364,4.17,False,4.17
19365,4.17,False,4.17
19366,4.17,False,4.17
19367,4.17,False,4.17
19368,4.17,False,4.17
19369,4.17,False,4.17
19370,4.17,False,4.17
19371,4.17,False,4.17
19372,4.17,False,4.17
19373,4.17,False,4.17
19374,4.17,False,4.17
19375,4.17,False,4.17
19376,4.17,False,4.17
19377,4.17,False,4.17
19378,4.17,False,4.17
19379,4.17,False,4.17
19380,4.17,False,4.17
19381,4.17,False,4.17
19382,4.17,False,4.17
19383,4.17,False,4.17
19384,4.17,False,4.17
19385,4.17,False,4.17
19386,4.17,False,4.17
19387,4.17,False,4.17
19388,4.17,False,4.17
19389,4.17,False,4.17
19390,4.17,False,4.17
19391,4.17,False,4.17
19392,4.17,False,4.17
19393,4.17,False,4.17
19394,4.17,False,4.17
19395,4.17,False,4.17
19396,4.17,False,4.17
19397,4.17,False,4.17
19398,4.17,False,4.17
19399,4.17,False,4.17
19400,4.17,False,4.17
19401,4.17,False,4.17
19402,4.17,False,4.17
19403,4.17,False,4.17
19404,4.17,False,4.17
19405,4.17,False,4.17
19406,4.17,False,4.17
19407,4.17,False,4.17
19408,4.17,False,4.17
19409,4.17,False,4.17
19410,4.17,False,4.17
19411,4.17,False,4.17
19412,4.17,False,4.17
19413,4.17,False,4.17
19414,4.17,False,4.17
19415,4.17,False,4.17
19416,4.17,False,4.17
19417,4.17,False,4.17
19418,4.17,False,4.17
19419,4.17,False,4.17
19420,4.17,False,4.17
19421,4.17,False,4.17
19422,4.17,False,4.17
19423,4.17,False,4.17
19424,4.17,False,4.17
19425,4.17,False,4.17
19426,4.17,False,4.17
19427,4.17,False,4.17
19428,4.17,False,4.17
19429,4.17,False,4.17
19430,4.17,False,4.17
19431,4.17,False,4.17
19432,4.17,False,4.17
19433,4.17,False,4.17
19434,4.17,False,4.17
19435,4.17,False,4.17
19436,4.17,False,4.17
19437,4.17,False,4.17
19438,4.17,False,4.17
19439,4.17,False,4.17
19440,4.17,False,4.17
19441,4.17,False,4.17
19442,4.17,False,4.17
19443,4.17,False,4.17
19444,4.17,False,4.17
19445,4.17,False,4.17
19446,4.17,False,4.17
19447,4.17,False,4.17
19448,4.17,False,4.17
19449,4.17,False,4.17
19450,4.17,False,4.17
19451,4.17,False,4.17
19452,4.17,False,4.17
19453,4.17,False,4.17
19454,4.17,False,4.17
19455,4.17,False,4.17
19456,4.17,False,4.17
19457,4.17,False,4.17
19458,4.17,False,4.17
19459,4.17,False,4.17
19460,4.17,False,4.17
19461,4.17,False,4.17
19462,4.17,False,4.17
19463,4.17,False,4.17
19464,4.17,False,4.17
19465,4.17,False,4.17
19466,4.17,False,4.17
19467,4.17,False,4.17
19468,4.17,False,4.17
19469,4.17,False,4.17
19470,4.17,False,4.17
19471,4.17,False,4.17
19472,4.17,False,4.17
19473,4.17,False,4.17
19474,4.17,False,4.17
19475,4.17,False,4.17
19476,4.17,False,4.17
19477,4.17,False,4.17
19478,4.17,False,4.17
19479,4.17,False,4.17
19480,4.17,False,4.17
19481,4.17,False,4.17
19482,4.17,False,4.17
19483,4.17,False,4.17
19484,4.17,False,4.17
19485,4.17,False,4.17
19486,4.17,False,4.17
19487,4.17,False,4.17
19488,4.17,False,4.17
19489,4.17,False,4.17
19490,4.17,False,4.17
19491,4.17,False,4.17
19492,4.17,False,4.17
19493,4.17,False,4.17
19494,4.17,False,4.17
19495,4.17,False,4.17
19496,4.17,False,4.17
19497,4.17,False,4.17
19498,4.17,False,4.17
19499,4.17,False,4.17
19500,4.17,False,4.17
19501,4.17,False,4.17
19502,4.17,False,4.17
19503,4.17,False,4.17
19504,4.17,False,4.17
19505,4.17,False,4.17
19506,4.17,False,4.17
19507,4.17,False,4.17
19508,4.17,False,4.17
19509,4.17,False,4.17
19510,4.17,False,4.17
19511,4.17,False,4.17
19512,4.17,False,4.17
19513,4.17,False,4.17
19514,4.17,False,4.17
19515,4.17,False,4.17
19516,4.17,False,4.17
19517,4.17,False,4.17
19518,4.17,False,4.17
19519,4.17,False,4.17
19520,4.17,False,4.17
19521,4.17,False,4.17
19522,4.17,False,4.17
19523,4.17,False,4.17
19524,4.17,False,4.17
19525,4.17,False,4.17
19526,4.17,False,4.17
19527,4.17,False,4.17
19528,4.17,False,4.17
19529,4.17,False,4.17
19530,4.17,False,4.17
19531,4.17,False,4.17
19532,4.17,False,4.17
19533,4.17,False,4.17
19534,4.17,False,4.17
19535,4.17,False,4.17
19536,4.17,False,4.17
19537,4.17,False,4.17
19538,4.17,False,4.17
19539,4.17,False,4.17
19540,4.17,False,4.17
19541,4.17,False,4.17
19542,4.17,False,4.17
19543,4.17,False,4.17
19544,4.17,False,4.17
19545,4.17,False,4.17
19546,4.17,False,4.17
19547,4.17,False,4.17
19548,4.17,False,4.17
19549,4.17,False,4.17
19550,4.17,False,4.17
19551,4.17,False,4.17
19552,4.17,False,4.17
19553,4.17,False,4.17
19554,4.17,False,4.17
19555,4.17,False,4.17
19556,4.17,False,4.17
19557,4.17,False,4.17
19558,4.17,False,4.17
19559,4.17,False,4.17
19560,4.17,False,4.17
19561,4.17,False,4.17
19562,4.17,False,4.17
19563,4.17,False,4.17
19564,4.17,False,4.17
19565,4.17,False,4.17
19566,4.17,False,4.17
19567,4.17,False,4.17
19568,4.17,False,4.17
19569,4.17,False,4.17
19570,4.17,False,4.17
19571,4.17,False,4.17
19572,4.17,False,4.17
19573,4.17,False,4.17
19574,4.17,False,4.17
19575,4.17,False,4.17
19576,4.17,False,4.17
19577,4.17,False,4.17
19578,4.17,False,4.17
19579,4.17,False,4.17
19580,4.17,False,4.17
19581,4.17,False,4.17
19582,4.17,False,4.17
19583,4.17,False,4.17
19584,4.17,False,4.17
19585,4.17,False,4.17
19586,4.17,False,4.17
19587,4.17,False,4.17
19588,4.17,False,4.17
19589,4.17,False,4.17
19590,4.17,False,4.17
19591,4.17,False,4.17
19592,4.17,False,4.17
19593,4.17,False,4.17
19594,4.17,False,4.17
19595,4.17,False,4.17
19596,4.17,False,4.17
19597,4.17,False,4.17
19598,4.17,False,4.17
19599,4.17,False,4.17
19600,4.17,False,4.17
19601,4.17,False,4.17
19602,4.17,False,4.17
19603,4.17,False,4.17
19604,4.17,False,4.17
19605,4.17,False,4.17
19606,4.17,False,4.17
19607,4.17,False,4.17
19608,4.17,False,4.17
19609,4.17,False,4.17
19610,4.17,False,4.17
19611,4.17,False,4.17
19612,4.17,False,4.17
19613,4.17,False,4.17
19614,4.17,False,4.17
19615,4.17,False,4.17
19616,4.17,False,4.17
19617,4.17,False,4.17
19618,4.17,False,4.17
19619,4.17,False,4.17
19620,4.17,False,4.17
19621,4.17,False,4.17
19622,4.17,False,4.17
19623,4.17,False,4.17
19624,4.17,False,4.17
19625,4.17,False,4.17
19626,4.17,False,4.17
19627,4.17,False,4.17
19628,4.17,False,4.17
19629,4.17,False,4.17
19630,4.17,False,4.17
19631,4.17,False,4.17
19632,4.17,False,4.17
19633,4.17,False,4.17
19634,4.17,False,4.17
19635,4.17,False,4.17
19636,4.17,False,4.17
19637,4.17,False,4.17
19638,4.17,False,4.17
19639,4.17,False,4.17
19640,4.17,False,4.17
19641,4.17,False,4.17
19642,4.17,False,4.17
19643,4.17,False,4.17
19644,4.17,False,4.17
19645,4.17,False,4.17
19646,4.17,False,4.17
19647,4.17,False,4.17
19648,4.17,False,4.17
19649,4.17,False,4.17
19650,4.17,False,4.17
19651,4.17,False,4.17
19652,4.17,False,4.17
19653,4.17,False,4.17
19654,4.17,False,4.17
19655,4.17,False,4.17
19656,4.17,False,4.17
19657,4.17,False,4.17
19658,4.17,False,4.17
19659,4.17,False,4.17
19660,4.17,False,4.17
19661,4.17,False,4.17
19662,4.17,False,4.17
19663,4.17,False,4.17
19664,4.17,False,4.17
19665,4.17,False,4.17
19666,4.17,False,4.17
19667,4.17,False,4.17
19668,4.17,False,4.17
19669,4.17,False,4.17
19670,4.17,False,4.17
19671,4.17,False,4.17
19672,4.17,False,4.17
19673,4.17,False,4.17
19674,4.17,False,4.17
19675,4.17,False,4.17
19676,4.17,False,4.17
19677,4.17,False,4.17
19678,4.17,False,4.17
19679,4.17,False,4.17
19680,4.17,False,4.17
19681,4.17,False,4.17
19682,4.17,False,4.17
19683,4.17,False,4.17
19684,4.17,False,4.17
19685,4.17,False,4.17
19686,4.17,False,4.17
19687,4.17,False,4.17
19688,4.17,False,4.17
19689,4.17,False,4.17
19690,4.17,False,4.17
19691,4.17,False,4.17
19692,4.17,False,4.17
19693,4.17,False,4.17
19694,4.17,False,4.17
19695,4.17,False,4.17
19696,4.17,False,4.17
19697,4.17,False,4.17
19698,4.17,False,4.17
19699,4.17,False,4.17
19700,4.17,False,4.17
19701,4.17,False,4.17
19702,4.17,False,4.17
19703,4.17,False,4.17
19704,4.17,False,4.17
19705,4.17,False,4.17
19706,4.17,False,4.17
19707,4.17,False,4.17
19708,4.17,False,4.17
19709,4.17,False,4.17
19710,4.17,False,4.17
19711,4.17,False,4.17
19712,4.17,False,4.17
19713,4.17,False,4.17
19714,4.17,False,4.17
19715,4.17,False,4.17
19716,4.17,False,4.17
19717,4.17,False,4.17
19718,4.17,False,4.17
19719,4.17,False,4.17
19720,4.17,False,4.17
19721,4.17,False,4.17
19722,4.17,False,4.17
19723,4.17,False,4.17
19724,4.17,False,4.17
19725,4.17,False,4.17
19726,4.17,False,4.17
19727,4.17,False,4.17
19728,4.17,False,4.17
19729,4.17,False,4.17
19730,4.17,False,4.17
19731,4.17,False,4.17
19732,4.17,False,4.17
19733,4.17,False,4.17
19734,4.17,False,4.17
19735,4.17,False,4.17
19736,4.17,False,4.17
19737,4.17,False,4.17
19738,4.17,False,4.17
19739,4.17,False,4.17
19740,4.17,False,4.17
19741,4.17,False,4.17
19742,4.17,False,4.17
19743,4.17,False,4.17
19744,4.17,False,4.17
19745,4.17,False,4.17
19746,4.17,False,4.17
19747,4.17,False,4.17
19748,4.17,False,4.17
19749,4.17,False,4.17
19750,4.17,False,4.17
19751,4.17,False,4.17
19752,4.17,False,4.17
19753,4.17,False,4.17
19754,4.17,False,4.17
19755,4.17,False,4.17
19756,4.17,False,4.17
19757,4.17,False,4.17
19758,4.17,False,4.17
19759,4.17,False,4.17
19760,4.17,False,4.17
19761,4.17,False,4.17
19762,4.17,False,4.17
19763,4.17,False,4.17
19764,4.17,False,4.17
19765,4.17,False,4.17
19766,4.17,False,4.17
19767,4.17,False,4.17
19768,4.17,False,4.17
19769,4.17,False,4.17
19770,4.17,False,4.17
19771,4.17,False,4.17
19772,4.17,False,4.17
19773,4.17,False,4.17
19774,4.17,False,4.17
19775,4.17,False,4.17
19776,4.17,False,4.17
19777,4.17,False,4.17
19778,4.17,False,4.17
19779,4.17,False,4.17
19780,4.17,False,4.17
19781,4.17,False,4.17
19782,4.17,False,4.17
19783,4.17,False,4.17
19784,4.17,False,4.17
19785,4.17,False,4.17
19786,4.17,False,4.17
19787,4.17,False,4.17
19788,4.17,False,4.17
19789,4.17,False,4.17
19790,4.17,False,4.17
19791,4.17,False,4.17
19792,4.17,False,4.17
19793,4.17,False,4.17
19794,4.17,False,4.17
19795,4.17,False,4.17
19796,4.17,False,4.17
19797,4.17,False,4.17
19798,4.17,False,4.17
19799,4.17,False,4.17
19800,4.17,False,4.17
19801,4.17,False,4.17
19802,4.17,False,4.17
19803,4.17,False,4.17
19804,4.17,False,4.17
19805,4.17,False,4.17
19806,4.17,False,4.17
19807,4.17,False,4.17
19808,4.17,False,4.17
19809,4.17,False,4.17
19810,4.17,False,4.17
19811,4.17,False,4.17
19812,4.17,False,4.17
19813,4.17,False,4.17
19814,4.17,False,4.17
19815,4.17,False,4.17
19816,4.17,False,4.17
19817,4.17,False,4.17
19818,4.17,False,4.17
19819,4.17,False,4.17
19820,4.17,False,4.17
19821,4.17,False,4.17
19822,4.17,False,4.17
19823,4.17,False,4.17
19824,4.17,False,4.17
19825,4.17,False,4.17
19826,4.17,False,4.17
19827,4.17,False,4.17
19828,4.17,False,4.17
19829,4.17,False,4.17
19830,4.17,False,4.17
19831,4.17,False,4.17
19832,4.17,False,4.17
19833,4.17,False,4.17
19834,4.17,False,4.17
19835,4.17,False,4.17
19836,4.17,False,4.17
19837,4.17,False,4.17
19838,4.17,False,4.17
19839,4.17,False,4.17
19840,4.17,False,4.17
19841,4.17,False,4.17
19842,4.17,False,4.17
19843,4.17,False,4.17
19844,4.17,False,4.17
19845,4.17,False,4.17
19846,4.17,False,4.17
19847,4.17,False,4.17
19848,4.17,False,4.17
19849,4.17,False,4.17
19850,4.17,False,4.17
19851,4.17,False,4.17
19852,4.17,False,4.17
19853,4.17,False,4.17
19854,4.17,False,4.17
19855,4.17,False,4.17
19856,4.17,False,4.17
19857,4.17,False,4.17
19858,4.17,False,4.17
19859,4.17,False,4.17
19860,4.17,False,4.17
19861,4.17,False,4.17
19862,4.17,False,4.17
19863,4.17,False,4.17
19864,4.17,False,4.17
19865,4.17,False,4.17
19866,4.17,False,4.17
19867,4.17,False,4.17
19868,4.17,False,4.17
19869,4.17,False,4.17
19870,4.17,False,4.17
19871,4.17,False,4.17
19872,4.17,False,4.17
19873,4.17,False,4.17
19874,4.17,False,4.17
19875,4.17,False,4.17
19876,4.17,False,4.17
19877,4.17,False,4.17
19878,4.17,False,4.17
19879,4.17,False,4.17
19880,4.17,False,4.17
19881,4.17,False,4.17
19882,4.17,False,4.17
19883,4.17,False,4.17
19884,4.17,False,4.17
19885,4.17,False,4.17
19886,4.17,False,4.17
19887,4.17,False,4.17
19888,4.17,False,4.17
19889,4.17,False,4.17
19890,4.17,False,4.17
19891,4.17,False,4.17
19892,4.17,False,4.17
19893,4.17,False,4.17
19894,4.17,False,4.17
19895,4.17,False,4.17
19896,4.17,False,4.17
19897,4.17,False,4.17
19898,4.17,False,4.17
19899,4.17,False,4.17
19900,4.17,False,4.17
19901,4.17,False,4.17
19902,4.17,False,4.17
19903,4.17,False,4.17
19904,4.17,False,4.17
19905,4.17,False,4.17
19906,4.17,False,4.17
19907,4.17,False,4.17
19908,4.17,False,4.17
19909,4.17,False,4.17
19910,4.17,False,4.17
19911,4.17,False,4.17
19912,4.17,False,4.17
19913,4.17,False,4.17
19914,4.17,False,4.17
19915,4.17,False,4.17
19916,4.17,False,4.17
19917,4.17,False,4.17
19918,4.17,False,4.17
19919,4.17,False,4.17
19920,4.17,False,4.17
19921,4.17,False,4.17
19922,4.17,False,4.17
19923,4.17,False,4.17
19924,4.17,False,4.17
19925,4.17,False,4.17
19926,4.17,False,4.17
19927,4.17,False,4.17
19928,4.17,False,4.17
19929,4.17,False,4.17
19930,4.17,False,4.17
19931,4.17,False,4.17
19932,4.17,False,4.17
19933,4.17,False,4.17
19934,4.17,False,4.17
19935,4.17,False,4.17
19936,4.17,False,4.17
19937,4.17,False,4.17
19938,4.17,False,4.17
19939,4.17,False,4.17
19940,4.17,False,4.17
19941,4.17,False,4.17
19942,4.17,False,4.17
19943,4.17,False,4.17
19944,4.17,False,4.17
19945,4.17,False,4.17
19946,4.17,False,4.17
19947,4.17,False,4.17
19948,4.17,False,4.17
19949,4.17,False,4.17
19950,4.17,False,4.17
19951,4.17,False,4.17
19952,4.17,False,4.17
19953,4.17,False,4.17
19954,4.17,False,4.17
19955,4.17,False,4.17
19956,4.17,False,4.17
19957,4.17,False,4.17
19958,4.17,False,4.17
19959,4.17,False,4.17
19960,4.17,False,4.17
19961,4.17,False,4.17
19962,4.17,False,4.17
19963,4.17,False,4.17
19964,4.17,False,4.17
19965,4.17,False,4.17
19966,4.17,False,4.17
19967,4.17,False,4.17
19968,4.17,False,4.17
19969,4.17,False,4.17
19970,4.17,False,4.17
19971,4.17,False,4.17
19972,4.17,False,4.17
19973,4.17,False,4.17
19974,4.17,False,4.17
19975,4.17,False,4.17
19976,4.17,False,4.17
19977,4.17,False,4.17
19978,4.17,False,4.17
19979,4.17,False,4.17
19980,4.17,False,4.17
19981,4.17,False,4.17
19982,4.17,False,4.17
19983,4.17,False,4.17
19984,4.17,False,4.17
19985,4.17,False,4.17
19986,4.17,False,4.17
19987,4.17,False,4.17
19988,4.17,False,4.17
19989,4.17,False,4.17
19990,4.17,False,4.17
19991,4.17,False,4.17
19992,4.17,False,4.17
19993,4.17,False,4.17
19994,4.17,False,4.17
19995,4.17,False,4.17
19996,4.17,False,4.17
19997,4.17,False,4.17
19998,4.17,False,4.17
19999,4.17,False,4.17
20000,4.17,False,4.17
20001,4.17,False,4.17
20002,4.17,False,4.17
20003,4.17,False,4.17
20004,4.17,False,4.17
20005,4.17,False,4.17
20006,4.17,False,4.17
20007,4.17,False,4.17
20008,4.17,False,4.17
20009,4.17,False,4.17
20010,4.17,False,4.17
20011,4.17,False,4.17
20012,4.17,False,4.17
20013,4.17,False,4.17
20014,4.17,False,4.17
20015,4.17,False,4.17
20016,4.17,False,4.17
20017,4.17,False,4.17
20018,4.17,False,4.17
20019,4.17,False,4.17
20020,4.17,False,4.17
20021,4.17,False,4.17
20022,4.17,False,4.17
20023,4.17,False,4.17
20024,4.17,False,4.17
20025,4.17,False,4.17
20026,4.17,False,4.17
20027,4.17,False,4.17
20028,4.17,False,4.17
20029,4.17,False,4.17
20030,4.17,False,4.17
20031,4.17,False,4.17
20032,4.17,False,4.17
20033,4.17,False,4.17
20034,4.17,False,4.17
20035,4.17,False,4.17
20036,4.17,False,4.17
20037,4.17,False,4.17
20038,4.17,False,4.17
20039,4.17,False,4.17
20040,4.17,False,4.17
20041,4.17,False,4.17
20042,4.17,False,4.17
20043,4.17,False,4.17
20044,4.17,False,4.17
20045,4.17,False,4.17
20046,4.17,False,4.17
20047,4.17,False,4.17
20048,4.17,False,4.17
20049,4.17,False,4.17
20050,4.17,False,4.17
20051,4.17,False,4.17
20052,4.17,False,4.17
20053,4.17,False,4.17
20054,4.17,False,4.17
20055,4.17,False,4.17
20056,4.17,False,4.17
20057,4.17,False,4.17
20058,4.17,False,4.17
20059,4.17,False,4.17
20060,4.17,False,4.17
20061,4.17,False,4.17
20062,4.17,False,4.17
20063,4.17,False,4.17
20064,4.17,False,4.17
20065,4.17,False,4.17
20066,4.17,False,4.17
20067,4.17,False,4.17
20068,4.17,False,4.17
20069,4.17,False,4.17
20070,4.17,False,4.17
20071,4.17,False,4.17
20072,4.17,False,4.17
20073,4.17,False,4.17
20074,4.17,False,4.17
20075,4.17,False,4.17
20076,4.17,False,4.17
20077,4.17,False,4.17
20078,4.17,False,4.17
20079,4.17,False,4.17
20080,4.17,False,4.17
20081,4.17,False,4.17
20082,4.17,False,4.17
20083,4.17,False,4.17
20084,4.17,False,4.17
20085,4.17,False,4.17
20086,4.17,False,4.17
20087,4.17,False,4.17
20088,3.33,False,4.002
20089,3.33,False,3.8340000000000005
20090,3.33,False,3.6659999999999995
20091,3.33,False,3.498
20092,3.33,False,3.33
20093,3.33,False,3.33
20094,3.33,False,3.33
20095,3.33,False,3.33
20096,3.33,False,3.33
20097,3.33,False,3.33
20098,3.33,False,3.33
20099,3.33,False,3.33
20100,3.33,False,3.33
20101,3.33,False,3.33
20102,3.33,False,3.33
20103,3.33,False,3.33
20104,3.33,False,3.33
20105,3.33,False,3.33
20106,3.33,False,3.33
20107,3.33,False,3.33
20108,3.33,False,3.33
20109,3.33,False,3.33
20110,3.33,False,3.33
20111,3.33,False,3.33
20112,3.33,False,3.33
20113,3.33,False,3.33
20114,3.33,False,3.33
20115,3.33,False,3.33
20116,3.33,False,3.33
20117,3.33,False,3.33
20118,3.33,False,3.33
20119,3.33,False,3.33
20120,3.33,False,3.33
20121,3.33,False,3.33
20122,3.33,False,3.33
20123,3.33,False,3.33
20124,3.33,False,3.33
20125,3.33,False,3.33
20126,3.33,False,3.33
20127,3.33,False,3.33
20128,3.33,False,3.33
20129,3.33,False,3.33
20130,3.33,False,3.33
20131,3.33,False,3.33
20132,3.33,False,3.33
20133,3.33,False,3.33
20134,3.33,False,3.33
20135,3.33,False,3.33
20136,3.33,False,3.33
20137,3.33,False,3.33
20138,3.33,False,3.33
20139,3.33,False,3.33
20140,3.33,False,3.33
20141,3.33,False,3.33
20142,3.33,False,3.33
20143,3.33,False,3.33
20144,3.33,False,3.33
20145,3.33,False,3.33
20146,3.33,False,3.33
20147,3.33,False,3.33
20148,3.33,False,3.33
20149,4.17,False,3.498
20150,4.17,False,3.6659999999999995
20151,4.17,False,3.8340000000000005
20152,4.17,False,4.002
20153,4.17,False,4.17
20154,4.17,False,4.17
20155,4.17,False,4.17
20156,4.17,False,4.17
20157,4.17,False,4.17
20158,4.17,False,4.17
20159,4.17,False,4.17
20160,4.17,False,4.17
20161,4.17,False,4.17
20162,4.17,False,4.17
20163,4.17,False,4.17
20164,4.17,False,4.17
20165,4.17,False,4.17
20166,4.17,False,4.17
20167,4.17,False,4.17
20168,4.17,False,4.17
20169,4.17,False,4.17
20170,4.17,False,4.17
20171,4.17,False,4.17
20172,4.17,False,4.17
20173,4.17,False,4.17
20174,4.17,False,4.17
20175,4.17,False,4.17
20176,4.17,False,4.17
20177,4.17,False,4.17
20178,4.17,False,4.17
20179,4.17,False,4.17
20180,4.17,False,4.17
20181,4.17,False,4.17
20182,4.17,False,4.17
20183,4.17,False,4.17
20184,4.17,False,4.17
20185,4.17,False,4.17
20186,4.17,False,4.17
20187,4.17,False,4.17
20188,4.17,False,4.17
20189,4.17,False,4.17
20190,4.17,False,4.17
20191,4.17,False,4.17
20192,4.17,False,4.17
20193,4.17,False,4.17
20194,4.17,False,4.17
20195,4.17,False,4.17
20196,4.17,False,4.17
20197,4.17,False,4.17
20198,4.17,False,4.17
20199,4.17,False,4.17
20200,4.17,False,4.17
20201,4.17,False,4.17
20202,4.17,False,4.17
20203,4.17,False,4.17
20204,4.17,False,4.17
20205,4.17,False,4.17
20206,4.17,False,4.17
20207,4.17,False,4.17
20208,4.17,False,4.17
20209,4.17,False,4.17
20210,4.17,False,4.17
20211,4.17,False,4.17
20212,4.17,False,4.17
20213,4.17,False,4.17
20214,4.17,False,4.17
20215,4.17,False,4.17
20216,4.17,False,4.17
20217,4.17,False,4.17
20218,4.17,False,4.17
20219,4.17,False,4.17
20220,4.17,False,4.17
20221,4.17,False,4.17
20222,4.17,False,4.17
20223,4.17,False,4.17
20224,4.17,False,4.17
20225,4.17,False,4.17
20226,4.17,False,4.17
20227,4.17,False,4.17
20228,4.17,False,4.17
20229,4.17,False,4.17
20230,4.17,False,4.17
20231,4.17,False,4.17
20232,4.17,False,4.17
20233,4.17,False,4.17
20234,4.17,False,4.17
20235,4.17,False,4.17
20236,4.17,False,4.17
20237,4.17,False,4.17
20238,4.17,False,4.17
20239,4.17,False,4.17
20240,4.17,False,4.17
20241,4.17,False,4.17
20242,4.17,False,4.17
20243,4.17,False,4.17
20244,4.17,False,4.17
20245,4.17,False,4.17
20246,4.17,False,4.17
20247,4.17,False,4.17
20248,4.17,False,4.17
20249,4.17,False,4.17
20250,4.17,False,4.17
20251,4.17,False,4.17
20252,4.17,False,4.17
20253,4.17,False,4.17
20254,4.17,False,4.17
20255,4.17,False,4.17
20256,4.17,False,4.17
20257,4.17,False,4.17
20258,4.17,False,4.17
20259,4.17,False,4.17
20260,4.17,False,4.17
20261,4.17,False,4.17
20262,4.17,False,4.17
20263,4.17,False,4.17
20264,4.17,False,4.17
20265,4.17,False,4.17
20266,4.17,False,4.17
20267,4.17,False,4.17
20268,4.17,False,4.17
20269,4.17,False,4.17
20270,4.17,False,4.17
20271,4.17,False,4.17
20272,4.17,False,4.17
20273,4.17,False,4.17
20274,4.17,False,4.17
20275,4.17,False,4.17
20276,4.17,False,4.17
20277,4.17,False,4.17
20278,4.17,False,4.17
20279,4.17,False,4.17
20280,4.17,False,4.17
20281,4.17,False,4.17
20282,4.17,False,4.17
20283,4.17,False,4.17
20284,4.17,False,4.17
20285,4.17,False,4.17
20286,4.17,False,4.17
20287,4.17,False,4.17
20288,4.17,False,4.17
20289,4.17,False,4.17
20290,4.17,False,4.17
20291,4.17,False,4.17
20292,4.17,False,4.17
20293,4.17,False,4.17
20294,4.17,False,4.17
20295,4.17,False,4.17
20296,4.17,False,4.17
20297,3.33,False,4.002
20298,3.33,False,3.8340000000000005
20299,3.33,False,3.6659999999999995
20300,3.33,False,3.498
20301,3.33,False,3.33
20302,3.33,False,3.33
20303,3.33,False,3.33
20304,3.33,False,3.33
20305,3.33,False,3.33
20306,3.33,False,3.33
20307,3.33,False,3.33
20308,3.33,False,3.33
20309,3.33,False,3.33
20310,3.33,False,3.33
20311,3.33,False,3.33
20312,3.33,False,3.33
20313,3.33,False,3.33
20314,3.33,False,3.33
20315,3.33,False,3.33
20316,3.33,False,3.33
20317,3.33,False,3.33
20318,3.33,False,3.33
20319,3.33,False,3.33
20320,3.33,False,3.33
20321,3.33,False,3.33
20322,3.33,False,3.33
20323,3.33,False,3.33
20324,3.33,False,3.33
20325,3.33,False,3.33
20326,3.33,False,3.33
20327,3.33,False,3.33
20328,3.33,False,3.33
20329,3.33,False,3.33
20330,3.33,False,3.33
20331,3.33,False,3.33
20332,3.33,False,3.33
20333,3.33,False,3.33
20334,3.33,False,3.33
20335,3.33,False,3.33
20336,3.33,False,3.33
20337,3.33,False,3.33
20338,3.33,False,3.33
20339,3.33,False,3.33
20340,3.33,False,3.33
20341,3.33,False,3.33
20342,3.33,False,3.33
20343,3.33,False,3.33
20344,3.33,False,3.33
20345,3.33,False,3.33
20346,3.33,False,3.33
20347,3.33,False,3.33
20348,3.33,False,3.33
20349,3.33,False,3.33
20350,3.33,False,3.33
20351,3.33,False,3.33
20352,3.33,False,3.33
20353,3.33,False,3.33
20354,3.33,False,3.33
20355,3.33,False,3.33
20356,3.33,False,3.33
20357,3.33,False,3.33
20358,3.33,False,3.33
20359,3.33,False,3.33
20360,3.33,False,3.33
20361,3.33,False,3.33
20362,3.33,False,3.33
20363,3.33,False,3.33
20364,3.33,False,3.33
20365,3.33,False,3.33
20366,3.33,False,3.33
20367,3.33,False,3.33
20368,3.33,False,3.33
20369,3.33,False,3.33
20370,3.33,False,3.33
20371,3.33,False,3.33
20372,3.33,False,3.33
20373,3.33,False,3.33
20374,3.33,False,3.33
20375,3.33,False,3.33
20376,3.33,False,3.33
20377,3.33,False,3.33
20378,3.33,False,3.33
20379,3.33,False,3.33
20380,3.33,False,3.33
20381,3.33,False,3.33
20382,3.33,False,3.33
20383,3.33,False,3.33
20384,3.33,False,3.33
20385,3.33,False,3.33
20386,3.33,False,3.33
20387,3.33,False,3.33
20388,3.33,False,3.33
20389,3.33,False,3.33
20390,3.33,False,3.33
20391,3.33,False,3.33
20392,3.33,False,3.33
20393,3.33,False,3.33
20394,3.33,False,3.33
20395,3.33,False,3.33
20396,3.33,False,3.33
20397,3.33,False,3.33
20398,3.33,False,3.33
20399,3.33,False,3.33
20400,3.33,False,3.33
20401,3.33,False,3.33
20402,3.33,False,3.33
20403,3.33,False,3.33
20404,3.33,False,3.33
20405,3.33,False,3.33
20406,3.33,False,3.33
20407,3.33,False,3.33
20408,3.33,False,3.33
20409,3.33,False,3.33
20410,3.33,False,3.33
20411,3.33,False,3.33
20412,3.33,False,3.33
20413,3.33,False,3.33
20414,3.33,False,3.33
20415,3.33,False,3.33
20416,3.33,False,3.33
20417,3.33,False,3.33
20418,3.33,False,3.33
20419,3.33,False,3.33
20420,3.33,False,3.33
20421,3.33,False,3.33
20422,3.33,False,3.33
20423,3.33,False,3.33
20424,3.33,False,3.33
20425,3.33,False,3.33
20426,3.33,False,3.33
20427,3.33,False,3.33
20428,3.33,False,3.33
20429,3.33,False,3.33
20430,3.33,False,3.33
20431,3.33,False,3.33
20432,3.33,False,3.33
20433,3.33,False,3.33
20434,3.33,False,3.33
20435,3.33,False,3.33
20436,3.33,False,3.33
20437,3.33,False,3.33
20438,3.33,False,3.33
20439,3.33,False,3.33
20440,3.33,False,3.33
20441,3.33,False,3.33
20442,3.33,False,3.33
20443,3.33,False,3.33
20444,3.33,False,3.33
20445,3.33,False,3.33
20446,3.33,False,3.33
20447,3.33,False,3.33
20448,3.33,False,3.33
20449,4.17,False,3.498
20450,4.17,False,3.6659999999999995
20451,4.17,False,3.8340000000000005
20452,4.17,False,4.002
20453,4.17,False,4.17
20454,4.17,False,4.17
20455,4.17,False,4.17
20456,4.17,False,4.17
20457,4.17,False,4.17
20458,4.17,False,4.17
20459,4.17,False,4.17
20460,4.17,False,4.17
20461,4.17,False,4.17
20462,4.17,False,4.17
20463,4.17,False,4.17
20464,4.17,False,4.17
20465,4.17,False,4.17
20466,4.17,False,4.17
20467,4.17,False,4.17
20468,4.17,False,4.17
20469,4.17,False,4.17
20470,4.17,False,4.17
20471,4.17,False,4.17
20472,4.17,False,4.17
20473,4.17,False,4.17
20474,4.17,False,4.17
20475,4.17,False,4.17
20476,4.17,False,4.17
20477,4.17,False,4.17
20478,4.17,False,4.17
20479,3.33,False,4.002
20480,3.33,False,3.8340000000000005
20481,4.17,False,3.8340000000000005
20482,4.17,False,3.8340000000000005
20483,4.17,False,3.8340000000000005
20484,4.17,False,4.002
20485,4.17,False,4.17
20486,4.17,False,4.17
20487,4.17,False,4.17
20488,4.17,False,4.17
20489,4.17,False,4.17
20490,4.17,False,4.17
20491,4.17,False,4.17
20492,4.17,False,4.17
20493,4.17,False,4.17
20494,4.17,False,4.17
20495,4.17,False,4.17
20496,4.17,False,4.17
20497,4.17,False,4.17
20498,4.17,False,4.17
20499,4.17,False,4.17
20500,4.17,False,4.17
20501,4.17,False,4.17
20502,4.17,False,4.17
20503,4.17,False,4.17
20504,4.17,False,4.17
20505,4.17,False,4.17
20506,4.17,False,4.17
20507,4.17,False,4.17
20508,4.17,False,4.17
20509,4.17,False,4.17
20510,4.17,False,4.17
20511,4.17,False,4.17
20512,4.17,False,4.17
20513,4.17,False,4.17
20514,4.17,False,4.17
20515,4.17,False,4.17
20516,4.17,False,4.17
20517,4.17,False,4.17
20518,4.17,False,4.17
20519,4.17,False,4.17
20520,4.17,False,4.17
20521,4.17,False,4.17
20522,4.17,False,4.17
20523,4.17,False,4.17
20524,4.17,False,4.17
20525,4.17,False,4.17
20526,4.17,False,4.17
20527,4.17,False,4.17
20528,4.17,False,4.17
20529,4.17,False,4.17
20530,4.17,False,4.17
20531,4.17,False,4.17
20532,4.17,False,4.17
20533,4.17,False,4.17
20534,4.17,False,4.17
20535,4.17,False,4.17
20536,4.17,False,4.17
20537,3.33,False,4.002
20538,3.33,False,3.8340000000000005
20539,3.33,False,3.6659999999999995
20540,3.33,False,3.498
20541,3.33,False,3.33
20542,3.33,False,3.33
20543,3.33,False,3.33
20544,3.33,False,3.33
20545,3.33,False,3.33
20546,3.33,False,3.33
20547,3.33,False,3.33
20548,3.33,False,3.33
20549,3.33,False,3.33
20550,3.33,False,3.33
20551,3.33,False,3.33
20552,3.33,False,3.33
20553,3.33,False,3.33
20554,3.33,False,3.33
20555,3.33,False,3.33
20556,3.33,False,3.33
20557,3.33,False,3.33
20558,3.33,False,3.33
20559,3.33,False,3.33
20560,3.33,False,3.33
20561,3.33,False,3.33
20562,3.33,False,3.33
20563,3.33,False,3.33
20564,3.33,False,3.33
20565,3.33,False,3.33
20566,3.33,False,3.33
20567,4.17,False,3.498
20568,4.17,False,3.6659999999999995
20569,4.17,False,3.8340000000000005
20570,4.17,False,4.002
20571,4.17,False,4.17
20572,4.17,False,4.17
20573,4.17,False,4.17
20574,4.17,False,4.17
20575,4.17,False,4.17
20576,4.17,False,4.17
20577,4.17,False,4.17
20578,4.17,False,4.17
20579,4.17,False,4.17
20580,4.17,False,4.17
20581,4.17,False,4.17
20582,4.17,False,4.17
20583,4.17,False,4.17
20584,4.17,False,4.17
20585,4.17,False,4.17
20586,4.17,False,4.17
20587,4.17,False,4.17
20588,4.17,False,4.17
20589,4.17,False,4.17
20590,4.17,False,4.17
20591,4.17,False,4.17
20592,4.17,False,4.17
20593,4.17,False,4.17
20594,4.17,False,4.17
20595,4.17,False,4.17
20596,4.17,False,4.17
20597,4.17,False,4.17
20598,4.17,False,4.17
20599,4.17,False,4.17
20600,4.17,False,4.17
20601,4.17,False,4.17
20602,4.17,False,4.17
20603,4.17,False,4.17
20604,4.17,False,4.17
20605,4.17,False,4.17
20606,4.17,False,4.17
20607,4.17,False,4.17
20608,4.17,False,4.17
20609,4.17,False,4.17
20610,4.17,False,4.17
20611,4.17,False,4.17
20612,4.17,False,4.17
20613,4.17,False,4.17
20614,4.17,False,4.17
20615,4.17,False,4.17
20616,4.17,False,4.17
20617,4.17,False,4.17
20618,4.17,False,4.17
20619,4.17,False,4.17
20620,4.17,False,4.17
20621,4.17,False,4.17
20622,4.17,False,4.17
20623,4.17,False,4.17
20624,4.17,False,4.17
20625,4.17,False,4.17
20626,4.17,False,4.17
20627,4.17,False,4.17
20628,3.33,False,4.002
20629,3.33,False,3.8340000000000005
20630,3.33,False,3.6659999999999995
20631,3.33,False,3.498
20632,3.33,False,3.33
20633,3.33,False,3.33
20634,3.33,False,3.33
20635,3.33,False,3.33
20636,3.33,False,3.33
20637,3.33,False,3.33
20638,3.33,False,3.33
20639,3.33,False,3.33
20640,3.33,False,3.33
20641,3.33,False,3.33
20642,3.33,False,3.33
20643,3.33,False,3.33
20644,3.33,False,3.33
20645,3.33,False,3.33
20646,3.33,False,3.33
20647,3.33,False,3.33
20648,3.33,False,3.33
20649,3.33,False,3.33
20650,3.33,False,3.33
20651,3.33,False,3.33
20652,3.33,False,3.33
20653,3.33,False,3.33
20654,3.33,False,3.33
20655,3.33,False,3.33
20656,3.33,False,3.33
20657,3.33,False,3.33
20658,3.33,False,3.33
20659,3.33,False,3.33
20660,3.33,False,3.33
20661,3.33,False,3.33
20662,3.33,False,3.33
20663,3.33,False,3.33
20664,3.33,False,3.33
20665,3.33,False,3.33
20666,3.33,False,3.33
20667,3.33,False,3.33
20668,3.33,False,3.33
20669,3.33,False,3.33
20670,3.33,False,3.33
20671,3.33,False,3.33
20672,3.33,False,3.33
20673,3.33,False,3.33
20674,3.33,False,3.33
20675,3.33,False,3.33
20676,3.33,False,3.33
20677,3.33,False,3.33
20678,3.33,False,3.33
20679,3.33,False,3.33
20680,3.33,False,3.33
20681,3.33,False,3.33
20682,3.33,False,3.33
20683,3.33,False,3.33
20684,3.33,False,3.33
20685,3.33,False,3.33
20686,3.33,False,3.33
20687,3.33,False,3.33
20688,3.33,False,3.33
20689,4.17,False,3.498
20690,4.17,False,3.6659999999999995
20691,4.17,False,3.8340000000000005
20692,4.17,False,4.002
20693,4.17,False,4.17
20694,4.17,False,4.17
20695,4.17,False,4.17
20696,4.17,False,4.17
20697,4.17,False,4.17
20698,4.17,False,4.17
20699,4.17,False,4.17
20700,4.17,False,4.17
20701,4.17,False,4.17
20702,4.17,False,4.17
20703,4.17,False,4.17
20704,4.17,False,4.17
20705,4.17,False,4.17
20706,4.17,False,4.17
20707,4.17,False,4.17
20708,4.17,False,4.17
20709,4.17,False,4.17
20710,4.17,False,4.17
20711,4.17,False,4.17
20712,4.17,False,4.17
20713,4.17,False,4.17
20714,4.17,False,4.17
20715,4.17,False,4.17
20716,4.17,False,4.17
20717,4.17,False,4.17
20718,4.17,False,4.17
20719,4.17,False,4.17
20720,4.17,False,4.17
20721,4.17,False,4.17
20722,4.17,False,4.17
20723,4.17,False,4.17
20724,4.17,False,4.17
20725,4.17,False,4.17
20726,4.17,False,4.17
20727,4.17,False,4.17
20728,4.17,False,4.17
20729,4.17,False,4.17
20730,4.17,False,4.17
20731,4.17,False,4.17
20732,4.17,False,4.17
20733,4.17,False,4.17
20734,4.17,False,4.17
20735,4.17,False,4.17
20736,4.17,False,4.17
20737,4.17,False,4.17
20738,4.17,False,4.17
20739,4.17,False,4.17
20740,4.17,False,4.17
20741,4.17,False,4.17
20742,4.17,False,4.17
20743,4.17,False,4.17
20744,4.17,False,4.17
20745,4.17,False,4.17
20746,4.17,False,4.17
20747,4.17,False,4.17
20748,4.17,False,4.17
20749,4.17,False,4.17
20750,4.17,False,4.17
20751,4.17,False,4.17
20752,4.17,False,4.17
20753,4.17,False,4.17
20754,4.17,False,4.17
20755,4.17,False,4.17
20756,4.17,False,4.17
20757,4.17,False,4.17
20758,4.17,False,4.17
20759,4.17,False,4.17
20760,4.17,False,4.17
20761,4.17,False,4.17
20762,4.17,False,4.17
20763,4.17,False,4.17
20764,4.17,False,4.17
20765,4.17,False,4.17
20766,4.17,False,4.17
20767,4.17,False,4.17
20768,4.17,False,4.17
20769,4.17,False,4.17
20770,4.17,False,4.17
20771,4.17,False,4.17
20772,4.17,False,4.17
20773,4.17,False,4.17
20774,4.17,False,4.17
20775,4.17,False,4.17
20776,4.17,False,4.17
20777,4.17,False,4.17
20778,4.17,False,4.17
20779,4.17,False,4.17
20780,4.17,False,4.17
20781,4.17,False,4.17
20782,4.17,False,4.17
20783,4.17,False,4.17
20784,4.17,False,4.17
20785,4.17,False,4.17
20786,4.17,False,4.17
20787,4.17,False,4.17
20788,4.17,False,4.17
20789,4.17,False,4.17
20790,4.17,False,4.17
20791,4.17,False,4.17
20792,4.17,False,4.17
20793,4.17,False,4.17
20794,4.17,False,4.17
20795,4.17,False,4.17
20796,4.17,False,4.17
20797,4.17,False,4.17
20798,4.17,False,4.17
20799,4.17,False,4.17
20800,4.17,False,4.17
20801,4.17,False,4.17
20802,4.17,False,4.17
20803,4.17,False,4.17
20804,4.17,False,4.17
20805,4.17,False,4.17
20806,4.17,False,4.17
20807,4.17,False,4.17
20808,4.17,False,4.17
20809,4.17,False,4.17
20810,4.17,False,4.17
20811,4.17,False,4.17
20812,4.17,False,4.17
20813,4.17,False,4.17
20814,4.17,False,4.17
20815,4.17,False,4.17
20816,4.17,False,4.17
20817,4.17,False,4.17
20818,4.17,False,4.17
20819,4.17,False,4.17
20820,4.17,False,4.17
20821,4.17,False,4.17
20822,4.17,False,4.17
20823,4.17,False,4.17
20824,4.17,False,4.17
20825,4.17,False,4.17
20826,4.17,False,4.17
20827,4.17,False,4.17
20828,4.17,False,4.17
20829,4.17,False,4.17
20830,4.17,False,4.17
20831,4.17,False,4.17
20832,4.17,False,4.17
20833,4.17,False,4.17
20834,4.17,False,4.17
20835,4.17,False,4.17
20836,4.17,False,4.17
20837,4.17,False,4.17
20838,4.17,False,4.17
20839,4.17,False,4.17
20840,4.17,False,4.17
20841,4.17,False,4.17
20842,4.17,False,4.17
20843,4.17,False,4.17
20844,4.17,False,4.17
20845,4.17,False,4.17
20846,4.17,False,4.17
20847,4.17,False,4.17
20848,4.17,False,4.17
20849,4.17,False,4.17
20850,4.17,False,4.17
20851,4.17,False,4.17
20852,4.17,False,4.17
20853,4.17,False,4.17
20854,4.17,False,4.17
20855,4.17,False,4.17
20856,4.17,False,4.17
20857,4.17,False,4.17
20858,4.17,False,4.17
20859,4.17,False,4.17
20860,4.17,False,4.17
20861,4.17,False,4.17
20862,4.17,False,4.17
20863,4.17,False,4.17
20864,4.17,False,4.17
20865,4.17,False,4.17
20866,4.17,False,4.17
20867,4.17,False,4.17
20868,4.17,False,4.17
20869,4.17,False,4.17
20870,4.17,False,4.17
20871,4.17,False,4.17
20872,4.17,False,4.17
20873,4.17,False,4.17
20874,4.17,False,4.17
20875,4.17,False,4.17
20876,4.17,False,4.17
20877,4.17,False,4.17
20878,4.17,False,4.17
20879,4.17,False,4.17
20880,4.17,False,4.17
20881,4.17,False,4.17
20882,4.17,False,4.17
20883,4.17,False,4.17
20884,4.17,False,4.17
20885,4.17,False,4.17
20886,4.17,False,4.17
20887,4.17,False,4.17
20888,4.17,False,4.17
20889,4.17,False,4.17
20890,4.17,False,4.17
20891,4.17,False,4.17
20892,4.17,False,4.17
20893,4.17,False,4.17
20894,4.17,False,4.17
20895,4.17,False,4.17
20896,4.17,False,4.17
20897,4.17,False,4.17
20898,4.17,False,4.17
20899,4.17,False,4.17
20900,4.17,False,4.17
20901,4.17,False,4.17
20902,4.17,False,4.17
20903,4.17,False,4.17
20904,4.17,False,4.17
20905,4.17,False,4.17
20906,4.17,False,4.17
20907,4.17,False,4.17
20908,4.17,False,4.17
20909,4.17,False,4.17
20910,4.17,False,4.17
20911,4.17,False,4.17
20912,4.17,False,4.17
20913,4.17,False,4.17
20914,4.17,False,4.17
20915,4.17,False,4.17
20916,4.17,False,4.17
20917,4.17,False,4.17
20918,4.17,False,4.17
20919,4.17,False,4.17
20920,4.17,False,4.17
20921,4.17,False,4.17
20922,4.17,False,4.17
20923,4.17,False,4.17
20924,4.17,False,4.17
20925,4.17,False,4.17
20926,4.17,False,4.17
20927,4.17,False,4.17
20928,4.17,False,4.17
20929,4.17,False,4.17
20930,4.17,False,4.17
20931,4.17,False,4.17
20932,4.17,False,4.17
20933,4.17,False,4.17
20934,4.17,False,4.17
20935,4.17,False,4.17
20936,4.17,False,4.17
20937,4.17,False,4.17
20938,4.17,False,4.17
20939,4.17,False,4.17
20940,4.17,False,4.17
20941,4.17,False,4.17
20942,4.17,False,4.17
20943,4.17,False,4.17
20944,4.17,False,4.17
20945,4.17,False,4.17
20946,4.17,False,4.17
20947,4.17,False,4.17
20948,4.17,False,4.17
20949,4.17,False,4.17
20950,4.17,False,4.17
20951,4.17,False,4.17
20952,4.17,False,4.17
20953,4.17,False,4.17
20954,4.17,False,4.17
20955,4.17,False,4.17
20956,4.17,False,4.17
20957,4.17,False,4.17
20958,4.17,False,4.17
20959,4.17,False,4.17
20960,4.17,False,4.17
20961,4.17,False,4.17
20962,4.17,False,4.17
20963,4.17,False,4.17
20964,4.17,False,4.17
20965,4.17,False,4.17
20966,4.17,False,4.17
20967,4.17,False,4.17
20968,4.17,False,4.17
20969,4.17,False,4.17
20970,4.17,False,4.17
20971,4.17,False,4.17
20972,4.17,False,4.17
20973,4.17,False,4.17
20974,4.17,False,4.17
20975,4.17,False,4.17
20976,4.17,False,4.17
20977,4.17,False,4.17
20978,4.17,False,4.17
20979,4.17,False,4.17
20980,4.17,False,4.17
20981,4.17,False,4.17
20982,4.17,False,4.17
20983,4.17,False,4.17
20984,4.17,False,4.17
20985,4.17,False,4.17
20986,4.17,False,4.17
20987,4.17,False,4.17
20988,4.17,False,4.17
20989,4.17,False,4.17
20990,4.17,False,4.17
20991,4.17,False,4.17
20992,4.17,False,4.17
20993,4.17,False,4.17
20994,4.17,False,4.17
20995,4.17,False,4.17
20996,4.17,False,4.17
20997,4.17,False,4.17
20998,4.17,False,4.17
20999,4.17,False,4.17
21000,4.17,False,4.17
21001,4.17,False,4.17
21002,4.17,False,4.17
21003,4.17,False,4.17
21004,4.17,False,4.17
21005,4.17,False,4.17
21006,4.17,False,4.17
21007,4.17,False,4.17
21008,4.17,False,4.17
21009,4.17,False,4.17
21010,4.17,False,4.17
21011,4.17,False,4.17
21012,4.17,False,4.17
21013,4.17,False,4.17
21014,4.17,False,4.17
21015,4.17,False,4.17
21016,4.17,False,4.17
21017,4.17,False,4.17
21018,4.17,False,4.17
21019,4.17,False,4.17
21020,4.17,False,4.17
21021,4.17,False,4.17
21022,4.17,False,4.17
21023,4.17,False,4.17
21024,4.17,False,4.17
21025,4.17,False,4.17
21026,4.17,False,4.17
21027,4.17,False,4.17
21028,4.17,False,4.17
21029,4.17,False,4.17
21030,4.17,False,4.17
21031,4.17,False,4.17
21032,4.17,False,4.17
21033,4.17,False,4.17
21034,4.17,False,4.17
21035,4.17,False,4.17
21036,4.17,False,4.17
21037,4.17,False,4.17
21038,4.17,False,4.17
21039,4.17,False,4.17
21040,4.17,False,4.17
21041,4.17,False,4.17
21042,4.17,False,4.17
21043,4.17,False,4.17
21044,4.17,False,4.17
21045,4.17,False,4.17
21046,4.17,False,4.17
21047,4.17,False,4.17
21048,4.17,False,4.17
21049,4.17,False,4.17
21050,4.17,False,4.17
21051,4.17,False,4.17
21052,4.17,False,4.17
21053,4.17,False,4.17
21054,4.17,False,4.17
21055,4.17,False,4.17
21056,4.17,False,4.17
21057,4.17,False,4.17
21058,4.17,False,4.17
21059,4.17,False,4.17
21060,4.17,False,4.17
21061,4.17,False,4.17
21062,4.17,False,4.17
21063,4.17,False,4.17
21064,4.17,False,4.17
21065,4.17,False,4.17
21066,4.17,False,4.17
21067,4.17,False,4.17
21068,4.17,False,4.17
21069,4.17,False,4.17
21070,4.17,False,4.17
21071,4.17,False,4.17
21072,4.17,False,4.17
21073,4.17,False,4.17
21074,4.17,False,4.17
21075,4.17,False,4.17
21076,4.17,False,4.17
21077,4.17,False,4.17
21078,4.17,False,4.17
21079,4.17,False,4.17
21080,4.17,False,4.17
21081,4.17,False,4.17
21082,4.17,False,4.17
21083,4.17,False,4.17
21084,4.17,False,4.17
21085,4.17,False,4.17
21086,4.17,False,4.17
21087,4.17,False,4.17
21088,4.17,False,4.17
21089,4.17,False,4.17
21090,4.17,False,4.17
21091,4.17,False,4.17
21092,4.17,False,4.17
21093,4.17,False,4.17
21094,4.17,False,4.17
21095,4.17,False,4.17
21096,4.17,False,4.17
21097,4.17,False,4.17
21098,4.17,False,4.17
21099,4.17,False,4.17
21100,4.17,False,4.17
21101,4.17,False,4.17
21102,4.17,False,4.17
21103,4.17,False,4.17
21104,4.17,False,4.17
21105,4.17,False,4.17
21106,4.17,False,4.17
21107,3.33,False,4.002
21108,3.33,False,3.8340000000000005
21109,3.33,False,3.6659999999999995
21110,3.33,False,3.498
21111,3.33,False,3.33
21112,3.33,False,3.33
21113,3.33,False,3.33
21114,3.33,False,3.33
21115,3.33,False,3.33
21116,3.33,False,3.33
21117,3.33,False,3.33
21118,3.33,False,3.33
21119,3.33,False,3.33
21120,3.33,False,3.33
21121,3.33,False,3.33
21122,3.33,False,3.33
21123,3.33,False,3.33
21124,3.33,False,3.33
21125,3.33,False,3.33
21126,3.33,False,3.33
21127,3.33,False,3.33
21128,3.33,False,3.33
21129,3.33,False,3.33
21130,3.33,False,3.33
21131,3.33,False,3.33
21132,3.33,False,3.33
21133,3.33,False,3.33
21134,3.33,False,3.33
21135,3.33,False,3.33
21136,3.33,False,3.33
21137,3.33,False,3.33
21138,3.33,False,3.33
21139,3.33,False,3.33
21140,3.33,False,3.33
21141,3.33,False,3.33
21142,3.33,False,3.33
21143,3.33,False,3.33
21144,3.33,False,3.33
21145,3.33,False,3.33
21146,3.33,False,3.33
21147,3.33,False,3.33
21148,3.33,False,3.33
21149,3.33,False,3.33
21150,3.33,False,3.33
21151,3.33,False,3.33
21152,3.33,False,3.33
21153,3.33,False,3.33
21154,3.33,False,3.33
21155,3.33,False,3.33
21156,3.33,False,3.33
21157,3.33,False,3.33
21158,3.33,False,3.33
21159,3.33,False,3.33
21160,3.33,False,3.33
21161,3.33,False,3.33
21162,3.33,False,3.33
21163,3.33,False,3.33
21164,3.33,False,3.33
21165,3.33,False,3.33
21166,3.33,False,3.33
21167,3.33,False,3.33
21168,3.33,False,3.33
21169,3.33,False,3.33
21170,3.33,False,3.33
21171,3.33,False,3.33
21172,3.33,False,3.33
21173,3.33,False,3.33
21174,3.33,False,3.33
21175,3.33,False,3.33
21176,3.33,False,3.33
21177,3.33,False,3.33
21178,3.33,False,3.33
21179,3.33,False,3.33
21180,3.33,False,3.33
21181,3.33,False,3.33
21182,3.33,False,3.33
21183,3.33,False,3.33
21184,3.33,False,3.33
21185,3.33,False,3.33
21186,3.33,False,3.33
21187,3.33,False,3.33
21188,3.33,False,3.33
21189,3.33,False,3.33
21190,3.33,False,3.33
21191,3.33,False,3.33
21192,3.33,False,3.33
21193,3.33,False,3.33
21194,3.33,False,3.33
21195,3.33,False,3.33
21196,3.33,False,3.33
21197,3.33,False,3.33
21198,3.33,False,3.33
21199,3.33,False,3.33
21200,3.33,False,3.33
21201,3.33,False,3.33
21202,3.33,False,3.33
21203,3.33,False,3.33
21204,3.33,False,3.33
21205,3.33,False,3.33
21206,3.33,False,3.33
21207,3.33,False,3.33
21208,3.33,False,3.33
21209,3.33,False,3.33
21210,3.33,False,3.33
21211,3.33,False,3.33
21212,3.33,False,3.33
21213,3.33,False,3.33
21214,3.33,False,3.33
21215,3.33,False,3.33
21216,3.33,False,3.33
21217,3.33,False,3.33
21218,3.33,False,3.33
21219,3.33,False,3.33
21220,3.33,False,3.33
21221,3.33,False,3.33
21222,3.33,False,3.33
21223,3.33,False,3.33
21224,3.33,False,3.33
21225,3.33,False,3.33
21226,3.33,False,3.33
21227,3.33,False,3.33
21228,3.33,False,3.33
21229,3.33,False,3.33
21230,3.33,False,3.33
21231,3.33,False,3.33
21232,3.33,False,3.33
21233,3.33,False,3.33
21234,3.33,False,3.33
21235,3.33,False,3.33
21236,3.33,False,3.33
21237,3.33,False,3.33
21238,3.33,False,3.33
21239,3.33,False,3.33
21240,3.33,False,3.33
21241,3.33,False,3.33
21242,3.33,False,3.33
21243,3.33,False,3.33
21244,3.33,False,3.33
21245,3.33,False,3.33
21246,3.33,False,3.33
21247,3.33,False,3.33
21248,3.33,False,3.33
21249,4.17,False,3.498
21250,4.17,False,3.6659999999999995
21251,4.17,False,3.8340000000000005
21252,4.17,False,4.002
21253,4.17,False,4.17
21254,4.17,False,4.17
21255,4.17,False,4.17
21256,4.17,False,4.17
21257,4.17,False,4.17
21258,4.17,False,4.17
21259,4.17,False,4.17
21260,4.17,False,4.17
21261,4.17,False,4.17
21262,4.17,False,4.17
21263,4.17,False,4.17
21264,4.17,False,4.17
21265,4.17,False,4.17
21266,4.17,False,4.17
21267,4.17,False,4.17
21268,4.17,False,4.17
21269,4.17,False,4.17
21270,4.17,False,4.17
21271,4.17,False,4.17
21272,4.17,False,4.17
21273,4.17,False,4.17
21274,4.17,False,4.17
21275,4.17,False,4.17
21276,4.17,False,4.17
21277,4.17,False,4.17
21278,4.17,False,4.17
21279,4.17,False,4.17
21280,4.17,False,4.17
21281,4.17,False,4.17
21282,4.17,False,4.17
21283,4.17,False,4.17
21284,4.17,False,4.17
21285,4.17,False,4.17
21286,3.33,False,4.002
21287,3.33,False,3.8340000000000005
21288,3.33,False,3.6659999999999995
21289,3.33,False,3.498
21290,3.33,False,3.33
21291,3.33,False,3.33
21292,3.33,False,3.33
21293,3.33,False,3.33
21294,3.33,False,3.33
21295,3.33,False,3.33
21296,3.33,False,3.33
21297,3.33,False,3.33
21298,3.33,False,3.33
21299,3.33,False,3.33
21300,3.33,False,3.33
21301,3.33,False,3.33
21302,3.33,False,3.33
21303,3.33,False,3.33
21304,3.33,False,3.33
21305,3.33,False,3.33
21306,3.33,False,3.33
21307,3.33,False,3.33
21308,3.33,False,3.33
21309,3.33,False,3.33
21310,3.33,False,3.33
21311,3.33,False,3.33
21312,3.33,False,3.33
21313,3.33,False,3.33
21314,3.33,False,3.33
21315,3.33,False,3.33
21316,3.33,False,3.33
21317,3.33,False,3.33
21318,3.33,False,3.33
21319,3.33,False,3.33
21320,3.33,False,3.33
21321,3.33,False,3.33
21322,3.33,False,3.33
21323,3.33,False,3.33
21324,3.33,False,3.33
21325,3.33,False,3.33
21326,3.33,False,3.33
21327,3.33,False,3.33
21328,3.33,False,3.33
21329,3.33,False,3.33
21330,3.33,False,3.33
21331,3.33,False,3.33
21332,3.33,False,3.33
21333,3.33,False,3.33
21334,3.33,False,3.33
21335,3.33,False,3.33
21336,3.33,False,3.33
21337,3.33,False,3.33
21338,3.33,False,3.33
21339,3.33,False,3.33
21340,3.33,False,3.33
21341,3.33,False,3.33
21342,3.33,False,3.33
21343,3.33,False,3.33
21344,3.33,False,3.33
21345,3.33,False,3.33
21346,3.33,False,3.33
21347,3.33,False,3.33
21348,3.33,False,3.33
21349,3.33,False,3.33
21350,3.33,False,3.33
21351,3.33,False,3.33
21352,3.33,False,3.33
21353,3.33,False,3.33
21354,3.33,False,3.33
21355,3.33,False,3.33
21356,3.33,False,3.33
21357,3.33,False,3.33
21358,3.33,False,3.33
21359,3.33,False,3.33
21360,3.33,False,3.33
21361,3.33,False,3.33
21362,3.33,False,3.33
21363,3.33,False,3.33
21364,3.33,False,3.33
21365,3.33,False,3.33
21366,3.33,False,3.33
21367,3.33,False,3.33
21368,3.33,False,3.33
21369,3.33,False,3.33
21370,3.33,False,3.33
21371,3.33,False,3.33
21372,3.33,False,3.33
21373,3.33,False,3.33
21374,3.33,False,3.33
21375,3.33,False,3.33
21376,3.33,False,3.33
21377,3.33,False,3.33
21378,3.33,False,3.33
21379,3.33,False,3.33
21380,3.33,False,3.33
21381,3.33,False,3.33
21382,3.33,False,3.33
21383,3.33,False,3.33
21384,3.33,False,3.33
21385,3.33,False,3.33
21386,3.33,False,3.33
21387,3.33,False,3.33
21388,3.33,False,3.33
21389,3.33,False,3.33
21390,3.33,False,3.33
21391,3.33,False,3.33
21392,3.33,False,3.33
21393,3.33,False,3.33
21394,3.33,False,3.33
21395,3.33,False,3.33
21396,3.33,False,3.33
21397,3.33,False,3.33
21398,3.33,False,3.33
21399,3.33,False,3.33
21400,3.33,False,3.33
21401,3.33,False,3.33
21402,3.33,False,3.33
21403,3.33,False,3.33
21404,3.33,False,3.33
21405,3.33,False,3.33
21406,3.33,False,3.33
21407,3.33,False,3.33
21408,4.17,False,3.498
21409,4.17,False,3.6659999999999995
21410,4.17,False,3.8340000000000005
21411,4.17,False,4.002
21412,4.17,False,4.17
21413,4.17,False,4.17
21414,4.17,False,4.17
21415,4.17,False,4.17
21416,4.17,False,4.17
21417,4.17,False,4.17
21418,4.17,False,4.17
21419,4.17,False,4.17
21420,4.17,False,4.17
21421,4.17,False,4.17
21422,4.17,False,4.17
21423,4.17,False,4.17
21424,4.17,False,4.17
21425,4.17,False,4.17
21426,4.17,False,4.17
21427,4.17,False,4.17
21428,4.17,False,4.17
21429,4.17,False,4.17
21430,4.17,False,4.17
21431,4.17,False,4.17
21432,4.17,False,4.17
21433,4.17,False,4.17
21434,4.17,False,4.17
21435,4.17,False,4.17
21436,4.17,False,4.17
21437,4.17,False,4.17
21438,4.17,False,4.17
21439,4.17,False,4.17
21440,4.17,False,4.17
21441,4.17,False,4.17
21442,4.17,False,4.17
21443,4.17,False,4.17
21444,4.17,False,4.17
21445,4.17,False,4.17
21446,4.17,False,4.17
21447,4.17,False,4.17
21448,4.17,False,4.17
21449,4.17,False,4.17
21450,4.17,False,4.17
21451,4.17,False,4.17
21452,4.17,False,4.17
21453,4.17,False,4.17
21454,4.17,False,4.17
21455,4.17,False,4.17
21456,4.17,False,4.17
21457,4.17,False,4.17
21458,4.17,False,4.17
21459,4.17,False,4.17
21460,4.17,False,4.17
21461,4.17,False,4.17
21462,4.17,False,4.17
21463,4.17,False,4.17
21464,4.17,False,4.17
21465,4.17,False,4.17
21466,4.17,False,4.17
21467,4.17,False,4.17
21468,4.17,False,4.17
21469,4.17,False,4.17
21470,4.17,False,4.17
21471,4.17,False,4.17
21472,4.17,False,4.17
21473,4.17,False,4.17
21474,4.17,False,4.17
21475,4.17,False,4.17
21476,4.17,False,4.17
21477,4.17,False,4.17
21478,4.17,False,4.17
21479,4.17,False,4.17
21480,4.17,False,4.17
21481,4.17,False,4.17
21482,4.17,False,4.17
21483,4.17,False,4.17
21484,4.17,False,4.17
21485,4.17,False,4.17
21486,4.17,False,4.17
21487,4.17,False,4.17
21488,4.17,False,4.17
21489,4.17,False,4.17
21490,4.17,False,4.17
21491,4.17,False,4.17
21492,4.17,False,4.17
21493,4.17,False,4.17
21494,4.17,False,4.17
21495,4.17,False,4.17
21496,4.17,False,4.17
21497,4.17,False,4.17
21498,4.17,False,4.17
21499,4.17,False,4.17
21500,4.17,False,4.17
21501,4.17,False,4.17
21502,4.17,False,4.17
21503,4.17,False,4.17
21504,4.17,False,4.17
21505,4.17,False,4.17
21506,4.17,False,4.17
21507,4.17,False,4.17
21508,4.17,False,4.17
21509,4.17,False,4.17
21510,4.17,False,4.17
21511,4.17,False,4.17
21512,4.17,False,4.17
21513,4.17,False,4.17
21514,4.17,False,4.17
21515,4.17,False,4.17
21516,4.17,False,4.17
21517,4.17,False,4.17
21518,4.17,False,4.17
21519,4.17,False,4.17
21520,4.17,False,4.17
21521,4.17,False,4.17
21522,4.17,False,4.17
21523,4.17,False,4.17
21524,4.17,False,4.17
21525,4.17,False,4.17
21526,4.17,False,4.17
21527,4.17,False,4.17
21528,4.17,False,4.17
21529,4.17,False,4.17
21530,4.17,False,4.17
21531,4.17,False,4.17
21532,4.17,False,4.17
21533,4.17,False,4.17
21534,4.17,False,4.17
21535,4.17,False,4.17
21536,4.17,False,4.17
21537,4.17,False,4.17
21538,4.17,False,4.17
21539,4.17,False,4.17
21540,4.17,False,4.17
21541,4.17,False,4.17
21542,4.17,False,4.17
21543,4.17,False,4.17
21544,4.17,False,4.17
21545,4.17,False,4.17
21546,4.17,False,4.17
21547,4.17,False,4.17
21548,4.17,False,4.17
21549,4.17,False,4.17
21550,4.17,False,4.17
21551,4.17,False,4.17
21552,4.17,False,4.17
21553,4.17,False,4.17
21554,4.17,False,4.17
21555,4.17,False,4.17
21556,4.17,False,4.17
21557,4.17,False,4.17
21558,4.17,False,4.17
21559,4.17,False,4.17
21560,4.17,False,4.17
21561,4.17,False,4.17
21562,4.17,False,4.17
21563,4.17,False,4.17
21564,4.17,False,4.17
21565,4.17,False,4.17
21566,4.17,False,4.17
21567,4.17,False,4.17
21568,4.17,False,4.17
21569,4.17,False,4.17
21570,4.17,False,4.17
21571,4.17,False,4.17
21572,4.17,False,4.17
21573,4.17,False,4.17
21574,4.17,False,4.17
21575,4.17,False,4.17
21576,4.17,False,4.17
21577,4.17,False,4.17
21578,4.17,False,4.17
21579,4.17,False,4.17
21580,4.17,False,4.17
21581,4.17,False,4.17
21582,4.17,False,4.17
21583,4.17,False,4.17
21584,4.17,False,4.17
21585,4.17,False,4.17
21586,4.17,False,4.17
21587,4.17,False,4.17
21588,4.17,False,4.17
21589,4.17,False,4.17
21590,4.17,False,4.17
21591,4.17,False,4.17
21592,4.17,False,4.17
21593,4.17,False,4.17
21594,4.17,False,4.17
21595,4.17,False,4.17
21596,4.17,False,4.17
21597,4.17,False,4.17
21598,4.17,False,4.17
21599,4.17,False,4.17
21600,4.17,False,4.17
21601,4.17,False,4.17
21602,4.17,False,4.17
21603,4.17,False,4.17
21604,4.17,False,4.17
21605,4.17,False,4.17
21606,4.17,False,4.17
21607,4.17,False,4.17
21608,4.17,False,4.17
21609,4.17,False,4.17
21610,4.17,False,4.17
21611,4.17,False,4.17
21612,4.17,False,4.17
21613,4.17,False,4.17
21614,4.17,False,4.17
21615,4.17,False,4.17
21616,4.17,False,4.17
21617,4.17,False,4.17
21618,4.17,False,4.17
21619,4.17,False,4.17
21620,4.17,False,4.17
21621,4.17,False,4.17
21622,4.17,False,4.17
21623,4.17,False,4.17
21624,4.17,False,4.17
21625,4.17,False,4.17
21626,4.17,False,4.17
21627,4.17,False,4.17
21628,4.17,False,4.17
21629,4.17,False,4.17
21630,4.17,False,4.17
21631,4.17,False,4.17
21632,4.17,False,4.17
21633,4.17,False,4.17
21634,4.17,False,4.17
21635,4.17,False,4.17
21636,4.17,False,4.17
21637,4.17,False,4.17
21638,4.17,False,4.17
21639,4.17,False,4.17
21640,4.17,False,4.17
21641,4.17,False,4.17
21642,4.17,False,4.17
21643,4.17,False,4.17
21644,4.17,False,4.17
21645,4.17,False,4.17
21646,4.17,False,4.17
21647,4.17,False,4.17
21648,4.17,False,4.17
21649,4.17,False,4.17
21650,4.17,False,4.17
21651,4.17,False,4.17
21652,4.17,False,4.17
21653,4.17,False,4.17
21654,4.17,False,4.17
21655,4.17,False,4.17
21656,4.17,False,4.17
21657,4.17,False,4.17
21658,4.17,False,4.17
21659,4.17,False,4.17
21660,4.17,False,4.17
21661,4.17,False,4.17
21662,4.17,False,4.17
21663,4.17,False,4.17
21664,4.17,False,4.17
21665,4.17,False,4.17
21666,4.17,False,4.17
21667,4.17,False,4.17
21668,4.17,False,4.17
21669,4.17,False,4.17
21670,4.17,False,4.17
21671,4.17,False,4.17
21672,4.17,False,4.17
21673,4.17,False,4.17
21674,4.17,False,4.17
21675,4.17,False,4.17
21676,4.17,False,4.17
21677,4.17,False,4.17
21678,4.17,False,4.17
21679,4.17,False,4.17
21680,4.17,False,4.17
21681,4.17,False,4.17
21682,4.17,False,4.17
21683,4.17,False,4.17
21684,4.17,False,4.17
21685,4.17,False,4.17
21686,4.17,False,4.17
21687,4.17,False,4.17
21688,4.17,False,4.17
21689,4.17,False,4.17
21690,4.17,False,4.17
21691,4.17,False,4.17
21692,4.17,False,4.17
21693,4.17,False,4.17
21694,4.17,False,4.17
21695,4.17,False,4.17
21696,4.17,False,4.17
21697,4.17,False,4.17
21698,4.17,False,4.17
21699,4.17,False,4.17
21700,4.17,False,4.17
21701,4.17,False,4.17
21702,4.17,False,4.17
21703,4.17,False,4.17
21704,4.17,False,4.17
21705,4.17,False,4.17
21706,4.17,False,4.17
21707,4.17,False,4.17
21708,4.17,False,4.17
21709,4.17,False,4.17
21710,4.17,False,4.17
21711,4.17,False,4.17
21712,4.17,False,4.17
21713,4.17,False,4.17
21714,4.17,False,4.17
21715,4.17,False,4.17
21716,4.17,False,4.17
21717,4.17,False,4.17
21718,4.17,False,4.17
21719,4.17,False,4.17
21720,4.17,False,4.17
21721,4.17,False,4.17
21722,4.17,False,4.17
21723,4.17,False,4.17
21724,4.17,False,4.17
21725,4.17,False,4.17
21726,4.17,False,4.17
21727,4.17,False,4.17
21728,4.17,False,4.17
21729,4.17,False,4.17
21730,4.17,False,4.17
21731,4.17,False,4.17
21732,4.17,False,4.17
21733,4.17,False,4.17
21734,4.17,False,4.17
21735,4.17,False,4.17
21736,4.17,False,4.17
21737,4.17,False,4.17
21738,4.17,False,4.17
21739,4.17,False,4.17
21740,4.17,False,4.17
21741,4.17,False,4.17
21742,4.17,False,4.17
21743,4.17,False,4.17
21744,4.17,False,4.17
21745,4.17,False,4.17
21746,4.17,False,4.17
21747,4.17,False,4.17
21748,4.17,False,4.17
21749,4.17,False,4.17
21750,4.17,False,4.17
21751,4.17,False,4.17
21752,4.17,False,4.17
21753,4.17,False,4.17
21754,4.17,False,4.17
21755,4.17,False,4.17
21756,4.17,False,4.17
21757,4.17,False,4.17
21758,4.17,False,4.17
21759,4.17,False,4.17
21760,4.17,False,4.17
21761,4.17,False,4.17
21762,4.17,False,4.17
21763,4.17,False,4.17
21764,4.17,False,4.17
21765,4.17,False,4.17
21766,4.17,False,4.17
21767,4.17,False,4.17
21768,4.17,False,4.17
21769,4.17,False,4.17
21770,4.17,False,4.17
21771,4.17,False,4.17
21772,4.17,False,4.17
21773,4.17,False,4.17
21774,4.17,False,4.17
21775,4.17,False,4.17
21776,4.17,False,4.17
21777,4.17,False,4.17
21778,4.17,False,4.17
21779,4.17,False,4.17
21780,4.17,False,4.17
21781,4.17,False,4.17
21782,4.17,False,4.17
21783,4.17,False,4.17
21784,4.17,False,4.17
21785,4.17,False,4.17
21786,4.17,False,4.17
21787,4.17,False,4.17
21788,4.17,False,4.17
21789,4.17,False,4.17
21790,4.17,False,4.17
21791,4.17,False,4.17
21792,4.17,False,4.17
21793,4.17,False,4.17
21794,4.17,False,4.17
21795,4.17,False,4.17
21796,4.17,False,4.17
21797,4.17,False,4.17
21798,4.17,False,4.17
21799,4.17,False,4.17
21800,4.17,False,4.17
21801,4.17,False,4.17
21802,4.17,False,4.17
21803,4.17,False,4.17
21804,4.17,False,4.17
21805,4.17,False,4.17
21806,4.17,False,4.17
21807,4.17,False,4.17
21808,4.17,False,4.17
21809,4.17,False,4.17
21810,4.17,False,4.17
21811,4.17,False,4.17
21812,4.17,False,4.17
21813,4.17,False,4.17
21814,4.17,False,4.17
21815,4.17,False,4.17
21816,4.17,False,4.17
21817,4.17,False,4.17
21818,4.17,False,4.17
21819,4.17,False,4.17
21820,4.17,False,4.17
21821,4.17,False,4.17
21822,4.17,False,4.17
21823,4.17,False,4.17
21824,4.17,False,4.17
21825,4.17,False,4.17
21826,4.17,False,4.17
21827,4.17,False,4.17
21828,4.17,False,4.17
21829,4.17,False,4.17
21830,4.17,False,4.17
21831,4.17,False,4.17
21832,4.17,False,4.17
21833,4.17,False,4.17
21834,4.17,False,4.17
21835,4.17,False,4.17
21836,4.17,False,4.17
21837,4.17,False,4.17
21838,4.17,False,4.17
21839,4.17,False,4.17
21840,4.17,False,4.17
21841,4.17,False,4.17
21842,4.17,False,4.17
21843,4.17,False,4.17
21844,4.17,False,4.17
21845,4.17,False,4.17
21846,4.17,False,4.17
21847,4.17,False,4.17
21848,4.17,False,4.17
21849,4.17,False,4.17
21850,4.17,False,4.17
21851,4.17,False,4.17
21852,4.17,False,4.17
21853,4.17,False,4.17
21854,4.17,False,4.17
21855,4.17,False,4.17
21856,4.17,False,4.17
21857,4.17,False,4.17
21858,4.17,False,4.17
21859,4.17,False,4.17
21860,4.17,False,4.17
21861,4.17,False,4.17
21862,4.17,False,4.17
21863,4.17,False,4.17
21864,4.17,False,4.17
21865,4.17,False,4.17
21866,4.17,False,4.17
21867,4.17,False,4.17
21868,4.17,False,4.17
21869,4.17,False,4.17
21870,4.17,False,4.17
21871,4.17,False,4.17
21872,4.17,False,4.17
21873,4.17,False,4.17
21874,4.17,False,4.17
21875,4.17,False,4.17
21876,4.17,False,4.17
21877,4.17,False,4.17
21878,4.17,False,4.17
21879,4.17,False,4.17
21880,4.17,False,4.17
21881,4.17,False,4.17
21882,4.17,False,4.17
21883,4.17,False,4.17
21884,4.17,False,4.17
21885,4.17,False,4.17
21886,4.17,False,4.17
21887,4.17,False,4.17
21888,4.17,False,4.17
21889,4.17,False,4.17
21890,4.17,False,4.17
21891,4.17,False,4.17
21892,4.17,False,4.17
21893,4.17,False,4.17
21894,4.17,False,4.17
21895,4.17,False,4.17
21896,4.17,False,4.17
21897,4.17,False,4.17
21898,4.17,False,4.17
21899,4.17,False,4.17
21900,4.17,False,4.17
21901,4.17,False,4.17
21902,4.17,False,4.17
21903,4.17,False,4.17
21904,4.17,False,4.17
21905,4.17,False,4.17
21906,4.17,False,4.17
21907,4.17,False,4.17
21908,4.17,False,4.17
21909,4.17,False,4.17
21910,4.17,False,4.17
21911,4.17,False,4.17
21912,4.17,False,4.17
21913,4.17,False,4.17
21914,4.17,False,4.17
21915,4.17,False,4.17
21916,4.17,False,4.17
21917,4.17,False,4.17
21918,4.17,False,4.17
21919,4.17,False,4.17
21920,4.17,False,4.17
21921,4.17,False,4.17
21922,4.17,False,4.17
21923,4.17,False,4.17
21924,4.17,False,4.17
21925,4.17,False,4.17
21926,4.17,False,4.17
21927,4.17,False,4.17
21928,4.17,False,4.17
21929,4.17,False,4.17
21930,4.17,False,4.17
21931,4.17,False,4.17
21932,4.17,False,4.17
21933,4.17,False,4.17
21934,4.17,False,4.17
21935,4.17,False,4.17
21936,4.17,False,4.17
21937,4.17,False,4.17
21938,4.17,False,4.17
21939,4.17,False,4.17
21940,4.17,False,4.17
21941,4.17,False,4.17
21942,4.17,False,4.17
21943,4.17,False,4.17
21944,4.17,False,4.17
21945,4.17,False,4.17
21946,4.17,False,4.17
21947,4.17,False,4.17
21948,4.17,False,4.17
21949,4.17,False,4.17
21950,4.17,False,4.17
21951,4.17,False,4.17
21952,4.17,False,4.17
21953,4.17,False,4.17
21954,4.17,False,4.17
21955,4.17,False,4.17
21956,4.17,False,4.17
21957,4.17,False,4.17
21958,4.17,False,4.17
21959,4.17,False,4.17
21960,4.17,False,4.17
21961,4.17,False,4.17
21962,4.17,False,4.17
21963,4.17,False,4.17
21964,4.17,False,4.17
21965,4.17,False,4.17
21966,4.17,False,4.17
21967,4.17,False,4.17
21968,4.17,False,4.17
21969,4.17,False,4.17
21970,4.17,False,4.17
21971,4.17,False,4.17
21972,4.17,False,4.17
21973,4.17,False,4.17
21974,4.17,False,4.17
21975,4.17,False,4.17
21976,4.17,False,4.17
21977,4.17,False,4.17
21978,4.17,False,4.17
21979,4.17,False,4.17
21980,4.17,False,4.17
21981,4.17,False,4.17
21982,4.17,False,4.17
21983,4.17,False,4.17
21984,4.17,False,4.17
21985,4.17,False,4.17
21986,4.17,False,4.17
21987,4.17,False,4.17
21988,4.17,False,4.17
21989,4.17,False,4.17
21990,4.17,False,4.17
21991,4.17,False,4.17
21992,4.17,False,4.17
21993,4.17,False,4.17
21994,4.17,False,4.17
21995,4.17,False,4.17
21996,4.17,False,4.17
21997,4.17,False,4.17
21998,4.17,False,4.17
21999,4.17,False,4.17
22000,4.17,False,4.17
22001,4.17,False,4.17
22002,4.17,False,4.17
22003,4.17,False,4.17
22004,4.17,False,4.17
22005,4.17,False,4.17
22006,4.17,False,4.17
22007,4.17,False,4.17
22008,4.17,False,4.17
22009,4.17,False,4.17
22010,4.17,False,4.17
22011,4.17,False,4.17
22012,4.17,False,4.17
22013,4.17,False,4.17
22014,4.17,False,4.17
22015,4.17,False,4.17
22016,4.17,False,4.17
22017,4.17,False,4.17
22018,4.17,False,4.17
22019,4.17,False,4.17
22020,4.17,False,4.17
22021,4.17,False,4.17
22022,4.17,False,4.17
22023,4.17,False,4.17
22024,4.17,False,4.17
22025,4.17,False,4.17
22026,4.17,False,4.17
22027,4.17,False,4.17
22028,4.17,False,4.17
22029,4.17,False,4.17
22030,4.17,False,4.17
22031,4.17,False,4.17
22032,4.17,False,4.17
22033,4.17,False,4.17
22034,4.17,False,4.17
22035,4.17,False,4.17
22036,4.17,False,4.17
22037,4.17,False,4.17
22038,4.17,False,4.17
22039,4.17,False,4.17
22040,4.17,False,4.17
22041,4.17,False,4.17
22042,4.17,False,4.17
22043,4.17,False,4.17
22044,4.17,False,4.17
22045,4.17,False,4.17
22046,4.17,False,4.17
22047,4.17,False,4.17
22048,4.17,False,4.17
22049,4.17,False,4.17
22050,4.17,False,4.17
22051,4.17,False,4.17
22052,4.17,False,4.17
22053,4.17,False,4.17
22054,4.17,False,4.17
22055,4.17,False,4.17
22056,4.17,False,4.17
22057,4.17,False,4.17
22058,4.17,False,4.17
22059,4.17,False,4.17
22060,4.17,False,4.17
22061,4.17,False,4.17
22062,4.17,False,4.17
22063,4.17,False,4.17
22064,4.17,False,4.17
22065,4.17,False,4.17
22066,4.17,False,4.17
22067,4.17,False,4.17
22068,4.17,False,4.17
22069,4.17,False,4.17
22070,4.17,False,4.17
22071,4.17,False,4.17
22072,4.17,False,4.17
22073,4.17,False,4.17
22074,4.17,False,4.17
22075,4.17,False,4.17
22076,4.17,False,4.17
22077,4.17,False,4.17
22078,4.17,False,4.17
22079,4.17,False,4.17
22080,4.17,False,4.17
22081,4.17,False,4.17
22082,4.17,False,4.17
22083,4.17,False,4.17
22084,4.17,False,4.17
22085,4.17,False,4.17
22086,4.17,False,4.17
22087,4.17,False,4.17
22088,4.17,False,4.17
22089,4.17,False,4.17
22090,4.17,False,4.17
22091,4.17,False,4.17
22092,4.17,False,4.17
22093,4.17,False,4.17
22094,4.17,False,4.17
22095,4.17,False,4.17
22096,4.17,False,4.17
22097,4.17,False,4.17
22098,4.17,False,4.17
22099,4.17,False,4.17
22100,4.17,False,4.17
22101,4.17,False,4.17
22102,4.17,False,4.17
22103,4.17,False,4.17
22104,4.17,False,4.17
22105,4.17,False,4.17
22106,4.17,False,4.17
22107,4.17,False,4.17
22108,4.17,False,4.17
22109,4.17,False,4.17
22110,4.17,False,4.17
22111,4.17,False,4.17
22112,4.17,False,4.17
22113,4.17,False,4.17
22114,4.17,False,4.17
22115,4.17,False,4.17
22116,4.17,False,4.17
22117,4.17,False,4.17
22118,4.17,False,4.17
22119,4.17,False,4.17
22120,4.17,False,4.17
22121,4.17,False,4.17
22122,4.17,False,4.17
22123,4.17,False,4.17
22124,4.17,False,4.17
22125,4.17,False,4.17
22126,4.17,False,4.17
22127,4.17,False,4.17
22128,4.17,False,4.17
22129,4.17,False,4.17
22130,4.17,False,4.17
22131,4.17,False,4.17
22132,4.17,False,4.17
22133,4.17,False,4.17
22134,4.17,False,4.17
22135,4.17,False,4.17
22136,4.17,False,4.17
22137,4.17,False,4.17
22138,4.17,False,4.17
22139,4.17,False,4.17
22140,4.17,False,4.17
22141,4.17,False,4.17
22142,4.17,False,4.17
22143,4.17,False,4.17
22144,4.17,False,4.17
22145,4.17,False,4.17
22146,4.17,False,4.17
22147,4.17,False,4.17
22148,4.17,False,4.17
22149,4.17,False,4.17
22150,4.17,False,4.17
22151,4.17,False,4.17
22152,4.17,False,4.17
22153,4.17,False,4.17
22154,4.17,False,4.17
22155,4.17,False,4.17
22156,4.17,False,4.17
22157,4.17,False,4.17
22158,4.17,False,4.17
22159,4.17,False,4.17
22160,4.17,False,4.17
22161,4.17,False,4.17
22162,4.17,False,4.17
22163,4.17,False,4.17
22164,4.17,False,4.17
22165,4.17,False,4.17
22166,4.17,False,4.17
22167,4.17,False,4.17
22168,4.17,False,4.17
22169,4.17,False,4.17
22170,4.17,False,4.17
22171,4.17,False,4.17
22172,4.17,False,4.17
22173,4.17,False,4.17
22174,4.17,False,4.17
22175,4.17,False,4.17
22176,4.17,False,4.17
22177,4.17,False,4.17
22178,4.17,False,4.17
22179,4.17,False,4.17
22180,4.17,False,4.17
22181,4.17,False,4.17
22182,4.17,False,4.17
22183,4.17,False,4.17
22184,4.17,False,4.17
22185,4.17,False,4.17
22186,4.17,False,4.17
22187,4.17,False,4.17
22188,4.17,False,4.17
22189,4.17,False,4.17
22190,4.17,False,4.17
22191,4.17,False,4.17
22192,4.17,False,4.17
22193,4.17,False,4.17
22194,4.17,False,4.17
22195,4.17,False,4.17
22196,4.17,False,4.17
22197,4.17,False,4.17
22198,4.17,False,4.17
22199,4.17,False,4.17
22200,4.17,False,4.17
22201,4.17,False,4.17
22202,4.17,False,4.17
22203,4.17,False,4.17
22204,4.17,False,4.17
22205,4.17,False,4.17
22206,4.17,False,4.17
22207,4.17,False,4.17
22208,4.17,False,4.17
22209,4.17,False,4.17
22210,4.17,False,4.17
22211,4.17,False,4.17
22212,4.17,False,4.17
22213,4.17,False,4.17
22214,4.17,False,4.17
22215,4.17,False,4.17
22216,4.17,False,4.17
22217,4.17,False,4.17
22218,4.17,False,4.17
22219,4.17,False,4.17
22220,4.17,False,4.17
22221,4.17,False,4.17
22222,4.17,False,4.17
22223,4.17,False,4.17
22224,4.17,False,4.17
22225,4.17,False,4.17
22226,4.17,False,4.17
22227,4.17,False,4.17
22228,4.17,False,4.17
22229,4.17,False,4.17
22230,4.17,False,4.17
22231,4.17,False,4.17
22232,4.17,False,4.17
22233,4.17,False,4.17
22234,4.17,False,4.17
22235,4.17,False,4.17
22236,4.17,False,4.17
22237,4.17,False,4.17
22238,4.17,False,4.17
22239,4.17,False,4.17
22240,4.17,False,4.17
22241,4.17,False,4.17
22242,4.17,False,4.17
22243,4.17,False,4.17
22244,4.17,False,4.17
22245,4.17,False,4.17
22246,4.17,False,4.17
22247,4.17,False,4.17
22248,4.17,False,4.17
22249,4.17,False,4.17
22250,4.17,False,4.17
22251,4.17,False,4.17
22252,4.17,False,4.17
22253,4.17,False,4.17
22254,4.17,False,4.17
22255,4.17,False,4.17
22256,4.17,False,4.17
22257,4.17,False,4.17
22258,4.17,False,4.17
22259,4.17,False,4.17
22260,4.17,False,4.17
22261,4.17,False,4.17
22262,4.17,False,4.17
22263,4.17,False,4.17
22264,4.17,False,4.17
22265,4.17,False,4.17
22266,4.17,False,4.17
22267,4.17,False,4.17
22268,4.17,False,4.17
22269,4.17,False,4.17
22270,4.17,False,4.17
22271,4.17,False,4.17
22272,4.17,False,4.17
22273,4.17,False,4.17
22274,4.17,False,4.17
22275,5.0,False,4.336
22276,5.0,False,4.502
22277,5.0,False,4.668
22278,5.0,False,4.8340000000000005
22279,5.0,False,5.0
22280,5.0,False,5.0
22281,5.0,False,5.0
22282,5.0,False,5.0
22283,5.0,False,5.0
22284,5.0,False,5.0
22285,5.0,False,5.0
22286,5.0,False,5.0
22287,5.0,False,5.0
22288,5.0,False,5.0
22289,5.0,False,5.0
22290,5.0,False,5.0
22291,5.0,False,5.0
22292,5.0,False,5.0
22293,5.0,False,5.0
22294,5.0,False,5.0
22295,5.0,False,5.0
22296,5.0,False,5.0
22297,5.0,False,5.0
22298,5.0,False,5.0
22299,5.0,False,5.0
22300,5.0,False,5.0
22301,5.0,False,5.0
22302,5.0,False,5.0
22303,5.0,False,5.0
22304,5.0,False,5.0
22305,5.0,False,5.0
22306,4.17,False,4.8340000000000005
22307,4.17,False,4.668
22308,4.17,False,4.502
22309,4.17,False,4.336
22310,4.17,False,4.17
22311,4.17,False,4.17
22312,4.17,False,4.17
22313,4.17,False,4.17
22314,4.17,False,4.17
22315,4.17,False,4.17
22316,4.17,False,4.17
22317,4.17,False,4.17
22318,4.17,False,4.17
22319,4.17,False,4.17
22320,4.17,False,4.17
22321,4.17,False,4.17
22322,4.17,False,4.17
22323,4.17,False,4.17
22324,4.17,False,4.17
22325,4.17,False,4.17
22326,4.17,False,4.17
22327,4.17,False,4.17
22328,4.17,False,4.17
22329,4.17,False,4.17
22330,4.17,False,4.17
22331,4.17,False,4.17
22332,4.17,False,4.17
22333,4.17,False,4.17
22334,4.17,False,4.17
22335,4.17,False,4.17
22336,4.17,False,4.17
22337,4.17,False,4.17
22338,4.17,False,4.17
22339,4.17,False,4.17
22340,4.17,False,4.17
22341,4.17,False,4.17
22342,4.17,False,4.17
22343,4.17,False,4.17
22344,4.17,False,4.17
22345,4.17,False,4.17
22346,4.17,False,4.17
22347,4.17,False,4.17
22348,4.17,False,4.17
22349,4.17,False,4.17
22350,4.17,False,4.17
22351,4.17,False,4.17
22352,4.17,False,4.17
22353,4.17,False,4.17
22354,4.17,False,4.17
22355,4.17,False,4.17
22356,4.17,False,4.17
22357,4.17,False,4.17
22358,4.17,False,4.17
22359,4.17,False,4.17
22360,4.17,False,4.17
22361,4.17,False,4.17
22362,4.17,False,4.17
22363,4.17,False,4.17
22364,4.17,False,4.17
22365,4.17,False,4.17
22366,4.17,False,4.17
22367,4.17,False,4.17
22368,4.17,False,4.17
22369,4.17,False,4.17
22370,4.17,False,4.17
22371,4.17,False,4.17
22372,4.17,False,4.17
22373,4.17,False,4.17
22374,4.17,False,4.17
22375,4.17,False,4.17
22376,4.17,False,4.17
22377,4.17,False,4.17
22378,4.17,False,4.17
22379,4.17,False,4.17
22380,4.17,False,4.17
22381,4.17,False,4.17
22382,4.17,False,4.17
22383,4.17,False,4.17
22384,4.17,False,4.17
22385,4.17,False,4.17
22386,4.17,False,4.17
22387,4.17,False,4.17
22388,4.17,False,4.17
22389,4.17,False,4.17
22390,4.17,False,4.17
22391,4.17,False,4.17
22392,4.17,False,4.17
22393,4.17,False,4.17
22394,4.17,False,4.17
22395,4.17,False,4.17
22396,4.17,False,4.17
22397,4.17,False,4.17
22398,4.17,False,4.17
22399,4.17,False,4.17
22400,4.17,False,4.17
22401,4.17,False,4.17
22402,4.17,False,4.17
22403,4.17,False,4.17
22404,4.17,False,4.17
22405,4.17,False,4.17
22406,4.17,False,4.17
22407,4.17,False,4.17
22408,4.17,False,4.17
22409,4.17,False,4.17
22410,4.17,False,4.17
22411,4.17,False,4.17
22412,4.17,False,4.17
22413,4.17,False,4.17
22414,4.17,False,4.17
22415,4.17,False,4.17
22416,4.17,False,4.17
22417,4.17,False,4.17
22418,4.17,False,4.17
22419,4.17,False,4.17
22420,4.17,False,4.17
22421,4.17,False,4.17
22422,4.17,False,4.17
22423,4.17,False,4.17
22424,4.17,False,4.17
22425,4.17,False,4.17
22426,4.17,False,4.17
22427,4.17,False,4.17
22428,4.17,False,4.17
22429,4.17,False,4.17
22430,4.17,False,4.17
22431,4.17,False,4.17
22432,4.17,False,4.17
22433,4.17,False,4.17
22434,4.17,False,4.17
22435,4.17,False,4.17
22436,4.17,False,4.17
22437,4.17,False,4.17
22438,4.17,False,4.17
22439,4.17,False,4.17
22440,4.17,False,4.17
22441,4.17,False,4.17
22442,4.17,False,4.17
22443,4.17,False,4.17
22444,4.17,False,4.17
22445,4.17,False,4.17
22446,4.17,False,4.17
22447,4.17,False,4.17
22448,4.17,False,4.17
22449,4.17,False,4.17
22450,4.17,False,4.17
22451,4.17,False,4.17
22452,4.17,False,4.17
22453,4.17,False,4.17
22454,4.17,False,4.17
22455,4.17,False,4.17
22456,4.17,False,4.17
22457,4.17,False,4.17
22458,4.17,False,4.17
22459,4.17,False,4.17
22460,4.17,False,4.17
22461,4.17,False,4.17
22462,4.17,False,4.17
22463,4.17,False,4.17
22464,4.17,False,4.17
22465,4.17,False,4.17
22466,4.17,False,4.17
22467,4.17,False,4.17
22468,4.17,False,4.17
22469,4.17,False,4.17
22470,4.17,False,4.17
22471,4.17,False,4.17
22472,4.17,False,4.17
22473,4.17,False,4.17
22474,4.17,False,4.17
22475,4.17,False,4.17
22476,4.17,False,4.17
22477,4.17,False,4.17
22478,4.17,False,4.17
22479,4.17,False,4.17
22480,4.17,False,4.17
22481,4.17,False,4.17
22482,4.17,False,4.17
22483,4.17,False,4.17
22484,4.17,False,4.17
22485,4.17,False,4.17
22486,4.17,False,4.17
22487,4.17,False,4.17
22488,4.17,False,4.17
22489,4.17,False,4.17
22490,4.17,False,4.17
22491,4.17,False,4.17
22492,4.17,False,4.17
22493,4.17,False,4.17
22494,4.17,False,4.17
22495,4.17,False,4.17
22496,4.17,False,4.17
22497,4.17,False,4.17
22498,4.17,False,4.17
22499,4.17,False,4.17
22500,4.17,False,4.17
22501,4.17,False,4.17
22502,4.17,False,4.17
22503,4.17,False,4.17
22504,4.17,False,4.17
22505,4.17,False,4.17
22506,4.17,False,4.17
22507,4.17,False,4.17
22508,4.17,False,4.17
22509,4.17,False,4.17
22510,4.17,False,4.17
22511,4.17,False,4.17
22512,4.17,False,4.17
22513,4.17,False,4.17
22514,4.17,False,4.17
22515,4.17,False,4.17
22516,4.17,False,4.17
22517,4.17,False,4.17
22518,4.17,False,4.17
22519,4.17,False,4.17
22520,4.17,False,4.17
22521,4.17,False,4.17
22522,4.17,False,4.17
22523,4.17,False,4.17
22524,4.17,False,4.17
22525,4.17,False,4.17
22526,4.17,False,4.17
22527,4.17,False,4.17
22528,4.17,False,4.17
22529,4.17,False,4.17
22530,4.17,False,4.17
22531,4.17,False,4.17
22532,4.17,False,4.17
22533,4.17,False,4.17
22534,4.17,False,4.17
22535,4.17,False,4.17
22536,4.17,False,4.17
22537,4.17,False,4.17
22538,4.17,False,4.17
22539,4.17,False,4.17
22540,4.17,False,4.17
22541,4.17,False,4.17
22542,4.17,False,4.17
22543,4.17,False,4.17
22544,4.17,False,4.17
22545,4.17,False,4.17
22546,4.17,False,4.17
22547,4.17,False,4.17
22548,4.17,False,4.17
22549,4.17,False,4.17
22550,4.17,False,4.17
22551,4.17,False,4.17
22552,4.17,False,4.17
22553,4.17,False,4.17
22554,4.17,False,4.17
22555,4.17,False,4.17
22556,4.17,False,4.17
22557,4.17,False,4.17
22558,4.17,False,4.17
22559,4.17,False,4.17
22560,4.17,False,4.17
22561,4.17,False,4.17
22562,4.17,False,4.17
22563,4.17,False,4.17
22564,4.17,False,4.17
22565,4.17,False,4.17
22566,4.17,False,4.17
22567,4.17,False,4.17
22568,4.17,False,4.17
22569,4.17,False,4.17
22570,4.17,False,4.17
22571,4.17,False,4.17
22572,4.17,False,4.17
22573,4.17,False,4.17
22574,4.17,False,4.17
22575,4.17,False,4.17
22576,4.17,False,4.17
22577,4.17,False,4.17
22578,4.17,False,4.17
22579,4.17,False,4.17
22580,4.17,False,4.17
22581,4.17,False,4.17
22582,4.17,False,4.17
22583,4.17,False,4.17
22584,4.17,False,4.17
22585,4.17,False,4.17
22586,4.17,False,4.17
22587,4.17,False,4.17
22588,4.17,False,4.17
22589,4.17,False,4.17
22590,4.17,False,4.17
22591,4.17,False,4.17
22592,4.17,False,4.17
22593,4.17,False,4.17
22594,4.17,False,4.17
22595,4.17,False,4.17
22596,4.17,False,4.17
22597,4.17,False,4.17
22598,4.17,False,4.17
22599,4.17,False,4.17
22600,4.17,False,4.17
22601,4.17,False,4.17
22602,4.17,False,4.17
22603,4.17,False,4.17
22604,4.17,False,4.17
22605,4.17,False,4.17
22606,4.17,False,4.17
22607,4.17,False,4.17
22608,4.17,False,4.17
22609,4.17,False,4.17
22610,4.17,False,4.17
22611,4.17,False,4.17
22612,4.17,False,4.17
22613,4.17,False,4.17
22614,4.17,False,4.17
22615,4.17,False,4.17
22616,4.17,False,4.17
22617,4.17,False,4.17
22618,4.17,False,4.17
22619,4.17,False,4.17
22620,4.17,False,4.17
22621,4.17,False,4.17
22622,4.17,False,4.17
22623,4.17,False,4.17
22624,4.17,False,4.17
22625,4.17,False,4.17
22626,4.17,False,4.17
22627,4.17,False,4.17
22628,4.17,False,4.17
22629,4.17,False,4.17
22630,4.17,False,4.17
22631,4.17,False,4.17
22632,4.17,False,4.17
22633,4.17,False,4.17
22634,4.17,False,4.17
22635,4.17,False,4.17
22636,4.17,False,4.17
22637,4.17,False,4.17
22638,4.17,False,4.17
22639,4.17,False,4.17
22640,4.17,False,4.17
22641,4.17,False,4.17
22642,4.17,False,4.17
22643,4.17,False,4.17
22644,4.17,False,4.17
22645,4.17,False,4.17
22646,4.17,False,4.17
22647,4.17,False,4.17
22648,4.17,False,4.17
22649,4.17,False,4.17
22650,4.17,False,4.17
22651,4.17,False,4.17
22652,4.17,False,4.17
22653,4.17,False,4.17
22654,4.17,False,4.17
22655,4.17,False,4.17
22656,4.17,False,4.17
22657,4.17,False,4.17
22658,4.17,False,4.17
22659,4.17,False,4.17
22660,4.17,False,4.17
22661,4.17,False,4.17
22662,4.17,False,4.17
22663,4.17,False,4.17
22664,4.17,False,4.17
22665,4.17,False,4.17
22666,4.17,False,4.17
22667,4.17,False,4.17
22668,4.17,False,4.17
22669,4.17,False,4.17
22670,4.17,False,4.17
22671,4.17,False,4.17
22672,4.17,False,4.17
22673,4.17,False,4.17
22674,4.17,False,4.17
22675,4.17,False,4.17
22676,4.17,False,4.17
22677,4.17,False,4.17
22678,4.17,False,4.17
22679,4.17,False,4.17
22680,4.17,False,4.17
22681,4.17,False,4.17
22682,4.17,False,4.17
22683,4.17,False,4.17
22684,4.17,False,4.17
22685,4.17,False,4.17
22686,4.17,False,4.17
22687,4.17,False,4.17
22688,4.17,False,4.17
22689,4.17,False,4.17
22690,4.17,False,4.17
22691,4.17,False,4.17
22692,4.17,False,4.17
22693,4.17,False,4.17
22694,4.17,False,4.17
22695,4.17,False,4.17
22696,4.17,False,4.17
22697,4.17,False,4.17
22698,4.17,False,4.17
22699,4.17,False,4.17
22700,4.17,False,4.17
22701,4.17,False,4.17
22702,4.17,False,4.17
22703,4.17,False,4.17
22704,4.17,False,4.17
22705,4.17,False,4.17
22706,4.17,False,4.17
22707,4.17,False,4.17
22708,4.17,False,4.17
22709,4.17,False,4.17
22710,4.17,False,4.17
22711,4.17,False,4.17
22712,4.17,False,4.17
22713,4.17,False,4.17
22714,4.17,False,4.17
22715,4.17,False,4.17
22716,4.17,False,4.17
22717,4.17,False,4.17
22718,4.17,False,4.17
22719,4.17,False,4.17
22720,4.17,False,4.17
22721,4.17,False,4.17
22722,4.17,False,4.17
22723,4.17,False,4.17
22724,4.17,False,4.17
22725,4.17,False,4.17
22726,4.17,False,4.17
22727,4.17,False,4.17
22728,4.17,False,4.17
22729,4.17,False,4.17
22730,4.17,False,4.17
22731,4.17,False,4.17
22732,4.17,False,4.17
22733,4.17,False,4.17
22734,4.17,False,4.17
22735,4.17,False,4.17
22736,4.17,False,4.17
22737,4.17,False,4.17
22738,4.17,False,4.17
22739,4.17,False,4.17
22740,4.17,False,4.17
22741,4.17,False,4.17
22742,4.17,False,4.17
22743,4.17,False,4.17
22744,4.17,False,4.17
22745,4.17,False,4.17
22746,4.17,False,4.17
22747,4.17,False,4.17
22748,4.17,False,4.17
22749,4.17,False,4.17
22750,4.17,False,4.17
22751,4.17,False,4.17
22752,4.17,False,4.17
22753,4.17,False,4.17
22754,4.17,False,4.17
22755,4.17,False,4.17
22756,4.17,False,4.17
22757,4.17,False,4.17
22758,4.17,False,4.17
22759,4.17,False,4.17
22760,4.17,False,4.17
22761,4.17,False,4.17
22762,4.17,False,4.17
22763,4.17,False,4.17
22764,4.17,False,4.17
22765,4.17,False,4.17
22766,4.17,False,4.17
22767,4.17,False,4.17
22768,4.17,False,4.17
22769,4.17,False,4.17
22770,4.17,False,4.17
22771,4.17,False,4.17
22772,4.17,False,4.17
22773,4.17,False,4.17
22774,4.17,False,4.17
22775,4.17,False,4.17
22776,4.17,False,4.17
22777,4.17,False,4.17
22778,4.17,False,4.17
22779,4.17,False,4.17
22780,4.17,False,4.17
22781,4.17,False,4.17
22782,4.17,False,4.17
22783,4.17,False,4.17
22784,4.17,False,4.17
22785,4.17,False,4.17
22786,4.17,False,4.17
22787,4.17,False,4.17
22788,4.17,False,4.17
22789,4.17,False,4.17
22790,4.17,False,4.17
22791,4.17,False,4.17
22792,4.17,False,4.17
22793,4.17,False,4.17
22794,4.17,False,4.17
22795,4.17,False,4.17
22796,4.17,False,4.17
22797,4.17,False,4.17
22798,4.17,False,4.17
22799,4.17,False,4.17
22800,4.17,False,4.17
22801,4.17,False,4.17
22802,4.17,False,4.17
22803,4.17,False,4.17
22804,4.17,False,4.17
22805,4.17,False,4.17
22806,4.17,False,4.17
22807,4.17,False,4.17
22808,4.17,False,4.17
22809,4.17,False,4.17
22810,4.17,False,4.17
22811,4.17,False,4.17
22812,4.17,False,4.17
22813,4.17,False,4.17
22814,4.17,False,4.17
22815,4.17,False,4.17
22816,4.17,False,4.17
22817,4.17,False,4.17
22818,4.17,False,4.17
22819,4.17,False,4.17
22820,4.17,False,4.17
22821,4.17,False,4.17
22822,4.17,False,4.17
22823,4.17,False,4.17
22824,4.17,False,4.17
22825,4.17,False,4.17
22826,4.17,False,4.17
22827,4.17,False,4.17
22828,4.17,False,4.17
22829,4.17,False,4.17
22830,4.17,False,4.17
22831,4.17,False,4.17
22832,4.17,False,4.17
22833,4.17,False,4.17
22834,4.17,False,4.17
22835,4.17,False,4.17
22836,4.17,False,4.17
22837,4.17,False,4.17
22838,4.17,False,4.17
22839,4.17,False,4.17
22840,4.17,False,4.17
22841,4.17,False,4.17
22842,4.17,False,4.17
22843,4.17,False,4.17
22844,4.17,False,4.17
22845,4.17,False,4.17
22846,4.17,False,4.17
22847,4.17,False,4.17
22848,4.17,False,4.17
22849,4.17,False,4.17
22850,4.17,False,4.17
22851,4.17,False,4.17
22852,4.17,False,4.17
22853,4.17,False,4.17
22854,4.17,False,4.17
22855,4.17,False,4.17
22856,4.17,False,4.17
22857,4.17,False,4.17
22858,4.17,False,4.17
22859,4.17,False,4.17
22860,4.17,False,4.17
22861,4.17,False,4.17
22862,4.17,False,4.17
22863,4.17,False,4.17
22864,4.17,False,4.17
22865,4.17,False,4.17
22866,4.17,False,4.17
22867,4.17,False,4.17
22868,4.17,False,4.17
22869,4.17,False,4.17
22870,4.17,False,4.17
22871,4.17,False,4.17
22872,4.17,False,4.17
22873,4.17,False,4.17
22874,4.17,False,4.17
22875,4.17,False,4.17
22876,4.17,False,4.17
22877,4.17,False,4.17
22878,4.17,False,4.17
22879,4.17,False,4.17
22880,4.17,False,4.17
22881,4.17,False,4.17
22882,4.17,False,4.17
22883,4.17,False,4.17
22884,4.17,False,4.17
22885,4.17,False,4.17
22886,4.17,False,4.17
22887,4.17,False,4.17
22888,4.17,False,4.17
22889,4.17,False,4.17
22890,4.17,False,4.17
22891,4.17,False,4.17
22892,4.17,False,4.17
22893,4.17,False,4.17
22894,4.17,False,4.17
22895,4.17,False,4.17
22896,4.17,False,4.17
22897,4.17,False,4.17
22898,4.17,False,4.17
22899,4.17,False,4.17
22900,4.17,False,4.17
22901,4.17,False,4.17
22902,4.17,False,4.17
22903,4.17,False,4.17
22904,4.17,False,4.17
22905,4.17,False,4.17
22906,4.17,False,4.17
22907,4.17,False,4.17
22908,4.17,False,4.17
22909,4.17,False,4.17
22910,4.17,False,4.17
22911,4.17,False,4.17
22912,4.17,False,4.17
22913,4.17,False,4.17
22914,4.17,False,4.17
22915,4.17,False,4.17
22916,4.17,False,4.17
22917,4.17,False,4.17
22918,4.17,False,4.17
22919,4.17,False,4.17
22920,4.17,False,4.17
22921,4.17,False,4.17
22922,4.17,False,4.17
22923,4.17,False,4.17
22924,4.17,False,4.17
22925,4.17,False,4.17
22926,4.17,False,4.17
22927,4.17,False,4.17
22928,4.17,False,4.17
22929,4.17,False,4.17
22930,4.17,False,4.17
22931,4.17,False,4.17
22932,4.17,False,4.17
22933,4.17,False,4.17
22934,4.17,False,4.17
22935,4.17,False,4.17
22936,4.17,False,4.17
22937,4.17,False,4.17
22938,4.17,False,4.17
22939,4.17,False,4.17
22940,4.17,False,4.17
22941,4.17,False,4.17
22942,4.17,False,4.17
22943,4.17,False,4.17
22944,4.17,False,4.17
22945,4.17,False,4.17
22946,4.17,False,4.17
22947,4.17,False,4.17
22948,4.17,False,4.17
22949,4.17,False,4.17
22950,4.17,False,4.17
22951,4.17,False,4.17
22952,4.17,False,4.17
22953,4.17,False,4.17
22954,4.17,False,4.17
22955,4.17,False,4.17
22956,4.17,False,4.17
22957,4.17,False,4.17
22958,4.17,False,4.17
22959,4.17,False,4.17
22960,4.17,False,4.17
22961,4.17,False,4.17
22962,4.17,False,4.17
22963,4.17,False,4.17
22964,4.17,False,4.17
22965,4.17,False,4.17
22966,4.17,False,4.17
22967,4.17,False,4.17
22968,4.17,False,4.17
22969,4.17,False,4.17
22970,4.17,False,4.17
22971,4.17,False,4.17
22972,4.17,False,4.17
22973,4.17,False,4.17
22974,4.17,False,4.17
22975,4.17,False,4.17
22976,4.17,False,4.17
22977,4.17,False,4.17
22978,4.17,False,4.17
22979,4.17,False,4.17
22980,4.17,False,4.17
22981,4.17,False,4.17
22982,4.17,False,4.17
22983,4.17,False,4.17
22984,4.17,False,4.17
22985,4.17,False,4.17
22986,4.17,False,4.17
22987,4.17,False,4.17
22988,4.17,False,4.17
22989,4.17,False,4.17
22990,4.17,False,4.17
22991,4.17,False,4.17
22992,4.17,False,4.17
22993,4.17,False,4.17
22994,4.17,False,4.17
22995,4.17,False,4.17
22996,4.17,False,4.17
22997,4.17,False,4.17
22998,4.17,False,4.17
22999,4.17,False,4.17
23000,4.17,False,4.17
23001,4.17,False,4.17
23002,4.17,False,4.17
23003,4.17,False,4.17
23004,4.17,False,4.17
23005,4.17,False,4.17
23006,4.17,False,4.17
23007,4.17,False,4.17
23008,4.17,False,4.17
23009,4.17,False,4.17
23010,4.17,False,4.17
23011,4.17,False,4.17
23012,4.17,False,4.17
23013,4.17,False,4.17
23014,4.17,False,4.17
23015,4.17,False,4.17
23016,4.17,False,4.17
23017,4.17,False,4.17
23018,4.17,False,4.17
23019,4.17,False,4.17
23020,4.17,False,4.17
23021,4.17,False,4.17
23022,4.17,False,4.17
23023,4.17,False,4.17
23024,4.17,False,4.17
23025,4.17,False,4.17
23026,4.17,False,4.17
23027,4.17,False,4.17
23028,4.17,False,4.17
23029,4.17,False,4.17
23030,4.17,False,4.17
23031,4.17,False,4.17
23032,4.17,False,4.17
23033,4.17,False,4.17
23034,4.17,False,4.17
23035,4.17,False,4.17
23036,4.17,False,4.17
23037,4.17,False,4.17
23038,4.17,False,4.17
23039,4.17,False,4.17
23040,4.17,False,4.17
23041,4.17,False,4.17
23042,4.17,False,4.17
23043,4.17,False,4.17
23044,4.17,False,4.17
23045,4.17,False,4.17
23046,4.17,False,4.17
23047,4.17,False,4.17
23048,4.17,False,4.17
23049,4.17,False,4.17
23050,4.17,False,4.17
23051,4.17,False,4.17
23052,4.17,False,4.17
23053,4.17,False,4.17
23054,4.17,False,4.17
23055,4.17,False,4.17
23056,4.17,False,4.17
23057,4.17,False,4.17
23058,4.17,False,4.17
23059,4.17,False,4.17
23060,4.17,False,4.17
23061,4.17,False,4.17
23062,4.17,False,4.17
23063,4.17,False,4.17
23064,4.17,False,4.17
23065,4.17,False,4.17
23066,4.17,False,4.17
23067,4.17,False,4.17
23068,4.17,False,4.17
23069,4.17,False,4.17
23070,4.17,False,4.17
23071,4.17,False,4.17
23072,4.17,False,4.17
23073,4.17,False,4.17
23074,4.17,False,4.17
23075,4.17,False,4.17
23076,4.17,False,4.17
23077,4.17,False,4.17
23078,4.17,False,4.17
23079,4.17,False,4.17
23080,4.17,False,4.17
23081,4.17,False,4.17
23082,4.17,False,4.17
23083,4.17,False,4.17
23084,4.17,False,4.17
23085,4.17,False,4.17
23086,4.17,False,4.17
23087,4.17,False,4.17
23088,4.17,False,4.17
23089,4.17,False,4.17
23090,4.17,False,4.17
23091,4.17,False,4.17
23092,4.17,False,4.17
23093,4.17,False,4.17
23094,4.17,False,4.17
23095,4.17,False,4.17
23096,4.17,False,4.17
23097,4.17,False,4.17
23098,4.17,False,4.17
23099,4.17,False,4.17
23100,4.17,False,4.17
23101,4.17,False,4.17
23102,4.17,False,4.17
23103,4.17,False,4.17
23104,4.17,False,4.17
23105,4.17,False,4.17
23106,4.17,False,4.17
23107,4.17,False,4.17
23108,4.17,False,4.17
23109,4.17,False,4.17
23110,4.17,False,4.17
23111,4.17,False,4.17
23112,4.17,False,4.17
23113,4.17,False,4.17
23114,4.17,False,4.17
23115,4.17,False,4.17
23116,4.17,False,4.17
23117,4.17,False,4.17
23118,4.17,False,4.17
23119,4.17,False,4.17
23120,4.17,False,4.17
23121,4.17,False,4.17
23122,4.17,False,4.17
23123,4.17,False,4.17
23124,4.17,False,4.17
23125,4.17,False,4.17
23126,4.17,False,4.17
23127,4.17,False,4.17
23128,4.17,False,4.17
23129,4.17,False,4.17
23130,4.17,False,4.17
23131,4.17,False,4.17
23132,4.17,False,4.17
23133,4.17,False,4.17
23134,4.17,False,4.17
23135,4.17,False,4.17
23136,4.17,False,4.17
23137,4.17,False,4.17
23138,4.17,False,4.17
23139,4.17,False,4.17
23140,4.17,False,4.17
23141,4.17,False,4.17
23142,4.17,False,4.17
23143,4.17,False,4.17
23144,4.17,False,4.17
23145,4.17,False,4.17
23146,4.17,False,4.17
23147,4.17,False,4.17
23148,4.17,False,4.17
23149,4.17,False,4.17
23150,4.17,False,4.17
23151,4.17,False,4.17
23152,4.17,False,4.17
23153,4.17,False,4.17
23154,4.17,False,4.17
23155,4.17,False,4.17
23156,4.17,False,4.17
23157,4.17,False,4.17
23158,4.17,False,4.17
23159,4.17,False,4.17
23160,4.17,False,4.17
23161,4.17,False,4.17
23162,4.17,False,4.17
23163,4.17,False,4.17
23164,4.17,False,4.17
23165,4.17,False,4.17
23166,4.17,False,4.17
23167,4.17,False,4.17
23168,4.17,False,4.17
23169,4.17,False,4.17
23170,4.17,False,4.17
23171,4.17,False,4.17
23172,4.17,False,4.17
23173,4.17,False,4.17
23174,4.17,False,4.17
23175,4.17,False,4.17
23176,4.17,False,4.17
23177,4.17,False,4.17
23178,4.17,False,4.17
23179,4.17,False,4.17
23180,4.17,False,4.17
23181,4.17,False,4.17
23182,4.17,False,4.17
23183,4.17,False,4.17
23184,4.17,False,4.17
23185,4.17,False,4.17
23186,4.17,False,4.17
23187,4.17,False,4.17
23188,4.17,False,4.17
23189,4.17,False,4.17
23190,4.17,False,4.17
23191,4.17,False,4.17
23192,4.17,False,4.17
23193,4.17,False,4.17
23194,4.17,False,4.17
23195,4.17,False,4.17
23196,4.17,False,4.17
23197,4.17,False,4.17
23198,4.17,False,4.17
23199,4.17,False,4.17
23200,4.17,False,4.17
23201,4.17,False,4.17
23202,4.17,False,4.17
23203,4.17,False,4.17
23204,4.17,False,4.17
23205,4.17,False,4.17
23206,4.17,False,4.17
23207,4.17,False,4.17
23208,4.17,False,4.17
23209,4.17,False,4.17
23210,4.17,False,4.17
23211,4.17,False,4.17
23212,4.17,False,4.17
23213,4.17,False,4.17
23214,4.17,False,4.17
23215,4.17,False,4.17
23216,4.17,False,4.17
23217,4.17,False,4.17
23218,4.17,False,4.17
23219,4.17,False,4.17
23220,4.17,False,4.17
23221,4.17,False,4.17
23222,4.17,False,4.17
23223,4.17,False,4.17
23224,4.17,False,4.17
23225,4.17,False,4.17
23226,4.17,False,4.17
23227,4.17,False,4.17
23228,4.17,False,4.17
23229,4.17,False,4.17
23230,4.17,False,4.17
23231,4.17,False,4.17
23232,4.17,False,4.17
23233,4.17,False,4.17
23234,4.17,False,4.17
23235,4.17,False,4.17
23236,4.17,False,4.17
23237,4.17,False,4.17
23238,4.17,False,4.17
23239,4.17,False,4.17
23240,4.17,False,4.17
23241,4.17,False,4.17
23242,4.17,False,4.17
23243,4.17,False,4.17
23244,4.17,False,4.17
23245,4.17,False,4.17
23246,4.17,False,4.17
23247,4.17,False,4.17
23248,4.17,False,4.17
23249,4.17,False,4.17
23250,4.17,False,4.17
23251,4.17,False,4.17
23252,4.17,False,4.17
23253,4.17,False,4.17
23254,4.17,False,4.17
23255,4.17,False,4.17
23256,4.17,False,4.17
23257,4.17,False,4.17
23258,4.17,False,4.17
23259,4.17,False,4.17
23260,4.17,False,4.17
23261,4.17,False,4.17
23262,4.17,False,4.17
23263,4.17,False,4.17
23264,4.17,False,4.17
23265,4.17,False,4.17
23266,4.17,False,4.17
23267,4.17,False,4.17
23268,4.17,False,4.17
23269,4.17,False,4.17
23270,4.17,False,4.17
23271,4.17,False,4.17
23272,4.17,False,4.17
23273,4.17,False,4.17
23274,4.17,False,4.17
23275,4.17,False,4.17
23276,4.17,False,4.17
23277,4.17,False,4.17
23278,4.17,False,4.17
23279,4.17,False,4.17
23280,4.17,False,4.17
23281,4.17,False,4.17
23282,4.17,False,4.17
23283,4.17,False,4.17
23284,4.17,False,4.17
23285,4.17,False,4.17
23286,4.17,False,4.17
23287,4.17,False,4.17
23288,4.17,False,4.17
23289,4.17,False,4.17
23290,4.17,False,4.17
23291,4.17,False,4.17
23292,4.17,False,4.17
23293,4.17,False,4.17
23294,4.17,False,4.17
23295,4.17,False,4.17
23296,4.17,False,4.17
23297,4.17,False,4.17
23298,4.17,False,4.17
23299,4.17,False,4.17
23300,4.17,False,4.17
23301,4.17,False,4.17
23302,4.17,False,4.17
23303,4.17,False,4.17
23304,4.17,False,4.17
23305,4.17,False,4.17
23306,4.17,False,4.17
23307,4.17,False,4.17
23308,4.17,False,4.17
23309,4.17,False,4.17
23310,4.17,False,4.17
23311,4.17,False,4.17
23312,4.17,False,4.17
23313,4.17,False,4.17
23314,4.17,False,4.17
23315,4.17,False,4.17
23316,4.17,False,4.17
23317,4.17,False,4.17
23318,4.17,False,4.17
23319,4.17,False,4.17
23320,4.17,False,4.17
23321,4.17,False,4.17
23322,4.17,False,4.17
23323,4.17,False,4.17
23324,4.17,False,4.17
23325,4.17,False,4.17
23326,4.17,False,4.17
23327,4.17,False,4.17
23328,4.17,False,4.17
23329,4.17,False,4.17
23330,4.17,False,4.17
23331,4.17,False,4.17
23332,4.17,False,4.17
23333,4.17,False,4.17
23334,4.17,False,4.17
23335,4.17,False,4.17
23336,4.17,False,4.17
23337,4.17,False,4.17
23338,4.17,False,4.17
23339,4.17,False,4.17
23340,4.17,False,4.17
23341,4.17,False,4.17
23342,4.17,False,4.17
23343,4.17,False,4.17
23344,4.17,False,4.17
23345,4.17,False,4.17
23346,4.17,False,4.17
23347,4.17,False,4.17
23348,4.17,False,4.17
23349,4.17,False,4.17
23350,4.17,False,4.17
23351,4.17,False,4.17
23352,4.17,False,4.17
23353,4.17,False,4.17
23354,4.17,False,4.17
23355,4.17,False,4.17
23356,4.17,False,4.17
23357,4.17,False,4.17
23358,4.17,False,4.17
23359,4.17,False,4.17
23360,4.17,False,4.17
23361,4.17,False,4.17
23362,4.17,False,4.17
23363,4.17,False,4.17
23364,4.17,False,4.17
23365,4.17,False,4.17
23366,4.17,False,4.17
23367,4.17,False,4.17
23368,4.17,False,4.17
23369,4.17,False,4.17
23370,4.17,False,4.17
23371,4.17,False,4.17
23372,4.17,False,4.17
23373,4.17,False,4.17
23374,4.17,False,4.17
23375,4.17,False,4.17
23376,4.17,False,4.17
23377,4.17,False,4.17
23378,4.17,False,4.17
23379,4.17,False,4.17
23380,4.17,False,4.17
23381,4.17,False,4.17
23382,4.17,False,4.17
23383,4.17,False,4.17
23384,4.17,False,4.17
23385,4.17,False,4.17
23386,4.17,False,4.17
23387,4.17,False,4.17
23388,4.17,False,4.17
23389,4.17,False,4.17
23390,4.17,False,4.17
23391,4.17,False,4.17
23392,4.17,False,4.17
23393,4.17,False,4.17
23394,4.17,False,4.17
23395,4.17,False,4.17
23396,4.17,False,4.17
23397,4.17,False,4.17
23398,4.17,False,4.17
23399,4.17,False,4.17
23400,4.17,False,4.17
23401,4.17,False,4.17
23402,4.17,False,4.17
23403,4.17,False,4.17
23404,4.17,False,4.17
23405,4.17,False,4.17
23406,4.17,False,4.17
23407,4.17,False,4.17
23408,4.17,False,4.17
23409,4.17,False,4.17
23410,4.17,False,4.17
23411,4.17,False,4.17
23412,4.17,False,4.17
23413,4.17,False,4.17
23414,4.17,False,4.17
23415,4.17,False,4.17
23416,4.17,False,4.17
23417,4.17,False,4.17
23418,4.17,False,4.17
23419,4.17,False,4.17
23420,4.17,False,4.17
23421,4.17,False,4.17
23422,4.17,False,4.17
23423,4.17,False,4.17
23424,4.17,False,4.17
23425,4.17,False,4.17
23426,4.17,False,4.17
23427,4.17,False,4.17
23428,4.17,False,4.17
23429,4.17,False,4.17
23430,4.17,False,4.17
23431,4.17,False,4.17
23432,4.17,False,4.17
23433,4.17,False,4.17
23434,4.17,False,4.17
23435,4.17,False,4.17
23436,4.17,False,4.17
23437,4.17,False,4.17
23438,4.17,False,4.17
23439,4.17,False,4.17
23440,4.17,False,4.17
23441,4.17,False,4.17
23442,4.17,False,4.17
23443,4.17,False,4.17
23444,4.17,False,4.17
23445,4.17,False,4.17
23446,4.17,False,4.17
23447,4.17,False,4.17
23448,4.17,False,4.17
23449,4.17,False,4.17
23450,4.17,False,4.17
23451,4.17,False,4.17
23452,4.17,False,4.17
23453,4.17,False,4.17
23454,4.17,False,4.17
23455,4.17,False,4.17
23456,4.17,False,4.17
23457,4.17,False,4.17
23458,4.17,False,4.17
23459,4.17,False,4.17
23460,4.17,False,4.17
23461,4.17,False,4.17
23462,4.17,False,4.17
23463,4.17,False,4.17
23464,4.17,False,4.17
23465,4.17,False,4.17
23466,4.17,False,4.17
23467,4.17,False,4.17
23468,4.17,False,4.17
23469,4.17,False,4.17
23470,4.17,False,4.17
23471,4.17,False,4.17
23472,4.17,False,4.17
23473,4.17,False,4.17
23474,4.17,False,4.17
23475,4.17,False,4.17
23476,4.17,False,4.17
23477,4.17,False,4.17
23478,4.17,False,4.17
23479,4.17,False,4.17
23480,4.17,False,4.17
23481,4.17,False,4.17
23482,4.17,False,4.17
23483,4.17,False,4.17
23484,4.17,False,4.17
23485,4.17,False,4.17
23486,4.17,False,4.17
23487,4.17,False,4.17
23488,4.17,False,4.17
23489,4.17,False,4.17
23490,4.17,False,4.17
23491,4.17,False,4.17
23492,4.17,False,4.17
23493,4.17,False,4.17
23494,4.17,False,4.17
23495,4.17,False,4.17
23496,4.17,False,4.17
23497,4.17,False,4.17
23498,4.17,False,4.17
23499,4.17,False,4.17
23500,4.17,False,4.17
23501,4.17,False,4.17
23502,4.17,False,4.17
23503,4.17,False,4.17
23504,4.17,False,4.17
23505,4.17,False,4.17
23506,4.17,False,4.17
23507,4.17,False,4.17
23508,4.17,False,4.17
23509,4.17,False,4.17
23510,4.17,False,4.17
23511,4.17,False,4.17
23512,4.17,False,4.17
23513,4.17,False,4.17
23514,4.17,False,4.17
23515,4.17,False,4.17
23516,4.17,False,4.17
23517,4.17,False,4.17
23518,4.17,False,4.17
23519,4.17,False,4.17
23520,4.17,False,4.17
23521,4.17,False,4.17
23522,4.17,False,4.17
23523,4.17,False,4.17
23524,4.17,False,4.17
23525,4.17,False,4.17
23526,4.17,False,4.17
23527,4.17,False,4.17
23528,4.17,False,4.17
23529,4.17,False,4.17
23530,4.17,False,4.17
23531,4.17,False,4.17
23532,4.17,False,4.17
23533,4.17,False,4.17
23534,4.17,False,4.17
23535,4.17,False,4.17
23536,4.17,False,4.17
23537,4.17,False,4.17
23538,3.33,False,4.002
23539,3.33,False,3.8340000000000005
23540,3.33,False,3.6659999999999995
23541,3.33,False,3.498
23542,3.33,False,3.33
23543,3.33,False,3.33
23544,3.33,False,3.33
23545,3.33,False,3.33
23546,3.33,False,3.33
23547,3.33,False,3.33
23548,3.33,False,3.33
23549,3.33,False,3.33
23550,3.33,False,3.33
23551,3.33,False,3.33
23552,3.33,False,3.33
23553,4.17,False,3.498
23554,4.17,False,3.6659999999999995
23555,4.17,False,3.8340000000000005
23556,4.17,False,4.002
23557,4.17,False,4.17
23558,4.17,False,4.17
23559,4.17,False,4.17
23560,4.17,False,4.17
23561,4.17,False,4.17
23562,4.17,False,4.17
23563,4.17,False,4.17
23564,4.17,False,4.17
23565,4.17,False,4.17
23566,4.17,False,4.17
23567,4.17,False,4.17
23568,4.17,False,4.17
23569,4.17,False,4.17
23570,4.17,False,4.17
23571,4.17,False,4.17
23572,4.17,False,4.17
23573,4.17,False,4.17
23574,4.17,False,4.17
23575,4.17,False,4.17
23576,4.17,False,4.17
23577,4.17,False,4.17
23578,4.17,False,4.17
23579,4.17,False,4.17
23580,4.17,False,4.17
23581,4.17,False,4.17
23582,4.17,False,4.17
23583,4.17,False,4.17
23584,4.17,False,4.17
23585,4.17,False,4.17
23586,4.17,False,4.17
23587,4.17,False,4.17
23588,4.17,False,4.17
23589,4.17,False,4.17
23590,4.17,False,4.17
23591,4.17,False,4.17
23592,4.17,False,4.17
23593,4.17,False,4.17
23594,4.17,False,4.17
23595,3.33,False,4.002
23596,3.33,False,3.8340000000000005
23597,3.33,False,3.6659999999999995
23598,3.33,False,3.498
23599,3.33,False,3.33
23600,3.33,False,3.33
23601,3.33,False,3.33
23602,3.33,False,3.33
23603,3.33,False,3.33
23604,3.33,False,3.33
23605,3.33,False,3.33
23606,3.33,False,3.33
23607,3.33,False,3.33
23608,3.33,False,3.33
23609,3.33,False,3.33
23610,3.33,False,3.33
23611,3.33,False,3.33
23612,3.33,False,3.33
23613,3.33,False,3.33
23614,3.33,False,3.33
23615,3.33,False,3.33
23616,3.33,False,3.33
23617,3.33,False,3.33
23618,3.33,False,3.33
23619,3.33,False,3.33
23620,3.33,False,3.33
23621,3.33,False,3.33
23622,3.33,False,3.33
23623,3.33,False,3.33
23624,3.33,False,3.33
23625,3.33,False,3.33
23626,3.33,False,3.33
23627,3.33,False,3.33
23628,3.33,False,3.33
23629,3.33,False,3.33
23630,3.33,False,3.33
23631,3.33,False,3.33
23632,3.33,False,3.33
23633,3.33,False,3.33
23634,3.33,False,3.33
23635,3.33,False,3.33
23636,3.33,False,3.33
23637,3.33,False,3.33
23638,3.33,False,3.33
23639,3.33,False,3.33
23640,3.33,False,3.33
23641,3.33,False,3.33
23642,3.33,False,3.33
23643,3.33,False,3.33
23644,3.33,False,3.33
23645,3.33,False,3.33
23646,3.33,False,3.33
23647,3.33,False,3.33
23648,3.33,False,3.33
23649,3.33,False,3.33
23650,3.33,False,3.33
23651,3.33,False,3.33
23652,3.33,False,3.33
23653,3.33,False,3.33
23654,3.33,False,3.33
23655,3.33,False,3.33
23656,3.33,False,3.33
23657,3.33,False,3.33
23658,3.33,False,3.33
23659,3.33,False,3.33
23660,3.33,False,3.33
23661,3.33,False,3.33
23662,3.33,False,3.33
23663,3.33,False,3.33
23664,3.33,False,3.33
23665,3.33,False,3.33
23666,3.33,False,3.33
23667,3.33,False,3.33
23668,3.33,False,3.33
23669,3.33,False,3.33
23670,3.33,False,3.33
23671,3.33,False,3.33
23672,3.33,False,3.33
23673,3.33,False,3.33
23674,3.33,False,3.33
23675,3.33,False,3.33
23676,3.33,False,3.33
23677,3.33,False,3.33
23678,3.33,False,3.33
23679,3.33,False,3.33
23680,3.33,False,3.33
23681,3.33,False,3.33
23682,3.33,False,3.33
23683,3.33,False,3.33
23684,3.33,False,3.33
23685,3.33,False,3.33
23686,3.33,False,3.33
23687,3.33,False,3.33
23688,3.33,False,3.33
23689,3.33,False,3.33
23690,3.33,False,3.33
23691,3.33,False,3.33
23692,3.33,False,3.33
23693,3.33,False,3.33
23694,3.33,False,3.33
23695,3.33,False,3.33
23696,3.33,False,3.33
23697,3.33,False,3.33
23698,3.33,False,3.33
23699,3.33,False,3.33
23700,3.33,False,3.33
23701,3.33,False,3.33
23702,3.33,False,3.33
23703,3.33,False,3.33
23704,3.33,False,3.33
23705,3.33,False,3.33
23706,3.33,False,3.33
23707,3.33,False,3.33
23708,3.33,False,3.33
23709,3.33,False,3.33
23710,3.33,False,3.33
23711,3.33,False,3.33
23712,3.33,False,3.33
23713,3.33,False,3.33
23714,3.33,False,3.33
23715,3.33,False,3.33
23716,3.33,False,3.33
23717,3.33,False,3.33
23718,3.33,False,3.33
23719,3.33,False,3.33
23720,3.33,False,3.33
23721,3.33,False,3.33
23722,3.33,False,3.33
23723,3.33,False,3.33
23724,3.33,False,3.33
23725,3.33,False,3.33
23726,3.33,False,3.33
23727,3.33,False,3.33
23728,3.33,False,3.33
23729,3.33,False,3.33
23730,3.33,False,3.33
23731,3.33,False,3.33
23732,3.33,False,3.33
23733,3.33,False,3.33
23734,3.33,False,3.33
23735,3.33,False,3.33
23736,3.33,False,3.33
23737,3.33,False,3.33
23738,3.33,False,3.33
23739,3.33,False,3.33
23740,3.33,False,3.33
23741,3.33,False,3.33
23742,3.33,False,3.33
23743,3.33,False,3.33
23744,3.33,False,3.33
23745,3.33,False,3.33
23746,3.33,False,3.33
23747,3.33,False,3.33
23748,3.33,False,3.33
23749,3.33,False,3.33
23750,3.33,False,3.33
23751,3.33,False,3.33
23752,3.33,False,3.33
23753,3.33,False,3.33
23754,3.33,False,3.33
23755,3.33,False,3.33
23756,3.33,False,3.33
23757,3.33,False,3.33
23758,3.33,False,3.33
23759,3.33,False,3.33
23760,3.33,False,3.33
23761,3.33,False,3.33
23762,3.33,False,3.33
23763,3.33,False,3.33
23764,3.33,False,3.33
23765,3.33,False,3.33
23766,3.33,False,3.33
23767,3.33,False,3.33
23768,3.33,False,3.33
23769,3.33,False,3.33
23770,3.33,False,3.33
23771,3.33,False,3.33
23772,3.33,False,3.33
23773,3.33,False,3.33
23774,3.33,False,3.33
23775,3.33,False,3.33
23776,3.33,False,3.33
23777,3.33,False,3.33
23778,3.33,False,3.33
23779,3.33,False,3.33
23780,3.33,False,3.33
23781,3.33,False,3.33
23782,3.33,False,3.33
23783,3.33,False,3.33
23784,3.33,False,3.33
23785,3.33,False,3.33
23786,3.33,False,3.33
23787,3.33,False,3.33
23788,3.33,False,3.33
23789,3.33,False,3.33
23790,3.33,False,3.33
23791,3.33,False,3.33
23792,3.33,False,3.33
23793,3.33,False,3.33
23794,3.33,False,3.33
23795,3.33,False,3.33
23796,3.33,False,3.33
23797,3.33,False,3.33
23798,3.33,False,3.33
23799,3.33,False,3.33
23800,3.33,False,3.33
23801,3.33,False,3.33
23802,3.33,False,3.33
23803,3.33,False,3.33
23804,3.33,False,3.33
23805,3.33,False,3.33
23806,3.33,False,3.33
23807,3.33,False,3.33
23808,3.33,False,3.33
23809,4.17,False,3.498
23810,4.17,False,3.6659999999999995
23811,4.17,False,3.8340000000000005
23812,4.17,False,4.002
23813,4.17,False,4.17
23814,4.17,False,4.17
23815,4.17,False,4.17
23816,4.17,False,4.17
23817,4.17,False,4.17
23818,4.17,False,4.17
23819,4.17,False,4.17
23820,4.17,False,4.17
23821,4.17,False,4.17
23822,4.17,False,4.17
23823,4.17,False,4.17
23824,4.17,False,4.17
23825,4.17,False,4.17
23826,4.17,False,4.17
23827,4.17,False,4.17
23828,4.17,False,4.17
23829,4.17,False,4.17
23830,4.17,False,4.17
23831,4.17,False,4.17
23832,4.17,False,4.17
23833,4.17,False,4.17
23834,4.17,False,4.17
23835,4.17,False,4.17
23836,4.17,False,4.17
23837,4.17,False,4.17
23838,4.17,False,4.17
23839,4.17,False,4.17
23840,4.17,False,4.17
23841,4.17,False,4.17
23842,4.17,False,4.17
23843,4.17,False,4.17
23844,4.17,False,4.17
23845,4.17,False,4.17
23846,4.17,False,4.17
23847,4.17,False,4.17
23848,4.17,False,4.17
23849,4.17,False,4.17
23850,4.17,False,4.17
23851,4.17,False,4.17
23852,4.17,False,4.17
23853,4.17,False,4.17
23854,4.17,False,4.17
23855,4.17,False,4.17
23856,4.17,False,4.17
23857,4.17,False,4.17
23858,4.17,False,4.17
23859,4.17,False,4.17
23860,4.17,False,4.17
23861,4.17,False,4.17
23862,4.17,False,4.17
23863,4.17,False,4.17
23864,4.17,False,4.17
23865,3.33,False,4.002
23866,3.33,False,3.8340000000000005
23867,3.33,False,3.6659999999999995
23868,3.33,False,3.498
23869,3.33,False,3.33
23870,3.33,False,3.33
23871,3.33,False,3.33
23872,3.33,False,3.33
23873,3.33,False,3.33
23874,3.33,False,3.33
23875,3.33,False,3.33
23876,3.33,False,3.33
23877,3.33,False,3.33
23878,3.33,False,3.33
23879,3.33,False,3.33
23880,3.33,False,3.33
23881,3.33,False,3.33
23882,3.33,False,3.33
23883,3.33,False,3.33
23884,3.33,False,3.33
23885,3.33,False,3.33
23886,3.33,False,3.33
23887,3.33,False,3.33
23888,3.33,False,3.33
23889,3.33,False,3.33
23890,3.33,False,3.33
23891,3.33,False,3.33
23892,3.33,False,3.33
23893,3.33,False,3.33
23894,3.33,False,3.33
23895,3.33,False,3.33
23896,3.33,False,3.33
23897,3.33,False,3.33
23898,3.33,False,3.33
23899,3.33,False,3.33
23900,3.33,False,3.33
23901,3.33,False,3.33
23902,3.33,False,3.33
23903,3.33,False,3.33
23904,3.33,False,3.33
23905,3.33,False,3.33
23906,3.33,False,3.33
23907,3.33,False,3.33
23908,3.33,False,3.33
23909,3.33,False,3.33
23910,3.33,False,3.33
23911,3.33,False,3.33
23912,3.33,False,3.33
23913,3.33,False,3.33
23914,3.33,False,3.33
23915,3.33,False,3.33
23916,3.33,False,3.33
23917,3.33,False,3.33
23918,3.33,False,3.33
23919,3.33,False,3.33
23920,3.33,False,3.33
23921,3.33,False,3.33
23922,3.33,False,3.33
23923,3.33,False,3.33
23924,3.33,False,3.33
23925,3.33,False,3.33
23926,3.33,False,3.33
23927,3.33,False,3.33
23928,3.33,False,3.33
23929,3.33,False,3.33
23930,3.33,False,3.33
23931,3.33,False,3.33
23932,3.33,False,3.33
23933,3.33,False,3.33
23934,3.33,False,3.33
23935,3.33,False,3.33
23936,3.33,False,3.33
23937,3.33,False,3.33
23938,3.33,False,3.33
23939,3.33,False,3.33
23940,3.33,False,3.33
23941,3.33,False,3.33
23942,3.33,False,3.33
23943,3.33,False,3.33
23944,3.33,False,3.33
23945,3.33,False,3.33
23946,3.33,False,3.33
23947,3.33,False,3.33
23948,3.33,False,3.33
23949,3.33,False,3.33
23950,3.33,False,3.33
23951,3.33,False,3.33
23952,3.33,False,3.33
23953,3.33,False,3.33
23954,3.33,False,3.33
23955,3.33,False,3.33
23956,3.33,False,3.33
23957,3.33,False,3.33
23958,3.33,False,3.33
23959,3.33,False,3.33
23960,3.33,False,3.33
23961,3.33,False,3.33
23962,3.33,False,3.33
23963,3.33,False,3.33
23964,3.33,False,3.33
23965,3.33,False,3.33
23966,3.33,False,3.33
23967,3.33,False,3.33
23968,3.33,False,3.33
23969,3.33,False,3.33
23970,3.33,False,3.33
23971,3.33,False,3.33
23972,3.33,False,3.33
23973,3.33,False,3.33
23974,3.33,False,3.33
23975,3.33,False,3.33
23976,3.33,False,3.33
23977,3.33,False,3.33
23978,3.33,False,3.33
23979,3.33,False,3.33
23980,3.33,False,3.33
23981,3.33,False,3.33
23982,3.33,False,3.33
23983,3.33,False,3.33
23984,3.33,False,3.33
23985,3.33,False,3.33
23986,3.33,False,3.33
23987,4.17,False,3.498
23988,4.17,False,3.6659999999999995
23989,4.17,False,3.8340000000000005
23990,4.17,False,4.002
23991,4.17,False,4.17
23992,4.17,False,4.17
23993,4.17,False,4.17
23994,4.17,False,4.17
23995,4.17,False,4.17
23996,4.17,False,4.17
23997,4.17,False,4.17
23998,4.17,False,4.17
23999,4.17,False,4.17
24000,4.17,False,4.17
24001,4.17,False,4.17
24002,4.17,False,4.17
24003,4.17,False,4.17
24004,4.17,False,4.17
24005,4.17,False,4.17
24006,4.17,False,4.17
24007,4.17,False,4.17
24008,4.17,False,4.17
24009,4.17,False,4.17
24010,4.17,False,4.17
24011,4.17,False,4.17
24012,4.17,False,4.17
24013,4.17,False,4.17
24014,4.17,False,4.17
24015,4.17,False,4.17
24016,4.17,False,4.17
24017,3.33,False,4.002
24018,3.33,False,3.8340000000000005
24019,3.33,False,3.6659999999999995
24020,3.33,False,3.498
24021,3.33,False,3.33
24022,3.33,False,3.33
24023,3.33,False,3.33
24024,3.33,False,3.33
24025,3.33,False,3.33
24026,3.33,False,3.33
24027,3.33,False,3.33
24028,3.33,False,3.33
24029,3.33,False,3.33
24030,3.33,False,3.33
24031,3.33,False,3.33
24032,3.33,False,3.33
24033,3.33,False,3.33
24034,3.33,False,3.33
24035,3.33,False,3.33
24036,3.33,False,3.33
24037,3.33,False,3.33
24038,3.33,False,3.33
24039,3.33,False,3.33
24040,3.33,False,3.33
24041,3.33,False,3.33
24042,3.33,False,3.33
24043,3.33,False,3.33
24044,3.33,False,3.33
24045,3.33,False,3.33
24046,3.33,False,3.33
24047,3.33,False,3.33
24048,3.33,False,3.33
24049,3.33,False,3.33
24050,3.33,False,3.33
24051,3.33,False,3.33
24052,3.33,False,3.33
24053,3.33,False,3.33
24054,3.33,False,3.33
24055,3.33,False,3.33
24056,3.33,False,3.33
24057,3.33,False,3.33
24058,3.33,False,3.33
24059,3.33,False,3.33
24060,3.33,False,3.33
24061,3.33,False,3.33
24062,3.33,False,3.33
24063,3.33,False,3.33
24064,3.33,False,3.33
24065,4.17,False,3.498
24066,4.17,False,3.6659999999999995
24067,4.17,False,3.8340000000000005
24068,4.17,False,4.002
24069,4.17,False,4.17
24070,4.17,False,4.17
24071,4.17,False,4.17
24072,4.17,False,4.17
24073,4.17,False,4.17
24074,4.17,False,4.17
24075,4.17,False,4.17
24076,4.17,False,4.17
24077,4.17,False,4.17
24078,4.17,False,4.17
24079,4.17,False,4.17
24080,4.17,False,4.17
24081,4.17,False,4.17
24082,4.17,False,4.17
24083,4.17,False,4.17
24084,4.17,False,4.17
24085,4.17,False,4.17
24086,4.17,False,4.17
24087,4.17,False,4.17
24088,4.17,False,4.17
24089,4.17,False,4.17
24090,4.17,False,4.17
24091,4.17,False,4.17
24092,4.17,False,4.17
24093,4.17,False,4.17
24094,4.17,False,4.17
24095,4.17,False,4.17
24096,4.17,False,4.17
24097,4.17,False,4.17
24098,4.17,False,4.17
24099,4.17,False,4.17
24100,4.17,False,4.17
24101,4.17,False,4.17
24102,4.17,False,4.17
24103,4.17,False,4.17
24104,4.17,False,4.17
24105,4.17,False,4.17
24106,4.17,False,4.17
24107,4.17,False,4.17
24108,4.17,False,4.17
24109,4.17,False,4.17
24110,4.17,False,4.17
24111,4.17,False,4.17
24112,4.17,False,4.17
24113,4.17,False,4.17
24114,4.17,False,4.17
24115,4.17,False,4.17
24116,4.17,False,4.17
24117,4.17,False,4.17
24118,4.17,False,4.17
24119,4.17,False,4.17
24120,4.17,False,4.17
24121,4.17,False,4.17
24122,4.17,False,4.17
24123,4.17,False,4.17
24124,4.17,False,4.17
24125,4.17,False,4.17
24126,4.17,False,4.17
24127,4.17,False,4.17
24128,4.17,False,4.17
24129,4.17,False,4.17
24130,4.17,False,4.17
24131,4.17,False,4.17
24132,4.17,False,4.17
24133,4.17,False,4.17
24134,4.17,False,4.17
24135,4.17,False,4.17
24136,4.17,False,4.17
24137,4.17,False,4.17
24138,4.17,False,4.17
24139,4.17,False,4.17
24140,4.17,False,4.17
24141,4.17,False,4.17
24142,4.17,False,4.17
24143,4.17,False,4.17
24144,4.17,False,4.17
24145,4.17,False,4.17
24146,4.17,False,4.17
24147,4.17,False,4.17
24148,4.17,False,4.17
24149,4.17,False,4.17
24150,4.17,False,4.17
24151,4.17,False,4.17
24152,4.17,False,4.17
24153,4.17,False,4.17
24154,4.17,False,4.17
24155,4.17,False,4.17
24156,4.17,False,4.17
24157,4.17,False,4.17
24158,4.17,False,4.17
24159,4.17,False,4.17
24160,4.17,False,4.17
24161,4.17,False,4.17
24162,4.17,False,4.17
24163,4.17,False,4.17
24164,4.17,False,4.17
24165,4.17,False,4.17
24166,4.17,False,4.17
24167,4.17,False,4.17
24168,4.17,False,4.17
24169,4.17,False,4.17
24170,4.17,False,4.17
24171,4.17,False,4.17
24172,4.17,False,4.17
24173,4.17,False,4.17
24174,4.17,False,4.17
24175,4.17,False,4.17
24176,4.17,False,4.17
24177,4.17,False,4.17
24178,4.17,False,4.17
24179,4.17,False,4.17
24180,4.17,False,4.17
24181,4.17,False,4.17
24182,4.17,False,4.17
24183,4.17,False,4.17
24184,4.17,False,4.17
24185,4.17,False,4.17
24186,4.17,False,4.17
24187,4.17,False,4.17
24188,4.17,False,4.17
24189,4.17,False,4.17
24190,4.17,False,4.17
24191,4.17,False,4.17
24192,4.17,False,4.17
24193,4.17,False,4.17
24194,4.17,False,4.17
24195,4.17,False,4.17
24196,4.17,False,4.17
24197,4.17,False,4.17
24198,4.17,False,4.17
24199,4.17,False,4.17
24200,4.17,False,4.17
24201,4.17,False,4.17
24202,4.17,False,4.17
24203,4.17,False,4.17
24204,4.17,False,4.17
24205,4.17,False,4.17
24206,4.17,False,4.17
24207,4.17,False,4.17
24208,4.17,False,4.17
24209,4.17,False,4.17
24210,4.17,False,4.17
24211,4.17,False,4.17
24212,4.17,False,4.17
24213,4.17,False,4.17
24214,4.17,False,4.17
24215,4.17,False,4.17
24216,4.17,False,4.17
24217,4.17,False,4.17
24218,4.17,False,4.17
24219,4.17,False,4.17
24220,4.17,False,4.17
24221,4.17,False,4.17
24222,4.17,False,4.17
24223,4.17,False,4.17
24224,4.17,False,4.17
24225,4.17,False,4.17
24226,4.17,False,4.17
24227,4.17,False,4.17
24228,4.17,False,4.17
24229,4.17,False,4.17
24230,4.17,False,4.17
24231,4.17,False,4.17
24232,4.17,False,4.17
24233,4.17,False,4.17
24234,4.17,False,4.17
24235,4.17,False,4.17
24236,4.17,False,4.17
24237,4.17,False,4.17
24238,4.17,False,4.17
24239,4.17,False,4.17
24240,4.17,False,4.17
24241,4.17,False,4.17
24242,4.17,False,4.17
24243,4.17,False,4.17
24244,4.17,False,4.17
24245,4.17,False,4.17
24246,4.17,False,4.17
24247,4.17,False,4.17
24248,4.17,False,4.17
24249,4.17,False,4.17
24250,4.17,False,4.17
24251,4.17,False,4.17
24252,4.17,False,4.17
24253,4.17,False,4.17
24254,4.17,False,4.17
24255,4.17,False,4.17
24256,4.17,False,4.17
24257,3.33,False,4.002
24258,3.33,False,3.8340000000000005
24259,3.33,False,3.6659999999999995
24260,3.33,False,3.498
24261,3.33,False,3.33
24262,3.33,False,3.33
24263,3.33,False,3.33
24264,3.33,False,3.33
24265,3.33,False,3.33
24266,3.33,False,3.33
24267,3.33,False,3.33
24268,3.33,False,3.33
24269,3.33,False,3.33
24270,3.33,False,3.33
24271,3.33,False,3.33
24272,3.33,False,3.33
24273,3.33,False,3.33
24274,3.33,False,3.33
24275,3.33,False,3.33
24276,3.33,False,3.33
24277,3.33,False,3.33
24278,3.33,False,3.33
24279,3.33,False,3.33
24280,3.33,False,3.33
24281,3.33,False,3.33
24282,3.33,False,3.33
24283,3.33,False,3.33
24284,3.33,False,3.33
24285,3.33,False,3.33
24286,3.33,False,3.33
24287,4.17,False,3.498
24288,4.17,False,3.6659999999999995
24289,4.17,False,3.8340000000000005
24290,4.17,False,4.002
24291,4.17,False,4.17
24292,4.17,False,4.17
24293,4.17,False,4.17
24294,4.17,False,4.17
24295,4.17,False,4.17
24296,4.17,False,4.17
24297,4.17,False,4.17
24298,4.17,False,4.17
24299,4.17,False,4.17
24300,4.17,False,4.17
24301,4.17,False,4.17
24302,4.17,False,4.17
24303,4.17,False,4.17
24304,4.17,False,4.17
24305,4.17,False,4.17
24306,4.17,False,4.17
24307,4.17,False,4.17
24308,4.17,False,4.17
24309,4.17,False,4.17
24310,4.17,False,4.17
24311,4.17,False,4.17
24312,4.17,False,4.17
24313,4.17,False,4.17
24314,4.17,False,4.17
24315,4.17,False,4.17
24316,4.17,False,4.17
24317,4.17,False,4.17
24318,4.17,False,4.17
24319,4.17,False,4.17
24320,4.17,False,4.17
24321,4.17,False,4.17
24322,4.17,False,4.17
24323,4.17,False,4.17
24324,4.17,False,4.17
24325,4.17,False,4.17
24326,4.17,False,4.17
24327,4.17,False,4.17
24328,4.17,False,4.17
24329,4.17,False,4.17
24330,4.17,False,4.17
24331,4.17,False,4.17
24332,4.17,False,4.17
24333,4.17,False,4.17
24334,4.17,False,4.17
24335,4.17,False,4.17
24336,4.17,False,4.17
24337,4.17,False,4.17
24338,4.17,False,4.17
24339,4.17,False,4.17
24340,4.17,False,4.17
24341,4.17,False,4.17
24342,4.17,False,4.17
24343,4.17,False,4.17
24344,4.17,False,4.17
24345,4.17,False,4.17
24346,4.17,False,4.17
24347,4.17,False,4.17
24348,4.17,False,4.17
24349,4.17,False,4.17
24350,4.17,False,4.17
24351,4.17,False,4.17
24352,4.17,False,4.17
24353,4.17,False,4.17
24354,4.17,False,4.17
24355,4.17,False,4.17
24356,4.17,False,4.17
24357,4.17,False,4.17
24358,4.17,False,4.17
24359,4.17,False,4.17
24360,4.17,False,4.17
24361,4.17,False,4.17
24362,4.17,False,4.17
24363,4.17,False,4.17
24364,4.17,False,4.17
24365,4.17,False,4.17
24366,4.17,False,4.17
24367,4.17,False,4.17
24368,4.17,False,4.17
24369,4.17,False,4.17
24370,4.17,False,4.17
24371,4.17,False,4.17
24372,4.17,False,4.17
24373,4.17,False,4.17
24374,4.17,False,4.17
24375,3.33,False,4.002
24376,3.33,False,3.8340000000000005
24377,3.33,False,3.6659999999999995
24378,3.33,False,3.498
24379,3.33,False,3.33
24380,3.33,False,3.33
24381,3.33,False,3.33
24382,3.33,False,3.33
24383,3.33,False,3.33
24384,3.33,False,3.33
24385,3.33,False,3.33
24386,3.33,False,3.33
24387,3.33,False,3.33
24388,3.33,False,3.33
24389,3.33,False,3.33
24390,3.33,False,3.33
24391,3.33,False,3.33
24392,3.33,False,3.33
24393,3.33,False,3.33
24394,3.33,False,3.33
24395,3.33,False,3.33
24396,3.33,False,3.33
24397,3.33,False,3.33
24398,3.33,False,3.33
24399,3.33,False,3.33
24400,3.33,False,3.33
24401,3.33,False,3.33
24402,3.33,False,3.33
24403,3.33,False,3.33
24404,3.33,False,3.33
24405,3.33,False,3.33
24406,3.33,False,3.33
24407,3.33,False,3.33
24408,3.33,False,3.33
24409,3.33,False,3.33
24410,3.33,False,3.33
24411,3.33,False,3.33
24412,3.33,False,3.33
24413,3.33,False,3.33
24414,3.33,False,3.33
24415,3.33,False,3.33
24416,3.33,False,3.33
24417,3.33,False,3.33
24418,3.33,False,3.33
24419,3.33,False,3.33
24420,3.33,False,3.33
24421,3.33,False,3.33
24422,3.33,False,3.33
24423,3.33,False,3.33
24424,3.33,False,3.33
24425,3.33,False,3.33
24426,3.33,False,3.33
24427,3.33,False,3.33
24428,3.33,False,3.33
24429,3.33,False,3.33
24430,3.33,False,3.33
24431,3.33,False,3.33
24432,3.33,False,3.33
24433,3.33,False,3.33
24434,3.33,False,3.33
24435,3.33,False,3.33
24436,3.33,False,3.33
24437,3.33,False,3.33
24438,3.33,False,3.33
24439,3.33,False,3.33
24440,3.33,False,3.33
24441,3.33,False,3.33
24442,3.33,False,3.33
24443,3.33,False,3.33
24444,3.33,False,3.33
24445,3.33,False,3.33
24446,3.33,False,3.33
24447,3.33,False,3.33
24448,3.33,False,3.33
24449,3.33,False,3.33
24450,3.33,False,3.33
24451,3.33,False,3.33
24452,3.33,False,3.33
24453,3.33,False,3.33
24454,3.33,False,3.33
24455,3.33,False,3.33
24456,3.33,False,3.33
24457,3.33,False,3.33
24458,3.33,False,3.33
24459,3.33,False,3.33
24460,3.33,False,3.33
24461,3.33,False,3.33
24462,3.33,False,3.33
24463,3.33,False,3.33
24464,3.33,False,3.33
24465,3.33,False,3.33
24466,3.33,False,3.33
24467,3.33,False,3.33
24468,3.33,False,3.33
24469,3.33,False,3.33
24470,3.33,False,3.33
24471,3.33,False,3.33
24472,3.33,False,3.33
24473,3.33,False,3.33
24474,3.33,False,3.33
24475,3.33,False,3.33
24476,3.33,False,3.33
24477,3.33,False,3.33
24478,3.33,False,3.33
24479,3.33,False,3.33
24480,3.33,False,3.33
24481,3.33,False,3.33
24482,3.33,False,3.33
24483,3.33,False,3.33
24484,3.33,False,3.33
24485,3.33,False,3.33
24486,3.33,False,3.33
24487,3.33,False,3.33
24488,3.33,False,3.33
24489,3.33,False,3.33
24490,3.33,False,3.33
24491,3.33,False,3.33
24492,3.33,False,3.33
24493,3.33,False,3.33
24494,3.33,False,3.33
24495,3.33,False,3.33
24496,3.33,False,3.33
24497,3.33,False,3.33
24498,3.33,False,3.33
24499,3.33,False,3.33
24500,3.33,False,3.33
24501,3.33,False,3.33
24502,3.33,False,3.33
24503,3.33,False,3.33
24504,3.33,False,3.33
24505,3.33,False,3.33
24506,3.33,False,3.33
24507,3.33,False,3.33
24508,3.33,False,3.33
24509,3.33,False,3.33
24510,3.33,False,3.33
24511,3.33,False,3.33
24512,3.33,False,3.33
24513,3.33,False,3.33
24514,3.33,False,3.33
24515,3.33,False,3.33
24516,3.33,False,3.33
24517,3.33,False,3.33
24518,3.33,False,3.33
24519,3.33,False,3.33
24520,3.33,False,3.33
24521,3.33,False,3.33
24522,3.33,False,3.33
24523,3.33,False,3.33
24524,3.33,False,3.33
24525,3.33,False,3.33
24526,3.33,False,3.33
24527,4.17,False,3.498
24528,4.17,False,3.6659999999999995
24529,4.17,False,3.8340000000000005
24530,4.17,False,4.002
24531,4.17,False,4.17
24532,4.17,False,4.17
24533,4.17,False,4.17
24534,4.17,False,4.17
24535,4.17,False,4.17
24536,4.17,False,4.17
24537,4.17,False,4.17
24538,4.17,False,4.17
24539,4.17,False,4.17
24540,4.17,False,4.17
24541,4.17,False,4.17
24542,4.17,False,4.17
24543,4.17,False,4.17
24544,4.17,False,4.17
24545,4.17,False,4.17
24546,4.17,False,4.17
24547,4.17,False,4.17
24548,4.17,False,4.17
24549,4.17,False,4.17
24550,4.17,False,4.17
24551,4.17,False,4.17
24552,4.17,False,4.17
24553,4.17,False,4.17
24554,4.17,False,4.17
24555,4.17,False,4.17
24556,4.17,False,4.17
24557,4.17,False,4.17
24558,4.17,False,4.17
24559,4.17,False,4.17
24560,4.17,False,4.17
24561,4.17,False,4.17
24562,4.17,False,4.17
24563,4.17,False,4.17
24564,4.17,False,4.17
24565,4.17,False,4.17
24566,4.17,False,4.17
24567,4.17,False,4.17
24568,4.17,False,4.17
24569,4.17,False,4.17
24570,4.17,False,4.17
24571,4.17,False,4.17
24572,4.17,False,4.17
24573,4.17,False,4.17
24574,4.17,False,4.17
24575,4.17,False,4.17
24576,4.17,False,4.17
24577,4.17,False,4.17
24578,4.17,False,4.17
24579,4.17,False,4.17
24580,4.17,False,4.17
24581,4.17,False,4.17
24582,4.17,False,4.17
24583,4.17,False,4.17
24584,4.17,False,4.17
24585,4.17,False,4.17
24586,4.17,False,4.17
24587,4.17,False,4.17
24588,4.17,False,4.17
24589,4.17,False,4.17
24590,4.17,False,4.17
24591,4.17,False,4.17
24592,4.17,False,4.17
24593,4.17,False,4.17
24594,4.17,False,4.17
24595,4.17,False,4.17
24596,4.17,False,4.17
24597,4.17,False,4.17
24598,4.17,False,4.17
24599,4.17,False,4.17
24600,4.17,False,4.17
24601,4.17,False,4.17
24602,4.17,False,4.17
24603,4.17,False,4.17
24604,4.17,False,4.17
24605,4.17,False,4.17
24606,4.17,False,4.17
24607,4.17,False,4.17
24608,4.17,False,4.17
24609,4.17,False,4.17
24610,4.17,False,4.17
24611,4.17,False,4.17
24612,4.17,False,4.17
24613,4.17,False,4.17
24614,4.17,False,4.17
24615,4.17,False,4.17
24616,4.17,False,4.17
24617,4.17,False,4.17
24618,4.17,False,4.17
24619,4.17,False,4.17
24620,4.17,False,4.17
24621,4.17,False,4.17
24622,4.17,False,4.17
24623,4.17,False,4.17
24624,4.17,False,4.17
24625,4.17,False,4.17
24626,4.17,False,4.17
24627,4.17,False,4.17
24628,4.17,False,4.17
24629,4.17,False,4.17
24630,4.17,False,4.17
24631,4.17,False,4.17
24632,4.17,False,4.17
24633,4.17,False,4.17
24634,4.17,False,4.17
24635,4.17,False,4.17
24636,4.17,False,4.17
24637,4.17,False,4.17
24638,4.17,False,4.17
24639,4.17,False,4.17
24640,4.17,False,4.17
24641,4.17,False,4.17
24642,4.17,False,4.17
24643,4.17,False,4.17
24644,4.17,False,4.17
24645,4.17,False,4.17
24646,4.17,False,4.17
24647,4.17,False,4.17
24648,4.17,False,4.17
24649,4.17,False,4.17
24650,4.17,False,4.17
24651,4.17,False,4.17
24652,4.17,False,4.17
24653,4.17,False,4.17
24654,4.17,False,4.17
24655,4.17,False,4.17
24656,4.17,False,4.17
24657,4.17,False,4.17
24658,4.17,False,4.17
24659,4.17,False,4.17
24660,4.17,False,4.17
24661,4.17,False,4.17
24662,4.17,False,4.17
24663,4.17,False,4.17
24664,4.17,False,4.17
24665,4.17,False,4.17
24666,4.17,False,4.17
24667,4.17,False,4.17
24668,4.17,False,4.17
24669,4.17,False,4.17
24670,4.17,False,4.17
24671,4.17,False,4.17
24672,4.17,False,4.17
24673,4.17,False,4.17
24674,4.17,False,4.17
24675,4.17,False,4.17
24676,3.33,False,4.002
24677,3.33,False,3.8340000000000005
24678,3.33,False,3.6659999999999995
24679,3.33,False,3.498
24680,3.33,False,3.33
24681,3.33,False,3.33
24682,3.33,False,3.33
24683,3.33,False,3.33
24684,3.33,False,3.33
24685,3.33,False,3.33
24686,3.33,False,3.33
24687,3.33,False,3.33
24688,3.33,False,3.33
24689,3.33,False,3.33
24690,3.33,False,3.33
24691,3.33,False,3.33
24692,3.33,False,3.33
24693,3.33,False,3.33
24694,3.33,False,3.33
24695,3.33,False,3.33
24696,3.33,False,3.33
24697,3.33,False,3.33
24698,3.33,False,3.33
24699,3.33,False,3.33
24700,3.33,False,3.33
24701,3.33,False,3.33
24702,3.33,False,3.33
24703,3.33,False,3.33
24704,3.33,False,3.33
24705,3.33,False,3.33
24706,3.33,False,3.33
24707,3.33,False,3.33
24708,3.33,False,3.33
24709,3.33,False,3.33
24710,3.33,False,3.33
24711,3.33,False,3.33
24712,3.33,False,3.33
24713,3.33,False,3.33
24714,3.33,False,3.33
24715,3.33,False,3.33
24716,3.33,False,3.33
24717,3.33,False,3.33
24718,3.33,False,3.33
24719,3.33,False,3.33
24720,3.33,False,3.33
24721,3.33,False,3.33
24722,3.33,False,3.33
24723,3.33,False,3.33
24724,3.33,False,3.33
24725,3.33,False,3.33
24726,3.33,False,3.33
24727,3.33,False,3.33
24728,3.33,False,3.33
24729,3.33,False,3.33
24730,3.33,False,3.33
24731,3.33,False,3.33
24732,3.33,False,3.33
24733,3.33,False,3.33
24734,3.33,False,3.33
24735,3.33,False,3.33
24736,4.17,False,3.498
24737,4.17,False,3.6659999999999995
24738,4.17,False,3.8340000000000005
24739,4.17,False,4.002
24740,4.17,False,4.17
24741,4.17,False,4.17
24742,4.17,False,4.17
24743,4.17,False,4.17
24744,4.17,False,4.17
24745,4.17,False,4.17
24746,4.17,False,4.17
24747,4.17,False,4.17
24748,4.17,False,4.17
24749,4.17,False,4.17
24750,4.17,False,4.17
24751,4.17,False,4.17
24752,4.17,False,4.17
24753,4.17,False,4.17
24754,4.17,False,4.17
24755,4.17,False,4.17
24756,4.17,False,4.17
24757,4.17,False,4.17
24758,4.17,False,4.17
24759,4.17,False,4.17
24760,4.17,False,4.17
24761,4.17,False,4.17
24762,4.17,False,4.17
24763,4.17,False,4.17
24764,4.17,False,4.17
24765,4.17,False,4.17
24766,4.17,False,4.17
24767,3.33,False,4.002
24768,3.33,False,3.8340000000000005
24769,3.33,False,3.6659999999999995
24770,3.33,False,3.498
24771,3.33,False,3.33
24772,3.33,False,3.33
24773,3.33,False,3.33
24774,3.33,False,3.33
24775,3.33,False,3.33
24776,3.33,False,3.33
24777,3.33,False,3.33
24778,3.33,False,3.33
24779,3.33,False,3.33
24780,3.33,False,3.33
24781,3.33,False,3.33
24782,3.33,False,3.33
24783,3.33,False,3.33
24784,3.33,False,3.33
24785,3.33,False,3.33
24786,3.33,False,3.33
24787,3.33,False,3.33
24788,3.33,False,3.33
24789,3.33,False,3.33
24790,3.33,False,3.33
24791,3.33,False,3.33
24792,3.33,False,3.33
24793,3.33,False,3.33
24794,3.33,False,3.33
24795,3.33,False,3.33
24796,3.33,False,3.33
24797,4.17,False,3.498
24798,4.17,False,3.6659999999999995
24799,4.17,False,3.8340000000000005
24800,4.17,False,4.002
24801,4.17,False,4.17
24802,4.17,False,4.17
24803,4.17,False,4.17
24804,4.17,False,4.17
24805,4.17,False,4.17
24806,4.17,False,4.17
24807,4.17,False,4.17
24808,4.17,False,4.17
24809,4.17,False,4.17
24810,4.17,False,4.17
24811,4.17,False,4.17
24812,4.17,False,4.17
24813,4.17,False,4.17
24814,4.17,False,4.17
24815,4.17,False,4.17
24816,4.17,False,4.17
24817,4.17,False,4.17
24818,4.17,False,4.17
24819,4.17,False,4.17
24820,4.17,False,4.17
24821,4.17,False,4.17
24822,4.17,False,4.17
24823,4.17,False,4.17
24824,4.17,False,4.17
24825,4.17,False,4.17
24826,4.17,False,4.17
24827,4.17,False,4.17
24828,4.17,False,4.17
24829,4.17,False,4.17
24830,4.17,False,4.17
24831,4.17,False,4.17
24832,4.17,False,4.17
24833,4.17,False,4.17
24834,4.17,False,4.17
24835,4.17,False,4.17
24836,4.17,False,4.17
24837,4.17,False,4.17
24838,4.17,False,4.17
24839,4.17,False,4.17
24840,4.17,False,4.17
24841,4.17,False,4.17
24842,4.17,False,4.17
24843,4.17,False,4.17
24844,4.17,False,4.17
24845,4.17,False,4.17
24846,4.17,False,4.17
24847,4.17,False,4.17
24848,4.17,False,4.17
24849,4.17,False,4.17
24850,4.17,False,4.17
24851,4.17,False,4.17
24852,4.17,False,4.17
24853,4.17,False,4.17
24854,4.17,False,4.17
24855,4.17,False,4.17
24856,4.17,False,4.17
24857,4.17,False,4.17
24858,4.17,False,4.17
24859,4.17,False,4.17
24860,4.17,False,4.17
24861,4.17,False,4.17
24862,4.17,False,4.17
24863,4.17,False,4.17
24864,4.17,False,4.17
24865,4.17,False,4.17
24866,4.17,False,4.17
24867,4.17,False,4.17
24868,4.17,False,4.17
24869,4.17,False,4.17
24870,4.17,False,4.17
24871,4.17,False,4.17
24872,4.17,False,4.17
24873,4.17,False,4.17
24874,4.17,False,4.17
24875,4.17,False,4.17
24876,4.17,False,4.17
24877,4.17,False,4.17
24878,4.17,False,4.17
24879,4.17,False,4.17
24880,4.17,False,4.17
24881,4.17,False,4.17
24882,4.17,False,4.17
24883,4.17,False,4.17
24884,4.17,False,4.17
24885,3.33,False,4.002
24886,3.33,False,3.8340000000000005
24887,3.33,False,3.6659999999999995
24888,3.33,False,3.498
24889,3.33,False,3.33
24890,3.33,False,3.33
24891,3.33,False,3.33
24892,3.33,False,3.33
24893,3.33,False,3.33
24894,3.33,False,3.33
24895,3.33,False,3.33
24896,3.33,False,3.33
24897,3.33,False,3.33
24898,3.33,False,3.33
24899,3.33,False,3.33
24900,3.33,False,3.33
24901,3.33,False,3.33
24902,3.33,False,3.33
24903,3.33,False,3.33
24904,3.33,False,3.33
24905,3.33,False,3.33
24906,3.33,False,3.33
24907,3.33,False,3.33
24908,3.33,False,3.33
24909,3.33,False,3.33
24910,3.33,False,3.33
24911,3.33,False,3.33
24912,3.33,False,3.33
24913,3.33,False,3.33
24914,3.33,False,3.33
24915,3.33,False,3.33
24916,3.33,False,3.33
24917,3.33,False,3.33
24918,3.33,False,3.33
24919,3.33,False,3.33
24920,3.33,False,3.33
24921,3.33,False,3.33
24922,3.33,False,3.33
24923,3.33,False,3.33
24924,3.33,False,3.33
24925,3.33,False,3.33
24926,3.33,False,3.33
24927,3.33,False,3.33
24928,3.33,False,3.33
24929,3.33,False,3.33
24930,3.33,False,3.33
24931,3.33,False,3.33
24932,3.33,False,3.33
24933,3.33,False,3.33
24934,3.33,False,3.33
24935,3.33,False,3.33
24936,3.33,False,3.33
24937,3.33,False,3.33
24938,3.33,False,3.33
24939,3.33,False,3.33
24940,3.33,False,3.33
24941,3.33,False,3.33
24942,3.33,False,3.33
24943,3.33,False,3.33
24944,3.33,False,3.33
24945,3.33,False,3.33
24946,3.33,False,3.33
24947,3.33,False,3.33
24948,3.33,False,3.33
24949,3.33,False,3.33
24950,3.33,False,3.33
24951,3.33,False,3.33
24952,3.33,False,3.33
24953,3.33,False,3.33
24954,3.33,False,3.33
24955,3.33,False,3.33
24956,3.33,False,3.33
24957,3.33,False,3.33
24958,3.33,False,3.33
24959,3.33,False,3.33
24960,3.33,False,3.33
24961,3.33,False,3.33
24962,3.33,False,3.33
24963,3.33,False,3.33
24964,3.33,False,3.33
24965,3.33,False,3.33
24966,3.33,False,3.33
24967,3.33,False,3.33
24968,3.33,False,3.33
24969,3.33,False,3.33
24970,3.33,False,3.33
24971,3.33,False,3.33
24972,3.33,False,3.33
24973,3.33,False,3.33
24974,3.33,False,3.33
24975,3.33,False,3.33
24976,3.33,False,3.33
24977,3.33,False,3.33
24978,3.33,False,3.33
24979,3.33,False,3.33
24980,3.33,False,3.33
24981,3.33,False,3.33
24982,3.33,False,3.33
24983,3.33,False,3.33
24984,3.33,False,3.33
24985,3.33,False,3.33
24986,3.33,False,3.33
24987,3.33,False,3.33
24988,3.33,False,3.33
24989,3.33,False,3.33
24990,3.33,False,3.33
24991,3.33,False,3.33
24992,3.33,False,3.33
24993,3.33,False,3.33
24994,3.33,False,3.33
24995,3.33,False,3.33
24996,3.33,False,3.33
24997,3.33,False,3.33
24998,3.33,False,3.33
24999,3.33,False,3.33
25000,3.33,False,3.33
25001,3.33,False,3.33
25002,3.33,False,3.33
25003,3.33,False,3.33
25004,3.33,False,3.33
25005,3.33,False,3.33
25006,4.17,False,3.498
25007,4.17,False,3.6659999999999995
25008,4.17,False,3.8340000000000005
25009,4.17,False,4.002
25010,4.17,False,4.17
25011,4.17,False,4.17
25012,4.17,False,4.17
25013,4.17,False,4.17
25014,4.17,False,4.17
25015,4.17,False,4.17
25016,4.17,False,4.17
25017,4.17,False,4.17
25018,4.17,False,4.17
25019,4.17,False,4.17
25020,4.17,False,4.17
25021,4.17,False,4.17
25022,4.17,False,4.17
25023,4.17,False,4.17
25024,4.17,False,4.17
25025,4.17,False,4.17
25026,4.17,False,4.17
25027,4.17,False,4.17
25028,4.17,False,4.17
25029,4.17,False,4.17
25030,4.17,False,4.17
25031,4.17,False,4.17
25032,4.17,False,4.17
25033,4.17,False,4.17
25034,4.17,False,4.17
25035,4.17,False,4.17
25036,4.17,False,4.17
25037,3.33,False,4.002
25038,3.33,False,3.8340000000000005
25039,3.33,False,3.6659999999999995
25040,3.33,False,3.498
25041,3.33,False,3.33
25042,3.33,False,3.33
25043,3.33,False,3.33
25044,3.33,False,3.33
25045,3.33,False,3.33
25046,3.33,False,3.33
25047,3.33,False,3.33
25048,3.33,False,3.33
25049,3.33,False,3.33
25050,3.33,False,3.33
25051,3.33,False,3.33
25052,3.33,False,3.33
25053,3.33,False,3.33
25054,3.33,False,3.33
25055,3.33,False,3.33
25056,3.33,False,3.33
25057,3.33,False,3.33
25058,3.33,False,3.33
25059,3.33,False,3.33
25060,3.33,False,3.33
25061,3.33,False,3.33
25062,3.33,False,3.33
25063,3.33,False,3.33
25064,3.33,False,3.33
25065,3.33,False,3.33
25066,3.33,False,3.33
25067,3.33,False,3.33
25068,3.33,False,3.33
25069,3.33,False,3.33
25070,3.33,False,3.33
25071,3.33,False,3.33
25072,3.33,False,3.33
25073,3.33,False,3.33
25074,3.33,False,3.33
25075,3.33,False,3.33
25076,3.33,False,3.33
25077,3.33,False,3.33
25078,3.33,False,3.33
25079,3.33,False,3.33
25080,3.33,False,3.33
25081,3.33,False,3.33
25082,3.33,False,3.33
25083,3.33,False,3.33
25084,3.33,False,3.33
25085,3.33,False,3.33
25086,3.33,False,3.33
25087,3.33,False,3.33
25088,3.33,False,3.33
25089,4.17,False,3.498
25090,4.17,False,3.6659999999999995
25091,4.17,False,3.8340000000000005
25092,4.17,False,4.002
25093,4.17,False,4.17
25094,4.17,False,4.17
25095,4.17,False,4.17
25096,4.17,False,4.17
25097,4.17,False,4.17
25098,4.17,False,4.17
25099,4.17,False,4.17
25100,4.17,False,4.17
25101,4.17,False,4.17
25102,4.17,False,4.17
25103,4.17,False,4.17
25104,4.17,False,4.17
25105,4.17,False,4.17
25106,4.17,False,4.17
25107,4.17,False,4.17
25108,4.17,False,4.17
25109,4.17,False,4.17
25110,4.17,False,4.17
25111,4.17,False,4.17
25112,4.17,False,4.17
25113,4.17,False,4.17
25114,4.17,False,4.17
25115,4.17,False,4.17
25116,4.17,False,4.17
25117,4.17,False,4.17
25118,4.17,False,4.17
25119,4.17,False,4.17
25120,4.17,False,4.17
25121,4.17,False,4.17
25122,4.17,False,4.17
25123,4.17,False,4.17
25124,4.17,False,4.17
25125,3.33,False,4.002
25126,3.33,False,3.8340000000000005
25127,3.33,False,3.6659999999999995
25128,3.33,False,3.498
25129,3.33,False,3.33
25130,3.33,False,3.33
25131,3.33,False,3.33
25132,3.33,False,3.33
25133,3.33,False,3.33
25134,3.33,False,3.33
25135,3.33,False,3.33
25136,3.33,False,3.33
25137,3.33,False,3.33
25138,3.33,False,3.33
25139,3.33,False,3.33
25140,3.33,False,3.33
25141,3.33,False,3.33
25142,3.33,False,3.33
25143,3.33,False,3.33
25144,3.33,False,3.33
25145,3.33,False,3.33
25146,3.33,False,3.33
25147,3.33,False,3.33
25148,3.33,False,3.33
25149,3.33,False,3.33
25150,3.33,False,3.33
25151,3.33,False,3.33
25152,3.33,False,3.33
25153,3.33,False,3.33
25154,3.33,False,3.33
25155,3.33,False,3.33
25156,3.33,False,3.33
25157,3.33,False,3.33
25158,3.33,False,3.33
25159,3.33,False,3.33
25160,3.33,False,3.33
25161,3.33,False,3.33
25162,3.33,False,3.33
25163,3.33,False,3.33
25164,3.33,False,3.33
25165,3.33,False,3.33
25166,3.33,False,3.33
25167,3.33,False,3.33
25168,3.33,False,3.33
25169,3.33,False,3.33
25170,3.33,False,3.33
25171,3.33,False,3.33
25172,3.33,False,3.33
25173,3.33,False,3.33
25174,3.33,False,3.33
25175,3.33,False,3.33
25176,3.33,False,3.33
25177,3.33,False,3.33
25178,3.33,False,3.33
25179,3.33,False,3.33
25180,3.33,False,3.33
25181,3.33,False,3.33
25182,3.33,False,3.33
25183,3.33,False,3.33
25184,3.33,False,3.33
25185,3.33,False,3.33
25186,3.33,False,3.33
25187,3.33,False,3.33
25188,3.33,False,3.33
25189,3.33,False,3.33
25190,3.33,False,3.33
25191,3.33,False,3.33
25192,3.33,False,3.33
25193,3.33,False,3.33
25194,3.33,False,3.33
25195,3.33,False,3.33
25196,3.33,False,3.33
25197,3.33,False,3.33
25198,3.33,False,3.33
25199,3.33,False,3.33
25200,3.33,False,3.33
25201,3.33,False,3.33
25202,3.33,False,3.33
25203,3.33,False,3.33
25204,3.33,False,3.33
25205,3.33,False,3.33
25206,3.33,False,3.33
25207,3.33,False,3.33
25208,3.33,False,3.33
25209,3.33,False,3.33
25210,3.33,False,3.33
25211,3.33,False,3.33
25212,3.33,False,3.33
25213,3.33,False,3.33
25214,3.33,False,3.33
25215,3.33,False,3.33
25216,3.33,False,3.33
25217,3.33,False,3.33
25218,3.33,False,3.33
25219,3.33,False,3.33
25220,3.33,False,3.33
25221,3.33,False,3.33
25222,3.33,False,3.33
25223,3.33,False,3.33
25224,3.33,False,3.33
25225,3.33,False,3.33
25226,3.33,False,3.33
25227,3.33,False,3.33
25228,3.33,False,3.33
25229,3.33,False,3.33
25230,3.33,False,3.33
25231,3.33,False,3.33
25232,3.33,False,3.33
25233,3.33,False,3.33
25234,3.33,False,3.33
25235,3.33,False,3.33
25236,3.33,False,3.33
25237,3.33,False,3.33
25238,3.33,False,3.33
25239,3.33,False,3.33
25240,3.33,False,3.33
25241,3.33,False,3.33
25242,3.33,False,3.33
25243,3.33,False,3.33
25244,3.33,False,3.33
25245,3.33,False,3.33
25246,3.33,False,3.33
25247,3.33,False,3.33
25248,3.33,False,3.33
25249,3.33,False,3.33
25250,3.33,False,3.33
25251,3.33,False,3.33
25252,3.33,False,3.33
25253,3.33,False,3.33
25254,3.33,False,3.33
25255,3.33,False,3.33
25256,3.33,False,3.33
25257,3.33,False,3.33
25258,3.33,False,3.33
25259,3.33,False,3.33
25260,3.33,False,3.33
25261,3.33,False,3.33
25262,3.33,False,3.33
25263,3.33,False,3.33
25264,3.33,False,3.33
25265,3.33,False,3.33
25266,3.33,False,3.33
25267,3.33,False,3.33
25268,3.33,False,3.33
25269,3.33,False,3.33
25270,3.33,False,3.33
25271,3.33,False,3.33
25272,3.33,False,3.33
25273,3.33,False,3.33
25274,3.33,False,3.33
25275,3.33,False,3.33
25276,3.33,False,3.33
25277,3.33,False,3.33
25278,3.33,False,3.33
25279,3.33,False,3.33
25280,3.33,False,3.33
25281,3.33,False,3.33
25282,3.33,False,3.33
25283,3.33,False,3.33
25284,3.33,False,3.33
25285,3.33,False,3.33
25286,3.33,False,3.33
25287,3.33,False,3.33
25288,3.33,False,3.33
25289,3.33,False,3.33
25290,3.33,False,3.33
25291,3.33,False,3.33
25292,3.33,False,3.33
25293,3.33,False,3.33
25294,3.33,False,3.33
25295,3.33,False,3.33
25296,3.33,False,3.33
25297,3.33,False,3.33
25298,3.33,False,3.33
25299,3.33,False,3.33
25300,3.33,False,3.33
25301,3.33,False,3.33
25302,3.33,False,3.33
25303,3.33,False,3.33
25304,3.33,False,3.33
25305,3.33,False,3.33
25306,3.33,False,3.33
25307,3.33,False,3.33
25308,3.33,False,3.33
25309,3.33,False,3.33
25310,3.33,False,3.33
25311,3.33,False,3.33
25312,3.33,False,3.33
25313,3.33,False,3.33
25314,3.33,False,3.33
25315,3.33,False,3.33
25316,3.33,False,3.33
25317,3.33,False,3.33
25318,3.33,False,3.33
25319,3.33,False,3.33
25320,3.33,False,3.33
25321,3.33,False,3.33
25322,3.33,False,3.33
25323,3.33,False,3.33
25324,3.33,False,3.33
25325,3.33,False,3.33
25326,3.33,False,3.33
25327,3.33,False,3.33
25328,3.33,False,3.33
25329,3.33,False,3.33
25330,3.33,False,3.33
25331,3.33,False,3.33
25332,3.33,False,3.33
25333,3.33,False,3.33
25334,3.33,False,3.33
25335,3.33,False,3.33
25336,3.33,False,3.33
25337,3.33,False,3.33
25338,3.33,False,3.33
25339,3.33,False,3.33
25340,3.33,False,3.33
25341,3.33,False,3.33
25342,3.33,False,3.33
25343,3.33,False,3.33
25344,3.33,False,3.33
25345,4.17,False,3.498
25346,4.17,False,3.6659999999999995
25347,4.17,False,3.8340000000000005
25348,4.17,False,4.002
25349,4.17,False,4.17
25350,4.17,False,4.17
25351,4.17,False,4.17
25352,4.17,False,4.17
25353,4.17,False,4.17
25354,4.17,False,4.17
25355,4.17,False,4.17
25356,4.17,False,4.17
25357,4.17,False,4.17
25358,4.17,False,4.17
25359,4.17,False,4.17
25360,4.17,False,4.17
25361,4.17,False,4.17
25362,4.17,False,4.17
25363,4.17,False,4.17
25364,4.17,False,4.17
25365,4.17,False,4.17
25366,4.17,False,4.17
25367,4.17,False,4.17
25368,4.17,False,4.17
25369,4.17,False,4.17
25370,4.17,False,4.17
25371,4.17,False,4.17
25372,4.17,False,4.17
25373,4.17,False,4.17
25374,4.17,False,4.17
25375,4.17,False,4.17
25376,4.17,False,4.17
25377,4.17,False,4.17
25378,4.17,False,4.17
25379,4.17,False,4.17
25380,4.17,False,4.17
25381,4.17,False,4.17
25382,4.17,False,4.17
25383,4.17,False,4.17
25384,4.17,False,4.17
25385,4.17,False,4.17
25386,4.17,False,4.17
25387,4.17,False,4.17
25388,4.17,False,4.17
25389,4.17,False,4.17
25390,4.17,False,4.17
25391,4.17,False,4.17
25392,4.17,False,4.17
25393,4.17,False,4.17
25394,4.17,False,4.17
25395,3.33,False,4.002
25396,3.33,False,3.8340000000000005
25397,3.33,False,3.6659999999999995
25398,3.33,False,3.498
25399,3.33,False,3.33
25400,3.33,False,3.33
25401,3.33,False,3.33
25402,3.33,False,3.33
25403,3.33,False,3.33
25404,3.33,False,3.33
25405,3.33,False,3.33
25406,3.33,False,3.33
25407,3.33,False,3.33
25408,3.33,False,3.33
25409,3.33,False,3.33
25410,3.33,False,3.33
25411,3.33,False,3.33
25412,3.33,False,3.33
25413,3.33,False,3.33
25414,3.33,False,3.33
25415,3.33,False,3.33
25416,3.33,False,3.33
25417,3.33,False,3.33
25418,3.33,False,3.33
25419,3.33,False,3.33
25420,3.33,False,3.33
25421,3.33,False,3.33
25422,3.33,False,3.33
25423,3.33,False,3.33
25424,3.33,False,3.33
25425,3.33,False,3.33
25426,3.33,False,3.33
25427,3.33,False,3.33
25428,3.33,False,3.33
25429,3.33,False,3.33
25430,3.33,False,3.33
25431,3.33,False,3.33
25432,3.33,False,3.33
25433,3.33,False,3.33
25434,3.33,False,3.33
25435,3.33,False,3.33
25436,3.33,False,3.33
25437,3.33,False,3.33
25438,3.33,False,3.33
25439,3.33,False,3.33
25440,3.33,False,3.33
25441,3.33,False,3.33
25442,3.33,False,3.33
25443,3.33,False,3.33
25444,3.33,False,3.33
25445,3.33,False,3.33
25446,3.33,False,3.33
25447,3.33,False,3.33
25448,3.33,False,3.33
25449,3.33,False,3.33
25450,3.33,False,3.33
25451,3.33,False,3.33
25452,3.33,False,3.33
25453,3.33,False,3.33
25454,3.33,False,3.33
25455,3.33,False,3.33
25456,3.33,False,3.33
25457,3.33,False,3.33
25458,3.33,False,3.33
25459,3.33,False,3.33
25460,3.33,False,3.33
25461,3.33,False,3.33
25462,3.33,False,3.33
25463,3.33,False,3.33
25464,3.33,False,3.33
25465,3.33,False,3.33
25466,3.33,False,3.33
25467,3.33,False,3.33
25468,3.33,False,3.33
25469,3.33,False,3.33
25470,3.33,False,3.33
25471,3.33,False,3.33
25472,3.33,False,3.33
25473,3.33,False,3.33
25474,3.33,False,3.33
25475,3.33,False,3.33
25476,3.33,False,3.33
25477,3.33,False,3.33
25478,3.33,False,3.33
25479,3.33,False,3.33
25480,3.33,False,3.33
25481,3.33,False,3.33
25482,3.33,False,3.33
25483,3.33,False,3.33
25484,3.33,False,3.33
25485,3.33,False,3.33
25486,3.33,False,3.33
25487,3.33,False,3.33
25488,3.33,False,3.33
25489,3.33,False,3.33
25490,3.33,False,3.33
25491,3.33,False,3.33
25492,3.33,False,3.33
25493,3.33,False,3.33
25494,3.33,False,3.33
25495,3.33,False,3.33
25496,3.33,False,3.33
25497,3.33,False,3.33
25498,3.33,False,3.33
25499,3.33,False,3.33
25500,3.33,False,3.33
25501,3.33,False,3.33
25502,3.33,False,3.33
25503,3.33,False,3.33
25504,3.33,False,3.33
25505,3.33,False,3.33
25506,3.33,False,3.33
25507,3.33,False,3.33
25508,3.33,False,3.33
25509,3.33,False,3.33
25510,3.33,False,3.33
25511,3.33,False,3.33
25512,3.33,False,3.33
25513,3.33,False,3.33
25514,3.33,False,3.33
25515,3.33,False,3.33
25516,3.33,False,3.33
25517,3.33,False,3.33
25518,3.33,False,3.33
25519,3.33,False,3.33
25520,3.33,False,3.33
25521,3.33,False,3.33
25522,3.33,False,3.33
25523,3.33,False,3.33
25524,3.33,False,3.33
25525,3.33,False,3.33
25526,3.33,False,3.33
25527,3.33,False,3.33
25528,3.33,False,3.33
25529,3.33,False,3.33
25530,3.33,False,3.33
25531,3.33,False,3.33
25532,3.33,False,3.33
25533,3.33,False,3.33
25534,3.33,False,3.33
25535,3.33,False,3.33
25536,3.33,False,3.33
25537,3.33,False,3.33
25538,3.33,False,3.33
25539,3.33,False,3.33
25540,3.33,False,3.33
25541,3.33,False,3.33
25542,3.33,False,3.33
25543,3.33,False,3.33
25544,3.33,False,3.33
25545,3.33,False,3.33
25546,3.33,False,3.33
25547,3.33,False,3.33
25548,3.33,False,3.33
25549,3.33,False,3.33
25550,3.33,False,3.33
25551,3.33,False,3.33
25552,3.33,False,3.33
25553,3.33,False,3.33
25554,3.33,False,3.33
25555,3.33,False,3.33
25556,3.33,False,3.33
25557,3.33,False,3.33
25558,3.33,False,3.33
25559,3.33,False,3.33
25560,3.33,False,3.33
25561,3.33,False,3.33
25562,3.33,False,3.33
25563,3.33,False,3.33
25564,3.33,False,3.33
25565,3.33,False,3.33
25566,3.33,False,3.33
25567,3.33,False,3.33
25568,3.33,False,3.33
25569,3.33,False,3.33
25570,3.33,False,3.33
25571,3.33,False,3.33
25572,3.33,False,3.33
25573,3.33,False,3.33
25574,3.33,False,3.33
25575,3.33,False,3.33
25576,3.33,False,3.33
25577,3.33,False,3.33
25578,3.33,False,3.33
25579,3.33,False,3.33
25580,3.33,False,3.33
25581,3.33,False,3.33
25582,3.33,False,3.33
25583,3.33,False,3.33
25584,3.33,False,3.33
25585,3.33,False,3.33
25586,3.33,False,3.33
25587,3.33,False,3.33
25588,3.33,False,3.33
25589,3.33,False,3.33
25590,3.33,False,3.33
25591,3.33,False,3.33
25592,3.33,False,3.33
25593,3.33,False,3.33
25594,3.33,False,3.33
25595,3.33,False,3.33
25596,3.33,False,3.33
25597,3.33,False,3.33
25598,3.33,False,3.33
25599,3.33,False,3.33
25600,3.33,False,3.33
25601,4.17,False,3.498
25602,4.17,False,3.6659999999999995
25603,4.17,False,3.8340000000000005
25604,4.17,False,4.002
25605,4.17,False,4.17
25606,4.17,False,4.17
25607,4.17,False,4.17
25608,4.17,False,4.17
25609,4.17,False,4.17
25610,4.17,False,4.17
25611,4.17,False,4.17
25612,4.17,False,4.17
25613,4.17,False,4.17
25614,4.17,False,4.17
25615,4.17,False,4.17
25616,4.17,False,4.17
25617,4.17,False,4.17
25618,4.17,False,4.17
25619,4.17,False,4.17
25620,4.17,False,4.17
25621,4.17,False,4.17
25622,4.17,False,4.17
25623,4.17,False,4.17
25624,4.17,False,4.17
25625,4.17,False,4.17
25626,4.17,False,4.17
25627,4.17,False,4.17
25628,4.17,False,4.17
25629,4.17,False,4.17
25630,4.17,False,4.17
25631,4.17,False,4.17
25632,4.17,False,4.17
25633,4.17,False,4.17
25634,4.17,False,4.17
25635,4.17,False,4.17
25636,4.17,False,4.17
25637,4.17,False,4.17
25638,4.17,False,4.17
25639,4.17,False,4.17
25640,4.17,False,4.17
25641,4.17,False,4.17
25642,4.17,False,4.17
25643,4.17,False,4.17
25644,4.17,False,4.17
25645,4.17,False,4.17
25646,4.17,False,4.17
25647,4.17,False,4.17
25648,4.17,False,4.17
25649,4.17,False,4.17
25650,4.17,False,4.17
25651,4.17,False,4.17
25652,4.17,False,4.17
25653,4.17,False,4.17
25654,4.17,False,4.17
25655,4.17,False,4.17
25656,4.17,False,4.17
25657,4.17,False,4.17
25658,4.17,False,4.17
25659,4.17,False,4.17
25660,4.17,False,4.17
25661,4.17,False,4.17
25662,4.17,False,4.17
25663,4.17,False,4.17
25664,4.17,False,4.17
25665,4.17,False,4.17
25666,4.17,False,4.17
25667,4.17,False,4.17
25668,4.17,False,4.17
25669,4.17,False,4.17
25670,4.17,False,4.17
25671,4.17,False,4.17
25672,4.17,False,4.17
25673,4.17,False,4.17
25674,4.17,False,4.17
25675,4.17,False,4.17
25676,4.17,False,4.17
25677,4.17,False,4.17
25678,4.17,False,4.17
25679,4.17,False,4.17
25680,4.17,False,4.17
25681,4.17,False,4.17
25682,4.17,False,4.17
25683,4.17,False,4.17
25684,4.17,False,4.17
25685,4.17,False,4.17
25686,4.17,False,4.17
25687,4.17,False,4.17
25688,4.17,False,4.17
25689,4.17,False,4.17
25690,4.17,False,4.17
25691,4.17,False,4.17
25692,4.17,False,4.17
25693,4.17,False,4.17
25694,4.17,False,4.17
25695,4.17,False,4.17
25696,4.17,False,4.17
25697,4.17,False,4.17
25698,4.17,False,4.17
25699,4.17,False,4.17
25700,4.17,False,4.17
25701,4.17,False,4.17
25702,4.17,False,4.17
25703,4.17,False,4.17
25704,4.17,False,4.17
25705,4.17,False,4.17
25706,4.17,False,4.17
25707,4.17,False,4.17
25708,4.17,False,4.17
25709,4.17,False,4.17
25710,4.17,False,4.17
25711,4.17,False,4.17
25712,4.17,False,4.17
25713,4.17,False,4.17
25714,4.17,False,4.17
25715,4.17,False,4.17
25716,4.17,False,4.17
25717,4.17,False,4.17
25718,4.17,False,4.17
25719,4.17,False,4.17
25720,4.17,False,4.17
25721,4.17,False,4.17
25722,4.17,False,4.17
25723,4.17,False,4.17
25724,4.17,False,4.17
25725,4.17,False,4.17
25726,4.17,False,4.17
25727,4.17,False,4.17
25728,4.17,False,4.17
25729,4.17,False,4.17
25730,4.17,False,4.17
25731,4.17,False,4.17
25732,4.17,False,4.17
25733,4.17,False,4.17
25734,4.17,False,4.17
25735,4.17,False,4.17
25736,4.17,False,4.17
25737,4.17,False,4.17
25738,4.17,False,4.17
25739,4.17,False,4.17
25740,4.17,False,4.17
25741,4.17,False,4.17
25742,4.17,False,4.17
25743,4.17,False,4.17
25744,4.17,False,4.17
25745,4.17,False,4.17
25746,4.17,False,4.17
25747,4.17,False,4.17
25748,4.17,False,4.17
25749,4.17,False,4.17
25750,4.17,False,4.17
25751,4.17,False,4.17
25752,4.17,False,4.17
25753,4.17,False,4.17
25754,4.17,False,4.17
25755,4.17,False,4.17
25756,4.17,False,4.17
25757,4.17,False,4.17
25758,4.17,False,4.17
25759,4.17,False,4.17
25760,4.17,False,4.17
25761,4.17,False,4.17
25762,4.17,False,4.17
25763,4.17,False,4.17
25764,4.17,False,4.17
25765,4.17,False,4.17
25766,4.17,False,4.17
25767,4.17,False,4.17
25768,4.17,False,4.17
25769,4.17,False,4.17
25770,4.17,False,4.17
25771,4.17,False,4.17
25772,4.17,False,4.17
25773,4.17,False,4.17
25774,4.17,False,4.17
25775,4.17,False,4.17
25776,4.17,False,4.17
25777,4.17,False,4.17
25778,4.17,False,4.17
25779,4.17,False,4.17
25780,4.17,False,4.17
25781,4.17,False,4.17
25782,4.17,False,4.17
25783,4.17,False,4.17
25784,4.17,False,4.17
25785,4.17,False,4.17
25786,4.17,False,4.17
25787,4.17,False,4.17
25788,4.17,False,4.17
25789,4.17,False,4.17
25790,4.17,False,4.17
25791,4.17,False,4.17
25792,4.17,False,4.17
25793,4.17,False,4.17
25794,4.17,False,4.17
25795,4.17,False,4.17
25796,4.17,False,4.17
25797,4.17,False,4.17
25798,4.17,False,4.17
25799,4.17,False,4.17
25800,4.17,False,4.17
25801,4.17,False,4.17
25802,4.17,False,4.17
25803,4.17,False,4.17
25804,4.17,False,4.17
25805,4.17,False,4.17
25806,4.17,False,4.17
25807,4.17,False,4.17
25808,4.17,False,4.17
25809,4.17,False,4.17
25810,4.17,False,4.17
25811,4.17,False,4.17
25812,4.17,False,4.17
25813,4.17,False,4.17
25814,4.17,False,4.17
25815,4.17,False,4.17
25816,4.17,False,4.17
25817,4.17,False,4.17
25818,4.17,False,4.17
25819,4.17,False,4.17
25820,4.17,False,4.17
25821,4.17,False,4.17
25822,4.17,False,4.17
25823,4.17,False,4.17
25824,4.17,False,4.17
25825,4.17,False,4.17
25826,4.17,False,4.17
25827,4.17,False,4.17
25828,4.17,False,4.17
25829,4.17,False,4.17
25830,4.17,False,4.17
25831,4.17,False,4.17
25832,4.17,False,4.17
25833,4.17,False,4.17
25834,4.17,False,4.17
25835,4.17,False,4.17
25836,4.17,False,4.17
25837,4.17,False,4.17
25838,4.17,False,4.17
25839,4.17,False,4.17
25840,4.17,False,4.17
25841,4.17,False,4.17
25842,4.17,False,4.17
25843,4.17,False,4.17
25844,4.17,False,4.17
25845,4.17,False,4.17
25846,4.17,False,4.17
25847,3.33,False,4.002
25848,3.33,False,3.8340000000000005
25849,3.33,False,3.6659999999999995
25850,3.33,False,3.498
25851,3.33,False,3.33
25852,3.33,False,3.33
25853,3.33,False,3.33
25854,3.33,False,3.33
25855,3.33,False,3.33
25856,3.33,False,3.33
25857,4.17,False,3.498
25858,4.17,False,3.6659999999999995
25859,4.17,False,3.8340000000000005
25860,4.17,False,4.002
25861,4.17,False,4.17
25862,4.17,False,4.17
25863,4.17,False,4.17
25864,4.17,False,4.17
25865,4.17,False,4.17
25866,4.17,False,4.17
25867,4.17,False,4.17
25868,4.17,False,4.17
25869,4.17,False,4.17
25870,4.17,False,4.17
25871,4.17,False,4.17
25872,4.17,False,4.17
25873,4.17,False,4.17
25874,4.17,False,4.17
25875,4.17,False,4.17
25876,4.17,False,4.17
25877,4.17,False,4.17
25878,4.17,False,4.17
25879,4.17,False,4.17
25880,4.17,False,4.17
25881,4.17,False,4.17
25882,4.17,False,4.17
25883,4.17,False,4.17
25884,4.17,False,4.17
25885,4.17,False,4.17
25886,4.17,False,4.17
25887,4.17,False,4.17
25888,4.17,False,4.17
25889,4.17,False,4.17
25890,4.17,False,4.17
25891,4.17,False,4.17
25892,4.17,False,4.17
25893,4.17,False,4.17
25894,4.17,False,4.17
25895,4.17,False,4.17
25896,4.17,False,4.17
25897,4.17,False,4.17
25898,4.17,False,4.17
25899,4.17,False,4.17
25900,4.17,False,4.17
25901,4.17,False,4.17
25902,4.17,False,4.17
25903,4.17,False,4.17
25904,3.33,False,4.002
25905,3.33,False,3.8340000000000005
25906,3.33,False,3.6659999999999995
25907,3.33,False,3.498
25908,3.33,False,3.33
25909,3.33,False,3.33
25910,3.33,False,3.33
25911,3.33,False,3.33
25912,3.33,False,3.33
25913,3.33,False,3.33
25914,3.33,False,3.33
25915,3.33,False,3.33
25916,3.33,False,3.33
25917,3.33,False,3.33
25918,3.33,False,3.33
25919,3.33,False,3.33
25920,3.33,False,3.33
25921,3.33,False,3.33
25922,3.33,False,3.33
25923,3.33,False,3.33
25924,3.33,False,3.33
25925,3.33,False,3.33
25926,3.33,False,3.33
25927,3.33,False,3.33
25928,3.33,False,3.33
25929,3.33,False,3.33
25930,3.33,False,3.33
25931,3.33,False,3.33
25932,3.33,False,3.33
25933,3.33,False,3.33
25934,3.33,False,3.33
25935,3.33,False,3.33
25936,3.33,False,3.33
25937,3.33,False,3.33
25938,3.33,False,3.33
25939,3.33,False,3.33
25940,3.33,False,3.33
25941,3.33,False,3.33
25942,3.33,False,3.33
25943,3.33,False,3.33
25944,3.33,False,3.33
25945,3.33,False,3.33
25946,3.33,False,3.33
25947,3.33,False,3.33
25948,3.33,False,3.33
25949,3.33,False,3.33
25950,3.33,False,3.33
25951,3.33,False,3.33
25952,3.33,False,3.33
25953,3.33,False,3.33
25954,3.33,False,3.33
25955,3.33,False,3.33
25956,3.33,False,3.33
25957,3.33,False,3.33
25958,3.33,False,3.33
25959,3.33,False,3.33
25960,3.33,False,3.33
25961,3.33,False,3.33
25962,3.33,False,3.33
25963,3.33,False,3.33
25964,3.33,False,3.33
25965,3.33,False,3.33
25966,3.33,False,3.33
25967,3.33,False,3.33
25968,3.33,False,3.33
25969,3.33,False,3.33
25970,3.33,False,3.33
25971,3.33,False,3.33
25972,3.33,False,3.33
25973,3.33,False,3.33
25974,3.33,False,3.33
25975,3.33,False,3.33
25976,3.33,False,3.33
25977,3.33,False,3.33
25978,3.33,False,3.33
25979,3.33,False,3.33
25980,3.33,False,3.33
25981,3.33,False,3.33
25982,3.33,False,3.33
25983,3.33,False,3.33
25984,3.33,False,3.33
25985,3.33,False,3.33
25986,3.33,False,3.33
25987,3.33,False,3.33
25988,3.33,False,3.33
25989,3.33,False,3.33
25990,3.33,False,3.33
25991,3.33,False,3.33
25992,3.33,False,3.33
25993,3.33,False,3.33
25994,3.33,False,3.33
25995,3.33,False,3.33
25996,3.33,False,3.33
25997,3.33,False,3.33
25998,3.33,False,3.33
25999,3.33,False,3.33
26000,3.33,False,3.33
26001,3.33,False,3.33
26002,3.33,False,3.33
26003,3.33,False,3.33
26004,3.33,False,3.33
26005,3.33,False,3.33
26006,3.33,False,3.33
26007,3.33,False,3.33
26008,3.33,False,3.33
26009,3.33,False,3.33
26010,3.33,False,3.33
26011,3.33,False,3.33
26012,3.33,False,3.33
26013,3.33,False,3.33
26014,3.33,False,3.33
26015,3.33,False,3.33
26016,3.33,False,3.33
26017,3.33,False,3.33
26018,3.33,False,3.33
26019,3.33,False,3.33
26020,3.33,False,3.33
26021,3.33,False,3.33
26022,3.33,False,3.33
26023,3.33,False,3.33
26024,3.33,False,3.33
26025,3.33,False,3.33
26026,3.33,False,3.33
26027,3.33,False,3.33
26028,3.33,False,3.33
26029,3.33,False,3.33
26030,3.33,False,3.33
26031,3.33,False,3.33
26032,3.33,False,3.33
26033,3.33,False,3.33
26034,3.33,False,3.33
26035,3.33,False,3.33
26036,3.33,False,3.33
26037,3.33,False,3.33
26038,3.33,False,3.33
26039,3.33,False,3.33
26040,3.33,False,3.33
26041,3.33,False,3.33
26042,3.33,False,3.33
26043,3.33,False,3.33
26044,3.33,False,3.33
26045,3.33,False,3.33
26046,3.33,False,3.33
26047,3.33,False,3.33
26048,3.33,False,3.33
26049,3.33,False,3.33
26050,3.33,False,3.33
26051,3.33,False,3.33
26052,3.33,False,3.33
26053,3.33,False,3.33
26054,3.33,False,3.33
26055,3.33,False,3.33
26056,3.33,False,3.33
26057,3.33,False,3.33
26058,3.33,False,3.33
26059,3.33,False,3.33
26060,3.33,False,3.33
26061,3.33,False,3.33
26062,3.33,False,3.33
26063,3.33,False,3.33
26064,3.33,False,3.33
26065,3.33,False,3.33
26066,3.33,False,3.33
26067,3.33,False,3.33
26068,3.33,False,3.33
26069,3.33,False,3.33
26070,3.33,False,3.33
26071,3.33,False,3.33
26072,3.33,False,3.33
26073,3.33,False,3.33
26074,3.33,False,3.33
26075,3.33,False,3.33
26076,3.33,False,3.33
26077,3.33,False,3.33
26078,3.33,False,3.33
26079,3.33,False,3.33
26080,3.33,False,3.33
26081,3.33,False,3.33
26082,3.33,False,3.33
26083,3.33,False,3.33
26084,3.33,False,3.33
26085,3.33,False,3.33
26086,3.33,False,3.33
26087,3.33,False,3.33
26088,3.33,False,3.33
26089,3.33,False,3.33
26090,3.33,False,3.33
26091,3.33,False,3.33
26092,3.33,False,3.33
26093,3.33,False,3.33
26094,3.33,False,3.33
26095,3.33,False,3.33
26096,3.33,False,3.33
26097,3.33,False,3.33
26098,3.33,False,3.33
26099,3.33,False,3.33
26100,3.33,False,3.33
26101,3.33,False,3.33
26102,3.33,False,3.33
26103,3.33,False,3.33
26104,3.33,False,3.33
26105,3.33,False,3.33
26106,3.33,False,3.33
26107,3.33,False,3.33
26108,3.33,False,3.33
26109,3.33,False,3.33
26110,3.33,False,3.33
26111,3.33,False,3.33
26112,3.33,False,3.33
26113,3.33,False,3.33
26114,4.17,False,3.498
26115,4.17,False,3.6659999999999995
26116,4.17,False,3.8340000000000005
26117,4.17,False,4.002
26118,4.17,False,4.17
26119,4.17,False,4.17
26120,4.17,False,4.17
26121,4.17,False,4.17
26122,4.17,False,4.17
26123,4.17,False,4.17
26124,4.17,False,4.17
26125,4.17,False,4.17
26126,4.17,False,4.17
26127,4.17,False,4.17
26128,4.17,False,4.17
26129,4.17,False,4.17
26130,4.17,False,4.17
26131,4.17,False,4.17
26132,4.17,False,4.17
26133,4.17,False,4.17
26134,4.17,False,4.17
26135,4.17,False,4.17
26136,4.17,False,4.17
26137,4.17,False,4.17
26138,4.17,False,4.17
26139,4.17,False,4.17
26140,4.17,False,4.17
26141,4.17,False,4.17
26142,4.17,False,4.17
26143,4.17,False,4.17
26144,3.33,False,4.002
26145,3.33,False,3.8340000000000005
26146,3.33,False,3.6659999999999995
26147,3.33,False,3.498
26148,3.33,False,3.33
26149,3.33,False,3.33
26150,3.33,False,3.33
26151,3.33,False,3.33
26152,3.33,False,3.33
26153,3.33,False,3.33
26154,3.33,False,3.33
26155,3.33,False,3.33
26156,3.33,False,3.33
26157,3.33,False,3.33
26158,3.33,False,3.33
26159,3.33,False,3.33
26160,3.33,False,3.33
26161,3.33,False,3.33
26162,3.33,False,3.33
26163,3.33,False,3.33
26164,3.33,False,3.33
26165,3.33,False,3.33
26166,3.33,False,3.33
26167,3.33,False,3.33
26168,3.33,False,3.33
26169,3.33,False,3.33
26170,3.33,False,3.33
26171,3.33,False,3.33
26172,3.33,False,3.33
26173,3.33,False,3.33
26174,3.33,False,3.33
26175,3.33,False,3.33
26176,3.33,False,3.33
26177,3.33,False,3.33
26178,3.33,False,3.33
26179,3.33,False,3.33
26180,3.33,False,3.33
26181,3.33,False,3.33
26182,3.33,False,3.33
26183,3.33,False,3.33
26184,3.33,False,3.33
26185,3.33,False,3.33
26186,3.33,False,3.33
26187,3.33,False,3.33
26188,3.33,False,3.33
26189,3.33,False,3.33
26190,3.33,False,3.33
26191,3.33,False,3.33
26192,3.33,False,3.33
26193,3.33,False,3.33
26194,3.33,False,3.33
26195,3.33,False,3.33
26196,3.33,False,3.33
26197,3.33,False,3.33
26198,3.33,False,3.33
26199,3.33,False,3.33
26200,3.33,False,3.33
26201,3.33,False,3.33
26202,3.33,False,3.33
26203,3.33,False,3.33
26204,3.33,False,3.33
26205,3.33,False,3.33
26206,3.33,False,3.33
26207,3.33,False,3.33
26208,3.33,False,3.33
26209,3.33,False,3.33
26210,3.33,False,3.33
26211,3.33,False,3.33
26212,3.33,False,3.33
26213,3.33,False,3.33
26214,3.33,False,3.33
26215,3.33,False,3.33
26216,3.33,False,3.33
26217,3.33,False,3.33
26218,3.33,False,3.33
26219,3.33,False,3.33
26220,3.33,False,3.33
26221,3.33,False,3.33
26222,3.33,False,3.33
26223,3.33,False,3.33
26224,3.33,False,3.33
26225,3.33,False,3.33
26226,3.33,False,3.33
26227,3.33,False,3.33
26228,3.33,False,3.33
26229,3.33,False,3.33
26230,3.33,False,3.33
26231,3.33,False,3.33
26232,3.33,False,3.33
26233,3.33,False,3.33
26234,3.33,False,3.33
26235,3.33,False,3.33
26236,3.33,False,3.33
26237,3.33,False,3.33
26238,3.33,False,3.33
26239,3.33,False,3.33
26240,3.33,False,3.33
26241,3.33,False,3.33
26242,3.33,False,3.33
26243,3.33,False,3.33
26244,3.33,False,3.33
26245,3.33,False,3.33
26246,3.33,False,3.33
26247,3.33,False,3.33
26248,3.33,False,3.33
26249,3.33,False,3.33
26250,3.33,False,3.33
26251,3.33,False,3.33
26252,3.33,False,3.33
26253,3.33,False,3.33
26254,3.33,False,3.33
26255,3.33,False,3.33
26256,3.33,False,3.33
26257,3.33,False,3.33
26258,3.33,False,3.33
26259,3.33,False,3.33
26260,3.33,False,3.33
26261,3.33,False,3.33
26262,3.33,False,3.33
26263,3.33,False,3.33
26264,3.33,False,3.33
26265,3.33,False,3.33
26266,3.33,False,3.33
26267,3.33,False,3.33
26268,3.33,False,3.33
26269,3.33,False,3.33
26270,3.33,False,3.33
26271,3.33,False,3.33
26272,3.33,False,3.33
26273,3.33,False,3.33
26274,3.33,False,3.33
26275,3.33,False,3.33
26276,3.33,False,3.33
26277,3.33,False,3.33
26278,3.33,False,3.33
26279,3.33,False,3.33
26280,3.33,False,3.33
26281,3.33,False,3.33
26282,3.33,False,3.33
26283,3.33,False,3.33
26284,3.33,False,3.33
26285,3.33,False,3.33
26286,3.33,False,3.33
26287,3.33,False,3.33
26288,3.33,False,3.33
26289,3.33,False,3.33
26290,3.33,False,3.33
26291,3.33,False,3.33
26292,3.33,False,3.33
26293,3.33,False,3.33
26294,3.33,False,3.33
26295,3.33,False,3.33
26296,3.33,False,3.33
26297,3.33,False,3.33
26298,3.33,False,3.33
26299,3.33,False,3.33
26300,3.33,False,3.33
26301,3.33,False,3.33
26302,3.33,False,3.33
26303,3.33,False,3.33
26304,3.33,False,3.33
26305,3.33,False,3.33
26306,3.33,False,3.33
26307,3.33,False,3.33
26308,3.33,False,3.33
26309,3.33,False,3.33
26310,3.33,False,3.33
26311,3.33,False,3.33
26312,3.33,False,3.33
26313,3.33,False,3.33
26314,3.33,False,3.33
26315,3.33,False,3.33
26316,3.33,False,3.33
26317,3.33,False,3.33
26318,3.33,False,3.33
26319,3.33,False,3.33
26320,3.33,False,3.33
26321,3.33,False,3.33
26322,3.33,False,3.33
26323,3.33,False,3.33
26324,3.33,False,3.33
26325,3.33,False,3.33
26326,3.33,False,3.33
26327,3.33,False,3.33
26328,3.33,False,3.33
26329,3.33,False,3.33
26330,3.33,False,3.33
26331,3.33,False,3.33
26332,3.33,False,3.33
26333,3.33,False,3.33
26334,3.33,False,3.33
26335,3.33,False,3.33
26336,3.33,False,3.33
26337,3.33,False,3.33
26338,3.33,False,3.33
26339,3.33,False,3.33
26340,3.33,False,3.33
26341,3.33,False,3.33
26342,3.33,False,3.33
26343,3.33,False,3.33
26344,3.33,False,3.33
26345,3.33,False,3.33
26346,3.33,False,3.33
26347,3.33,False,3.33
26348,3.33,False,3.33
26349,3.33,False,3.33
26350,3.33,False,3.33
26351,3.33,False,3.33
26352,3.33,False,3.33
26353,3.33,False,3.33
26354,3.33,False,3.33
26355,3.33,False,3.33
26356,3.33,False,3.33
26357,3.33,False,3.33
26358,3.33,False,3.33
26359,3.33,False,3.33
26360,3.33,False,3.33
26361,3.33,False,3.33
26362,3.33,False,3.33
26363,3.33,False,3.33
26364,3.33,False,3.33
26365,3.33,False,3.33
26366,3.33,False,3.33
26367,3.33,False,3.33
26368,3.33,False,3.33
26369,4.17,False,3.498
26370,4.17,False,3.6659999999999995
26371,4.17,False,3.8340000000000005
26372,4.17,False,4.002
26373,4.17,False,4.17
26374,4.17,False,4.17
26375,4.17,False,4.17
26376,4.17,False,4.17
26377,4.17,False,4.17
26378,4.17,False,4.17
26379,4.17,False,4.17
26380,4.17,False,4.17
26381,4.17,False,4.17
26382,4.17,False,4.17
26383,4.17,False,4.17
26384,4.17,False,4.17
26385,4.17,False,4.17
26386,4.17,False,4.17
26387,4.17,False,4.17
26388,4.17,False,4.17
26389,4.17,False,4.17
26390,4.17,False,4.17
26391,4.17,False,4.17
26392,4.17,False,4.17
26393,4.17,False,4.17
26394,4.17,False,4.17
26395,4.17,False,4.17
26396,4.17,False,4.17
26397,4.17,False,4.17
26398,4.17,False,4.17
26399,4.17,False,4.17
26400,4.17,False,4.17
26401,4.17,False,4.17
26402,4.17,False,4.17
26403,4.17,False,4.17
26404,4.17,False,4.17
26405,4.17,False,4.17
26406,4.17,False,4.17
26407,4.17,False,4.17
26408,4.17,False,4.17
26409,4.17,False,4.17
26410,4.17,False,4.17
26411,4.17,False,4.17
26412,4.17,False,4.17
26413,4.17,False,4.17
26414,3.33,False,4.002
26415,3.33,False,3.8340000000000005
26416,3.33,False,3.6659999999999995
26417,3.33,False,3.498
26418,3.33,False,3.33
26419,3.33,False,3.33
26420,3.33,False,3.33
26421,3.33,False,3.33
26422,3.33,False,3.33
26423,3.33,False,3.33
26424,3.33,False,3.33
26425,3.33,False,3.33
26426,3.33,False,3.33
26427,3.33,False,3.33
26428,3.33,False,3.33
26429,3.33,False,3.33
26430,3.33,False,3.33
26431,3.33,False,3.33
26432,3.33,False,3.33
26433,3.33,False,3.33
26434,3.33,False,3.33
26435,3.33,False,3.33
26436,3.33,False,3.33
26437,3.33,False,3.33
26438,3.33,False,3.33
26439,3.33,False,3.33
26440,3.33,False,3.33
26441,3.33,False,3.33
26442,3.33,False,3.33
26443,3.33,False,3.33
26444,3.33,False,3.33
26445,3.33,False,3.33
26446,3.33,False,3.33
26447,3.33,False,3.33
26448,3.33,False,3.33
26449,3.33,False,3.33
26450,3.33,False,3.33
26451,3.33,False,3.33
26452,3.33,False,3.33
26453,3.33,False,3.33
26454,3.33,False,3.33
26455,3.33,False,3.33
26456,3.33,False,3.33
26457,3.33,False,3.33
26458,3.33,False,3.33
26459,3.33,False,3.33
26460,3.33,False,3.33
26461,3.33,False,3.33
26462,3.33,False,3.33
26463,3.33,False,3.33
26464,3.33,False,3.33
26465,3.33,False,3.33
26466,3.33,False,3.33
26467,3.33,False,3.33
26468,3.33,False,3.33
26469,3.33,False,3.33
26470,3.33,False,3.33
26471,3.33,False,3.33
26472,3.33,False,3.33
26473,3.33,False,3.33
26474,3.33,False,3.33
26475,3.33,False,3.33
26476,3.33,False,3.33
26477,3.33,False,3.33
26478,3.33,False,3.33
26479,3.33,False,3.33
26480,3.33,False,3.33
26481,3.33,False,3.33
26482,3.33,False,3.33
26483,3.33,False,3.33
26484,3.33,False,3.33
26485,3.33,False,3.33
26486,3.33,False,3.33
26487,3.33,False,3.33
26488,3.33,False,3.33
26489,3.33,False,3.33
26490,3.33,False,3.33
26491,3.33,False,3.33
26492,3.33,False,3.33
26493,3.33,False,3.33
26494,3.33,False,3.33
26495,3.33,False,3.33
26496,3.33,False,3.33
26497,3.33,False,3.33
26498,3.33,False,3.33
26499,3.33,False,3.33
26500,3.33,False,3.33
26501,3.33,False,3.33
26502,3.33,False,3.33
26503,3.33,False,3.33
26504,3.33,False,3.33
26505,3.33,False,3.33
26506,3.33,False,3.33
26507,3.33,False,3.33
26508,3.33,False,3.33
26509,3.33,False,3.33
26510,3.33,False,3.33
26511,3.33,False,3.33
26512,3.33,False,3.33
26513,3.33,False,3.33
26514,3.33,False,3.33
26515,3.33,False,3.33
26516,3.33,False,3.33
26517,3.33,False,3.33
26518,3.33,False,3.33
26519,3.33,False,3.33
26520,3.33,False,3.33
26521,3.33,False,3.33
26522,3.33,False,3.33
26523,3.33,False,3.33
26524,3.33,False,3.33
26525,3.33,False,3.33
26526,3.33,False,3.33
26527,3.33,False,3.33
26528,3.33,False,3.33
26529,3.33,False,3.33
26530,3.33,False,3.33
26531,3.33,False,3.33
26532,3.33,False,3.33
26533,3.33,False,3.33
26534,3.33,False,3.33
26535,3.33,False,3.33
26536,3.33,False,3.33
26537,3.33,False,3.33
26538,3.33,False,3.33
26539,3.33,False,3.33
26540,3.33,False,3.33
26541,3.33,False,3.33
26542,3.33,False,3.33
26543,3.33,False,3.33
26544,3.33,False,3.33
26545,3.33,False,3.33
26546,3.33,False,3.33
26547,3.33,False,3.33
26548,3.33,False,3.33
26549,3.33,False,3.33
26550,3.33,False,3.33
26551,3.33,False,3.33
26552,3.33,False,3.33
26553,3.33,False,3.33
26554,3.33,False,3.33
26555,3.33,False,3.33
26556,3.33,False,3.33
26557,3.33,False,3.33
26558,3.33,False,3.33
26559,3.33,False,3.33
26560,3.33,False,3.33
26561,3.33,False,3.33
26562,3.33,False,3.33
26563,3.33,False,3.33
26564,3.33,False,3.33
26565,3.33,False,3.33
26566,3.33,False,3.33
26567,3.33,False,3.33
26568,3.33,False,3.33
26569,3.33,False,3.33
26570,3.33,False,3.33
26571,3.33,False,3.33
26572,3.33,False,3.33
26573,3.33,False,3.33
26574,3.33,False,3.33
26575,3.33,False,3.33
26576,3.33,False,3.33
26577,3.33,False,3.33
26578,3.33,False,3.33
26579,3.33,False,3.33
26580,3.33,False,3.33
26581,3.33,False,3.33
26582,3.33,False,3.33
26583,3.33,False,3.33
26584,3.33,False,3.33
26585,3.33,False,3.33
26586,3.33,False,3.33
26587,3.33,False,3.33
26588,3.33,False,3.33
26589,3.33,False,3.33
26590,3.33,False,3.33
26591,3.33,False,3.33
26592,3.33,False,3.33
26593,3.33,False,3.33
26594,3.33,False,3.33
26595,3.33,False,3.33
26596,3.33,False,3.33
26597,3.33,False,3.33
26598,3.33,False,3.33
26599,3.33,False,3.33
26600,3.33,False,3.33
26601,3.33,False,3.33
26602,3.33,False,3.33
26603,3.33,False,3.33
26604,3.33,False,3.33
26605,3.33,False,3.33
26606,3.33,False,3.33
26607,3.33,False,3.33
26608,3.33,False,3.33
26609,3.33,False,3.33
26610,3.33,False,3.33
26611,3.33,False,3.33
26612,3.33,False,3.33
26613,3.33,False,3.33
26614,3.33,False,3.33
26615,3.33,False,3.33
26616,3.33,False,3.33
26617,3.33,False,3.33
26618,3.33,False,3.33
26619,3.33,False,3.33
26620,3.33,False,3.33
26621,3.33,False,3.33
26622,3.33,False,3.33
26623,3.33,False,3.33
26624,3.33,False,3.33
26625,4.17,False,3.498
26626,4.17,False,3.6659999999999995
26627,4.17,False,3.8340000000000005
26628,4.17,False,4.002
26629,4.17,False,4.17
26630,4.17,False,4.17
26631,4.17,False,4.17
26632,4.17,False,4.17
26633,4.17,False,4.17
26634,4.17,False,4.17
26635,4.17,False,4.17
26636,4.17,False,4.17
26637,4.17,False,4.17
26638,4.17,False,4.17
26639,4.17,False,4.17
26640,4.17,False,4.17
26641,4.17,False,4.17
26642,4.17,False,4.17
26643,4.17,False,4.17
26644,4.17,False,4.17
26645,4.17,False,4.17
26646,4.17,False,4.17
26647,4.17,False,4.17
26648,4.17,False,4.17
26649,4.17,False,4.17
26650,4.17,False,4.17
26651,4.17,False,4.17
26652,4.17,False,4.17
26653,4.17,False,4.17
26654,3.33,False,4.002
26655,3.33,False,3.8340000000000005
26656,3.33,False,3.6659999999999995
26657,3.33,False,3.498
26658,3.33,False,3.33
26659,3.33,False,3.33
26660,3.33,False,3.33
26661,3.33,False,3.33
26662,3.33,False,3.33
26663,3.33,False,3.33
26664,3.33,False,3.33
26665,3.33,False,3.33
26666,3.33,False,3.33
26667,3.33,False,3.33
26668,3.33,False,3.33
26669,3.33,False,3.33
26670,3.33,False,3.33
26671,3.33,False,3.33
26672,3.33,False,3.33
26673,3.33,False,3.33
26674,3.33,False,3.33
26675,3.33,False,3.33
26676,3.33,False,3.33
26677,3.33,False,3.33
26678,3.33,False,3.33
26679,3.33,False,3.33
26680,3.33,False,3.33
26681,3.33,False,3.33
26682,3.33,False,3.33
26683,3.33,False,3.33
26684,3.33,False,3.33
26685,3.33,False,3.33
26686,3.33,False,3.33
26687,3.33,False,3.33
26688,3.33,False,3.33
26689,3.33,False,3.33
26690,3.33,False,3.33
26691,3.33,False,3.33
26692,3.33,False,3.33
26693,3.33,False,3.33
26694,3.33,False,3.33
26695,3.33,False,3.33
26696,3.33,False,3.33
26697,3.33,False,3.33
26698,3.33,False,3.33
26699,3.33,False,3.33
26700,3.33,False,3.33
26701,3.33,False,3.33
26702,3.33,False,3.33
26703,3.33,False,3.33
26704,3.33,False,3.33
26705,3.33,False,3.33
26706,3.33,False,3.33
26707,3.33,False,3.33
26708,3.33,False,3.33
26709,3.33,False,3.33
26710,3.33,False,3.33
26711,3.33,False,3.33
26712,3.33,False,3.33
26713,3.33,False,3.33
26714,3.33,False,3.33
26715,3.33,False,3.33
26716,3.33,False,3.33
26717,3.33,False,3.33
26718,3.33,False,3.33
26719,3.33,False,3.33
26720,3.33,False,3.33
26721,3.33,False,3.33
26722,3.33,False,3.33
26723,3.33,False,3.33
26724,3.33,False,3.33
26725,3.33,False,3.33
26726,3.33,False,3.33
26727,3.33,False,3.33
26728,3.33,False,3.33
26729,3.33,False,3.33
26730,3.33,False,3.33
26731,3.33,False,3.33
26732,3.33,False,3.33
26733,3.33,False,3.33
26734,3.33,False,3.33
26735,3.33,False,3.33
26736,3.33,False,3.33
26737,3.33,False,3.33
26738,3.33,False,3.33
26739,3.33,False,3.33
26740,3.33,False,3.33
26741,3.33,False,3.33
26742,3.33,False,3.33
26743,3.33,False,3.33
26744,3.33,False,3.33
26745,3.33,False,3.33
26746,3.33,False,3.33
26747,3.33,False,3.33
26748,3.33,False,3.33
26749,3.33,False,3.33
26750,3.33,False,3.33
26751,3.33,False,3.33
26752,3.33,False,3.33
26753,3.33,False,3.33
26754,3.33,False,3.33
26755,3.33,False,3.33
26756,3.33,False,3.33
26757,3.33,False,3.33
26758,3.33,False,3.33
26759,3.33,False,3.33
26760,3.33,False,3.33
26761,3.33,False,3.33
26762,3.33,False,3.33
26763,3.33,False,3.33
26764,3.33,False,3.33
26765,3.33,False,3.33
26766,3.33,False,3.33
26767,3.33,False,3.33
26768,3.33,False,3.33
26769,3.33,False,3.33
26770,3.33,False,3.33
26771,3.33,False,3.33
26772,3.33,False,3.33
26773,3.33,False,3.33
26774,3.33,False,3.33
26775,3.33,False,3.33
26776,3.33,False,3.33
26777,3.33,False,3.33
26778,3.33,False,3.33
26779,3.33,False,3.33
26780,3.33,False,3.33
26781,3.33,False,3.33
26782,3.33,False,3.33
26783,3.33,False,3.33
26784,3.33,False,3.33
26785,3.33,False,3.33
26786,3.33,False,3.33
26787,3.33,False,3.33
26788,3.33,False,3.33
26789,3.33,False,3.33
26790,3.33,False,3.33
26791,3.33,False,3.33
26792,3.33,False,3.33
26793,3.33,False,3.33
26794,3.33,False,3.33
26795,3.33,False,3.33
26796,3.33,False,3.33
26797,3.33,False,3.33
26798,3.33,False,3.33
26799,3.33,False,3.33
26800,3.33,False,3.33
26801,3.33,False,3.33
26802,3.33,False,3.33
26803,3.33,False,3.33
26804,3.33,False,3.33
26805,3.33,False,3.33
26806,3.33,False,3.33
26807,3.33,False,3.33
26808,3.33,False,3.33
26809,3.33,False,3.33
26810,3.33,False,3.33
26811,3.33,False,3.33
26812,3.33,False,3.33
26813,3.33,False,3.33
26814,3.33,False,3.33
26815,3.33,False,3.33
26816,3.33,False,3.33
26817,3.33,False,3.33
26818,3.33,False,3.33
26819,3.33,False,3.33
26820,3.33,False,3.33
26821,3.33,False,3.33
26822,3.33,False,3.33
26823,3.33,False,3.33
26824,3.33,False,3.33
26825,3.33,False,3.33
26826,3.33,False,3.33
26827,3.33,False,3.33
26828,3.33,False,3.33
26829,3.33,False,3.33
26830,3.33,False,3.33
26831,3.33,False,3.33
26832,3.33,False,3.33
26833,3.33,False,3.33
26834,3.33,False,3.33
26835,3.33,False,3.33
26836,3.33,False,3.33
26837,3.33,False,3.33
26838,3.33,False,3.33
26839,3.33,False,3.33
26840,3.33,False,3.33
26841,3.33,False,3.33
26842,3.33,False,3.33
26843,3.33,False,3.33
26844,3.33,False,3.33
26845,3.33,False,3.33
26846,3.33,False,3.33
26847,3.33,False,3.33
26848,3.33,False,3.33
26849,3.33,False,3.33
26850,3.33,False,3.33
26851,3.33,False,3.33
26852,3.33,False,3.33
26853,3.33,False,3.33
26854,3.33,False,3.33
26855,3.33,False,3.33
26856,3.33,False,3.33
26857,3.33,False,3.33
26858,3.33,False,3.33
26859,3.33,False,3.33
26860,3.33,False,3.33
26861,3.33,False,3.33
26862,3.33,False,3.33
26863,3.33,False,3.33
26864,3.33,False,3.33
26865,3.33,False,3.33
26866,3.33,False,3.33
26867,3.33,False,3.33
26868,3.33,False,3.33
26869,3.33,False,3.33
26870,3.33,False,3.33
26871,3.33,False,3.33
26872,3.33,False,3.33
26873,3.33,False,3.33
26874,3.33,False,3.33
26875,3.33,False,3.33
26876,3.33,False,3.33
26877,3.33,False,3.33
26878,3.33,False,3.33
26879,3.33,False,3.33
26880,3.33,False,3.33
26881,4.17,False,3.498
26882,4.17,False,3.6659999999999995
26883,4.17,False,3.8340000000000005
26884,4.17,False,4.002
26885,4.17,False,4.17
26886,4.17,False,4.17
26887,4.17,False,4.17
26888,4.17,False,4.17
26889,4.17,False,4.17
26890,4.17,False,4.17
26891,4.17,False,4.17
26892,4.17,False,4.17
26893,4.17,False,4.17
26894,4.17,False,4.17
26895,4.17,False,4.17
26896,4.17,False,4.17
26897,4.17,False,4.17
26898,4.17,False,4.17
26899,4.17,False,4.17
26900,4.17,False,4.17
26901,4.17,False,4.17
26902,4.17,False,4.17
26903,4.17,False,4.17
26904,4.17,False,4.17
26905,4.17,False,4.17
26906,4.17,False,4.17
26907,4.17,False,4.17
26908,4.17,False,4.17
26909,4.17,False,4.17
26910,4.17,False,4.17
26911,4.17,False,4.17
26912,4.17,False,4.17
26913,4.17,False,4.17
26914,4.17,False,4.17
26915,4.17,False,4.17
26916,4.17,False,4.17
26917,4.17,False,4.17
26918,4.17,False,4.17
26919,4.17,False,4.17
26920,4.17,False,4.17
26921,4.17,False,4.17
26922,4.17,False,4.17
26923,4.17,False,4.17
26924,3.33,False,4.002
26925,3.33,False,3.8340000000000005
26926,3.33,False,3.6659999999999995
26927,3.33,False,3.498
26928,3.33,False,3.33
26929,3.33,False,3.33
26930,3.33,False,3.33
26931,3.33,False,3.33
26932,3.33,False,3.33
26933,3.33,False,3.33
26934,3.33,False,3.33
26935,3.33,False,3.33
26936,3.33,False,3.33
26937,3.33,False,3.33
26938,3.33,False,3.33
26939,3.33,False,3.33
26940,3.33,False,3.33
26941,3.33,False,3.33
26942,3.33,False,3.33
26943,3.33,False,3.33
26944,3.33,False,3.33
26945,3.33,False,3.33
26946,3.33,False,3.33
26947,3.33,False,3.33
26948,3.33,False,3.33
26949,3.33,False,3.33
26950,3.33,False,3.33
26951,3.33,False,3.33
26952,3.33,False,3.33
26953,3.33,False,3.33
26954,3.33,False,3.33
26955,3.33,False,3.33
26956,3.33,False,3.33
26957,3.33,False,3.33
26958,3.33,False,3.33
26959,3.33,False,3.33
26960,3.33,False,3.33
26961,3.33,False,3.33
26962,3.33,False,3.33
26963,3.33,False,3.33
26964,3.33,False,3.33
26965,3.33,False,3.33
26966,3.33,False,3.33
26967,3.33,False,3.33
26968,3.33,False,3.33
26969,3.33,False,3.33
26970,3.33,False,3.33
26971,3.33,False,3.33
26972,3.33,False,3.33
26973,3.33,False,3.33
26974,3.33,False,3.33
26975,3.33,False,3.33
26976,3.33,False,3.33
26977,3.33,False,3.33
26978,3.33,False,3.33
26979,3.33,False,3.33
26980,3.33,False,3.33
26981,3.33,False,3.33
26982,3.33,False,3.33
26983,3.33,False,3.33
26984,3.33,False,3.33
26985,3.33,False,3.33
26986,3.33,False,3.33
26987,3.33,False,3.33
26988,3.33,False,3.33
26989,3.33,False,3.33
26990,3.33,False,3.33
26991,3.33,False,3.33
26992,3.33,False,3.33
26993,3.33,False,3.33
26994,3.33,False,3.33
26995,3.33,False,3.33
26996,3.33,False,3.33
26997,3.33,False,3.33
26998,3.33,False,3.33
26999,3.33,False,3.33
27000,3.33,False,3.33
27001,3.33,False,3.33
27002,3.33,False,3.33
27003,3.33,False,3.33
27004,3.33,False,3.33
27005,3.33,False,3.33
27006,3.33,False,3.33
27007,3.33,False,3.33
27008,3.33,False,3.33
27009,3.33,False,3.33
27010,3.33,False,3.33
27011,3.33,False,3.33
27012,3.33,False,3.33
27013,3.33,False,3.33
27014,3.33,False,3.33
27015,4.17,False,3.498
27016,4.17,False,3.6659999999999995
27017,4.17,False,3.8340000000000005
27018,4.17,False,4.002
27019,4.17,False,4.17
27020,4.17,False,4.17
27021,4.17,False,4.17
27022,4.17,False,4.17
27023,4.17,False,4.17
27024,4.17,False,4.17
27025,4.17,False,4.17
27026,4.17,False,4.17
27027,4.17,False,4.17
27028,4.17,False,4.17
27029,4.17,False,4.17
27030,4.17,False,4.17
27031,4.17,False,4.17
27032,4.17,False,4.17
27033,4.17,False,4.17
27034,4.17,False,4.17
27035,4.17,False,4.17
27036,4.17,False,4.17
27037,4.17,False,4.17
27038,4.17,False,4.17
27039,4.17,False,4.17
27040,4.17,False,4.17
27041,4.17,False,4.17
27042,4.17,False,4.17
27043,4.17,False,4.17
27044,4.17,False,4.17
27045,4.17,False,4.17
27046,4.17,False,4.17
27047,4.17,False,4.17
27048,4.17,False,4.17
27049,4.17,False,4.17
27050,4.17,False,4.17
27051,4.17,False,4.17
27052,4.17,False,4.17
27053,4.17,False,4.17
27054,4.17,False,4.17
27055,4.17,False,4.17
27056,4.17,False,4.17
27057,4.17,False,4.17
27058,4.17,False,4.17
27059,4.17,False,4.17
27060,4.17,False,4.17
27061,4.17,False,4.17
27062,4.17,False,4.17
27063,4.17,False,4.17
27064,4.17,False,4.17
27065,4.17,False,4.17
27066,4.17,False,4.17
27067,4.17,False,4.17
27068,4.17,False,4.17
27069,4.17,False,4.17
27070,4.17,False,4.17
27071,4.17,False,4.17
27072,4.17,False,4.17
27073,4.17,False,4.17
27074,4.17,False,4.17
27075,4.17,False,4.17
27076,4.17,False,4.17
27077,4.17,False,4.17
27078,4.17,False,4.17
27079,4.17,False,4.17
27080,4.17,False,4.17
27081,4.17,False,4.17
27082,4.17,False,4.17
27083,4.17,False,4.17
27084,4.17,False,4.17
27085,4.17,False,4.17
27086,4.17,False,4.17
27087,4.17,False,4.17
27088,4.17,False,4.17
27089,4.17,False,4.17
27090,4.17,False,4.17
27091,4.17,False,4.17
27092,4.17,False,4.17
27093,4.17,False,4.17
27094,4.17,False,4.17
27095,4.17,False,4.17
27096,4.17,False,4.17
27097,4.17,False,4.17
27098,4.17,False,4.17
27099,4.17,False,4.17
27100,4.17,False,4.17
27101,4.17,False,4.17
27102,4.17,False,4.17
27103,4.17,False,4.17
27104,4.17,False,4.17
27105,4.17,False,4.17
27106,4.17,False,4.17
27107,4.17,False,4.17
27108,4.17,False,4.17
27109,4.17,False,4.17
27110,4.17,False,4.17
27111,4.17,False,4.17
27112,4.17,False,4.17
27113,4.17,False,4.17
27114,4.17,False,4.17
27115,4.17,False,4.17
27116,4.17,False,4.17
27117,4.17,False,4.17
27118,4.17,False,4.17
27119,4.17,False,4.17
27120,4.17,False,4.17
27121,4.17,False,4.17
27122,4.17,False,4.17
27123,4.17,False,4.17
27124,4.17,False,4.17
27125,4.17,False,4.17
27126,4.17,False,4.17
27127,4.17,False,4.17
27128,4.17,False,4.17
27129,4.17,False,4.17
27130,4.17,False,4.17
27131,4.17,False,4.17
27132,4.17,False,4.17
27133,4.17,False,4.17
27134,4.17,False,4.17
27135,4.17,False,4.17
27136,4.17,False,4.17
27137,4.17,False,4.17
27138,4.17,False,4.17
27139,4.17,False,4.17
27140,4.17,False,4.17
27141,4.17,False,4.17
27142,4.17,False,4.17
27143,4.17,False,4.17
27144,4.17,False,4.17
27145,4.17,False,4.17
27146,4.17,False,4.17
27147,4.17,False,4.17
27148,4.17,False,4.17
27149,4.17,False,4.17
27150,4.17,False,4.17
27151,4.17,False,4.17
27152,4.17,False,4.17
27153,4.17,False,4.17
27154,4.17,False,4.17
27155,4.17,False,4.17
27156,4.17,False,4.17
27157,4.17,False,4.17
27158,4.17,False,4.17
27159,4.17,False,4.17
27160,4.17,False,4.17
27161,4.17,False,4.17
27162,4.17,False,4.17
27163,4.17,False,4.17
27164,4.17,False,4.17
27165,4.17,False,4.17
27166,4.17,False,4.17
27167,4.17,False,4.17
27168,4.17,False,4.17
27169,4.17,False,4.17
27170,4.17,False,4.17
27171,4.17,False,4.17
27172,4.17,False,4.17
27173,4.17,False,4.17
27174,4.17,False,4.17
27175,4.17,False,4.17
27176,4.17,False,4.17
27177,4.17,False,4.17
27178,4.17,False,4.17
27179,4.17,False,4.17
27180,4.17,False,4.17
27181,4.17,False,4.17
27182,4.17,False,4.17
27183,4.17,False,4.17
27184,4.17,False,4.17
27185,4.17,False,4.17
27186,4.17,False,4.17
27187,4.17,False,4.17
27188,4.17,False,4.17
27189,4.17,False,4.17
27190,4.17,False,4.17
27191,4.17,False,4.17
27192,4.17,False,4.17
27193,4.17,False,4.17
27194,4.17,False,4.17
27195,4.17,False,4.17
27196,4.17,False,4.17
27197,4.17,False,4.17
27198,4.17,False,4.17
27199,4.17,False,4.17
27200,4.17,False,4.17
27201,4.17,False,4.17
27202,4.17,False,4.17
27203,4.17,False,4.17
27204,4.17,False,4.17
27205,4.17,False,4.17
27206,4.17,False,4.17
27207,4.17,False,4.17
27208,4.17,False,4.17
27209,4.17,False,4.17
27210,4.17,False,4.17
27211,4.17,False,4.17
27212,4.17,False,4.17
27213,4.17,False,4.17
27214,4.17,False,4.17
27215,4.17,False,4.17
27216,4.17,False,4.17
27217,4.17,False,4.17
27218,4.17,False,4.17
27219,4.17,False,4.17
27220,4.17,False,4.17
27221,4.17,False,4.17
27222,4.17,False,4.17
27223,4.17,False,4.17
27224,4.17,False,4.17
27225,4.17,False,4.17
27226,4.17,False,4.17
27227,4.17,False,4.17
27228,4.17,False,4.17
27229,4.17,False,4.17
27230,4.17,False,4.17
27231,4.17,False,4.17
27232,4.17,False,4.17
27233,4.17,False,4.17
27234,4.17,False,4.17
27235,4.17,False,4.17
27236,4.17,False,4.17
27237,4.17,False,4.17
27238,4.17,False,4.17
27239,4.17,False,4.17
27240,4.17,False,4.17
27241,4.17,False,4.17
27242,4.17,False,4.17
27243,4.17,False,4.17
27244,4.17,False,4.17
27245,4.17,False,4.17
27246,4.17,False,4.17
27247,4.17,False,4.17
27248,4.17,False,4.17
27249,4.17,False,4.17
27250,4.17,False,4.17
27251,4.17,False,4.17
27252,4.17,False,4.17
27253,4.17,False,4.17
27254,4.17,False,4.17
27255,4.17,False,4.17
27256,4.17,False,4.17
27257,4.17,False,4.17
27258,4.17,False,4.17
27259,4.17,False,4.17
27260,4.17,False,4.17
27261,4.17,False,4.17
27262,4.17,False,4.17
27263,4.17,False,4.17
27264,4.17,False,4.17
27265,4.17,False,4.17
27266,4.17,False,4.17
27267,4.17,False,4.17
27268,4.17,False,4.17
27269,4.17,False,4.17
27270,4.17,False,4.17
27271,4.17,False,4.17
27272,4.17,False,4.17
27273,4.17,False,4.17
27274,4.17,False,4.17
27275,4.17,False,4.17
27276,4.17,False,4.17
27277,4.17,False,4.17
27278,4.17,False,4.17
27279,4.17,False,4.17
27280,4.17,False,4.17
27281,4.17,False,4.17
27282,4.17,False,4.17
27283,4.17,False,4.17
27284,4.17,False,4.17
27285,4.17,False,4.17
27286,4.17,False,4.17
27287,4.17,False,4.17
27288,4.17,False,4.17
27289,4.17,False,4.17
27290,4.17,False,4.17
27291,4.17,False,4.17
27292,4.17,False,4.17
27293,4.17,False,4.17
27294,4.17,False,4.17
27295,4.17,False,4.17
27296,4.17,False,4.17
27297,4.17,False,4.17
27298,4.17,False,4.17
27299,4.17,False,4.17
27300,4.17,False,4.17
27301,4.17,False,4.17
27302,4.17,False,4.17
27303,4.17,False,4.17
27304,4.17,False,4.17
27305,4.17,False,4.17
27306,4.17,False,4.17
27307,4.17,False,4.17
27308,4.17,False,4.17
27309,4.17,False,4.17
27310,4.17,False,4.17
27311,4.17,False,4.17
27312,4.17,False,4.17
27313,4.17,False,4.17
27314,4.17,False,4.17
27315,4.17,False,4.17
27316,4.17,False,4.17
27317,4.17,False,4.17
27318,4.17,False,4.17
27319,4.17,False,4.17
27320,4.17,False,4.17
27321,4.17,False,4.17
27322,4.17,False,4.17
27323,4.17,False,4.17
27324,4.17,False,4.17
27325,4.17,False,4.17
27326,4.17,False,4.17
27327,4.17,False,4.17
27328,4.17,False,4.17
27329,4.17,False,4.17
27330,4.17,False,4.17
27331,4.17,False,4.17
27332,4.17,False,4.17
27333,4.17,False,4.17
27334,4.17,False,4.17
27335,4.17,False,4.17
27336,4.17,False,4.17
27337,4.17,False,4.17
27338,4.17,False,4.17
27339,4.17,False,4.17
27340,4.17,False,4.17
27341,4.17,False,4.17
27342,4.17,False,4.17
27343,4.17,False,4.17
27344,4.17,False,4.17
27345,4.17,False,4.17
27346,4.17,False,4.17
27347,4.17,False,4.17
27348,4.17,False,4.17
27349,4.17,False,4.17
27350,4.17,False,4.17
27351,4.17,False,4.17
27352,4.17,False,4.17
27353,4.17,False,4.17
27354,4.17,False,4.17
27355,4.17,False,4.17
27356,4.17,False,4.17
27357,4.17,False,4.17
27358,4.17,False,4.17
27359,4.17,False,4.17
27360,4.17,False,4.17
27361,4.17,False,4.17
27362,4.17,False,4.17
27363,4.17,False,4.17
27364,4.17,False,4.17
27365,4.17,False,4.17
27366,4.17,False,4.17
27367,4.17,False,4.17
27368,4.17,False,4.17
27369,4.17,False,4.17
27370,4.17,False,4.17
27371,4.17,False,4.17
27372,4.17,False,4.17
27373,4.17,False,4.17
27374,4.17,False,4.17
27375,4.17,False,4.17
27376,4.17,False,4.17
27377,4.17,False,4.17
27378,4.17,False,4.17
27379,4.17,False,4.17
27380,4.17,False,4.17
27381,4.17,False,4.17
27382,4.17,False,4.17
27383,4.17,False,4.17
27384,4.17,False,4.17
27385,4.17,False,4.17
27386,4.17,False,4.17
27387,4.17,False,4.17
27388,4.17,False,4.17
27389,4.17,False,4.17
27390,4.17,False,4.17
27391,4.17,False,4.17
27392,4.17,False,4.17
27393,4.17,False,4.17
27394,4.17,False,4.17
27395,4.17,False,4.17
27396,4.17,False,4.17
27397,4.17,False,4.17
27398,4.17,False,4.17
27399,4.17,False,4.17
27400,4.17,False,4.17
27401,4.17,False,4.17
27402,4.17,False,4.17
27403,4.17,False,4.17
27404,4.17,False,4.17
27405,4.17,False,4.17
27406,4.17,False,4.17
27407,4.17,False,4.17
27408,4.17,False,4.17
27409,4.17,False,4.17
27410,4.17,False,4.17
27411,4.17,False,4.17
27412,4.17,False,4.17
27413,4.17,False,4.17
27414,4.17,False,4.17
27415,4.17,False,4.17
27416,4.17,False,4.17
27417,4.17,False,4.17
27418,4.17,False,4.17
27419,4.17,False,4.17
27420,4.17,False,4.17
27421,4.17,False,4.17
27422,4.17,False,4.17
27423,4.17,False,4.17
27424,4.17,False,4.17
27425,4.17,False,4.17
27426,4.17,False,4.17
27427,4.17,False,4.17
27428,4.17,False,4.17
27429,4.17,False,4.17
27430,4.17,False,4.17
27431,4.17,False,4.17
27432,4.17,False,4.17
27433,4.17,False,4.17
27434,4.17,False,4.17
27435,4.17,False,4.17
27436,4.17,False,4.17
27437,4.17,False,4.17
27438,4.17,False,4.17
27439,4.17,False,4.17
27440,4.17,False,4.17
27441,4.17,False,4.17
27442,4.17,False,4.17
27443,4.17,False,4.17
27444,4.17,False,4.17
27445,4.17,False,4.17
27446,4.17,False,4.17
27447,4.17,False,4.17
27448,4.17,False,4.17
27449,4.17,False,4.17
27450,4.17,False,4.17
27451,4.17,False,4.17
27452,4.17,False,4.17
27453,4.17,False,4.17
27454,4.17,False,4.17
27455,4.17,False,4.17
27456,4.17,False,4.17
27457,4.17,False,4.17
27458,4.17,False,4.17
27459,4.17,False,4.17
27460,4.17,False,4.17
27461,4.17,False,4.17
27462,4.17,False,4.17
27463,4.17,False,4.17
27464,4.17,False,4.17
27465,4.17,False,4.17
27466,4.17,False,4.17
27467,4.17,False,4.17
27468,4.17,False,4.17
27469,4.17,False,4.17
27470,4.17,False,4.17
27471,4.17,False,4.17
27472,4.17,False,4.17
27473,4.17,False,4.17
27474,4.17,False,4.17
27475,4.17,False,4.17
27476,4.17,False,4.17
27477,4.17,False,4.17
27478,4.17,False,4.17
27479,4.17,False,4.17
27480,4.17,False,4.17
27481,4.17,False,4.17
27482,4.17,False,4.17
27483,4.17,False,4.17
27484,4.17,False,4.17
27485,4.17,False,4.17
27486,4.17,False,4.17
27487,4.17,False,4.17
27488,4.17,False,4.17
27489,4.17,False,4.17
27490,4.17,False,4.17
27491,4.17,False,4.17
27492,4.17,False,4.17
27493,4.17,False,4.17
27494,4.17,False,4.17
27495,4.17,False,4.17
27496,4.17,False,4.17
27497,4.17,False,4.17
27498,4.17,False,4.17
27499,4.17,False,4.17
27500,4.17,False,4.17
27501,4.17,False,4.17
27502,4.17,False,4.17
27503,4.17,False,4.17
27504,4.17,False,4.17
27505,4.17,False,4.17
27506,4.17,False,4.17
27507,4.17,False,4.17
27508,4.17,False,4.17
27509,4.17,False,4.17
27510,4.17,False,4.17
27511,4.17,False,4.17
27512,4.17,False,4.17
27513,4.17,False,4.17
27514,4.17,False,4.17
27515,4.17,False,4.17
27516,4.17,False,4.17
27517,4.17,False,4.17
27518,4.17,False,4.17
27519,4.17,False,4.17
27520,4.17,False,4.17
27521,4.17,False,4.17
27522,4.17,False,4.17
27523,4.17,False,4.17
27524,4.17,False,4.17
27525,4.17,False,4.17
27526,4.17,False,4.17
27527,4.17,False,4.17
27528,4.17,False,4.17
27529,4.17,False,4.17
27530,4.17,False,4.17
27531,4.17,False,4.17
27532,4.17,False,4.17
27533,4.17,False,4.17
27534,4.17,False,4.17
27535,4.17,False,4.17
27536,4.17,False,4.17
27537,4.17,False,4.17
27538,4.17,False,4.17
27539,4.17,False,4.17
27540,4.17,False,4.17
27541,4.17,False,4.17
27542,4.17,False,4.17
27543,4.17,False,4.17
27544,4.17,False,4.17
27545,4.17,False,4.17
27546,4.17,False,4.17
27547,4.17,False,4.17
27548,4.17,False,4.17
27549,4.17,False,4.17
27550,4.17,False,4.17
27551,4.17,False,4.17
27552,4.17,False,4.17
27553,4.17,False,4.17
27554,4.17,False,4.17
27555,5.0,False,4.336
27556,5.0,False,4.502
27557,5.0,False,4.667999999999999
27558,5.0,False,4.8340000000000005
27559,5.0,False,5.0
27560,5.0,False,5.0
27561,5.0,False,5.0
27562,5.0,False,5.0
27563,5.0,False,5.0
27564,5.0,False,5.0
27565,5.0,False,5.0
27566,5.0,False,5.0
27567,5.0,False,5.0
27568,5.0,False,5.0
27569,5.0,False,5.0
27570,5.0,False,5.0
27571,5.0,False,5.0
27572,5.0,False,5.0
27573,5.0,False,5.0
27574,5.0,False,5.0
27575,5.0,False,5.0
27576,5.0,False,5.0
27577,5.0,False,5.0
27578,5.0,False,5.0
27579,5.0,False,5.0
27580,5.0,False,5.0
27581,5.0,False,5.0
27582,5.0,False,5.0
27583,5.0,False,5.0
27584,5.0,False,5.0
27585,5.0,False,5.0
27586,5.0,False,5.0
27587,5.0,False,5.0
27588,5.0,False,5.0
27589,5.0,False,5.0
27590,5.0,False,5.0
27591,5.0,False,5.0
27592,5.0,False,5.0
27593,5.0,False,5.0
27594,5.0,False,5.0
27595,5.0,False,5.0
27596,5.0,False,5.0
27597,5.0,False,5.0
27598,5.0,False,5.0
27599,5.0,False,5.0
27600,5.0,False,5.0
27601,5.0,False,5.0
27602,5.0,False,5.0
27603,5.0,False,5.0
27604,5.0,False,5.0
27605,5.0,False,5.0
27606,5.0,False,5.0
27607,5.0,False,5.0
27608,5.0,False,5.0
27609,5.0,False,5.0
27610,5.0,False,5.0
27611,5.0,False,5.0
27612,5.0,False,5.0
27613,5.0,False,5.0
27614,5.0,False,5.0
27615,5.0,False,5.0
27616,5.0,False,5.0
27617,5.0,False,5.0
27618,5.0,False,5.0
27619,5.0,False,5.0
27620,5.0,False,5.0
27621,5.0,False,5.0
27622,5.0,False,5.0
27623,5.0,False,5.0
27624,5.0,False,5.0
27625,5.0,False,5.0
27626,5.0,False,5.0
27627,5.0,False,5.0
27628,5.0,False,5.0
27629,5.0,False,5.0
27630,5.0,False,5.0
27631,5.0,False,5.0
27632,5.0,False,5.0
27633,5.0,False,5.0
27634,5.0,False,5.0
27635,5.0,False,5.0
27636,5.0,False,5.0
27637,5.0,False,5.0
27638,5.0,False,5.0
27639,5.0,False,5.0
27640,5.0,False,5.0
27641,5.0,False,5.0
27642,5.0,False,5.0
27643,5.0,False,5.0
27644,5.0,False,5.0
27645,5.0,False,5.0
27646,4.17,False,4.834
27647,4.17,False,4.668000000000001
27648,4.17,False,4.502000000000001
27649,5.0,False,4.502
27650,5.0,False,4.502
27651,5.0,False,4.668
27652,5.0,False,4.8340000000000005
27653,5.0,False,5.0
27654,5.0,False,5.0
27655,5.0,False,5.0
27656,5.0,False,5.0
27657,5.0,False,5.0
27658,5.0,False,5.0
27659,5.0,False,5.0
27660,5.0,False,5.0
27661,5.0,False,5.0
27662,5.0,False,5.0
27663,5.0,False,5.0
27664,5.0,False,5.0
27665,5.0,False,5.0
27666,5.0,False,5.0
27667,5.0,False,5.0
27668,5.0,False,5.0
27669,5.0,False,5.0
27670,5.0,False,5.0
27671,5.0,False,5.0
27672,5.0,False,5.0
27673,5.0,False,5.0
27674,4.17,False,4.8340000000000005
27675,4.17,False,4.668
27676,4.17,False,4.502
27677,4.17,False,4.336
27678,4.17,False,4.17
27679,4.17,False,4.17
27680,4.17,False,4.17
27681,4.17,False,4.17
27682,4.17,False,4.17
27683,4.17,False,4.17
27684,4.17,False,4.17
27685,4.17,False,4.17
27686,4.17,False,4.17
27687,4.17,False,4.17
27688,4.17,False,4.17
27689,4.17,False,4.17
27690,4.17,False,4.17
27691,4.17,False,4.17
27692,4.17,False,4.17
27693,4.17,False,4.17
27694,4.17,False,4.17
27695,4.17,False,4.17
27696,4.17,False,4.17
27697,4.17,False,4.17
27698,4.17,False,4.17
27699,4.17,False,4.17
27700,4.17,False,4.17
27701,4.17,False,4.17
27702,4.17,False,4.17
27703,4.17,False,4.17
27704,4.17,False,4.17
27705,4.17,False,4.17
27706,4.17,False,4.17
27707,4.17,False,4.17
27708,4.17,False,4.17
27709,4.17,False,4.17
27710,4.17,False,4.17
27711,4.17,False,4.17
27712,4.17,False,4.17
27713,4.17,False,4.17
27714,4.17,False,4.17
27715,4.17,False,4.17
27716,4.17,False,4.17
27717,4.17,False,4.17
27718,4.17,False,4.17
27719,4.17,False,4.17
27720,4.17,False,4.17
27721,4.17,False,4.17
27722,4.17,False,4.17
27723,4.17,False,4.17
27724,4.17,False,4.17
27725,4.17,False,4.17
27726,4.17,False,4.17
27727,4.17,False,4.17
27728,4.17,False,4.17
27729,4.17,False,4.17
27730,4.17,False,4.17
27731,4.17,False,4.17
27732,4.17,False,4.17
27733,4.17,False,4.17
27734,5.0,False,4.336
27735,5.0,False,4.502
27736,5.0,False,4.668
27737,5.0,False,4.8340000000000005
27738,5.0,False,5.0
27739,5.0,False,5.0
27740,5.0,False,5.0
27741,5.0,False,5.0
27742,5.0,False,5.0
27743,5.0,False,5.0
27744,5.0,False,5.0
27745,5.0,False,5.0
27746,5.0,False,5.0
27747,5.0,False,5.0
27748,5.0,False,5.0
27749,5.0,False,5.0
27750,5.0,False,5.0
27751,5.0,False,5.0
27752,5.0,False,5.0
27753,5.0,False,5.0
27754,5.0,False,5.0
27755,5.0,False,5.0
27756,5.0,False,5.0
27757,5.0,False,5.0
27758,5.0,False,5.0
27759,5.0,False,5.0
27760,5.0,False,5.0
27761,5.0,False,5.0
27762,5.0,False,5.0
27763,5.0,False,5.0
27764,5.0,False,5.0
27765,5.0,False,5.0
27766,5.0,False,5.0
27767,5.0,False,5.0
27768,5.0,False,5.0
27769,5.0,False,5.0
27770,5.0,False,5.0
27771,5.0,False,5.0
27772,5.0,False,5.0
27773,5.0,False,5.0
27774,5.0,False,5.0
27775,5.0,False,5.0
27776,5.0,False,5.0
27777,5.0,False,5.0
27778,5.0,False,5.0
27779,5.0,False,5.0
27780,5.0,False,5.0
27781,5.0,False,5.0
27782,5.0,False,5.0
27783,5.0,False,5.0
27784,5.0,False,5.0
27785,5.0,False,5.0
27786,5.0,False,5.0
27787,5.0,False,5.0
27788,5.0,False,5.0
27789,5.0,False,5.0
27790,5.0,False,5.0
27791,5.0,False,5.0
27792,5.0,False,5.0
27793,5.0,False,5.0
27794,5.0,False,5.0
27795,5.0,False,5.0
27796,5.0,False,5.0
27797,5.0,False,5.0
27798,5.0,False,5.0
27799,5.0,False,5.0
27800,5.0,False,5.0
27801,5.0,False,5.0
27802,5.0,False,5.0
27803,5.0,False,5.0
27804,5.0,False,5.0
27805,5.0,False,5.0
27806,5.0,False,5.0
27807,5.0,False,5.0
27808,5.0,False,5.0
27809,5.0,False,5.0
27810,5.0,False,5.0
27811,5.0,False,5.0
27812,5.0,False,5.0
27813,5.0,False,5.0
27814,5.0,False,5.0
27815,5.0,False,5.0
27816,5.0,False,5.0
27817,5.0,False,5.0
27818,5.0,False,5.0
27819,5.0,False,5.0
27820,5.0,False,5.0
27821,5.0,False,5.0
27822,5.0,False,5.0
27823,5.0,False,5.0
27824,5.0,False,5.0
27825,5.0,False,5.0
27826,4.17,False,4.8340000000000005
27827,4.17,False,4.668
27828,4.17,False,4.502
27829,4.17,False,4.336
27830,4.17,False,4.17
27831,4.17,False,4.17
27832,4.17,False,4.17
27833,4.17,False,4.17
27834,4.17,False,4.17
27835,4.17,False,4.17
27836,4.17,False,4.17
27837,4.17,False,4.17
27838,4.17,False,4.17
27839,4.17,False,4.17
27840,4.17,False,4.17
27841,4.17,False,4.17
27842,4.17,False,4.17
27843,4.17,False,4.17
27844,4.17,False,4.17
27845,4.17,False,4.17
27846,4.17,False,4.17
27847,4.17,False,4.17
27848,4.17,False,4.17
27849,4.17,False,4.17
27850,4.17,False,4.17
27851,4.17,False,4.17
27852,4.17,False,4.17
27853,4.17,False,4.17
27854,4.17,False,4.17
27855,4.17,False,4.17
27856,4.17,False,4.17
27857,4.17,False,4.17
27858,4.17,False,4.17
27859,4.17,False,4.17
27860,4.17,False,4.17
27861,4.17,False,4.17
27862,4.17,False,4.17
27863,4.17,False,4.17
27864,4.17,False,4.17
27865,4.17,False,4.17
27866,4.17,False,4.17
27867,4.17,False,4.17
27868,4.17,False,4.17
27869,4.17,False,4.17
27870,4.17,False,4.17
27871,4.17,False,4.17
27872,4.17,False,4.17
27873,4.17,False,4.17
27874,4.17,False,4.17
27875,4.17,False,4.17
27876,4.17,False,4.17
27877,4.17,False,4.17
27878,4.17,False,4.17
27879,4.17,False,4.17
27880,4.17,False,4.17
27881,4.17,False,4.17
27882,4.17,False,4.17
27883,4.17,False,4.17
27884,4.17,False,4.17
27885,4.17,False,4.17
27886,4.17,False,4.17
27887,4.17,False,4.17
27888,4.17,False,4.17
27889,4.17,False,4.17
27890,4.17,False,4.17
27891,4.17,False,4.17
27892,4.17,False,4.17
27893,4.17,False,4.17
27894,4.17,False,4.17
27895,4.17,False,4.17
27896,4.17,False,4.17
27897,4.17,False,4.17
27898,4.17,False,4.17
27899,4.17,False,4.17
27900,4.17,False,4.17
27901,4.17,False,4.17
27902,4.17,False,4.17
27903,4.17,False,4.17
27904,4.17,False,4.17
27905,4.17,False,4.17
27906,4.17,False,4.17
27907,4.17,False,4.17
27908,4.17,False,4.17
27909,4.17,False,4.17
27910,4.17,False,4.17
27911,4.17,False,4.17
27912,4.17,False,4.17
27913,4.17,False,4.17
27914,4.17,False,4.17
27915,4.17,False,4.17
27916,4.17,False,4.17
27917,4.17,False,4.17
27918,4.17,False,4.17
27919,4.17,False,4.17
27920,4.17,False,4.17
27921,4.17,False,4.17
27922,4.17,False,4.17
27923,4.17,False,4.17
27924,4.17,False,4.17
27925,4.17,False,4.17
27926,4.17,False,4.17
27927,4.17,False,4.17
27928,4.17,False,4.17
27929,4.17,False,4.17
27930,4.17,False,4.17
27931,4.17,False,4.17
27932,4.17,False,4.17
27933,4.17,False,4.17
27934,4.17,False,4.17
27935,4.17,False,4.17
27936,4.17,False,4.17
27937,4.17,False,4.17
27938,4.17,False,4.17
27939,4.17,False,4.17
27940,4.17,False,4.17
27941,4.17,False,4.17
27942,4.17,False,4.17
27943,4.17,False,4.17
27944,4.17,False,4.17
27945,4.17,False,4.17
27946,4.17,False,4.17
27947,4.17,False,4.17
27948,4.17,False,4.17
27949,4.17,False,4.17
27950,4.17,False,4.17
27951,4.17,False,4.17
27952,4.17,False,4.17
27953,4.17,False,4.17
27954,4.17,False,4.17
27955,4.17,False,4.17
27956,4.17,False,4.17
27957,4.17,False,4.17
27958,4.17,False,4.17
27959,4.17,False,4.17
27960,4.17,False,4.17
27961,4.17,False,4.17
27962,4.17,False,4.17
27963,4.17,False,4.17
27964,4.17,False,4.17
27965,4.17,False,4.17
27966,4.17,False,4.17
27967,4.17,False,4.17
27968,4.17,False,4.17
27969,4.17,False,4.17
27970,4.17,False,4.17
27971,4.17,False,4.17
27972,4.17,False,4.17
27973,4.17,False,4.17
27974,4.17,False,4.17
27975,4.17,False,4.17
27976,4.17,False,4.17
27977,4.17,False,4.17
27978,4.17,False,4.17
27979,4.17,False,4.17
27980,4.17,False,4.17
27981,4.17,False,4.17
27982,4.17,False,4.17
27983,4.17,False,4.17
27984,4.17,False,4.17
27985,4.17,False,4.17
27986,4.17,False,4.17
27987,4.17,False,4.17
27988,4.17,False,4.17
27989,4.17,False,4.17
27990,4.17,False,4.17
27991,4.17,False,4.17
27992,4.17,False,4.17
27993,4.17,False,4.17
27994,4.17,False,4.17
27995,4.17,False,4.17
27996,4.17,False,4.17
27997,4.17,False,4.17
27998,4.17,False,4.17
27999,4.17,False,4.17
28000,4.17,False,4.17
28001,4.17,False,4.17
28002,4.17,False,4.17
28003,4.17,False,4.17
28004,4.17,False,4.17
28005,4.17,False,4.17
28006,4.17,False,4.17
28007,4.17,False,4.17
28008,4.17,False,4.17
28009,4.17,False,4.17
28010,4.17,False,4.17
28011,4.17,False,4.17
28012,4.17,False,4.17
28013,4.17,False,4.17
28014,4.17,False,4.17
28015,4.17,False,4.17
28016,4.17,False,4.17
28017,4.17,False,4.17
28018,4.17,False,4.17
28019,4.17,False,4.17
28020,4.17,False,4.17
28021,4.17,False,4.17
28022,4.17,False,4.17
28023,4.17,False,4.17
28024,4.17,False,4.17
28025,4.17,False,4.17
28026,4.17,False,4.17
28027,4.17,False,4.17
28028,4.17,False,4.17
28029,4.17,False,4.17
28030,4.17,False,4.17
28031,4.17,False,4.17
28032,4.17,False,4.17
28033,4.17,False,4.17
28034,4.17,False,4.17
28035,4.17,False,4.17
28036,4.17,False,4.17
28037,4.17,False,4.17
28038,4.17,False,4.17
28039,4.17,False,4.17
28040,4.17,False,4.17
28041,4.17,False,4.17
28042,4.17,False,4.17
28043,4.17,False,4.17
28044,4.17,False,4.17
28045,4.17,False,4.17
28046,4.17,False,4.17
28047,4.17,False,4.17
28048,4.17,False,4.17
28049,4.17,False,4.17
28050,4.17,False,4.17
28051,4.17,False,4.17
28052,4.17,False,4.17
28053,4.17,False,4.17
28054,4.17,False,4.17
28055,4.17,False,4.17
28056,4.17,False,4.17
28057,4.17,False,4.17
28058,4.17,False,4.17
28059,4.17,False,4.17
28060,4.17,False,4.17
28061,4.17,False,4.17
28062,4.17,False,4.17
28063,4.17,False,4.17
28064,4.17,False,4.17
28065,4.17,False,4.17
28066,4.17,False,4.17
28067,4.17,False,4.17
28068,4.17,False,4.17
28069,4.17,False,4.17
28070,4.17,False,4.17
28071,4.17,False,4.17
28072,4.17,False,4.17
28073,4.17,False,4.17
28074,4.17,False,4.17
28075,4.17,False,4.17
28076,4.17,False,4.17
28077,4.17,False,4.17
28078,4.17,False,4.17
28079,4.17,False,4.17
28080,4.17,False,4.17
28081,4.17,False,4.17
28082,4.17,False,4.17
28083,4.17,False,4.17
28084,4.17,False,4.17
28085,4.17,False,4.17
28086,4.17,False,4.17
28087,4.17,False,4.17
28088,4.17,False,4.17
28089,4.17,False,4.17
28090,4.17,False,4.17
28091,4.17,False,4.17
28092,4.17,False,4.17
28093,4.17,False,4.17
28094,4.17,False,4.17
28095,4.17,False,4.17
28096,4.17,False,4.17
28097,4.17,False,4.17
28098,4.17,False,4.17
28099,4.17,False,4.17
28100,4.17,False,4.17
28101,4.17,False,4.17
28102,4.17,False,4.17
28103,4.17,False,4.17
28104,4.17,False,4.17
28105,4.17,False,4.17
28106,4.17,False,4.17
28107,4.17,False,4.17
28108,4.17,False,4.17
28109,4.17,False,4.17
28110,4.17,False,4.17
28111,4.17,False,4.17
28112,4.17,False,4.17
28113,4.17,False,4.17
28114,4.17,False,4.17
28115,4.17,False,4.17
28116,4.17,False,4.17
28117,4.17,False,4.17
28118,4.17,False,4.17
28119,4.17,False,4.17
28120,4.17,False,4.17
28121,4.17,False,4.17
28122,4.17,False,4.17
28123,4.17,False,4.17
28124,4.17,False,4.17
28125,4.17,False,4.17
28126,4.17,False,4.17
28127,4.17,False,4.17
28128,4.17,False,4.17
28129,4.17,False,4.17
28130,4.17,False,4.17
28131,4.17,False,4.17
28132,4.17,False,4.17
28133,4.17,False,4.17
28134,4.17,False,4.17
28135,4.17,False,4.17
28136,4.17,False,4.17
28137,4.17,False,4.17
28138,4.17,False,4.17
28139,4.17,False,4.17
28140,4.17,False,4.17
28141,4.17,False,4.17
28142,4.17,False,4.17
28143,4.17,False,4.17
28144,4.17,False,4.17
28145,4.17,False,4.17
28146,4.17,False,4.17
28147,4.17,False,4.17
28148,4.17,False,4.17
28149,4.17,False,4.17
28150,4.17,False,4.17
28151,4.17,False,4.17
28152,4.17,False,4.17
28153,4.17,False,4.17
28154,4.17,False,4.17
28155,4.17,False,4.17
28156,4.17,False,4.17
28157,4.17,False,4.17
28158,4.17,False,4.17
28159,4.17,False,4.17
28160,4.17,False,4.17
28161,4.17,False,4.17
28162,4.17,False,4.17
28163,4.17,False,4.17
28164,4.17,False,4.17
28165,4.17,False,4.17
28166,4.17,False,4.17
28167,4.17,False,4.17
28168,4.17,False,4.17
28169,4.17,False,4.17
28170,4.17,False,4.17
28171,4.17,False,4.17
28172,4.17,False,4.17
28173,4.17,False,4.17
28174,4.17,False,4.17
28175,4.17,False,4.17
28176,4.17,False,4.17
28177,4.17,False,4.17
28178,4.17,False,4.17
28179,4.17,False,4.17
28180,4.17,False,4.17
28181,4.17,False,4.17
28182,4.17,False,4.17
28183,4.17,False,4.17
28184,4.17,False,4.17
28185,4.17,False,4.17
28186,4.17,False,4.17
28187,4.17,False,4.17
28188,4.17,False,4.17
28189,4.17,False,4.17
28190,4.17,False,4.17
28191,4.17,False,4.17
28192,4.17,False,4.17
28193,4.17,False,4.17
28194,4.17,False,4.17
28195,4.17,False,4.17
28196,4.17,False,4.17
28197,4.17,False,4.17
28198,4.17,False,4.17
28199,4.17,False,4.17
28200,4.17,False,4.17
28201,4.17,False,4.17
28202,4.17,False,4.17
28203,4.17,False,4.17
28204,4.17,False,4.17
28205,4.17,False,4.17
28206,4.17,False,4.17
28207,4.17,False,4.17
28208,4.17,False,4.17
28209,4.17,False,4.17
28210,4.17,False,4.17
28211,4.17,False,4.17
28212,4.17,False,4.17
28213,4.17,False,4.17
28214,4.17,False,4.17
28215,4.17,False,4.17
28216,4.17,False,4.17
28217,4.17,False,4.17
28218,4.17,False,4.17
28219,4.17,False,4.17
28220,4.17,False,4.17
28221,4.17,False,4.17
28222,4.17,False,4.17
28223,4.17,False,4.17
28224,4.17,False,4.17
28225,4.17,False,4.17
28226,4.17,False,4.17
28227,4.17,False,4.17
28228,4.17,False,4.17
28229,4.17,False,4.17
28230,4.17,False,4.17
28231,4.17,False,4.17
28232,4.17,False,4.17
28233,4.17,False,4.17
28234,4.17,False,4.17
28235,4.17,False,4.17
28236,4.17,False,4.17
28237,4.17,False,4.17
28238,4.17,False,4.17
28239,4.17,False,4.17
28240,4.17,False,4.17
28241,4.17,False,4.17
28242,4.17,False,4.17
28243,4.17,False,4.17
28244,4.17,False,4.17
28245,4.17,False,4.17
28246,4.17,False,4.17
28247,4.17,False,4.17
28248,4.17,False,4.17
28249,4.17,False,4.17
28250,4.17,False,4.17
28251,4.17,False,4.17
28252,4.17,False,4.17
28253,4.17,False,4.17
28254,4.17,False,4.17
28255,4.17,False,4.17
28256,4.17,False,4.17
28257,4.17,False,4.17
28258,4.17,False,4.17
28259,4.17,False,4.17
28260,4.17,False,4.17
28261,4.17,False,4.17
28262,4.17,False,4.17
28263,4.17,False,4.17
28264,4.17,False,4.17
28265,4.17,False,4.17
28266,4.17,False,4.17
28267,4.17,False,4.17
28268,4.17,False,4.17
28269,4.17,False,4.17
28270,4.17,False,4.17
28271,4.17,False,4.17
28272,4.17,False,4.17
28273,4.17,False,4.17
28274,4.17,False,4.17
28275,4.17,False,4.17
28276,4.17,False,4.17
28277,4.17,False,4.17
28278,4.17,False,4.17
28279,4.17,False,4.17
28280,4.17,False,4.17
28281,4.17,False,4.17
28282,4.17,False,4.17
28283,4.17,False,4.17
28284,4.17,False,4.17
28285,4.17,False,4.17
28286,4.17,False,4.17
28287,4.17,False,4.17
28288,4.17,False,4.17
28289,4.17,False,4.17
28290,4.17,False,4.17
28291,4.17,False,4.17
28292,4.17,False,4.17
28293,4.17,False,4.17
28294,4.17,False,4.17
28295,4.17,False,4.17
28296,4.17,False,4.17
28297,4.17,False,4.17
28298,4.17,False,4.17
28299,4.17,False,4.17
28300,4.17,False,4.17
28301,4.17,False,4.17
28302,4.17,False,4.17
28303,4.17,False,4.17
28304,4.17,False,4.17
28305,4.17,False,4.17
28306,4.17,False,4.17
28307,4.17,False,4.17
28308,4.17,False,4.17
28309,4.17,False,4.17
28310,4.17,False,4.17
28311,4.17,False,4.17
28312,4.17,False,4.17
28313,4.17,False,4.17
28314,4.17,False,4.17
28315,4.17,False,4.17
28316,4.17,False,4.17
28317,4.17,False,4.17
28318,4.17,False,4.17
28319,4.17,False,4.17
28320,4.17,False,4.17
28321,4.17,False,4.17
28322,4.17,False,4.17
28323,4.17,False,4.17
28324,4.17,False,4.17
28325,4.17,False,4.17
28326,4.17,False,4.17
28327,4.17,False,4.17
28328,4.17,False,4.17
28329,4.17,False,4.17
28330,4.17,False,4.17
28331,4.17,False,4.17
28332,4.17,False,4.17
28333,4.17,False,4.17
28334,4.17,False,4.17
28335,4.17,False,4.17
28336,4.17,False,4.17
28337,4.17,False,4.17
28338,4.17,False,4.17
28339,4.17,False,4.17
28340,4.17,False,4.17
28341,4.17,False,4.17
28342,4.17,False,4.17
28343,4.17,False,4.17
28344,4.17,False,4.17
28345,4.17,False,4.17
28346,4.17,False,4.17
28347,4.17,False,4.17
28348,4.17,False,4.17
28349,4.17,False,4.17
28350,4.17,False,4.17
28351,4.17,False,4.17
28352,4.17,False,4.17
28353,4.17,False,4.17
28354,4.17,False,4.17
28355,4.17,False,4.17
28356,4.17,False,4.17
28357,4.17,False,4.17
28358,4.17,False,4.17
28359,4.17,False,4.17
28360,4.17,False,4.17
28361,4.17,False,4.17
28362,4.17,False,4.17
28363,4.17,False,4.17
28364,4.17,False,4.17
28365,4.17,False,4.17
28366,4.17,False,4.17
28367,4.17,False,4.17
28368,4.17,False,4.17
28369,4.17,False,4.17
28370,4.17,False,4.17
28371,4.17,False,4.17
28372,4.17,False,4.17
28373,4.17,False,4.17
28374,4.17,False,4.17
28375,4.17,False,4.17
28376,4.17,False,4.17
28377,4.17,False,4.17
28378,4.17,False,4.17
28379,4.17,False,4.17
28380,4.17,False,4.17
28381,4.17,False,4.17
28382,4.17,False,4.17
28383,4.17,False,4.17
28384,4.17,False,4.17
28385,4.17,False,4.17
28386,4.17,False,4.17
28387,4.17,False,4.17
28388,4.17,False,4.17
28389,4.17,False,4.17
28390,4.17,False,4.17
28391,4.17,False,4.17
28392,4.17,False,4.17
28393,4.17,False,4.17
28394,4.17,False,4.17
28395,4.17,False,4.17
28396,4.17,False,4.17
28397,4.17,False,4.17
28398,4.17,False,4.17
28399,4.17,False,4.17
28400,4.17,False,4.17
28401,4.17,False,4.17
28402,4.17,False,4.17
28403,4.17,False,4.17
28404,4.17,False,4.17
28405,4.17,False,4.17
28406,4.17,False,4.17
28407,4.17,False,4.17
28408,4.17,False,4.17
28409,4.17,False,4.17
28410,4.17,False,4.17
28411,4.17,False,4.17
28412,4.17,False,4.17
28413,4.17,False,4.17
28414,4.17,False,4.17
28415,4.17,False,4.17
28416,4.17,False,4.17
28417,4.17,False,4.17
28418,4.17,False,4.17
28419,4.17,False,4.17
28420,4.17,False,4.17
28421,4.17,False,4.17
28422,4.17,False,4.17
28423,4.17,False,4.17
28424,4.17,False,4.17
28425,4.17,False,4.17
28426,4.17,False,4.17
28427,4.17,False,4.17
28428,4.17,False,4.17
28429,4.17,False,4.17
28430,4.17,False,4.17
28431,4.17,False,4.17
28432,4.17,False,4.17
28433,4.17,False,4.17
28434,4.17,False,4.17
28435,4.17,False,4.17
28436,4.17,False,4.17
28437,4.17,False,4.17
28438,4.17,False,4.17
28439,4.17,False,4.17
28440,4.17,False,4.17
28441,4.17,False,4.17
28442,4.17,False,4.17
28443,4.17,False,4.17
28444,4.17,False,4.17
28445,4.17,False,4.17
28446,4.17,False,4.17
28447,4.17,False,4.17
28448,4.17,False,4.17
28449,4.17,False,4.17
28450,4.17,False,4.17
28451,4.17,False,4.17
28452,4.17,False,4.17
28453,4.17,False,4.17
28454,4.17,False,4.17
28455,4.17,False,4.17
28456,4.17,False,4.17
28457,4.17,False,4.17
28458,4.17,False,4.17
28459,4.17,False,4.17
28460,4.17,False,4.17
28461,4.17,False,4.17
28462,4.17,False,4.17
28463,4.17,False,4.17
28464,4.17,False,4.17
28465,4.17,False,4.17
28466,4.17,False,4.17
28467,4.17,False,4.17
28468,4.17,False,4.17
28469,4.17,False,4.17
28470,4.17,False,4.17
28471,4.17,False,4.17
28472,4.17,False,4.17
28473,4.17,False,4.17
28474,4.17,False,4.17
28475,4.17,False,4.17
28476,4.17,False,4.17
28477,4.17,False,4.17
28478,4.17,False,4.17
28479,4.17,False,4.17
28480,4.17,False,4.17
28481,4.17,False,4.17
28482,4.17,False,4.17
28483,4.17,False,4.17
28484,4.17,False,4.17
28485,4.17,False,4.17
28486,4.17,False,4.17
28487,4.17,False,4.17
28488,4.17,False,4.17
28489,4.17,False,4.17
28490,4.17,False,4.17
28491,4.17,False,4.17
28492,4.17,False,4.17
28493,4.17,False,4.17
28494,4.17,False,4.17
28495,4.17,False,4.17
28496,4.17,False,4.17
28497,4.17,False,4.17
28498,4.17,False,4.17
28499,4.17,False,4.17
28500,4.17,False,4.17
28501,4.17,False,4.17
28502,4.17,False,4.17
28503,4.17,False,4.17
28504,4.17,False,4.17
28505,4.17,False,4.17
28506,4.17,False,4.17
28507,4.17,False,4.17
28508,4.17,False,4.17
28509,4.17,False,4.17
28510,4.17,False,4.17
28511,4.17,False,4.17
28512,4.17,False,4.17
28513,4.17,False,4.17
28514,4.17,False,4.17
28515,4.17,False,4.17
28516,4.17,False,4.17
28517,4.17,False,4.17
28518,4.17,False,4.17
28519,4.17,False,4.17
28520,4.17,False,4.17
28521,4.17,False,4.17
28522,4.17,False,4.17
28523,4.17,False,4.17
28524,4.17,False,4.17
28525,4.17,False,4.17
28526,4.17,False,4.17
28527,4.17,False,4.17
28528,4.17,False,4.17
28529,4.17,False,4.17
28530,4.17,False,4.17
28531,4.17,False,4.17
28532,4.17,False,4.17
28533,4.17,False,4.17
28534,4.17,False,4.17
28535,4.17,False,4.17
28536,4.17,False,4.17
28537,4.17,False,4.17
28538,4.17,False,4.17
28539,4.17,False,4.17
28540,4.17,False,4.17
28541,4.17,False,4.17
28542,4.17,False,4.17
28543,4.17,False,4.17
28544,4.17,False,4.17
28545,4.17,False,4.17
28546,4.17,False,4.17
28547,4.17,False,4.17
28548,4.17,False,4.17
28549,4.17,False,4.17
28550,4.17,False,4.17
28551,4.17,False,4.17
28552,4.17,False,4.17
28553,4.17,False,4.17
28554,4.17,False,4.17
28555,4.17,False,4.17
28556,4.17,False,4.17
28557,4.17,False,4.17
28558,4.17,False,4.17
28559,4.17,False,4.17
28560,4.17,False,4.17
28561,4.17,False,4.17
28562,4.17,False,4.17
28563,4.17,False,4.17
28564,4.17,False,4.17
28565,4.17,False,4.17
28566,4.17,False,4.17
28567,4.17,False,4.17
28568,4.17,False,4.17
28569,4.17,False,4.17
28570,4.17,False,4.17
28571,4.17,False,4.17
28572,4.17,False,4.17
28573,4.17,False,4.17
28574,4.17,False,4.17
28575,4.17,False,4.17
28576,4.17,False,4.17
28577,4.17,False,4.17
28578,4.17,False,4.17
28579,4.17,False,4.17
28580,4.17,False,4.17
28581,4.17,False,4.17
28582,4.17,False,4.17
28583,4.17,False,4.17
28584,4.17,False,4.17
28585,4.17,False,4.17
28586,4.17,False,4.17
28587,4.17,False,4.17
28588,4.17,False,4.17
28589,4.17,False,4.17
28590,4.17,False,4.17
28591,4.17,False,4.17
28592,4.17,False,4.17
28593,4.17,False,4.17
28594,4.17,False,4.17
28595,4.17,False,4.17
28596,4.17,False,4.17
28597,4.17,False,4.17
28598,4.17,False,4.17
28599,4.17,False,4.17
28600,4.17,False,4.17
28601,4.17,False,4.17
28602,4.17,False,4.17
28603,4.17,False,4.17
28604,4.17,False,4.17
28605,4.17,False,4.17
28606,4.17,False,4.17
28607,4.17,False,4.17
28608,4.17,False,4.17
28609,4.17,False,4.17
28610,4.17,False,4.17
28611,4.17,False,4.17
28612,4.17,False,4.17
28613,4.17,False,4.17
28614,4.17,False,4.17
28615,4.17,False,4.17
28616,4.17,False,4.17
28617,4.17,False,4.17
28618,4.17,False,4.17
28619,4.17,False,4.17
28620,4.17,False,4.17
28621,4.17,False,4.17
28622,4.17,False,4.17
28623,4.17,False,4.17
28624,4.17,False,4.17
28625,4.17,False,4.17
28626,4.17,False,4.17
28627,4.17,False,4.17
28628,4.17,False,4.17
28629,4.17,False,4.17
28630,4.17,False,4.17
28631,4.17,False,4.17
28632,4.17,False,4.17
28633,4.17,False,4.17
28634,4.17,False,4.17
28635,4.17,False,4.17
28636,4.17,False,4.17
28637,4.17,False,4.17
28638,4.17,False,4.17
28639,4.17,False,4.17
28640,4.17,False,4.17
28641,4.17,False,4.17
28642,4.17,False,4.17
28643,4.17,False,4.17
28644,4.17,False,4.17
28645,4.17,False,4.17
28646,4.17,False,4.17
28647,4.17,False,4.17
28648,4.17,False,4.17
28649,4.17,False,4.17
28650,4.17,False,4.17
28651,4.17,False,4.17
28652,4.17,False,4.17
28653,4.17,False,4.17
28654,4.17,False,4.17
28655,4.17,False,4.17
28656,4.17,False,4.17
28657,4.17,False,4.17
28658,4.17,False,4.17
28659,4.17,False,4.17
28660,4.17,False,4.17
28661,4.17,False,4.17
28662,4.17,False,4.17
28663,4.17,False,4.17
28664,4.17,False,4.17
28665,4.17,False,4.17
28666,4.17,False,4.17
28667,4.17,False,4.17
28668,4.17,False,4.17
28669,4.17,False,4.17
28670,4.17,False,4.17
28671,4.17,False,4.17
28672,4.17,False,4.17
28673,4.17,False,4.17
28674,4.17,False,4.17
28675,4.17,False,4.17
28676,4.17,False,4.17
28677,4.17,False,4.17
28678,4.17,False,4.17
28679,4.17,False,4.17
28680,4.17,False,4.17
28681,4.17,False,4.17
28682,4.17,False,4.17
28683,4.17,False,4.17
28684,4.17,False,4.17
28685,4.17,False,4.17
28686,4.17,False,4.17
28687,4.17,False,4.17
28688,4.17,False,4.17
28689,4.17,False,4.17
28690,4.17,False,4.17
28691,4.17,False,4.17
28692,4.17,False,4.17
28693,4.17,False,4.17
28694,4.17,False,4.17
28695,4.17,False,4.17
28696,4.17,False,4.17
28697,4.17,False,4.17
28698,4.17,False,4.17
28699,4.17,False,4.17
28700,4.17,False,4.17
28701,4.17,False,4.17
28702,4.17,False,4.17
28703,4.17,False,4.17
28704,4.17,False,4.17
28705,4.17,False,4.17
28706,4.17,False,4.17
28707,4.17,False,4.17
28708,4.17,False,4.17
28709,4.17,False,4.17
28710,4.17,False,4.17
28711,4.17,False,4.17
28712,4.17,False,4.17
28713,4.17,False,4.17
28714,4.17,False,4.17
28715,4.17,False,4.17
28716,4.17,False,4.17
28717,4.17,False,4.17
28718,4.17,False,4.17
28719,4.17,False,4.17
28720,4.17,False,4.17
28721,4.17,False,4.17
28722,4.17,False,4.17
28723,4.17,False,4.17
28724,4.17,False,4.17
28725,4.17,False,4.17
28726,4.17,False,4.17
28727,4.17,False,4.17
28728,4.17,False,4.17
28729,4.17,False,4.17
28730,4.17,False,4.17
28731,4.17,False,4.17
28732,4.17,False,4.17
28733,4.17,False,4.17
28734,4.17,False,4.17
28735,4.17,False,4.17
28736,4.17,False,4.17
28737,4.17,False,4.17
28738,4.17,False,4.17
28739,4.17,False,4.17
28740,4.17,False,4.17
28741,4.17,False,4.17
28742,4.17,False,4.17
28743,4.17,False,4.17
28744,4.17,False,4.17
28745,4.17,False,4.17
28746,4.17,False,4.17
28747,4.17,False,4.17
28748,4.17,False,4.17
28749,4.17,False,4.17
28750,4.17,False,4.17
28751,4.17,False,4.17
28752,4.17,False,4.17
28753,4.17,False,4.17
28754,4.17,False,4.17
28755,4.17,False,4.17
28756,4.17,False,4.17
28757,4.17,False,4.17
28758,4.17,False,4.17
28759,4.17,False,4.17
28760,4.17,False,4.17
28761,4.17,False,4.17
28762,4.17,False,4.17
28763,4.17,False,4.17
28764,4.17,False,4.17
28765,4.17,False,4.17
28766,4.17,False,4.17
28767,4.17,False,4.17
28768,4.17,False,4.17
28769,4.17,False,4.17
28770,4.17,False,4.17
28771,4.17,False,4.17
28772,4.17,False,4.17
28773,4.17,False,4.17
28774,4.17,False,4.17
28775,4.17,False,4.17
28776,4.17,False,4.17
28777,4.17,False,4.17
28778,4.17,False,4.17
28779,4.17,False,4.17
28780,4.17,False,4.17
28781,4.17,False,4.17
28782,4.17,False,4.17
28783,4.17,False,4.17
28784,5.0,False,4.336
28785,5.0,False,4.502
28786,5.0,False,4.668
28787,5.0,False,4.8340000000000005
28788,5.0,False,5.0
28789,5.0,False,5.0
28790,5.0,False,5.0
28791,5.0,False,5.0
28792,5.0,False,5.0
28793,5.0,False,5.0
28794,5.0,False,5.0
28795,5.0,False,5.0
28796,5.0,False,5.0
28797,5.0,False,5.0
28798,5.0,False,5.0
28799,5.0,False,5.0
28800,5.0,False,5.0
28801,5.0,False,5.0
28802,5.0,False,5.0
28803,5.0,False,5.0
28804,5.0,False,5.0
28805,5.0,False,5.0
28806,5.0,False,5.0
28807,5.0,False,5.0
28808,5.0,False,5.0
28809,5.0,False,5.0
28810,5.0,False,5.0
28811,5.0,False,5.0
28812,5.0,False,5.0
28813,5.0,False,5.0
28814,5.0,False,5.0
28815,4.17,False,4.8340000000000005
28816,4.17,False,4.668
28817,4.17,False,4.502
28818,4.17,False,4.336
28819,4.17,False,4.17
28820,4.17,False,4.17
28821,4.17,False,4.17
28822,4.17,False,4.17
28823,4.17,False,4.17
28824,4.17,False,4.17
28825,4.17,False,4.17
28826,4.17,False,4.17
28827,4.17,False,4.17
28828,4.17,False,4.17
28829,4.17,False,4.17
28830,4.17,False,4.17
28831,4.17,False,4.17
28832,4.17,False,4.17
28833,4.17,False,4.17
28834,4.17,False,4.17
28835,4.17,False,4.17
28836,4.17,False,4.17
28837,4.17,False,4.17
28838,4.17,False,4.17
28839,4.17,False,4.17
28840,4.17,False,4.17
28841,4.17,False,4.17
28842,4.17,False,4.17
28843,4.17,False,4.17
28844,4.17,False,4.17
28845,4.17,False,4.17
28846,4.17,False,4.17
28847,4.17,False,4.17
28848,4.17,False,4.17
28849,4.17,False,4.17
28850,4.17,False,4.17
28851,4.17,False,4.17
28852,4.17,False,4.17
28853,4.17,False,4.17
28854,4.17,False,4.17
28855,4.17,False,4.17
28856,4.17,False,4.17
28857,4.17,False,4.17
28858,4.17,False,4.17
28859,4.17,False,4.17
28860,4.17,False,4.17
28861,4.17,False,4.17
28862,4.17,False,4.17
28863,4.17,False,4.17
28864,4.17,False,4.17
28865,4.17,False,4.17
28866,4.17,False,4.17
28867,4.17,False,4.17
28868,4.17,False,4.17
28869,4.17,False,4.17
28870,4.17,False,4.17
28871,4.17,False,4.17
28872,4.17,False,4.17
28873,4.17,False,4.17
28874,4.17,False,4.17
28875,4.17,False,4.17
28876,4.17,False,4.17
28877,4.17,False,4.17
28878,4.17,False,4.17
28879,4.17,False,4.17
28880,4.17,False,4.17
28881,4.17,False,4.17
28882,4.17,False,4.17
28883,4.17,False,4.17
28884,4.17,False,4.17
28885,4.17,False,4.17
28886,4.17,False,4.17
28887,4.17,False,4.17
28888,4.17,False,4.17
28889,4.17,False,4.17
28890,4.17,False,4.17
28891,4.17,False,4.17
28892,4.17,False,4.17
28893,4.17,False,4.17
28894,4.17,False,4.17
28895,4.17,False,4.17
28896,4.17,False,4.17
28897,4.17,False,4.17
28898,4.17,False,4.17
28899,4.17,False,4.17
28900,4.17,False,4.17
28901,4.17,False,4.17
28902,4.17,False,4.17
28903,4.17,False,4.17
28904,4.17,False,4.17
28905,4.17,False,4.17
28906,4.17,False,4.17
28907,4.17,False,4.17
28908,4.17,False,4.17
28909,4.17,False,4.17
28910,4.17,False,4.17
28911,4.17,False,4.17
28912,4.17,False,4.17
28913,4.17,False,4.17
28914,4.17,False,4.17
28915,4.17,False,4.17
28916,4.17,False,4.17
28917,4.17,False,4.17
28918,4.17,False,4.17
28919,4.17,False,4.17
28920,4.17,False,4.17
28921,4.17,False,4.17
28922,4.17,False,4.17
28923,4.17,False,4.17
28924,4.17,False,4.17
28925,4.17,False,4.17
28926,4.17,False,4.17
28927,4.17,False,4.17
28928,4.17,False,4.17
28929,5.0,False,4.336
28930,5.0,False,4.502
28931,5.0,False,4.668
28932,5.0,False,4.8340000000000005
28933,5.0,False,5.0
28934,5.0,False,5.0
28935,5.0,False,5.0
28936,5.0,False,5.0
28937,5.0,False,5.0
28938,5.0,False,5.0
28939,5.0,False,5.0
28940,5.0,False,5.0
28941,5.0,False,5.0
28942,5.0,False,5.0
28943,5.0,False,5.0
28944,5.0,False,5.0
28945,5.0,False,5.0
28946,5.0,False,5.0
28947,5.0,False,5.0
28948,5.0,False,5.0
28949,5.0,False,5.0
28950,5.0,False,5.0
28951,5.0,False,5.0
28952,5.0,False,5.0
28953,5.0,False,5.0
28954,5.0,False,5.0
28955,5.0,False,5.0
28956,5.0,False,5.0
28957,5.0,False,5.0
28958,5.0,False,5.0
28959,5.0,False,5.0
28960,5.0,False,5.0
28961,5.0,False,5.0
28962,5.0,False,5.0
28963,4.17,False,4.8340000000000005
28964,4.17,False,4.668
28965,4.17,False,4.502
28966,4.17,False,4.336
28967,4.17,False,4.17
28968,4.17,False,4.17
28969,4.17,False,4.17
28970,4.17,False,4.17
28971,4.17,False,4.17
28972,4.17,False,4.17
28973,4.17,False,4.17
28974,4.17,False,4.17
28975,4.17,False,4.17
28976,4.17,False,4.17
28977,4.17,False,4.17
28978,4.17,False,4.17
28979,4.17,False,4.17
28980,4.17,False,4.17
28981,4.17,False,4.17
28982,4.17,False,4.17
28983,4.17,False,4.17
28984,4.17,False,4.17
28985,4.17,False,4.17
28986,4.17,False,4.17
28987,4.17,False,4.17
28988,4.17,False,4.17
28989,4.17,False,4.17
28990,4.17,False,4.17
28991,4.17,False,4.17
28992,4.17,False,4.17
28993,4.17,False,4.17
28994,4.17,False,4.17
28995,4.17,False,4.17
28996,4.17,False,4.17
28997,4.17,False,4.17
28998,4.17,False,4.17
28999,4.17,False,4.17
29000,4.17,False,4.17
29001,4.17,False,4.17
29002,4.17,False,4.17
29003,4.17,False,4.17
29004,4.17,False,4.17
29005,4.17,False,4.17
29006,4.17,False,4.17
29007,4.17,False,4.17
29008,4.17,False,4.17
29009,4.17,False,4.17
29010,4.17,False,4.17
29011,4.17,False,4.17
29012,4.17,False,4.17
29013,4.17,False,4.17
29014,4.17,False,4.17
29015,4.17,False,4.17
29016,4.17,False,4.17
29017,4.17,False,4.17
29018,4.17,False,4.17
29019,4.17,False,4.17
29020,4.17,False,4.17
29021,4.17,False,4.17
29022,4.17,False,4.17
29023,4.17,False,4.17
29024,4.17,False,4.17
29025,4.17,False,4.17
29026,4.17,False,4.17
29027,4.17,False,4.17
29028,4.17,False,4.17
29029,4.17,False,4.17
29030,4.17,False,4.17
29031,4.17,False,4.17
29032,4.17,False,4.17
29033,4.17,False,4.17
29034,4.17,False,4.17
29035,4.17,False,4.17
29036,4.17,False,4.17
29037,4.17,False,4.17
29038,4.17,False,4.17
29039,4.17,False,4.17
29040,4.17,False,4.17
29041,4.17,False,4.17
29042,4.17,False,4.17
29043,4.17,False,4.17
29044,4.17,False,4.17
29045,4.17,False,4.17
29046,4.17,False,4.17
29047,4.17,False,4.17
29048,4.17,False,4.17
29049,4.17,False,4.17
29050,4.17,False,4.17
29051,4.17,False,4.17
29052,4.17,False,4.17
29053,4.17,False,4.17
29054,4.17,False,4.17
29055,4.17,False,4.17
29056,4.17,False,4.17
29057,4.17,False,4.17
29058,4.17,False,4.17
29059,4.17,False,4.17
29060,4.17,False,4.17
29061,4.17,False,4.17
29062,4.17,False,4.17
29063,4.17,False,4.17
29064,4.17,False,4.17
29065,4.17,False,4.17
29066,4.17,False,4.17
29067,4.17,False,4.17
29068,4.17,False,4.17
29069,4.17,False,4.17
29070,4.17,False,4.17
29071,4.17,False,4.17
29072,4.17,False,4.17
29073,4.17,False,4.17
29074,4.17,False,4.17
29075,4.17,False,4.17
29076,4.17,False,4.17
29077,4.17,False,4.17
29078,4.17,False,4.17
29079,4.17,False,4.17
29080,4.17,False,4.17
29081,4.17,False,4.17
29082,4.17,False,4.17
29083,4.17,False,4.17
29084,4.17,False,4.17
29085,4.17,False,4.17
29086,4.17,False,4.17
29087,4.17,False,4.17
29088,4.17,False,4.17
29089,4.17,False,4.17
29090,4.17,False,4.17
29091,4.17,False,4.17
29092,4.17,False,4.17
29093,4.17,False,4.17
29094,4.17,False,4.17
29095,4.17,False,4.17
29096,4.17,False,4.17
29097,4.17,False,4.17
29098,4.17,False,4.17
29099,4.17,False,4.17
29100,4.17,False,4.17
29101,4.17,False,4.17
29102,4.17,False,4.17
29103,4.17,False,4.17
29104,4.17,False,4.17
29105,4.17,False,4.17
29106,4.17,False,4.17
29107,4.17,False,4.17
29108,4.17,False,4.17
29109,4.17,False,4.17
29110,4.17,False,4.17
29111,4.17,False,4.17
29112,4.17,False,4.17
29113,4.17,False,4.17
29114,4.17,False,4.17
29115,5.0,False,4.336
29116,5.0,False,4.502
29117,5.0,False,4.668
29118,5.0,False,4.8340000000000005
29119,5.0,False,5.0
29120,5.0,False,5.0
29121,5.0,False,5.0
29122,5.0,False,5.0
29123,5.0,False,5.0
29124,5.0,False,5.0
29125,5.0,False,5.0
29126,5.0,False,5.0
29127,5.0,False,5.0
29128,5.0,False,5.0
29129,5.0,False,5.0
29130,5.0,False,5.0
29131,5.0,False,5.0
29132,5.0,False,5.0
29133,5.0,False,5.0
29134,5.0,False,5.0
29135,5.0,False,5.0
29136,5.0,False,5.0
29137,5.0,False,5.0
29138,5.0,False,5.0
29139,5.0,False,5.0
29140,5.0,False,5.0
29141,5.0,False,5.0
29142,5.0,False,5.0
29143,5.0,False,5.0
29144,5.0,False,5.0
29145,5.0,False,5.0
29146,5.0,False,5.0
29147,5.0,False,5.0
29148,5.0,False,5.0
29149,5.0,False,5.0
29150,5.0,False,5.0
29151,5.0,False,5.0
29152,5.0,False,5.0
29153,5.0,False,5.0
29154,5.0,False,5.0
29155,5.0,False,5.0
29156,5.0,False,5.0
29157,5.0,False,5.0
29158,5.0,False,5.0
29159,5.0,False,5.0
29160,5.0,False,5.0
29161,5.0,False,5.0
29162,5.0,False,5.0
29163,5.0,False,5.0
29164,5.0,False,5.0
29165,5.0,False,5.0
29166,5.0,False,5.0
29167,5.0,False,5.0
29168,5.0,False,5.0
29169,5.0,False,5.0
29170,5.0,False,5.0
29171,5.0,False,5.0
29172,5.0,False,5.0
29173,5.0,False,5.0
29174,5.0,False,5.0
29175,5.0,False,5.0
29176,4.17,False,4.8340000000000005
29177,4.17,False,4.668
29178,4.17,False,4.502
29179,4.17,False,4.336
29180,4.17,False,4.17
29181,4.17,False,4.17
29182,4.17,False,4.17
29183,4.17,False,4.17
29184,4.17,False,4.17
29185,4.17,False,4.17
29186,4.17,False,4.17
29187,4.17,False,4.17
29188,4.17,False,4.17
29189,4.17,False,4.17
29190,4.17,False,4.17
29191,4.17,False,4.17
29192,4.17,False,4.17
29193,4.17,False,4.17
29194,4.17,False,4.17
29195,4.17,False,4.17
29196,4.17,False,4.17
29197,4.17,False,4.17
29198,4.17,False,4.17
29199,4.17,False,4.17
29200,4.17,False,4.17
29201,4.17,False,4.17
29202,4.17,False,4.17
29203,3.33,False,4.002
29204,3.33,False,3.8340000000000005
29205,3.33,False,3.6659999999999995
29206,3.33,False,3.498
29207,3.33,False,3.33
29208,3.33,False,3.33
29209,3.33,False,3.33
29210,3.33,False,3.33
29211,3.33,False,3.33
29212,3.33,False,3.33
29213,3.33,False,3.33
29214,3.33,False,3.33
29215,3.33,False,3.33
29216,3.33,False,3.33
29217,3.33,False,3.33
29218,3.33,False,3.33
29219,3.33,False,3.33
29220,3.33,False,3.33
29221,3.33,False,3.33
29222,3.33,False,3.33
29223,3.33,False,3.33
29224,3.33,False,3.33
29225,3.33,False,3.33
29226,3.33,False,3.33
29227,3.33,False,3.33
29228,3.33,False,3.33
29229,3.33,False,3.33
29230,3.33,False,3.33
29231,3.33,False,3.33
29232,3.33,False,3.33
29233,3.33,False,3.33
29234,3.33,False,3.33
29235,3.33,False,3.33
29236,3.33,False,3.33
29237,3.33,False,3.33
29238,3.33,False,3.33
29239,3.33,False,3.33
29240,3.33,False,3.33
29241,3.33,False,3.33
29242,3.33,False,3.33
29243,3.33,False,3.33
29244,3.33,False,3.33
29245,3.33,False,3.33
29246,3.33,False,3.33
29247,3.33,False,3.33
29248,3.33,False,3.33
29249,3.33,False,3.33
29250,3.33,False,3.33
29251,3.33,False,3.33
29252,3.33,False,3.33
29253,3.33,False,3.33
29254,3.33,False,3.33
29255,3.33,False,3.33
29256,3.33,False,3.33
29257,3.33,False,3.33
29258,3.33,False,3.33
29259,3.33,False,3.33
29260,3.33,False,3.33
29261,3.33,False,3.33
29262,3.33,False,3.33
29263,3.33,False,3.33
29264,3.33,False,3.33
29265,3.33,False,3.33
29266,3.33,False,3.33
29267,3.33,False,3.33
29268,3.33,False,3.33
29269,3.33,False,3.33
29270,3.33,False,3.33
29271,3.33,False,3.33
29272,3.33,False,3.33
29273,3.33,False,3.33
29274,3.33,False,3.33
29275,3.33,False,3.33
29276,3.33,False,3.33
29277,3.33,False,3.33
29278,3.33,False,3.33
29279,3.33,False,3.33
29280,3.33,False,3.33
29281,3.33,False,3.33
29282,3.33,False,3.33
29283,3.33,False,3.33
29284,3.33,False,3.33
29285,3.33,False,3.33
29286,3.33,False,3.33
29287,3.33,False,3.33
29288,3.33,False,3.33
29289,3.33,False,3.33
29290,3.33,False,3.33
29291,3.33,False,3.33
29292,3.33,False,3.33
29293,3.33,False,3.33
29294,4.17,False,3.498
29295,4.17,False,3.6659999999999995
29296,4.17,False,3.8340000000000005
29297,4.17,False,4.002
29298,4.17,False,4.17
29299,4.17,False,4.17
29300,4.17,False,4.17
29301,4.17,False,4.17
29302,4.17,False,4.17
29303,4.17,False,4.17
29304,4.17,False,4.17
29305,4.17,False,4.17
29306,4.17,False,4.17
29307,4.17,False,4.17
29308,4.17,False,4.17
29309,4.17,False,4.17
29310,4.17,False,4.17
29311,4.17,False,4.17
29312,4.17,False,4.17
29313,4.17,False,4.17
29314,4.17,False,4.17
29315,4.17,False,4.17
29316,4.17,False,4.17
29317,4.17,False,4.17
29318,4.17,False,4.17
29319,4.17,False,4.17
29320,4.17,False,4.17
29321,4.17,False,4.17
29322,4.17,False,4.17
29323,4.17,False,4.17
29324,4.17,False,4.17
29325,5.0,False,4.336
29326,5.0,False,4.502
29327,5.0,False,4.668
29328,5.0,False,4.8340000000000005
29329,5.0,False,5.0
29330,5.0,False,5.0
29331,5.0,False,5.0
29332,5.0,False,5.0
29333,5.0,False,5.0
29334,5.0,False,5.0
29335,5.0,False,5.0
29336,5.0,False,5.0
29337,5.0,False,5.0
29338,5.0,False,5.0
29339,5.0,False,5.0
29340,5.0,False,5.0
29341,5.0,False,5.0
29342,5.0,False,5.0
29343,5.0,False,5.0
29344,5.0,False,5.0
29345,5.0,False,5.0
29346,5.0,False,5.0
29347,5.0,False,5.0
29348,5.0,False,5.0
29349,5.0,False,5.0
29350,5.0,False,5.0
29351,5.0,False,5.0
29352,5.0,False,5.0
29353,5.0,False,5.0
29354,5.0,False,5.0
29355,5.83,False,5.1659999999999995
29356,5.83,False,5.332
29357,5.83,False,5.498
29358,5.83,False,5.664
29359,5.83,False,5.83
29360,5.83,False,5.83
29361,5.83,False,5.83
29362,5.83,False,5.83
29363,5.83,False,5.83
29364,5.83,False,5.83
29365,5.83,False,5.83
29366,5.83,False,5.83
29367,5.83,False,5.83
29368,5.83,False,5.83
29369,5.83,False,5.83
29370,5.83,False,5.83
29371,5.83,False,5.83
29372,5.83,False,5.83
29373,5.83,False,5.83
29374,5.83,False,5.83
29375,5.83,False,5.83
29376,5.83,False,5.83
29377,5.83,False,5.83
29378,5.83,False,5.83
29379,5.83,False,5.83
29380,5.83,False,5.83
29381,5.83,False,5.83
29382,5.83,False,5.83
29383,5.83,False,5.83
29384,5.83,False,5.83
29385,5.83,False,5.83
29386,5.83,False,5.83
29387,5.83,False,5.83
29388,5.83,False,5.83
29389,5.83,False,5.83
29390,5.83,False,5.83
29391,5.83,False,5.83
29392,5.83,False,5.83
29393,5.83,False,5.83
29394,5.83,False,5.83
29395,5.83,False,5.83
29396,5.83,False,5.83
29397,5.83,False,5.83
29398,5.83,False,5.83
29399,5.83,False,5.83
29400,5.83,False,5.83
29401,5.83,False,5.83
29402,5.83,False,5.83
29403,5.83,False,5.83
29404,5.83,False,5.83
29405,5.83,False,5.83
29406,5.83,False,5.83
29407,5.83,False,5.83
29408,5.83,False,5.83
29409,5.83,False,5.83
29410,5.83,False,5.83
29411,5.83,False,5.83
29412,5.83,False,5.83
29413,5.83,False,5.83
29414,5.83,False,5.83
29415,5.83,False,5.83
29416,5.83,False,5.83
29417,5.83,False,5.83
29418,5.83,False,5.83
29419,5.83,False,5.83
29420,5.83,False,5.83
29421,5.83,False,5.83
29422,5.83,False,5.83
29423,5.83,False,5.83
29424,5.83,False,5.83
29425,5.83,False,5.83
29426,5.83,False,5.83
29427,5.83,False,5.83
29428,5.83,False,5.83
29429,5.83,False,5.83
29430,5.83,False,5.83
29431,5.83,False,5.83
29432,5.83,False,5.83
29433,5.83,False,5.83
29434,5.83,False,5.83
29435,5.83,False,5.83
29436,5.83,False,5.83
29437,5.83,False,5.83
29438,5.83,False,5.83
29439,5.83,False,5.83
29440,5.83,False,5.83
29441,5.83,False,5.83
29442,5.83,False,5.83
29443,6.67,False,5.998
29444,6.67,False,6.166
29445,6.67,False,6.3340000000000005
29446,6.67,False,6.502000000000001
29447,6.67,False,6.67
29448,6.67,False,6.67
29449,6.67,False,6.67
29450,6.67,False,6.67
29451,6.67,False,6.67
29452,6.67,False,6.67
29453,6.67,False,6.67
29454,6.67,False,6.67
29455,6.67,False,6.67
29456,6.67,False,6.67
29457,6.67,False,6.67
29458,6.67,False,6.67
29459,6.67,False,6.67
29460,6.67,False,6.67
29461,6.67,False,6.67
29462,6.67,False,6.67
29463,6.67,False,6.67
29464,6.67,False,6.67
29465,6.67,False,6.67
29466,6.67,False,6.67
29467,6.67,False,6.67
29468,6.67,False,6.67
29469,6.67,False,6.67
29470,6.67,False,6.67
29471,6.67,False,6.67
29472,6.67,False,6.67
29473,5.83,False,6.502
29474,5.83,False,6.334
29475,5.83,False,6.1659999999999995
29476,5.83,False,5.997999999999999
29477,5.83,False,5.83
29478,5.83,False,5.83
29479,5.83,False,5.83
29480,5.83,False,5.83
29481,5.83,False,5.83
29482,5.83,False,5.83
29483,5.83,False,5.83
29484,5.83,False,5.83
29485,5.83,False,5.83
29486,5.83,False,5.83
29487,5.83,False,5.83
29488,5.83,False,5.83
29489,5.83,False,5.83
29490,5.83,False,5.83
29491,5.83,False,5.83
29492,5.83,False,5.83
29493,5.83,False,5.83
29494,5.83,False,5.83
29495,5.83,False,5.83
29496,5.83,False,5.83
29497,5.83,False,5.83
29498,5.83,False,5.83
29499,5.83,False,5.83
29500,5.83,False,5.83
29501,5.83,False,5.83
29502,5.83,False,5.83
29503,5.83,False,5.83
29504,5.83,False,5.83
29505,5.83,False,5.83
29506,5.83,False,5.83
29507,5.83,False,5.83
29508,5.83,False,5.83
29509,5.83,False,5.83
29510,5.83,False,5.83
29511,5.83,False,5.83
29512,5.83,False,5.83
29513,5.83,False,5.83
29514,5.83,False,5.83
29515,5.83,False,5.83
29516,5.83,False,5.83
29517,5.83,False,5.83
29518,5.83,False,5.83
29519,5.83,False,5.83
29520,5.83,False,5.83
29521,5.83,False,5.83
29522,5.83,False,5.83
29523,5.83,False,5.83
29524,5.83,False,5.83
29525,5.83,False,5.83
29526,5.83,False,5.83
29527,5.83,False,5.83
29528,5.83,False,5.83
29529,5.83,False,5.83
29530,5.83,False,5.83
29531,5.83,False,5.83
29532,5.83,False,5.83
29533,5.83,False,5.83
29534,5.83,False,5.83
29535,5.83,False,5.83
29536,5.83,False,5.83
29537,5.83,False,5.83
29538,5.83,False,5.83
29539,5.83,False,5.83
29540,5.83,False,5.83
29541,5.83,False,5.83
29542,5.83,False,5.83
29543,5.83,False,5.83
29544,5.83,False,5.83
29545,5.83,False,5.83
29546,5.83,False,5.83
29547,5.83,False,5.83
29548,5.83,False,5.83
29549,5.83,False,5.83
29550,5.83,False,5.83
29551,5.83,False,5.83
29552,5.83,False,5.83
29553,5.83,False,5.83
29554,5.83,False,5.83
29555,5.83,False,5.83
29556,5.83,False,5.83
29557,5.83,False,5.83
29558,5.83,False,5.83
29559,5.83,False,5.83
29560,5.83,False,5.83
29561,5.83,False,5.83
29562,5.83,False,5.83
29563,5.83,False,5.83
29564,5.83,False,5.83
29565,5.83,False,5.83
29566,5.83,False,5.83
29567,5.83,False,5.83
29568,5.83,False,5.83
29569,5.83,False,5.83
29570,5.83,False,5.83
29571,5.83,False,5.83
29572,5.83,False,5.83
29573,5.83,False,5.83
29574,5.83,False,5.83
29575,5.83,False,5.83
29576,5.83,False,5.83
29577,5.83,False,5.83
29578,5.83,False,5.83
29579,5.83,False,5.83
29580,5.83,False,5.83
29581,5.83,False,5.83
29582,5.83,False,5.83
29583,5.83,False,5.83
29584,5.83,False,5.83
29585,5.83,False,5.83
29586,5.83,False,5.83
29587,5.83,False,5.83
29588,5.83,False,5.83
29589,5.83,False,5.83
29590,5.83,False,5.83
29591,5.83,False,5.83
29592,5.83,False,5.83
29593,5.83,False,5.83
29594,5.83,False,5.83
29595,5.83,False,5.83
29596,5.83,False,5.83
29597,5.83,False,5.83
29598,5.83,False,5.83
29599,5.83,False,5.83
29600,5.83,False,5.83
29601,5.83,False,5.83
29602,5.83,False,5.83
29603,5.83,False,5.83
29604,5.83,False,5.83
29605,5.83,False,5.83
29606,5.83,False,5.83
29607,5.83,False,5.83
29608,5.83,False,5.83
29609,5.83,False,5.83
29610,5.83,False,5.83
29611,5.83,False,5.83
29612,5.83,False,5.83
29613,5.83,False,5.83
29614,5.83,False,5.83
29615,5.83,False,5.83
29616,5.83,False,5.83
29617,5.83,False,5.83
29618,5.83,False,5.83
29619,5.83,False,5.83
29620,5.83,False,5.83
29621,5.83,False,5.83
29622,5.83,False,5.83
29623,5.83,False,5.83
29624,5.83,False,5.83
29625,5.83,False,5.83
29626,5.83,False,5.83
29627,5.83,False,5.83
29628,5.83,False,5.83
29629,5.83,False,5.83
29630,5.83,False,5.83
29631,5.83,False,5.83
29632,5.83,False,5.83
29633,5.83,False,5.83
29634,5.83,False,5.83
29635,5.83,False,5.83
29636,5.83,False,5.83
29637,5.83,False,5.83
29638,5.83,False,5.83
29639,5.83,False,5.83
29640,5.83,False,5.83
29641,5.83,False,5.83
29642,5.83,False,5.83
29643,5.83,False,5.83
29644,5.83,False,5.83
29645,5.83,False,5.83
29646,5.83,False,5.83
29647,5.83,False,5.83
29648,5.83,False,5.83
29649,5.83,False,5.83
29650,5.83,False,5.83
29651,5.83,False,5.83
29652,5.83,False,5.83
29653,5.83,False,5.83
29654,5.83,False,5.83
29655,5.83,False,5.83
29656,5.0,False,5.664
29657,5.0,False,5.498
29658,5.0,False,5.332000000000001
29659,5.0,False,5.1659999999999995
29660,5.0,False,5.0
29661,5.0,False,5.0
29662,5.0,False,5.0
29663,5.0,False,5.0
29664,5.0,False,5.0
29665,5.0,False,5.0
29666,5.0,False,5.0
29667,5.0,False,5.0
29668,5.0,False,5.0
29669,5.0,False,5.0
29670,5.0,False,5.0
29671,5.0,False,5.0
29672,5.0,False,5.0
29673,5.0,False,5.0
29674,5.0,False,5.0
29675,5.0,False,5.0
29676,5.0,False,5.0
29677,5.0,False,5.0
29678,5.0,False,5.0
29679,5.0,False,5.0
29680,5.0,False,5.0
29681,5.0,False,5.0
29682,5.0,False,5.0
29683,5.0,False,5.0
29684,5.0,False,5.0
29685,5.0,False,5.0
29686,5.0,False,5.0
29687,5.0,False,5.0
29688,5.0,False,5.0
29689,5.0,False,5.0
29690,5.0,False,5.0
29691,5.0,False,5.0
29692,5.0,False,5.0
29693,5.0,False,5.0
29694,5.0,False,5.0
29695,5.0,False,5.0
29696,5.0,False,5.0
29697,5.0,False,5.0
29698,5.0,False,5.0
29699,5.0,False,5.0
29700,5.0,False,5.0
29701,5.0,False,5.0
29702,5.0,False,5.0
29703,5.0,False,5.0
29704,5.0,False,5.0
29705,5.0,False,5.0
29706,5.0,False,5.0
29707,5.0,False,5.0
29708,5.0,False,5.0
29709,5.0,False,5.0
29710,5.0,False,5.0
29711,5.0,False,5.0
29712,5.0,False,5.0
29713,5.0,False,5.0
29714,5.0,False,5.0
29715,5.0,False,5.0
29716,5.0,False,5.0
29717,5.0,False,5.0
29718,5.0,False,5.0
29719,5.0,False,5.0
29720,5.0,False,5.0
29721,5.0,False,5.0
29722,5.0,False,5.0
29723,5.0,False,5.0
29724,5.0,False,5.0
29725,5.0,False,5.0
29726,5.0,False,5.0
29727,5.0,False,5.0
29728,5.0,False,5.0
29729,5.0,False,5.0
29730,5.0,False,5.0
29731,5.0,False,5.0
29732,5.0,False,5.0
29733,5.0,False,5.0
29734,5.0,False,5.0
29735,5.0,False,5.0
29736,5.0,False,5.0
29737,5.0,False,5.0
29738,5.0,False,5.0
29739,5.0,False,5.0
29740,5.0,False,5.0
29741,5.0,False,5.0
29742,5.0,False,5.0
29743,5.0,False,5.0
29744,5.0,False,5.0
29745,5.0,False,5.0
29746,5.0,False,5.0
29747,5.0,False,5.0
29748,5.0,False,5.0
29749,5.0,False,5.0
29750,5.0,False,5.0
29751,5.0,False,5.0
29752,5.0,False,5.0
29753,5.0,False,5.0
29754,5.0,False,5.0
29755,5.0,False,5.0
29756,5.0,False,5.0
29757,5.0,False,5.0
29758,5.0,False,5.0
29759,5.0,False,5.0
29760,5.0,False,5.0
29761,5.0,False,5.0
29762,5.0,False,5.0
29763,5.0,False,5.0
29764,5.0,False,5.0
29765,5.0,False,5.0
29766,5.0,False,5.0
29767,5.0,False,5.0
29768,5.0,False,5.0
29769,5.0,False,5.0
29770,5.0,False,5.0
29771,5.0,False,5.0
29772,5.0,False,5.0
29773,5.0,False,5.0
29774,5.0,False,5.0
29775,5.0,False,5.0
29776,5.0,False,5.0
29777,5.0,False,5.0
29778,5.0,False,5.0
29779,5.0,False,5.0
29780,5.0,False,5.0
29781,5.0,False,5.0
29782,5.0,False,5.0
29783,5.0,False,5.0
29784,5.0,False,5.0
29785,5.0,False,5.0
29786,5.0,False,5.0
29787,5.0,False,5.0
29788,5.0,False,5.0
29789,5.0,False,5.0
29790,5.0,False,5.0
29791,5.0,False,5.0
29792,5.0,False,5.0
29793,5.0,False,5.0
29794,5.0,False,5.0
29795,5.0,False,5.0
29796,5.0,False,5.0
29797,5.0,False,5.0
29798,5.0,False,5.0
29799,5.0,False,5.0
29800,5.0,False,5.0
29801,5.0,False,5.0
29802,5.0,False,5.0
29803,5.0,False,5.0
29804,5.0,False,5.0
29805,5.0,False,5.0
29806,5.0,False,5.0
29807,5.0,False,5.0
29808,5.0,False,5.0
29809,5.0,False,5.0
29810,5.0,False,5.0
29811,5.0,False,5.0
29812,5.0,False,5.0
29813,5.0,False,5.0
29814,5.0,False,5.0
29815,5.0,False,5.0
29816,5.0,False,5.0
29817,5.0,False,5.0
29818,5.0,False,5.0
29819,5.0,False,5.0
29820,5.0,False,5.0
29821,5.0,False,5.0
29822,5.0,False,5.0
29823,5.0,False,5.0
29824,5.0,False,5.0
29825,5.0,False,5.0
29826,5.0,False,5.0
29827,5.0,False,5.0
29828,5.0,False,5.0
29829,5.0,False,5.0
29830,5.0,False,5.0
29831,5.0,False,5.0
29832,5.0,False,5.0
29833,5.0,False,5.0
29834,5.0,False,5.0
29835,5.0,False,5.0
29836,5.0,False,5.0
29837,5.0,False,5.0
29838,5.0,False,5.0
29839,5.0,False,5.0
29840,5.0,False,5.0
29841,5.0,False,5.0
29842,5.0,False,5.0
29843,5.0,False,5.0
29844,5.0,False,5.0
29845,5.0,False,5.0
29846,5.0,False,5.0
29847,5.0,False,5.0
29848,5.0,False,5.0
29849,5.0,False,5.0
29850,5.0,False,5.0
29851,5.0,False,5.0
29852,5.0,False,5.0
29853,5.0,False,5.0
29854,5.0,False,5.0
29855,5.0,False,5.0
29856,5.0,False,5.0
29857,5.0,False,5.0
29858,5.0,False,5.0
29859,5.0,False,5.0
29860,5.0,False,5.0
29861,5.0,False,5.0
29862,5.0,False,5.0
29863,5.0,False,5.0
29864,5.0,False,5.0
29865,5.0,False,5.0
29866,5.0,False,5.0
29867,5.0,False,5.0
29868,5.0,False,5.0
29869,5.0,False,5.0
29870,5.0,False,5.0
29871,5.0,False,5.0
29872,5.0,False,5.0
29873,5.0,False,5.0
29874,5.0,False,5.0
29875,5.0,False,5.0
29876,5.0,False,5.0
29877,5.0,False,5.0
29878,5.0,False,5.0
29879,5.0,False,5.0
29880,5.0,False,5.0
29881,5.0,False,5.0
29882,5.0,False,5.0
29883,5.0,False,5.0
29884,5.0,False,5.0
29885,5.0,False,5.0
29886,5.0,False,5.0
29887,5.0,False,5.0
29888,5.0,False,5.0
29889,5.0,False,5.0
29890,5.0,False,5.0
29891,5.0,False,5.0
29892,5.0,False,5.0
29893,5.0,False,5.0
29894,5.0,False,5.0
29895,5.0,False,5.0
29896,5.0,False,5.0
29897,5.0,False,5.0
29898,5.0,False,5.0
29899,5.0,False,5.0
29900,5.0,False,5.0
29901,5.0,False,5.0
29902,5.0,False,5.0
29903,5.0,False,5.0
29904,5.0,False,5.0
29905,5.0,False,5.0
29906,5.0,False,5.0
29907,5.0,False,5.0
29908,5.0,False,5.0
29909,5.0,False,5.0
29910,5.0,False,5.0
29911,5.0,False,5.0
29912,5.0,False,5.0
29913,5.0,False,5.0
29914,5.0,False,5.0
29915,5.0,False,5.0
29916,5.0,False,5.0
29917,5.0,False,5.0
29918,5.0,False,5.0
29919,5.0,False,5.0
29920,5.0,False,5.0
29921,5.0,False,5.0
29922,5.0,False,5.0
29923,5.0,False,5.0
29924,5.0,False,5.0
29925,5.0,False,5.0
29926,5.0,False,5.0
29927,5.0,False,5.0
29928,5.0,False,5.0
29929,5.0,False,5.0
29930,5.0,False,5.0
29931,5.0,False,5.0
29932,5.0,False,5.0
29933,5.0,False,5.0
29934,5.0,False,5.0
29935,5.0,False,5.0
29936,5.0,False,5.0
29937,5.0,False,5.0
29938,5.0,False,5.0
29939,5.0,False,5.0
29940,5.0,False,5.0
29941,5.0,False,5.0
29942,5.0,False,5.0
29943,5.0,False,5.0
29944,5.0,False,5.0
29945,5.0,False,5.0
29946,5.0,False,5.0
29947,5.0,False,5.0
29948,5.0,False,5.0
29949,5.0,False,5.0
29950,5.0,False,5.0
29951,5.0,False,5.0
29952,5.0,False,5.0
29953,5.83,False,5.166
29954,5.83,False,5.331999999999999
29955,5.83,False,5.497999999999999
29956,5.83,False,5.664
29957,5.83,False,5.83
29958,5.83,False,5.83
29959,5.83,False,5.83
29960,5.83,False,5.83
29961,5.83,False,5.83
29962,5.83,False,5.83
29963,5.83,False,5.83
29964,5.83,False,5.83
29965,5.83,False,5.83
29966,5.83,False,5.83
29967,5.83,False,5.83
29968,5.83,False,5.83
29969,5.83,False,5.83
29970,5.83,False,5.83
29971,5.83,False,5.83
29972,5.83,False,5.83
29973,5.83,False,5.83
29974,5.83,False,5.83
29975,5.83,False,5.83
29976,5.83,False,5.83
29977,5.83,False,5.83
29978,5.83,False,5.83
29979,5.83,False,5.83
29980,5.83,False,5.83
29981,5.83,False,5.83
29982,5.83,False,5.83
29983,5.83,False,5.83
29984,5.0,False,5.664
29985,5.0,False,5.498
29986,5.0,False,5.332
29987,5.0,False,5.1659999999999995
29988,5.0,False,5.0
29989,5.0,False,5.0
29990,5.0,False,5.0
29991,5.0,False,5.0
29992,5.0,False,5.0
29993,5.0,False,5.0
29994,5.0,False,5.0
29995,5.0,False,5.0
29996,5.0,False,5.0
29997,5.0,False,5.0
29998,5.0,False,5.0
29999,5.0,False,5.0
30000,5.0,False,5.0
30001,5.0,False,5.0
30002,5.0,False,5.0
30003,5.0,False,5.0
30004,5.0,False,5.0
30005,5.0,False,5.0
30006,5.0,False,5.0
30007,5.0,False,5.0
30008,5.0,False,5.0
30009,5.0,False,5.0
30010,5.0,False,5.0
30011,5.0,False,5.0
30012,5.0,False,5.0
30013,5.0,False,5.0
30014,5.0,False,5.0
30015,5.0,False,5.0
30016,5.0,False,5.0
30017,5.0,False,5.0
30018,5.0,False,5.0
30019,5.0,False,5.0
30020,5.0,False,5.0
30021,5.0,False,5.0
30022,5.0,False,5.0
30023,5.0,False,5.0
30024,5.0,False,5.0
30025,5.0,False,5.0
30026,5.0,False,5.0
30027,5.0,False,5.0
30028,5.0,False,5.0
30029,5.0,False,5.0
30030,5.0,False,5.0
30031,5.0,False,5.0
30032,5.0,False,5.0
30033,5.0,False,5.0
30034,5.0,False,5.0
30035,5.0,False,5.0
30036,5.0,False,5.0
30037,5.0,False,5.0
30038,5.0,False,5.0
30039,5.0,False,5.0
30040,5.0,False,5.0
30041,5.0,False,5.0
30042,5.0,False,5.0
30043,5.0,False,5.0
30044,5.0,False,5.0
30045,5.0,False,5.0
30046,5.0,False,5.0
30047,5.0,False,5.0
30048,5.0,False,5.0
30049,5.0,False,5.0
30050,5.0,False,5.0
30051,5.0,False,5.0
30052,5.0,False,5.0
30053,5.0,False,5.0
30054,5.0,False,5.0
30055,5.0,False,5.0
30056,5.0,False,5.0
30057,5.0,False,5.0
30058,5.0,False,5.0
30059,5.0,False,5.0
30060,5.0,False,5.0
30061,5.0,False,5.0
30062,5.0,False,5.0
30063,5.0,False,5.0
30064,5.0,False,5.0
30065,5.0,False,5.0
30066,5.0,False,5.0
30067,5.0,False,5.0
30068,5.0,False,5.0
30069,5.0,False,5.0
30070,5.0,False,5.0
30071,5.0,False,5.0
30072,5.0,False,5.0
30073,5.0,False,5.0
30074,5.0,False,5.0
30075,5.0,False,5.0
30076,5.0,False,5.0
30077,5.0,False,5.0
30078,5.0,False,5.0
30079,5.0,False,5.0
30080,5.0,False,5.0
30081,5.0,False,5.0
30082,5.0,False,5.0
30083,5.0,False,5.0
30084,5.0,False,5.0
30085,5.0,False,5.0
30086,5.0,False,5.0
30087,5.0,False,5.0
30088,5.0,False,5.0
30089,5.0,False,5.0
30090,5.0,False,5.0
30091,5.0,False,5.0
30092,5.0,False,5.0
30093,5.0,False,5.0
30094,5.0,False,5.0
30095,5.0,False,5.0
30096,5.0,False,5.0
30097,5.0,False,5.0
30098,5.0,False,5.0
30099,5.0,False,5.0
30100,5.0,False,5.0
30101,5.0,False,5.0
30102,5.0,False,5.0
30103,5.0,False,5.0
30104,5.0,False,5.0
30105,5.0,False,5.0
30106,5.0,False,5.0
30107,5.0,False,5.0
30108,5.0,False,5.0
30109,5.0,False,5.0
30110,5.0,False,5.0
30111,5.0,False,5.0
30112,5.0,False,5.0
30113,5.0,False,5.0
30114,5.0,False,5.0
30115,5.0,False,5.0
30116,5.0,False,5.0
30117,5.0,False,5.0
30118,5.0,False,5.0
30119,5.0,False,5.0
30120,5.0,False,5.0
30121,5.0,False,5.0
30122,5.0,False,5.0
30123,5.0,False,5.0
30124,5.0,False,5.0
30125,5.0,False,5.0
30126,5.0,False,5.0
30127,5.0,False,5.0
30128,5.0,False,5.0
30129,5.0,False,5.0
30130,5.0,False,5.0
30131,5.0,False,5.0
30132,5.0,False,5.0
30133,5.0,False,5.0
30134,5.0,False,5.0
30135,5.0,False,5.0
30136,5.0,False,5.0
30137,5.0,False,5.0
30138,5.0,False,5.0
30139,5.0,False,5.0
30140,5.0,False,5.0
30141,5.0,False,5.0
30142,5.0,False,5.0
30143,5.0,False,5.0
30144,5.0,False,5.0
30145,5.0,False,5.0
30146,5.0,False,5.0
30147,5.0,False,5.0
30148,5.0,False,5.0
30149,5.0,False,5.0
30150,5.0,False,5.0
30151,5.0,False,5.0
30152,5.0,False,5.0
30153,5.0,False,5.0
30154,5.0,False,5.0
30155,5.0,False,5.0
30156,5.0,False,5.0
30157,5.0,False,5.0
30158,5.0,False,5.0
30159,5.0,False,5.0
30160,5.0,False,5.0
30161,5.0,False,5.0
30162,5.0,False,5.0
30163,5.0,False,5.0
30164,5.0,False,5.0
30165,5.0,False,5.0
30166,5.0,False,5.0
30167,5.0,False,5.0
30168,5.0,False,5.0
30169,5.0,False,5.0
30170,5.0,False,5.0
30171,5.0,False,5.0
30172,5.0,False,5.0
30173,5.0,False,5.0
30174,5.0,False,5.0
30175,5.0,False,5.0
30176,5.0,False,5.0
30177,5.0,False,5.0
30178,5.0,False,5.0
30179,5.0,False,5.0
30180,5.0,False,5.0
30181,5.0,False,5.0
30182,5.0,False,5.0
30183,5.0,False,5.0
30184,5.0,False,5.0
30185,5.0,False,5.0
30186,5.0,False,5.0
30187,5.0,False,5.0
30188,5.0,False,5.0
30189,5.0,False,5.0
30190,5.0,False,5.0
30191,5.0,False,5.0
30192,5.0,False,5.0
30193,5.0,False,5.0
30194,5.0,False,5.0
30195,5.0,False,5.0
30196,5.0,False,5.0
30197,5.0,False,5.0
30198,5.0,False,5.0
30199,5.0,False,5.0
30200,5.0,False,5.0
30201,5.0,False,5.0
30202,5.0,False,5.0
30203,5.0,False,5.0
30204,5.0,False,5.0
30205,5.0,False,5.0
30206,5.0,False,5.0
30207,5.0,False,5.0
30208,5.0,False,5.0
30209,5.83,False,5.1659999999999995
30210,5.83,False,5.332
30211,5.83,False,5.498
30212,5.83,False,5.664
30213,5.83,False,5.83
30214,5.83,False,5.83
30215,5.83,False,5.83
30216,5.83,False,5.83
30217,5.83,False,5.83
30218,5.83,False,5.83
30219,5.83,False,5.83
30220,5.83,False,5.83
30221,5.83,False,5.83
30222,5.83,False,5.83
30223,5.83,False,5.83
30224,5.83,False,5.83
30225,5.83,False,5.83
30226,5.83,False,5.83
30227,5.83,False,5.83
30228,5.83,False,5.83
30229,5.83,False,5.83
30230,5.83,False,5.83
30231,5.83,False,5.83
30232,5.83,False,5.83
30233,5.83,False,5.83
30234,5.83,False,5.83
30235,5.83,False,5.83
30236,5.83,False,5.83
30237,5.83,False,5.83
30238,5.83,False,5.83
30239,5.83,False,5.83
30240,5.83,False,5.83
30241,5.83,False,5.83
30242,5.83,False,5.83
30243,5.83,False,5.83
30244,5.83,False,5.83
30245,5.83,False,5.83
30246,5.83,False,5.83
30247,5.83,False,5.83
30248,5.83,False,5.83
30249,5.83,False,5.83
30250,5.83,False,5.83
30251,5.83,False,5.83
30252,5.83,False,5.83
30253,5.83,False,5.83
30254,5.0,False,5.664
30255,5.0,False,5.498
30256,5.0,False,5.332000000000001
30257,5.0,False,5.1659999999999995
30258,5.0,False,5.0
30259,5.0,False,5.0
30260,5.0,False,5.0
30261,5.0,False,5.0
30262,5.0,False,5.0
30263,5.0,False,5.0
30264,5.0,False,5.0
30265,5.0,False,5.0
30266,5.0,False,5.0
30267,5.0,False,5.0
30268,5.0,False,5.0
30269,5.0,False,5.0
30270,5.0,False,5.0
30271,5.0,False,5.0
30272,5.0,False,5.0
30273,5.0,False,5.0
30274,5.0,False,5.0
30275,5.0,False,5.0
30276,5.0,False,5.0
30277,5.0,False,5.0
30278,5.0,False,5.0
30279,5.0,False,5.0
30280,5.0,False,5.0
30281,5.0,False,5.0
30282,5.0,False,5.0
30283,5.0,False,5.0
30284,5.0,False,5.0
30285,5.0,False,5.0
30286,5.0,False,5.0
30287,5.0,False,5.0
30288,5.0,False,5.0
30289,5.0,False,5.0
30290,5.0,False,5.0
30291,5.0,False,5.0
30292,5.0,False,5.0
30293,5.0,False,5.0
30294,5.0,False,5.0
30295,5.0,False,5.0
30296,5.0,False,5.0
30297,5.0,False,5.0
30298,5.0,False,5.0
30299,5.0,False,5.0
30300,5.0,False,5.0
30301,5.0,False,5.0
30302,5.0,False,5.0
30303,5.0,False,5.0
30304,5.0,False,5.0
30305,5.0,False,5.0
30306,5.0,False,5.0
30307,5.0,False,5.0
30308,5.0,False,5.0
30309,5.0,False,5.0
30310,5.0,False,5.0
30311,5.0,False,5.0
30312,5.0,False,5.0
30313,5.0,False,5.0
30314,5.0,False,5.0
30315,5.0,False,5.0
30316,5.0,False,5.0
30317,5.0,False,5.0
30318,5.0,False,5.0
30319,5.0,False,5.0
30320,5.0,False,5.0
30321,5.0,False,5.0
30322,5.0,False,5.0
30323,5.0,False,5.0
30324,5.0,False,5.0
30325,5.0,False,5.0
30326,5.0,False,5.0
30327,5.0,False,5.0
30328,5.0,False,5.0
30329,5.0,False,5.0
30330,5.0,False,5.0
30331,5.0,False,5.0
30332,5.0,False,5.0
30333,5.0,False,5.0
30334,5.0,False,5.0
30335,5.0,False,5.0
30336,5.0,False,5.0
30337,5.0,False,5.0
30338,5.0,False,5.0
30339,5.0,False,5.0
30340,5.0,False,5.0
30341,5.0,False,5.0
30342,5.0,False,5.0
30343,5.0,False,5.0
30344,5.0,False,5.0
30345,5.0,False,5.0
30346,5.0,False,5.0
30347,5.0,False,5.0
30348,5.0,False,5.0
30349,5.0,False,5.0
30350,5.0,False,5.0
30351,5.0,False,5.0
30352,5.0,False,5.0
30353,5.0,False,5.0
30354,5.0,False,5.0
30355,5.0,False,5.0
30356,5.0,False,5.0
30357,5.0,False,5.0
30358,5.0,False,5.0
30359,5.0,False,5.0
30360,5.0,False,5.0
30361,5.0,False,5.0
30362,5.0,False,5.0
30363,5.0,False,5.0
30364,5.0,False,5.0
30365,5.0,False,5.0
30366,5.0,False,5.0
30367,5.0,False,5.0
30368,5.0,False,5.0
30369,5.0,False,5.0
30370,5.0,False,5.0
30371,5.0,False,5.0
30372,5.0,False,5.0
30373,5.0,False,5.0
30374,5.0,False,5.0
30375,5.0,False,5.0
30376,5.0,False,5.0
30377,5.0,False,5.0
30378,5.0,False,5.0
30379,5.0,False,5.0
30380,5.0,False,5.0
30381,5.0,False,5.0
30382,5.0,False,5.0
30383,5.0,False,5.0
30384,5.0,False,5.0
30385,5.0,False,5.0
30386,5.0,False,5.0
30387,5.0,False,5.0
30388,5.0,False,5.0
30389,5.0,False,5.0
30390,5.0,False,5.0
30391,5.0,False,5.0
30392,5.0,False,5.0
30393,5.0,False,5.0
30394,5.0,False,5.0
30395,5.0,False,5.0
30396,5.0,False,5.0
30397,5.0,False,5.0
30398,5.0,False,5.0
30399,5.0,False,5.0
30400,5.0,False,5.0
30401,5.0,False,5.0
30402,5.0,False,5.0
30403,5.0,False,5.0
30404,5.0,False,5.0
30405,5.0,False,5.0
30406,5.0,False,5.0
30407,5.0,False,5.0
30408,5.0,False,5.0
30409,5.0,False,5.0
30410,5.0,False,5.0
30411,5.0,False,5.0
30412,5.0,False,5.0
30413,5.0,False,5.0
30414,5.0,False,5.0
30415,5.0,False,5.0
30416,5.0,False,5.0
30417,5.0,False,5.0
30418,5.0,False,5.0
30419,5.0,False,5.0
30420,5.0,False,5.0
30421,5.0,False,5.0
30422,5.0,False,5.0
30423,5.0,False,5.0
30424,5.0,False,5.0
30425,5.0,False,5.0
30426,5.0,False,5.0
30427,5.0,False,5.0
30428,5.0,False,5.0
30429,5.0,False,5.0
30430,5.0,False,5.0
30431,5.0,False,5.0
30432,5.0,False,5.0
30433,5.0,False,5.0
30434,5.0,False,5.0
30435,5.0,False,5.0
30436,5.0,False,5.0
30437,5.0,False,5.0
30438,5.0,False,5.0
30439,5.0,False,5.0
30440,5.0,False,5.0
30441,5.0,False,5.0
30442,5.0,False,5.0
30443,5.0,False,5.0
30444,5.0,False,5.0
30445,5.0,False,5.0
30446,5.0,False,5.0
30447,5.0,False,5.0
30448,5.0,False,5.0
30449,5.0,False,5.0
30450,5.0,False,5.0
30451,5.0,False,5.0
30452,5.0,False,5.0
30453,5.0,False,5.0
30454,5.0,False,5.0
30455,5.0,False,5.0
30456,5.0,False,5.0
30457,5.0,False,5.0
30458,5.0,False,5.0
30459,5.0,False,5.0
30460,5.0,False,5.0
30461,5.0,False,5.0
30462,5.0,False,5.0
30463,5.0,False,5.0
30464,5.0,False,5.0
30465,5.83,False,5.166
30466,5.83,False,5.331999999999999
30467,5.83,False,5.497999999999999
30468,5.83,False,5.664
30469,5.83,False,5.83
30470,5.83,False,5.83
30471,5.83,False,5.83
30472,5.83,False,5.83
30473,5.83,False,5.83
30474,5.83,False,5.83
30475,5.83,False,5.83
30476,5.83,False,5.83
30477,5.83,False,5.83
30478,5.83,False,5.83
30479,5.83,False,5.83
30480,5.83,False,5.83
30481,5.83,False,5.83
30482,5.83,False,5.83
30483,5.83,False,5.83
30484,5.83,False,5.83
30485,5.83,False,5.83
30486,5.83,False,5.83
30487,5.83,False,5.83
30488,5.83,False,5.83
30489,5.83,False,5.83
30490,5.83,False,5.83
30491,5.83,False,5.83
30492,5.83,False,5.83
30493,5.83,False,5.83
30494,5.0,False,5.664
30495,5.0,False,5.498
30496,5.0,False,5.332
30497,5.0,False,5.1659999999999995
30498,5.0,False,5.0
30499,5.0,False,5.0
30500,5.0,False,5.0
30501,5.0,False,5.0
30502,5.0,False,5.0
30503,5.0,False,5.0
30504,5.0,False,5.0
30505,5.0,False,5.0
30506,5.0,False,5.0
30507,5.0,False,5.0
30508,5.0,False,5.0
30509,5.0,False,5.0
30510,5.0,False,5.0
30511,5.0,False,5.0
30512,5.0,False,5.0
30513,5.0,False,5.0
30514,5.0,False,5.0
30515,5.0,False,5.0
30516,5.0,False,5.0
30517,5.0,False,5.0
30518,5.0,False,5.0
30519,5.0,False,5.0
30520,5.0,False,5.0
30521,5.0,False,5.0
30522,5.0,False,5.0
30523,5.0,False,5.0
30524,5.0,False,5.0
30525,5.0,False,5.0
30526,5.0,False,5.0
30527,5.0,False,5.0
30528,5.0,False,5.0
30529,5.0,False,5.0
30530,5.0,False,5.0
30531,5.0,False,5.0
30532,5.0,False,5.0
30533,5.0,False,5.0
30534,5.0,False,5.0
30535,5.0,False,5.0
30536,5.0,False,5.0
30537,5.0,False,5.0
30538,5.0,False,5.0
30539,5.0,False,5.0
30540,5.0,False,5.0
30541,5.0,False,5.0
30542,5.0,False,5.0
30543,5.0,False,5.0
30544,5.0,False,5.0
30545,5.0,False,5.0
30546,5.0,False,5.0
30547,5.0,False,5.0
30548,5.0,False,5.0
30549,5.0,False,5.0
30550,5.0,False,5.0
30551,5.0,False,5.0
30552,5.0,False,5.0
30553,5.0,False,5.0
30554,5.0,False,5.0
30555,5.0,False,5.0
30556,5.0,False,5.0
30557,5.0,False,5.0
30558,5.0,False,5.0
30559,5.0,False,5.0
30560,5.0,False,5.0
30561,5.0,False,5.0
30562,5.0,False,5.0
30563,5.0,False,5.0
30564,5.0,False,5.0
30565,5.0,False,5.0
30566,5.0,False,5.0
30567,5.0,False,5.0
30568,5.0,False,5.0
30569,5.0,False,5.0
30570,5.0,False,5.0
30571,5.0,False,5.0
30572,5.0,False,5.0
30573,5.0,False,5.0
30574,5.0,False,5.0
30575,5.0,False,5.0
30576,5.0,False,5.0
30577,5.0,False,5.0
30578,5.0,False,5.0
30579,5.0,False,5.0
30580,5.0,False,5.0
30581,5.0,False,5.0
30582,5.0,False,5.0
30583,5.0,False,5.0
30584,5.0,False,5.0
30585,5.0,False,5.0
30586,5.0,False,5.0
30587,5.0,False,5.0
30588,5.0,False,5.0
30589,5.0,False,5.0
30590,5.0,False,5.0
30591,5.0,False,5.0
30592,5.0,False,5.0
30593,5.0,False,5.0
30594,5.0,False,5.0
30595,5.0,False,5.0
30596,5.0,False,5.0
30597,5.0,False,5.0
30598,5.0,False,5.0
30599,5.0,False,5.0
30600,5.0,False,5.0
30601,5.0,False,5.0
30602,5.0,False,5.0
30603,5.0,False,5.0
30604,5.0,False,5.0
30605,5.0,False,5.0
30606,5.0,False,5.0
30607,5.0,False,5.0
30608,5.0,False,5.0
30609,5.0,False,5.0
30610,5.0,False,5.0
30611,5.0,False,5.0
30612,5.0,False,5.0
30613,5.0,False,5.0
30614,5.0,False,5.0
30615,5.0,False,5.0
30616,5.0,False,5.0
30617,5.0,False,5.0
30618,5.0,False,5.0
30619,5.0,False,5.0
30620,5.0,False,5.0
30621,5.0,False,5.0
30622,5.0,False,5.0
30623,5.0,False,5.0
30624,5.0,False,5.0
30625,5.0,False,5.0
30626,5.0,False,5.0
30627,5.0,False,5.0
30628,5.0,False,5.0
30629,5.0,False,5.0
30630,5.0,False,5.0
30631,5.0,False,5.0
30632,5.0,False,5.0
30633,5.0,False,5.0
30634,5.0,False,5.0
30635,5.0,False,5.0
30636,5.0,False,5.0
30637,5.0,False,5.0
30638,5.0,False,5.0
30639,5.0,False,5.0
30640,5.0,False,5.0
30641,5.0,False,5.0
30642,5.0,False,5.0
30643,5.0,False,5.0
30644,5.0,False,5.0
30645,5.0,False,5.0
30646,5.0,False,5.0
30647,5.0,False,5.0
30648,5.0,False,5.0
30649,5.0,False,5.0
30650,5.0,False,5.0
30651,5.0,False,5.0
30652,5.0,False,5.0
30653,5.0,False,5.0
30654,5.0,False,5.0
30655,5.0,False,5.0
30656,5.0,False,5.0
30657,5.0,False,5.0
30658,5.0,False,5.0
30659,5.0,False,5.0
30660,5.0,False,5.0
30661,5.0,False,5.0
30662,5.0,False,5.0
30663,5.0,False,5.0
30664,5.0,False,5.0
30665,5.0,False,5.0
30666,5.0,False,5.0
30667,5.0,False,5.0
30668,5.0,False,5.0
30669,5.0,False,5.0
30670,5.0,False,5.0
30671,5.0,False,5.0
30672,5.0,False,5.0
30673,5.0,False,5.0
30674,5.0,False,5.0
30675,5.0,False,5.0
30676,5.0,False,5.0
30677,5.0,False,5.0
30678,5.0,False,5.0
30679,5.0,False,5.0
30680,5.0,False,5.0
30681,5.0,False,5.0
30682,5.0,False,5.0
30683,5.0,False,5.0
30684,5.0,False,5.0
30685,5.0,False,5.0
30686,5.0,False,5.0
30687,5.0,False,5.0
30688,5.0,False,5.0
30689,5.0,False,5.0
30690,5.0,False,5.0
30691,5.0,False,5.0
30692,5.0,False,5.0
30693,5.0,False,5.0
30694,5.0,False,5.0
30695,5.0,False,5.0
30696,5.0,False,5.0
30697,5.0,False,5.0
30698,5.0,False,5.0
30699,5.0,False,5.0
30700,5.0,False,5.0
30701,5.0,False,5.0
30702,5.0,False,5.0
30703,5.0,False,5.0
30704,5.0,False,5.0
30705,5.0,False,5.0
30706,5.0,False,5.0
30707,5.0,False,5.0
30708,5.0,False,5.0
30709,5.0,False,5.0
30710,5.0,False,5.0
30711,5.0,False,5.0
30712,5.0,False,5.0
30713,5.0,False,5.0
30714,5.0,False,5.0
30715,5.0,False,5.0
30716,5.0,False,5.0
30717,5.0,False,5.0
30718,5.0,False,5.0
30719,5.0,False,5.0
30720,5.0,False,5.0
30721,5.0,False,5.0
30722,5.0,False,5.0
30723,5.0,False,5.0
30724,5.0,False,5.0
30725,5.0,False,5.0
30726,5.0,False,5.0
30727,5.0,False,5.0
30728,5.0,False,5.0
30729,5.0,False,5.0
30730,5.0,False,5.0
30731,5.0,False,5.0
30732,5.0,False,5.0
30733,5.0,False,5.0
30734,5.0,False,5.0
30735,5.0,False,5.0
30736,5.0,False,5.0
30737,5.0,False,5.0
30738,5.0,False,5.0
30739,5.0,False,5.0
30740,5.0,False,5.0
30741,5.0,False,5.0
30742,5.0,False,5.0
30743,5.0,False,5.0
30744,5.0,False,5.0
30745,5.0,False,5.0
30746,5.0,False,5.0
30747,5.0,False,5.0
30748,5.0,False,5.0
30749,5.0,False,5.0
30750,5.0,False,5.0
30751,5.0,False,5.0
30752,5.0,False,5.0
30753,5.0,False,5.0
30754,5.0,False,5.0
30755,5.0,False,5.0
30756,5.0,False,5.0
30757,5.0,False,5.0
30758,5.0,False,5.0
30759,5.0,False,5.0
30760,5.0,False,5.0
30761,5.0,False,5.0
30762,5.0,False,5.0
30763,5.0,False,5.0
30764,5.0,False,5.0
30765,5.0,False,5.0
30766,5.0,False,5.0
30767,5.0,False,5.0
30768,5.0,False,5.0
30769,5.0,False,5.0
30770,5.0,False,5.0
30771,5.0,False,5.0
30772,5.0,False,5.0
30773,5.0,False,5.0
30774,5.0,False,5.0
30775,5.0,False,5.0
30776,5.0,False,5.0
30777,5.0,False,5.0
30778,5.0,False,5.0
30779,5.0,False,5.0
30780,5.0,False,5.0
30781,5.0,False,5.0
30782,5.0,False,5.0
30783,5.0,False,5.0
30784,5.0,False,5.0
30785,5.0,False,5.0
30786,5.0,False,5.0
30787,5.0,False,5.0
30788,5.0,False,5.0
30789,5.0,False,5.0
30790,5.0,False,5.0
30791,5.0,False,5.0
30792,5.0,False,5.0
30793,5.0,False,5.0
30794,5.0,False,5.0
30795,5.0,False,5.0
30796,5.0,False,5.0
30797,5.0,False,5.0
30798,5.0,False,5.0
30799,5.0,False,5.0
30800,5.0,False,5.0
30801,5.0,False,5.0
30802,5.0,False,5.0
30803,5.0,False,5.0
30804,5.0,False,5.0
30805,5.0,False,5.0
30806,5.0,False,5.0
30807,5.0,False,5.0
30808,5.0,False,5.0
30809,5.0,False,5.0
30810,5.0,False,5.0
30811,5.0,False,5.0
30812,5.0,False,5.0
30813,5.0,False,5.0
30814,5.0,False,5.0
30815,5.0,False,5.0
30816,5.0,False,5.0
30817,5.0,False,5.0
30818,5.0,False,5.0
30819,5.0,False,5.0
30820,5.0,False,5.0
30821,5.0,False,5.0
30822,5.0,False,5.0
30823,5.0,False,5.0
30824,5.0,False,5.0
30825,5.0,False,5.0
30826,5.0,False,5.0
30827,5.0,False,5.0
30828,5.0,False,5.0
30829,5.0,False,5.0
30830,5.0,False,5.0
30831,5.0,False,5.0
30832,5.0,False,5.0
30833,5.0,False,5.0
30834,5.0,False,5.0
30835,5.0,False,5.0
30836,5.0,False,5.0
30837,5.0,False,5.0
30838,5.0,False,5.0
30839,5.0,False,5.0
30840,5.0,False,5.0
30841,5.0,False,5.0
30842,5.0,False,5.0
30843,5.0,False,5.0
30844,5.0,False,5.0
30845,5.0,False,5.0
30846,5.0,False,5.0
30847,5.0,False,5.0
30848,5.0,False,5.0
30849,5.0,False,5.0
30850,5.0,False,5.0
30851,5.0,False,5.0
30852,5.0,False,5.0
30853,5.0,False,5.0
30854,5.0,False,5.0
30855,5.0,False,5.0
30856,5.0,False,5.0
30857,5.0,False,5.0
30858,5.0,False,5.0
30859,5.0,False,5.0
30860,5.0,False,5.0
30861,5.0,False,5.0
30862,5.0,False,5.0
30863,5.0,False,5.0
30864,5.0,False,5.0
30865,5.0,False,5.0
30866,5.0,False,5.0
30867,5.0,False,5.0
30868,5.0,False,5.0
30869,5.0,False,5.0
30870,5.0,False,5.0
30871,5.0,False,5.0
30872,5.0,False,5.0
30873,5.0,False,5.0
30874,5.0,False,5.0
30875,5.0,False,5.0
30876,5.0,False,5.0
30877,5.0,False,5.0
30878,5.0,False,5.0
30879,5.0,False,5.0
30880,5.0,False,5.0
30881,5.0,False,5.0
30882,5.0,False,5.0
30883,5.0,False,5.0
30884,5.0,False,5.0
30885,5.0,False,5.0
30886,5.0,False,5.0
30887,5.0,False,5.0
30888,5.0,False,5.0
30889,5.0,False,5.0
30890,5.0,False,5.0
30891,5.0,False,5.0
30892,5.0,False,5.0
30893,5.0,False,5.0
30894,5.0,False,5.0
30895,5.0,False,5.0
30896,5.0,False,5.0
30897,5.0,False,5.0
30898,5.0,False,5.0
30899,5.0,False,5.0
30900,5.0,False,5.0
30901,5.0,False,5.0
30902,5.0,False,5.0
30903,5.0,False,5.0
30904,5.0,False,5.0
30905,5.0,False,5.0
30906,5.0,False,5.0
30907,5.0,False,5.0
30908,5.0,False,5.0
30909,5.0,False,5.0
30910,5.0,False,5.0
30911,5.0,False,5.0
30912,5.0,False,5.0
30913,5.0,False,5.0
30914,5.0,False,5.0
30915,5.0,False,5.0
30916,5.0,False,5.0
30917,5.0,False,5.0
30918,5.0,False,5.0
30919,5.0,False,5.0
30920,5.0,False,5.0
30921,5.0,False,5.0
30922,5.0,False,5.0
30923,5.0,False,5.0
30924,5.0,False,5.0
30925,5.0,False,5.0
30926,5.0,False,5.0
30927,5.0,False,5.0
30928,5.0,False,5.0
30929,5.0,False,5.0
30930,5.0,False,5.0
30931,5.0,False,5.0
30932,5.0,False,5.0
30933,5.0,False,5.0
30934,5.0,False,5.0
30935,5.0,False,5.0
30936,5.0,False,5.0
30937,5.0,False,5.0
30938,5.0,False,5.0
30939,5.0,False,5.0
30940,5.0,False,5.0
30941,5.0,False,5.0
30942,5.0,False,5.0
30943,5.0,False,5.0
30944,5.0,False,5.0
30945,5.0,False,5.0
30946,5.0,False,5.0
30947,5.0,False,5.0
30948,5.0,False,5.0
30949,5.0,False,5.0
30950,5.0,False,5.0
30951,5.0,False,5.0
30952,5.0,False,5.0
30953,5.0,False,5.0
30954,5.0,False,5.0
30955,5.0,False,5.0
30956,5.0,False,5.0
30957,5.0,False,5.0
30958,5.0,False,5.0
30959,5.0,False,5.0
30960,5.0,False,5.0
30961,5.0,False,5.0
30962,5.0,False,5.0
30963,5.0,False,5.0
30964,5.0,False,5.0
30965,5.0,False,5.0
30966,5.0,False,5.0
30967,5.0,False,5.0
30968,5.0,False,5.0
30969,5.0,False,5.0
30970,5.0,False,5.0
30971,5.0,False,5.0
30972,5.0,False,5.0
30973,5.0,False,5.0
30974,5.0,False,5.0
30975,5.0,False,5.0
30976,5.0,False,5.0
30977,5.0,False,5.0
30978,5.0,False,5.0
30979,5.0,False,5.0
30980,5.0,False,5.0
30981,5.0,False,5.0
30982,5.0,False,5.0
30983,5.0,False,5.0
30984,5.0,False,5.0
30985,5.0,False,5.0
30986,5.0,False,5.0
30987,5.0,False,5.0
30988,5.0,False,5.0
30989,5.0,False,5.0
30990,5.0,False,5.0
30991,5.0,False,5.0
30992,5.0,False,5.0
30993,5.0,False,5.0
30994,5.0,False,5.0
30995,5.0,False,5.0
30996,5.0,False,5.0
30997,5.0,False,5.0
30998,5.0,False,5.0
30999,5.0,False,5.0
31000,5.0,False,5.0
31001,5.0,False,5.0
31002,5.0,False,5.0
31003,5.0,False,5.0
31004,5.0,False,5.0
31005,4.17,False,4.8340000000000005
31006,4.17,False,4.668
31007,4.17,False,4.502
31008,4.17,False,4.336
31009,4.17,False,4.17
31010,4.17,False,4.17
31011,4.17,False,4.17
31012,4.17,False,4.17
31013,4.17,False,4.17
31014,4.17,False,4.17
31015,4.17,False,4.17
31016,4.17,False,4.17
31017,4.17,False,4.17
31018,4.17,False,4.17
31019,4.17,False,4.17
31020,4.17,False,4.17
31021,4.17,False,4.17
31022,4.17,False,4.17
31023,4.17,False,4.17
31024,4.17,False,4.17
31025,4.17,False,4.17
31026,4.17,False,4.17
31027,4.17,False,4.17
31028,4.17,False,4.17
31029,4.17,False,4.17
31030,4.17,False,4.17
31031,4.17,False,4.17
31032,4.17,False,4.17
31033,4.17,False,4.17
31034,4.17,False,4.17
31035,4.17,False,4.17
31036,4.17,False,4.17
31037,4.17,False,4.17
31038,4.17,False,4.17
31039,4.17,False,4.17
31040,4.17,False,4.17
31041,4.17,False,4.17
31042,4.17,False,4.17
31043,4.17,False,4.17
31044,4.17,False,4.17
31045,4.17,False,4.17
31046,4.17,False,4.17
31047,4.17,False,4.17
31048,4.17,False,4.17
31049,4.17,False,4.17
31050,4.17,False,4.17
31051,4.17,False,4.17
31052,4.17,False,4.17
31053,4.17,False,4.17
31054,4.17,False,4.17
31055,4.17,False,4.17
31056,4.17,False,4.17
31057,4.17,False,4.17
31058,4.17,False,4.17
31059,4.17,False,4.17
31060,4.17,False,4.17
31061,4.17,False,4.17
31062,4.17,False,4.17
31063,4.17,False,4.17
31064,4.17,False,4.17
31065,4.17,False,4.17
31066,4.17,False,4.17
31067,4.17,False,4.17
31068,4.17,False,4.17
31069,4.17,False,4.17
31070,4.17,False,4.17
31071,4.17,False,4.17
31072,4.17,False,4.17
31073,4.17,False,4.17
31074,4.17,False,4.17
31075,4.17,False,4.17
31076,4.17,False,4.17
31077,4.17,False,4.17
31078,4.17,False,4.17
31079,4.17,False,4.17
31080,4.17,False,4.17
31081,4.17,False,4.17
31082,4.17,False,4.17
31083,4.17,False,4.17
31084,4.17,False,4.17
31085,4.17,False,4.17
31086,4.17,False,4.17
31087,4.17,False,4.17
31088,4.17,False,4.17
31089,4.17,False,4.17
31090,4.17,False,4.17
31091,4.17,False,4.17
31092,4.17,False,4.17
31093,4.17,False,4.17
31094,4.17,False,4.17
31095,4.17,False,4.17
31096,4.17,False,4.17
31097,4.17,False,4.17
31098,4.17,False,4.17
31099,4.17,False,4.17
31100,4.17,False,4.17
31101,4.17,False,4.17
31102,4.17,False,4.17
31103,4.17,False,4.17
31104,4.17,False,4.17
31105,4.17,False,4.17
31106,4.17,False,4.17
31107,4.17,False,4.17
31108,4.17,False,4.17
31109,4.17,False,4.17
31110,4.17,False,4.17
31111,4.17,False,4.17
31112,4.17,False,4.17
31113,4.17,False,4.17
31114,4.17,False,4.17
31115,4.17,False,4.17
31116,4.17,False,4.17
31117,4.17,False,4.17
31118,4.17,False,4.17
31119,4.17,False,4.17
31120,4.17,False,4.17
31121,4.17,False,4.17
31122,4.17,False,4.17
31123,4.17,False,4.17
31124,4.17,False,4.17
31125,4.17,False,4.17
31126,4.17,False,4.17
31127,4.17,False,4.17
31128,4.17,False,4.17
31129,4.17,False,4.17
31130,4.17,False,4.17
31131,4.17,False,4.17
31132,4.17,False,4.17
31133,4.17,False,4.17
31134,4.17,False,4.17
31135,4.17,False,4.17
31136,4.17,False,4.17
31137,4.17,False,4.17
31138,4.17,False,4.17
31139,4.17,False,4.17
31140,4.17,False,4.17
31141,4.17,False,4.17
31142,4.17,False,4.17
31143,4.17,False,4.17
31144,4.17,False,4.17
31145,4.17,False,4.17
31146,4.17,False,4.17
31147,4.17,False,4.17
31148,4.17,False,4.17
31149,4.17,False,4.17
31150,4.17,False,4.17
31151,4.17,False,4.17
31152,4.17,False,4.17
31153,4.17,False,4.17
31154,4.17,False,4.17
31155,4.17,False,4.17
31156,4.17,False,4.17
31157,4.17,False,4.17
31158,4.17,False,4.17
31159,4.17,False,4.17
31160,4.17,False,4.17
31161,4.17,False,4.17
31162,4.17,False,4.17
31163,4.17,False,4.17
31164,4.17,False,4.17
31165,4.17,False,4.17
31166,4.17,False,4.17
31167,4.17,False,4.17
31168,4.17,False,4.17
31169,4.17,False,4.17
31170,4.17,False,4.17
31171,4.17,False,4.17
31172,4.17,False,4.17
31173,4.17,False,4.17
31174,4.17,False,4.17
31175,4.17,False,4.17
31176,4.17,False,4.17
31177,4.17,False,4.17
31178,4.17,False,4.17
31179,4.17,False,4.17
31180,4.17,False,4.17
31181,4.17,False,4.17
31182,4.17,False,4.17
31183,4.17,False,4.17
31184,4.17,False,4.17
31185,4.17,False,4.17
31186,4.17,False,4.17
31187,3.33,False,4.002
31188,3.33,False,3.8340000000000005
31189,3.33,False,3.6659999999999995
31190,3.33,False,3.498
31191,3.33,False,3.33
31192,3.33,False,3.33
31193,3.33,False,3.33
31194,3.33,False,3.33
31195,3.33,False,3.33
31196,3.33,False,3.33
31197,3.33,False,3.33
31198,3.33,False,3.33
31199,3.33,False,3.33
31200,3.33,False,3.33
31201,3.33,False,3.33
31202,3.33,False,3.33
31203,3.33,False,3.33
31204,3.33,False,3.33
31205,3.33,False,3.33
31206,3.33,False,3.33
31207,3.33,False,3.33
31208,3.33,False,3.33
31209,3.33,False,3.33
31210,3.33,False,3.33
31211,3.33,False,3.33
31212,3.33,False,3.33
31213,3.33,False,3.33
31214,3.33,False,3.33
31215,3.33,False,3.33
31216,3.33,False,3.33
31217,3.33,False,3.33
31218,2.5,False,3.164
31219,2.5,False,2.998
31220,2.5,False,2.832
31221,2.5,False,2.666
31222,2.5,False,2.5
31223,2.5,False,2.5
31224,2.5,False,2.5
31225,2.5,False,2.5
31226,2.5,False,2.5
31227,2.5,False,2.5
31228,2.5,False,2.5
31229,2.5,False,2.5
31230,2.5,False,2.5
31231,2.5,False,2.5
31232,2.5,False,2.5
31233,3.33,False,2.666
31234,3.33,False,2.832
31235,3.33,False,2.998
31236,3.33,False,3.164
31237,3.33,False,3.33
31238,3.33,False,3.33
31239,3.33,False,3.33
31240,3.33,False,3.33
31241,3.33,False,3.33
31242,3.33,False,3.33
31243,3.33,False,3.33
31244,3.33,False,3.33
31245,3.33,False,3.33
31246,3.33,False,3.33
31247,3.33,False,3.33
31248,3.33,False,3.33
31249,3.33,False,3.33
31250,3.33,False,3.33
31251,3.33,False,3.33
31252,3.33,False,3.33
31253,3.33,False,3.33
31254,3.33,False,3.33
31255,3.33,False,3.33
31256,3.33,False,3.33
31257,3.33,False,3.33
31258,3.33,False,3.33
31259,3.33,False,3.33
31260,3.33,False,3.33
31261,3.33,False,3.33
31262,3.33,False,3.33
31263,3.33,False,3.33
31264,3.33,False,3.33
31265,3.33,False,3.33
31266,3.33,False,3.33
31267,3.33,False,3.33
31268,3.33,False,3.33
31269,3.33,False,3.33
31270,3.33,False,3.33
31271,3.33,False,3.33
31272,3.33,False,3.33
31273,3.33,False,3.33
31274,3.33,False,3.33
31275,4.17,False,3.498
31276,4.17,False,3.6659999999999995
31277,4.17,False,3.8340000000000005
31278,4.17,False,4.002
31279,4.17,False,4.17
31280,4.17,False,4.17
31281,4.17,False,4.17
31282,4.17,False,4.17
31283,4.17,False,4.17
31284,4.17,False,4.17
31285,4.17,False,4.17
31286,4.17,False,4.17
31287,4.17,False,4.17
31288,4.17,False,4.17
31289,4.17,False,4.17
31290,4.17,False,4.17
31291,4.17,False,4.17
31292,4.17,False,4.17
31293,4.17,False,4.17
31294,4.17,False,4.17
31295,4.17,False,4.17
31296,4.17,False,4.17
31297,4.17,False,4.17
31298,4.17,False,4.17
31299,4.17,False,4.17
31300,4.17,False,4.17
31301,4.17,False,4.17
31302,4.17,False,4.17
31303,4.17,False,4.17
31304,4.17,False,4.17
31305,4.17,False,4.17
31306,4.17,False,4.17
31307,4.17,False,4.17
31308,4.17,False,4.17
31309,4.17,False,4.17
31310,4.17,False,4.17
31311,4.17,False,4.17
31312,4.17,False,4.17
31313,4.17,False,4.17
31314,4.17,False,4.17
31315,4.17,False,4.17
31316,4.17,False,4.17
31317,4.17,False,4.17
31318,4.17,False,4.17
31319,4.17,False,4.17
31320,4.17,False,4.17
31321,4.17,False,4.17
31322,4.17,False,4.17
31323,4.17,False,4.17
31324,4.17,False,4.17
31325,4.17,False,4.17
31326,4.17,False,4.17
31327,4.17,False,4.17
31328,4.17,False,4.17
31329,4.17,False,4.17
31330,4.17,False,4.17
31331,4.17,False,4.17
31332,4.17,False,4.17
31333,4.17,False,4.17
31334,4.17,False,4.17
31335,4.17,False,4.17
31336,4.17,False,4.17
31337,4.17,False,4.17
31338,4.17,False,4.17
31339,4.17,False,4.17
31340,4.17,False,4.17
31341,4.17,False,4.17
31342,4.17,False,4.17
31343,4.17,False,4.17
31344,4.17,False,4.17
31345,4.17,False,4.17
31346,4.17,False,4.17
31347,4.17,False,4.17
31348,4.17,False,4.17
31349,4.17,False,4.17
31350,4.17,False,4.17
31351,4.17,False,4.17
31352,4.17,False,4.17
31353,4.17,False,4.17
31354,4.17,False,4.17
31355,4.17,False,4.17
31356,4.17,False,4.17
31357,4.17,False,4.17
31358,4.17,False,4.17
31359,4.17,False,4.17
31360,4.17,False,4.17
31361,4.17,False,4.17
31362,4.17,False,4.17
31363,4.17,False,4.17
31364,4.17,False,4.17
31365,4.17,False,4.17
31366,4.17,False,4.17
31367,4.17,False,4.17
31368,4.17,False,4.17
31369,4.17,False,4.17
31370,4.17,False,4.17
31371,4.17,False,4.17
31372,4.17,False,4.17
31373,4.17,False,4.17
31374,4.17,False,4.17
31375,4.17,False,4.17
31376,4.17,False,4.17
31377,4.17,False,4.17
31378,4.17,False,4.17
31379,4.17,False,4.17
31380,4.17,False,4.17
31381,4.17,False,4.17
31382,4.17,False,4.17
31383,4.17,False,4.17
31384,4.17,False,4.17
31385,4.17,False,4.17
31386,4.17,False,4.17
31387,4.17,False,4.17
31388,4.17,False,4.17
31389,4.17,False,4.17
31390,4.17,False,4.17
31391,4.17,False,4.17
31392,4.17,False,4.17
31393,4.17,False,4.17
31394,4.17,False,4.17
31395,4.17,False,4.17
31396,4.17,False,4.17
31397,4.17,False,4.17
31398,4.17,False,4.17
31399,4.17,False,4.17
31400,4.17,False,4.17
31401,4.17,False,4.17
31402,4.17,False,4.17
31403,4.17,False,4.17
31404,4.17,False,4.17
31405,4.17,False,4.17
31406,4.17,False,4.17
31407,4.17,False,4.17
31408,4.17,False,4.17
31409,4.17,False,4.17
31410,4.17,False,4.17
31411,4.17,False,4.17
31412,4.17,False,4.17
31413,4.17,False,4.17
31414,4.17,False,4.17
31415,4.17,False,4.17
31416,4.17,False,4.17
31417,4.17,False,4.17
31418,4.17,False,4.17
31419,4.17,False,4.17
31420,4.17,False,4.17
31421,4.17,False,4.17
31422,4.17,False,4.17
31423,4.17,False,4.17
31424,4.17,False,4.17
31425,4.17,False,4.17
31426,4.17,False,4.17
31427,4.17,False,4.17
31428,4.17,False,4.17
31429,4.17,False,4.17
31430,4.17,False,4.17
31431,4.17,False,4.17
31432,4.17,False,4.17
31433,4.17,False,4.17
31434,4.17,False,4.17
31435,4.17,False,4.17
31436,4.17,False,4.17
31437,4.17,False,4.17
31438,4.17,False,4.17
31439,4.17,False,4.17
31440,4.17,False,4.17
31441,4.17,False,4.17
31442,4.17,False,4.17
31443,4.17,False,4.17
31444,4.17,False,4.17
31445,4.17,False,4.17
31446,4.17,False,4.17
31447,4.17,False,4.17
31448,4.17,False,4.17
31449,4.17,False,4.17
31450,4.17,False,4.17
31451,4.17,False,4.17
31452,4.17,False,4.17
31453,4.17,False,4.17
31454,4.17,False,4.17
31455,4.17,False,4.17
31456,4.17,False,4.17
31457,4.17,False,4.17
31458,4.17,False,4.17
31459,4.17,False,4.17
31460,4.17,False,4.17
31461,4.17,False,4.17
31462,4.17,False,4.17
31463,4.17,False,4.17
31464,4.17,False,4.17
31465,4.17,False,4.17
31466,4.17,False,4.17
31467,4.17,False,4.17
31468,4.17,False,4.17
31469,4.17,False,4.17
31470,4.17,False,4.17
31471,4.17,False,4.17
31472,4.17,False,4.17
31473,4.17,False,4.17
31474,4.17,False,4.17
31475,4.17,False,4.17
31476,4.17,False,4.17
31477,4.17,False,4.17
31478,4.17,False,4.17
31479,4.17,False,4.17
31480,4.17,False,4.17
31481,4.17,False,4.17
31482,4.17,False,4.17
31483,4.17,False,4.17
31484,4.17,False,4.17
31485,4.17,False,4.17
31486,4.17,False,4.17
31487,4.17,False,4.17
31488,3.33,False,4.002
31489,4.17,False,4.002
31490,4.17,False,4.002
31491,4.17,False,4.002
31492,4.17,False,4.002
31493,4.17,False,4.17
31494,4.17,False,4.17
31495,4.17,False,4.17
31496,4.17,False,4.17
31497,4.17,False,4.17
31498,4.17,False,4.17
31499,4.17,False,4.17
31500,4.17,False,4.17
31501,4.17,False,4.17
31502,4.17,False,4.17
31503,4.17,False,4.17
31504,4.17,False,4.17
31505,4.17,False,4.17
31506,4.17,False,4.17
31507,4.17,False,4.17
31508,4.17,False,4.17
31509,4.17,False,4.17
31510,4.17,False,4.17
31511,4.17,False,4.17
31512,4.17,False,4.17
31513,4.17,False,4.17
31514,4.17,False,4.17
31515,3.33,False,4.002
31516,3.33,False,3.8340000000000005
31517,3.33,False,3.6659999999999995
31518,3.33,False,3.498
31519,3.33,False,3.33
31520,3.33,False,3.33
31521,3.33,False,3.33
31522,3.33,False,3.33
31523,3.33,False,3.33
31524,3.33,False,3.33
31525,3.33,False,3.33
31526,3.33,False,3.33
31527,3.33,False,3.33
31528,3.33,False,3.33
31529,3.33,False,3.33
31530,3.33,False,3.33
31531,3.33,False,3.33
31532,3.33,False,3.33
31533,3.33,False,3.33
31534,3.33,False,3.33
31535,3.33,False,3.33
31536,3.33,False,3.33
31537,3.33,False,3.33
31538,3.33,False,3.33
31539,3.33,False,3.33
31540,3.33,False,3.33
31541,3.33,False,3.33
31542,3.33,False,3.33
31543,3.33,False,3.33
31544,3.33,False,3.33
31545,3.33,False,3.33
31546,3.33,False,3.33
31547,3.33,False,3.33
31548,3.33,False,3.33
31549,3.33,False,3.33
31550,3.33,False,3.33
31551,3.33,False,3.33
31552,3.33,False,3.33
31553,3.33,False,3.33
31554,3.33,False,3.33
31555,3.33,False,3.33
31556,3.33,False,3.33
31557,3.33,False,3.33
31558,3.33,False,3.33
31559,3.33,False,3.33
31560,3.33,False,3.33
31561,3.33,False,3.33
31562,3.33,False,3.33
31563,3.33,False,3.33
31564,3.33,False,3.33
31565,3.33,False,3.33
31566,3.33,False,3.33
31567,3.33,False,3.33
31568,3.33,False,3.33
31569,3.33,False,3.33
31570,3.33,False,3.33
31571,3.33,False,3.33
31572,3.33,False,3.33
31573,3.33,False,3.33
31574,3.33,False,3.33
31575,3.33,False,3.33
31576,3.33,False,3.33
31577,3.33,False,3.33
31578,3.33,False,3.33
31579,3.33,False,3.33
31580,3.33,False,3.33
31581,3.33,False,3.33
31582,3.33,False,3.33
31583,3.33,False,3.33
31584,3.33,False,3.33
31585,3.33,False,3.33
31586,3.33,False,3.33
31587,3.33,False,3.33
31588,3.33,False,3.33
31589,3.33,False,3.33
31590,3.33,False,3.33
31591,3.33,False,3.33
31592,3.33,False,3.33
31593,3.33,False,3.33
31594,3.33,False,3.33
31595,3.33,False,3.33
31596,3.33,False,3.33
31597,3.33,False,3.33
31598,3.33,False,3.33
31599,3.33,False,3.33
31600,3.33,False,3.33
31601,3.33,False,3.33
31602,3.33,False,3.33
31603,3.33,False,3.33
31604,3.33,False,3.33
31605,3.33,False,3.33
31606,3.33,False,3.33
31607,3.33,False,3.33
31608,3.33,False,3.33
31609,3.33,False,3.33
31610,3.33,False,3.33
31611,3.33,False,3.33
31612,3.33,False,3.33
31613,3.33,False,3.33
31614,3.33,False,3.33
31615,3.33,False,3.33
31616,3.33,False,3.33
31617,3.33,False,3.33
31618,3.33,False,3.33
31619,3.33,False,3.33
31620,3.33,False,3.33
31621,3.33,False,3.33
31622,3.33,False,3.33
31623,3.33,False,3.33
31624,3.33,False,3.33
31625,3.33,False,3.33
31626,3.33,False,3.33
31627,3.33,False,3.33
31628,3.33,False,3.33
31629,3.33,False,3.33
31630,3.33,False,3.33
31631,3.33,False,3.33
31632,3.33,False,3.33
31633,3.33,False,3.33
31634,3.33,False,3.33
31635,3.33,False,3.33
31636,3.33,False,3.33
31637,3.33,False,3.33
31638,3.33,False,3.33
31639,3.33,False,3.33
31640,3.33,False,3.33
31641,3.33,False,3.33
31642,3.33,False,3.33
31643,3.33,False,3.33
31644,3.33,False,3.33
31645,3.33,False,3.33
31646,3.33,False,3.33
31647,3.33,False,3.33
31648,3.33,False,3.33
31649,3.33,False,3.33
31650,3.33,False,3.33
31651,3.33,False,3.33
31652,3.33,False,3.33
31653,3.33,False,3.33
31654,3.33,False,3.33
31655,3.33,False,3.33
31656,3.33,False,3.33
31657,3.33,False,3.33
31658,3.33,False,3.33
31659,3.33,False,3.33
31660,3.33,False,3.33
31661,3.33,False,3.33
31662,3.33,False,3.33
31663,3.33,False,3.33
31664,3.33,False,3.33
31665,3.33,False,3.33
31666,3.33,False,3.33
31667,2.5,False,3.164
31668,2.5,False,2.998
31669,2.5,False,2.832
31670,2.5,False,2.666
31671,2.5,False,2.5
31672,2.5,False,2.5
31673,2.5,False,2.5
31674,2.5,False,2.5
31675,2.5,False,2.5
31676,2.5,False,2.5
31677,2.5,False,2.5
31678,2.5,False,2.5
31679,2.5,False,2.5
31680,2.5,False,2.5
31681,2.5,False,2.5
31682,2.5,False,2.5
31683,2.5,False,2.5
31684,2.5,False,2.5
31685,2.5,False,2.5
31686,2.5,False,2.5
31687,2.5,False,2.5
31688,2.5,False,2.5
31689,2.5,False,2.5
31690,2.5,False,2.5
31691,2.5,False,2.5
31692,2.5,False,2.5
31693,2.5,False,2.5
31694,2.5,False,2.5
31695,2.5,False,2.5
31696,2.5,False,2.5
31697,3.33,False,2.666
31698,3.33,False,2.832
31699,3.33,False,2.998
31700,3.33,False,3.164
31701,3.33,False,3.33
31702,3.33,False,3.33
31703,3.33,False,3.33
31704,3.33,False,3.33
31705,3.33,False,3.33
31706,3.33,False,3.33
31707,3.33,False,3.33
31708,3.33,False,3.33
31709,3.33,False,3.33
31710,3.33,False,3.33
31711,3.33,False,3.33
31712,3.33,False,3.33
31713,3.33,False,3.33
31714,3.33,False,3.33
31715,3.33,False,3.33
31716,3.33,False,3.33
31717,3.33,False,3.33
31718,3.33,False,3.33
31719,3.33,False,3.33
31720,3.33,False,3.33
31721,3.33,False,3.33
31722,3.33,False,3.33
31723,3.33,False,3.33
31724,3.33,False,3.33
31725,3.33,False,3.33
31726,3.33,False,3.33
31727,2.5,False,3.164
31728,2.5,False,2.998
31729,2.5,False,2.832
31730,2.5,False,2.666
31731,2.5,False,2.5
31732,2.5,False,2.5
31733,2.5,False,2.5
31734,2.5,False,2.5
31735,2.5,False,2.5
31736,2.5,False,2.5
31737,2.5,False,2.5
31738,2.5,False,2.5
31739,2.5,False,2.5
31740,2.5,False,2.5
31741,2.5,False,2.5
31742,2.5,False,2.5
31743,2.5,False,2.5
31744,2.5,False,2.5
31745,3.33,False,2.666
31746,3.33,False,2.832
31747,3.33,False,2.998
31748,3.33,False,3.164
31749,3.33,False,3.33
31750,3.33,False,3.33
31751,3.33,False,3.33
31752,3.33,False,3.33
31753,3.33,False,3.33
31754,3.33,False,3.33
31755,3.33,False,3.33
31756,3.33,False,3.33
31757,3.33,False,3.33
31758,3.33,False,3.33
31759,3.33,False,3.33
31760,3.33,False,3.33
31761,3.33,False,3.33
31762,3.33,False,3.33
31763,3.33,False,3.33
31764,3.33,False,3.33
31765,3.33,False,3.33
31766,3.33,False,3.33
31767,3.33,False,3.33
31768,3.33,False,3.33
31769,3.33,False,3.33
31770,3.33,False,3.33
31771,3.33,False,3.33
31772,3.33,False,3.33
31773,3.33,False,3.33
31774,3.33,False,3.33
31775,3.33,False,3.33
31776,3.33,False,3.33
31777,3.33,False,3.33
31778,3.33,False,3.33
31779,3.33,False,3.33
31780,3.33,False,3.33
31781,3.33,False,3.33
31782,3.33,False,3.33
31783,3.33,False,3.33
31784,3.33,False,3.33
31785,2.5,False,3.164
31786,2.5,False,2.998
31787,2.5,False,2.832
31788,2.5,False,2.666
31789,2.5,False,2.5
31790,2.5,False,2.5
31791,2.5,False,2.5
31792,2.5,False,2.5
31793,2.5,False,2.5
31794,2.5,False,2.5
31795,2.5,False,2.5
31796,2.5,False,2.5
31797,2.5,False,2.5
31798,2.5,False,2.5
31799,2.5,False,2.5
31800,2.5,False,2.5
31801,2.5,False,2.5
31802,2.5,False,2.5
31803,2.5,False,2.5
31804,2.5,False,2.5
31805,2.5,False,2.5
31806,2.5,False,2.5
31807,2.5,False,2.5
31808,2.5,False,2.5
31809,2.5,False,2.5
31810,2.5,False,2.5
31811,2.5,False,2.5
31812,2.5,False,2.5
31813,2.5,False,2.5
31814,2.5,False,2.5
31815,2.5,False,2.5
31816,2.5,False,2.5
31817,2.5,False,2.5
31818,2.5,False,2.5
31819,2.5,False,2.5
31820,2.5,False,2.5
31821,2.5,False,2.5
31822,2.5,False,2.5
31823,2.5,False,2.5
31824,2.5,False,2.5
31825,2.5,False,2.5
31826,2.5,False,2.5
31827,2.5,False,2.5
31828,2.5,False,2.5
31829,2.5,False,2.5
31830,2.5,False,2.5
31831,2.5,False,2.5
31832,2.5,False,2.5
31833,2.5,False,2.5
31834,2.5,False,2.5
31835,2.5,False,2.5
31836,2.5,False,2.5
31837,2.5,False,2.5
31838,2.5,False,2.5
31839,2.5,False,2.5
31840,2.5,False,2.5
31841,2.5,False,2.5
31842,2.5,False,2.5
31843,2.5,False,2.5
31844,2.5,False,2.5
31845,2.5,False,2.5
31846,2.5,False,2.5
31847,2.5,False,2.5
31848,2.5,False,2.5
31849,2.5,False,2.5
31850,2.5,False,2.5
31851,2.5,False,2.5
31852,2.5,False,2.5
31853,2.5,False,2.5
31854,2.5,False,2.5
31855,2.5,False,2.5
31856,2.5,False,2.5
31857,2.5,False,2.5
31858,2.5,False,2.5
31859,2.5,False,2.5
31860,2.5,False,2.5
31861,2.5,False,2.5
31862,2.5,False,2.5
31863,2.5,False,2.5
31864,2.5,False,2.5
31865,2.5,False,2.5
31866,2.5,False,2.5
31867,2.5,False,2.5
31868,2.5,False,2.5
31869,2.5,False,2.5
31870,2.5,False,2.5
31871,2.5,False,2.5
31872,2.5,False,2.5
31873,2.5,False,2.5
31874,2.5,False,2.5
31875,2.5,False,2.5
31876,2.5,False,2.5
31877,2.5,False,2.5
31878,2.5,False,2.5
31879,2.5,False,2.5
31880,2.5,False,2.5
31881,2.5,False,2.5
31882,2.5,False,2.5
31883,2.5,False,2.5
31884,2.5,False,2.5
31885,2.5,False,2.5
31886,2.5,False,2.5
31887,2.5,False,2.5
31888,2.5,False,2.5
31889,2.5,False,2.5
31890,2.5,False,2.5
31891,2.5,False,2.5
31892,2.5,False,2.5
31893,2.5,False,2.5
31894,2.5,False,2.5
31895,2.5,False,2.5
31896,2.5,False,2.5
31897,2.5,False,2.5
31898,2.5,False,2.5
31899,2.5,False,2.5
31900,2.5,False,2.5
31901,2.5,False,2.5
31902,2.5,False,2.5
31903,2.5,False,2.5
31904,2.5,False,2.5
31905,2.5,False,2.5
31906,2.5,False,2.5
31907,2.5,False,2.5
31908,2.5,False,2.5
31909,2.5,False,2.5
31910,2.5,False,2.5
31911,2.5,False,2.5
31912,2.5,False,2.5
31913,2.5,False,2.5
31914,2.5,False,2.5
31915,2.5,False,2.5
31916,2.5,False,2.5
31917,2.5,False,2.5
31918,2.5,False,2.5
31919,2.5,False,2.5
31920,2.5,False,2.5
31921,2.5,False,2.5
31922,2.5,False,2.5
31923,2.5,False,2.5
31924,2.5,False,2.5
31925,2.5,False,2.5
31926,2.5,False,2.5
31927,2.5,False,2.5
31928,2.5,False,2.5
31929,2.5,False,2.5
31930,2.5,False,2.5
31931,2.5,False,2.5
31932,2.5,False,2.5
31933,2.5,False,2.5
31934,2.5,False,2.5
31935,2.5,False,2.5
31936,2.5,False,2.5
31937,2.5,False,2.5
31938,2.5,False,2.5
31939,2.5,False,2.5
31940,2.5,False,2.5
31941,2.5,False,2.5
31942,2.5,False,2.5
31943,2.5,False,2.5
31944,2.5,False,2.5
31945,2.5,False,2.5
31946,2.5,False,2.5
31947,2.5,False,2.5
31948,2.5,False,2.5
31949,2.5,False,2.5
31950,2.5,False,2.5
31951,2.5,False,2.5
31952,2.5,False,2.5
31953,2.5,False,2.5
31954,2.5,False,2.5
31955,2.5,False,2.5
31956,2.5,False,2.5
31957,2.5,False,2.5
31958,2.5,False,2.5
31959,2.5,False,2.5
31960,2.5,False,2.5
31961,2.5,False,2.5
31962,2.5,False,2.5
31963,2.5,False,2.5
31964,2.5,False,2.5
31965,2.5,False,2.5
31966,2.5,False,2.5
31967,2.5,False,2.5
31968,2.5,False,2.5
31969,2.5,False,2.5
31970,2.5,False,2.5
31971,2.5,False,2.5
31972,2.5,False,2.5
31973,2.5,False,2.5
31974,2.5,False,2.5
31975,2.5,False,2.5
31976,2.5,False,2.5
31977,2.5,False,2.5
31978,2.5,False,2.5
31979,2.5,False,2.5
31980,2.5,False,2.5
31981,2.5,False,2.5
31982,2.5,False,2.5
31983,2.5,False,2.5
31984,2.5,False,2.5
31985,2.5,False,2.5
31986,2.5,False,2.5
31987,2.5,False,2.5
31988,2.5,False,2.5
31989,2.5,False,2.5
31990,2.5,False,2.5
31991,2.5,False,2.5
31992,2.5,False,2.5
31993,2.5,False,2.5
31994,2.5,False,2.5
31995,2.5,False,2.5
31996,2.5,False,2.5
31997,2.5,False,2.5
31998,2.5,False,2.5
31999,2.5,False,2.5
32000,2.5,False,2.5
32001,3.33,False,2.666
32002,3.33,False,2.832
32003,3.33,False,2.998
32004,3.33,False,3.164
32005,3.33,False,3.33
32006,3.33,False,3.33
32007,3.33,False,3.33
32008,3.33,False,3.33
32009,3.33,False,3.33
32010,3.33,False,3.33
32011,3.33,False,3.33
32012,3.33,False,3.33
32013,3.33,False,3.33
32014,3.33,False,3.33
32015,3.33,False,3.33
32016,3.33,False,3.33
32017,3.33,False,3.33
32018,3.33,False,3.33
32019,3.33,False,3.33
32020,3.33,False,3.33
32021,3.33,False,3.33
32022,3.33,False,3.33
32023,3.33,False,3.33
32024,2.5,False,3.164
32025,2.5,False,2.998
32026,2.5,False,2.832
32027,2.5,False,2.666
32028,2.5,False,2.5
32029,2.5,False,2.5
32030,2.5,False,2.5
32031,2.5,False,2.5
32032,2.5,False,2.5
32033,2.5,False,2.5
32034,2.5,False,2.5
32035,2.5,False,2.5
32036,2.5,False,2.5
32037,2.5,False,2.5
32038,2.5,False,2.5
32039,2.5,False,2.5
32040,2.5,False,2.5
32041,2.5,False,2.5
32042,2.5,False,2.5
32043,2.5,False,2.5
32044,2.5,False,2.5
32045,2.5,False,2.5
32046,2.5,False,2.5
32047,2.5,False,2.5
32048,2.5,False,2.5
32049,2.5,False,2.5
32050,2.5,False,2.5
32051,2.5,False,2.5
32052,2.5,False,2.5
32053,2.5,False,2.5
32054,2.5,False,2.5
32055,2.5,False,2.5
32056,2.5,False,2.5
32057,2.5,False,2.5
32058,2.5,False,2.5
32059,2.5,False,2.5
32060,2.5,False,2.5
32061,2.5,False,2.5
32062,2.5,False,2.5
32063,2.5,False,2.5
32064,2.5,False,2.5
32065,2.5,False,2.5
32066,2.5,False,2.5
32067,2.5,False,2.5
32068,2.5,False,2.5
32069,2.5,False,2.5
32070,2.5,False,2.5
32071,2.5,False,2.5
32072,2.5,False,2.5
32073,2.5,False,2.5
32074,2.5,False,2.5
32075,2.5,False,2.5
32076,2.5,False,2.5
32077,2.5,False,2.5
32078,2.5,False,2.5
32079,2.5,False,2.5
32080,2.5,False,2.5
32081,2.5,False,2.5
32082,2.5,False,2.5
32083,2.5,False,2.5
32084,2.5,False,2.5
32085,2.5,False,2.5
32086,2.5,False,2.5
32087,2.5,False,2.5
32088,2.5,False,2.5
32089,2.5,False,2.5
32090,2.5,False,2.5
32091,2.5,False,2.5
32092,2.5,False,2.5
32093,2.5,False,2.5
32094,2.5,False,2.5
32095,2.5,False,2.5
32096,2.5,False,2.5
32097,2.5,False,2.5
32098,2.5,False,2.5
32099,2.5,False,2.5
32100,2.5,False,2.5
32101,2.5,False,2.5
32102,2.5,False,2.5
32103,2.5,False,2.5
32104,2.5,False,2.5
32105,2.5,False,2.5
32106,2.5,False,2.5
32107,2.5,False,2.5
32108,2.5,False,2.5
32109,2.5,False,2.5
32110,2.5,False,2.5
32111,2.5,False,2.5
32112,2.5,False,2.5
32113,2.5,False,2.5
32114,2.5,False,2.5
32115,2.5,False,2.5
32116,2.5,False,2.5
32117,2.5,False,2.5
32118,2.5,False,2.5
32119,2.5,False,2.5
32120,2.5,False,2.5
32121,2.5,False,2.5
32122,2.5,False,2.5
32123,2.5,False,2.5
32124,2.5,False,2.5
32125,2.5,False,2.5
32126,2.5,False,2.5
32127,2.5,False,2.5
32128,2.5,False,2.5
32129,2.5,False,2.5
32130,2.5,False,2.5
32131,2.5,False,2.5
32132,2.5,False,2.5
32133,2.5,False,2.5
32134,2.5,False,2.5
32135,2.5,False,2.5
32136,2.5,False,2.5
32137,2.5,False,2.5
32138,2.5,False,2.5
32139,2.5,False,2.5
32140,2.5,False,2.5
32141,2.5,False,2.5
32142,2.5,False,2.5
32143,2.5,False,2.5
32144,2.5,False,2.5
32145,2.5,False,2.5
32146,2.5,False,2.5
32147,2.5,False,2.5
32148,2.5,False,2.5
32149,2.5,False,2.5
32150,2.5,False,2.5
32151,2.5,False,2.5
32152,2.5,False,2.5
32153,2.5,False,2.5
32154,2.5,False,2.5
32155,2.5,False,2.5
32156,2.5,False,2.5
32157,2.5,False,2.5
32158,2.5,False,2.5
32159,2.5,False,2.5
32160,2.5,False,2.5
32161,2.5,False,2.5
32162,2.5,False,2.5
32163,2.5,False,2.5
32164,2.5,False,2.5
32165,2.5,False,2.5
32166,2.5,False,2.5
32167,2.5,False,2.5
32168,2.5,False,2.5
32169,2.5,False,2.5
32170,2.5,False,2.5
32171,2.5,False,2.5
32172,2.5,False,2.5
32173,2.5,False,2.5
32174,2.5,False,2.5
32175,2.5,False,2.5
32176,2.5,False,2.5
32177,2.5,False,2.5
32178,2.5,False,2.5
32179,2.5,False,2.5
32180,2.5,False,2.5
32181,2.5,False,2.5
32182,2.5,False,2.5
32183,2.5,False,2.5
32184,2.5,False,2.5
32185,2.5,False,2.5
32186,2.5,False,2.5
32187,2.5,False,2.5
32188,2.5,False,2.5
32189,2.5,False,2.5
32190,2.5,False,2.5
32191,2.5,False,2.5
32192,2.5,False,2.5
32193,2.5,False,2.5
32194,2.5,False,2.5
32195,2.5,False,2.5
32196,2.5,False,2.5
32197,2.5,False,2.5
32198,2.5,False,2.5
32199,2.5,False,2.5
32200,2.5,False,2.5
32201,2.5,False,2.5
32202,2.5,False,2.5
32203,2.5,False,2.5
32204,2.5,False,2.5
32205,2.5,False,2.5
32206,2.5,False,2.5
32207,2.5,False,2.5
32208,2.5,False,2.5
32209,2.5,False,2.5
32210,2.5,False,2.5
32211,2.5,False,2.5
32212,2.5,False,2.5
32213,2.5,False,2.5
32214,2.5,False,2.5
32215,2.5,False,2.5
32216,2.5,False,2.5
32217,2.5,False,2.5
32218,2.5,False,2.5
32219,2.5,False,2.5
32220,2.5,False,2.5
32221,2.5,False,2.5
32222,2.5,False,2.5
32223,2.5,False,2.5
32224,2.5,False,2.5
32225,2.5,False,2.5
32226,2.5,False,2.5
32227,2.5,False,2.5
32228,2.5,False,2.5
32229,2.5,False,2.5
32230,2.5,False,2.5
32231,2.5,False,2.5
32232,2.5,False,2.5
32233,2.5,False,2.5
32234,2.5,False,2.5
32235,2.5,False,2.5
32236,2.5,False,2.5
32237,2.5,False,2.5
32238,2.5,False,2.5
32239,2.5,False,2.5
32240,2.5,False,2.5
32241,2.5,False,2.5
32242,2.5,False,2.5
32243,2.5,False,2.5
32244,2.5,False,2.5
32245,2.5,False,2.5
32246,2.5,False,2.5
32247,2.5,False,2.5
32248,2.5,False,2.5
32249,2.5,False,2.5
32250,2.5,False,2.5
32251,2.5,False,2.5
32252,2.5,False,2.5
32253,2.5,False,2.5
32254,2.5,False,2.5
32255,2.5,False,2.5
32256,2.5,False,2.5
32257,2.5,False,2.5
32258,2.5,False,2.5
32259,2.5,False,2.5
32260,2.5,False,2.5
32261,2.5,False,2.5
32262,2.5,False,2.5
32263,2.5,False,2.5
32264,3.33,False,2.666
32265,3.33,False,2.832
32266,3.33,False,2.998
32267,3.33,False,3.164
32268,3.33,False,3.33
32269,3.33,False,3.33
32270,3.33,False,3.33
32271,3.33,False,3.33
32272,3.33,False,3.33
32273,3.33,False,3.33
32274,3.33,False,3.33
32275,3.33,False,3.33
32276,3.33,False,3.33
32277,3.33,False,3.33
32278,3.33,False,3.33
32279,3.33,False,3.33
32280,3.33,False,3.33
32281,3.33,False,3.33
32282,3.33,False,3.33
32283,3.33,False,3.33
32284,3.33,False,3.33
32285,3.33,False,3.33
32286,3.33,False,3.33
32287,3.33,False,3.33
32288,3.33,False,3.33
32289,3.33,False,3.33
32290,3.33,False,3.33
32291,3.33,False,3.33
32292,3.33,False,3.33
32293,3.33,False,3.33
32294,3.33,False,3.33
32295,3.33,False,3.33
32296,3.33,False,3.33
32297,3.33,False,3.33
32298,3.33,False,3.33
32299,3.33,False,3.33
32300,3.33,False,3.33
32301,3.33,False,3.33
32302,3.33,False,3.33
32303,3.33,False,3.33
32304,3.33,False,3.33
32305,3.33,False,3.33
32306,3.33,False,3.33
32307,3.33,False,3.33
32308,3.33,False,3.33
32309,3.33,False,3.33
32310,3.33,False,3.33
32311,3.33,False,3.33
32312,3.33,False,3.33
32313,3.33,False,3.33
32314,3.33,False,3.33
32315,3.33,False,3.33
32316,3.33,False,3.33
32317,3.33,False,3.33
32318,3.33,False,3.33
32319,3.33,False,3.33
32320,3.33,False,3.33
32321,3.33,False,3.33
32322,3.33,False,3.33
32323,3.33,False,3.33
32324,3.33,False,3.33
32325,3.33,False,3.33
32326,3.33,False,3.33
32327,3.33,False,3.33
32328,3.33,False,3.33
32329,3.33,False,3.33
32330,3.33,False,3.33
32331,3.33,False,3.33
32332,3.33,False,3.33
32333,3.33,False,3.33
32334,3.33,False,3.33
32335,3.33,False,3.33
32336,3.33,False,3.33
32337,3.33,False,3.33
32338,3.33,False,3.33
32339,3.33,False,3.33
32340,3.33,False,3.33
32341,3.33,False,3.33
32342,3.33,False,3.33
32343,3.33,False,3.33
32344,3.33,False,3.33
32345,3.33,False,3.33
32346,3.33,False,3.33
32347,3.33,False,3.33
32348,3.33,False,3.33
32349,3.33,False,3.33
32350,3.33,False,3.33
32351,3.33,False,3.33
32352,3.33,False,3.33
32353,3.33,False,3.33
32354,3.33,False,3.33
32355,3.33,False,3.33
32356,3.33,False,3.33
32357,3.33,False,3.33
32358,3.33,False,3.33
32359,3.33,False,3.33
32360,3.33,False,3.33
32361,3.33,False,3.33
32362,3.33,False,3.33
32363,3.33,False,3.33
32364,3.33,False,3.33
32365,3.33,False,3.33
32366,3.33,False,3.33
32367,3.33,False,3.33
32368,3.33,False,3.33
32369,3.33,False,3.33
32370,3.33,False,3.33
32371,3.33,False,3.33
32372,3.33,False,3.33
32373,3.33,False,3.33
32374,3.33,False,3.33
32375,3.33,False,3.33
32376,3.33,False,3.33
32377,3.33,False,3.33
32378,3.33,False,3.33
32379,3.33,False,3.33
32380,3.33,False,3.33
32381,3.33,False,3.33
32382,3.33,False,3.33
32383,3.33,False,3.33
32384,3.33,False,3.33
32385,3.33,False,3.33
32386,3.33,False,3.33
32387,3.33,False,3.33
32388,3.33,False,3.33
32389,3.33,False,3.33
32390,3.33,False,3.33
32391,3.33,False,3.33
32392,3.33,False,3.33
32393,3.33,False,3.33
32394,3.33,False,3.33
32395,3.33,False,3.33
32396,3.33,False,3.33
32397,3.33,False,3.33
32398,3.33,False,3.33
32399,3.33,False,3.33
32400,3.33,False,3.33
32401,3.33,False,3.33
32402,3.33,False,3.33
32403,3.33,False,3.33
32404,3.33,False,3.33
32405,3.33,False,3.33
32406,3.33,False,3.33
32407,3.33,False,3.33
32408,3.33,False,3.33
32409,3.33,False,3.33
32410,3.33,False,3.33
32411,3.33,False,3.33
32412,3.33,False,3.33
32413,3.33,False,3.33
32414,3.33,False,3.33
32415,3.33,False,3.33
32416,4.17,False,3.498
32417,4.17,False,3.6659999999999995
32418,4.17,False,3.8340000000000005
32419,4.17,False,4.002
32420,4.17,False,4.17
32421,4.17,False,4.17
32422,4.17,False,4.17
32423,4.17,False,4.17
32424,4.17,False,4.17
32425,4.17,False,4.17
32426,4.17,False,4.17
32427,4.17,False,4.17
32428,4.17,False,4.17
32429,4.17,False,4.17
32430,4.17,False,4.17
32431,4.17,False,4.17
32432,4.17,False,4.17
32433,4.17,False,4.17
32434,4.17,False,4.17
32435,4.17,False,4.17
32436,4.17,False,4.17
32437,4.17,False,4.17
32438,4.17,False,4.17
32439,4.17,False,4.17
32440,4.17,False,4.17
32441,4.17,False,4.17
32442,4.17,False,4.17
32443,4.17,False,4.17
32444,4.17,False,4.17
32445,4.17,False,4.17
32446,3.33,False,4.002
32447,3.33,False,3.8340000000000005
32448,3.33,False,3.6659999999999995
32449,3.33,False,3.498
32450,3.33,False,3.33
32451,3.33,False,3.33
32452,3.33,False,3.33
32453,3.33,False,3.33
32454,3.33,False,3.33
32455,3.33,False,3.33
32456,3.33,False,3.33
32457,3.33,False,3.33
32458,3.33,False,3.33
32459,3.33,False,3.33
32460,3.33,False,3.33
32461,3.33,False,3.33
32462,3.33,False,3.33
32463,3.33,False,3.33
32464,3.33,False,3.33
32465,3.33,False,3.33
32466,3.33,False,3.33
32467,3.33,False,3.33
32468,3.33,False,3.33
32469,3.33,False,3.33
32470,3.33,False,3.33
32471,3.33,False,3.33
32472,3.33,False,3.33
32473,3.33,False,3.33
32474,3.33,False,3.33
32475,3.33,False,3.33
32476,3.33,False,3.33
32477,5.0,False,3.664
32478,5.0,False,3.998
32479,5.0,False,4.332000000000001
32480,5.0,False,4.6659999999999995
32481,5.0,False,5.0
32482,5.0,False,5.0
32483,5.0,False,5.0
32484,5.0,False,5.0
32485,5.0,False,5.0
32486,5.0,False,5.0
32487,5.0,False,5.0
32488,5.0,False,5.0
32489,5.0,False,5.0
32490,5.0,False,5.0
32491,5.0,False,5.0
32492,5.0,False,5.0
32493,5.0,False,5.0
32494,5.0,False,5.0
32495,5.0,False,5.0
32496,5.0,False,5.0
32497,5.0,False,5.0
32498,5.0,False,5.0
32499,5.0,False,5.0
32500,5.0,False,5.0
32501,5.0,False,5.0
32502,5.0,False,5.0
32503,5.0,False,5.0
32504,5.0,False,5.0
32505,5.0,False,5.0
32506,5.0,False,5.0
32507,8.33,False,5.666
32508,8.33,False,6.331999999999999
32509,8.33,False,6.997999999999999
32510,8.33,False,7.664
32511,8.33,False,8.33
32512,8.33,False,8.33
32513,10.83,False,8.830000000000002
32514,10.83,False,9.330000000000002
32515,10.83,False,9.83
32516,10.83,False,10.33
32517,10.83,False,10.83
32518,10.83,False,10.83
32519,10.83,False,10.83
32520,10.83,False,10.83
32521,10.83,False,10.83
32522,10.83,False,10.83
32523,10.83,False,10.83
32524,10.83,False,10.83
32525,10.83,False,10.83
32526,10.83,False,10.83
32527,10.83,False,10.83
32528,10.83,False,10.83
32529,10.83,False,10.83
32530,10.83,False,10.83
32531,10.83,False,10.83
32532,10.83,False,10.83
32533,10.83,False,10.83
32534,11.67,False,10.998000000000001
32535,11.67,False,11.166
32536,11.67,False,11.334
32537,11.67,False,11.502
32538,11.67,False,11.67
32539,11.67,False,11.67
32540,11.67,False,11.67
32541,11.67,False,11.67
32542,11.67,False,11.67
32543,11.67,False,11.67
32544,11.67,False,11.67
32545,11.67,False,11.67
32546,11.67,False,11.67
32547,11.67,False,11.67
32548,11.67,False,11.67
32549,11.67,False,11.67
32550,11.67,False,11.67
32551,11.67,False,11.67
32552,11.67,False,11.67
32553,11.67,False,11.67
32554,11.67,False,11.67
32555,11.67,False,11.67
32556,11.67,False,11.67
32557,11.67,False,11.67
32558,11.67,False,11.67
32559,11.67,False,11.67
32560,11.67,False,11.67
32561,11.67,False,11.67
32562,11.67,False,11.67
32563,11.67,False,11.67
32564,11.67,False,11.67
32565,11.67,False,11.67
32566,11.67,False,11.67
32567,11.67,False,11.67
32568,11.67,False,11.67
32569,11.67,False,11.67
32570,11.67,False,11.67
32571,11.67,False,11.67
32572,11.67,False,11.67
32573,11.67,False,11.67
32574,11.67,False,11.67
32575,11.67,False,11.67
32576,11.67,False,11.67
32577,11.67,False,11.67
32578,11.67,False,11.67
32579,11.67,False,11.67
32580,11.67,False,11.67
32581,11.67,False,11.67
32582,11.67,False,11.67
32583,11.67,False,11.67
32584,11.67,False,11.67
32585,11.67,False,11.67
32586,11.67,False,11.67
32587,11.67,False,11.67
32588,11.67,False,11.67
32589,11.67,False,11.67
32590,11.67,False,11.67
32591,11.67,False,11.67
32592,11.67,False,11.67
32593,11.67,False,11.67
32594,11.67,False,11.67
32595,11.67,False,11.67
32596,11.67,False,11.67
32597,11.67,False,11.67
32598,11.67,False,11.67
32599,11.67,False,11.67
32600,11.67,False,11.67
32601,11.67,False,11.67
32602,11.67,False,11.67
32603,11.67,False,11.67
32604,11.67,False,11.67
32605,11.67,False,11.67
32606,11.67,False,11.67
32607,11.67,False,11.67
32608,11.67,False,11.67
32609,11.67,False,11.67
32610,11.67,False,11.67
32611,11.67,False,11.67
32612,11.67,False,11.67
32613,11.67,False,11.67
32614,11.67,False,11.67
32615,11.67,False,11.67
32616,11.67,False,11.67
32617,11.67,False,11.67
32618,11.67,False,11.67
32619,11.67,False,11.67
32620,11.67,False,11.67
32621,11.67,False,11.67
32622,11.67,False,11.67
32623,11.67,False,11.67
32624,11.67,False,11.67
32625,11.67,False,11.67
32626,11.67,False,11.67
32627,11.67,False,11.67
32628,11.67,False,11.67
32629,11.67,False,11.67
32630,11.67,False,11.67
32631,11.67,False,11.67
32632,11.67,False,11.67
32633,11.67,False,11.67
32634,11.67,False,11.67
32635,11.67,False,11.67
32636,11.67,False,11.67
32637,11.67,False,11.67
32638,11.67,False,11.67
32639,11.67,False,11.67
32640,11.67,False,11.67
32641,11.67,False,11.67
32642,11.67,False,11.67
32643,11.67,False,11.67
32644,11.67,False,11.67
32645,11.67,False,11.67
32646,11.67,False,11.67
32647,11.67,False,11.67
32648,11.67,False,11.67
32649,11.67,False,11.67
32650,11.67,False,11.67
32651,11.67,False,11.67
32652,11.67,False,11.67
32653,11.67,False,11.67
32654,11.67,False,11.67
32655,11.67,False,11.67
32656,10.83,False,11.501999999999999
32657,10.83,False,11.334
32658,10.83,False,11.166
32659,10.83,False,10.998000000000001
32660,10.83,False,10.83
32661,10.83,False,10.83
32662,10.83,False,10.83
32663,10.83,False,10.83
32664,10.83,False,10.83
32665,10.83,False,10.83
32666,10.83,False,10.83
32667,10.83,False,10.83
32668,10.83,False,10.83
32669,10.83,False,10.83
32670,10.83,False,10.83
32671,10.83,False,10.83
32672,10.83,False,10.83
32673,10.83,False,10.83
32674,10.83,False,10.83
32675,10.83,False,10.83
32676,10.83,False,10.83
32677,10.83,False,10.83
32678,10.83,False,10.83
32679,10.83,False,10.83
32680,10.83,False,10.83
32681,10.83,False,10.83
32682,10.83,False,10.83
32683,10.83,False,10.83
32684,10.83,False,10.83
32685,10.83,False,10.83
32686,10.83,False,10.83
32687,11.67,False,10.998
32688,11.67,False,11.166
32689,11.67,False,11.334
32690,11.67,False,11.502
32691,11.67,False,11.67
32692,11.67,False,11.67
32693,11.67,False,11.67
32694,11.67,False,11.67
32695,11.67,False,11.67
32696,11.67,False,11.67
32697,11.67,False,11.67
32698,11.67,False,11.67
32699,11.67,False,11.67
32700,11.67,False,11.67
32701,11.67,False,11.67
32702,11.67,False,11.67
32703,11.67,False,11.67
32704,11.67,False,11.67
32705,11.67,False,11.67
32706,11.67,False,11.67
32707,11.67,False,11.67
32708,11.67,False,11.67
32709,11.67,False,11.67
32710,11.67,False,11.67
32711,11.67,False,11.67
32712,11.67,False,11.67
32713,11.67,False,11.67
32714,11.67,False,11.67
32715,11.67,False,11.67
32716,11.67,False,11.67
32717,11.67,False,11.67
32718,11.67,False,11.67
32719,11.67,False,11.67
32720,11.67,False,11.67
32721,11.67,False,11.67
32722,11.67,False,11.67
32723,11.67,False,11.67
32724,11.67,False,11.67
32725,11.67,False,11.67
32726,11.67,False,11.67
32727,11.67,False,11.67
32728,11.67,False,11.67
32729,11.67,False,11.67
32730,11.67,False,11.67
32731,11.67,False,11.67
32732,11.67,False,11.67
32733,11.67,False,11.67
32734,11.67,False,11.67
32735,11.67,False,11.67
32736,11.67,False,11.67
32737,11.67,False,11.67
32738,11.67,False,11.67
32739,11.67,False,11.67
32740,11.67,False,11.67
32741,11.67,False,11.67
32742,11.67,False,11.67
32743,11.67,False,11.67
32744,11.67,False,11.67
32745,11.67,False,11.67
32746,11.67,False,11.67
32747,11.67,False,11.67
32748,11.67,False,11.67
32749,11.67,False,11.67
32750,11.67,False,11.67
32751,11.67,False,11.67
32752,11.67,False,11.67
32753,11.67,False,11.67
32754,11.67,False,11.67
32755,11.67,False,11.67
32756,11.67,False,11.67
32757,11.67,False,11.67
32758,11.67,False,11.67
32759,11.67,False,11.67
32760,11.67,False,11.67
32761,11.67,False,11.67
32762,11.67,False,11.67
32763,11.67,False,11.67
32764,11.67,False,11.67
32765,11.67,False,11.67
32766,11.67,False,11.67
32767,11.67,False,11.67
32768,11.67,False,11.67
32769,11.67,False,11.67
32770,11.67,False,11.67
32771,11.67,False,11.67
32772,11.67,False,11.67
32773,11.67,False,11.67
32774,11.67,False,11.67
32775,11.67,False,11.67
32776,11.67,False,11.67
32777,11.67,False,11.67
32778,11.67,False,11.67
32779,11.67,False,11.67
32780,11.67,False,11.67
32781,11.67,False,11.67
32782,11.67,False,11.67
32783,11.67,False,11.67
32784,11.67,False,11.67
32785,11.67,False,11.67
32786,11.67,False,11.67
32787,11.67,False,11.67
32788,11.67,False,11.67
32789,11.67,False,11.67
32790,11.67,False,11.67
32791,11.67,False,11.67
32792,11.67,False,11.67
32793,11.67,False,11.67
32794,11.67,False,11.67
32795,11.67,False,11.67
32796,11.67,False,11.67
32797,11.67,False,11.67
32798,11.67,False,11.67
32799,11.67,False,11.67
32800,11.67,False,11.67
32801,11.67,False,11.67
32802,11.67,False,11.67
32803,11.67,False,11.67
32804,11.67,False,11.67
32805,11.67,False,11.67
32806,11.67,False,11.67
32807,11.67,False,11.67
32808,11.67,False,11.67
32809,11.67,False,11.67
32810,11.67,False,11.67
32811,11.67,False,11.67
32812,11.67,False,11.67
32813,11.67,False,11.67
32814,11.67,False,11.67
32815,11.67,False,11.67
32816,11.67,False,11.67
32817,11.67,False,11.67
32818,11.67,False,11.67
32819,11.67,False,11.67
32820,11.67,False,11.67
32821,11.67,False,11.67
32822,11.67,False,11.67
32823,11.67,False,11.67
32824,11.67,False,11.67
32825,11.67,False,11.67
32826,11.67,False,11.67
32827,11.67,False,11.67
32828,11.67,False,11.67
32829,11.67,False,11.67
32830,11.67,False,11.67
32831,11.67,False,11.67
32832,11.67,False,11.67
32833,11.67,False,11.67
32834,11.67,False,11.67
32835,11.67,False,11.67
32836,11.67,False,11.67
32837,11.67,False,11.67
32838,11.67,False,11.67
32839,11.67,False,11.67
32840,11.67,False,11.67
32841,11.67,False,11.67
32842,11.67,False,11.67
32843,11.67,False,11.67
32844,11.67,False,11.67
32845,11.67,False,11.67
32846,11.67,False,11.67
32847,11.67,False,11.67
32848,11.67,False,11.67
32849,11.67,False,11.67
32850,11.67,False,11.67
32851,11.67,False,11.67
32852,11.67,False,11.67
32853,11.67,False,11.67
32854,11.67,False,11.67
32855,11.67,False,11.67
32856,11.67,False,11.67
32857,11.67,False,11.67
32858,11.67,False,11.67
32859,12.5,False,11.836
32860,12.5,False,12.002
32861,12.5,False,12.168000000000001
32862,12.5,False,12.334
32863,12.5,False,12.5
32864,12.5,False,12.5
32865,12.5,False,12.5
32866,12.5,False,12.5
32867,12.5,False,12.5
32868,12.5,False,12.5
32869,12.5,False,12.5
32870,12.5,False,12.5
32871,12.5,False,12.5
32872,12.5,False,12.5
32873,12.5,False,12.5
32874,12.5,False,12.5
32875,12.5,False,12.5
32876,12.5,False,12.5
32877,12.5,False,12.5
32878,12.5,False,12.5
32879,12.5,False,12.5
32880,12.5,False,12.5
32881,12.5,False,12.5
32882,12.5,False,12.5
32883,12.5,False,12.5
32884,12.5,False,12.5
32885,12.5,False,12.5
32886,12.5,False,12.5
32887,12.5,False,12.5
32888,12.5,False,12.5
32889,12.5,False,12.5
32890,12.5,False,12.5
32891,12.5,False,12.5
32892,12.5,False,12.5
32893,12.5,False,12.5
32894,12.5,False,12.5
32895,12.5,False,12.5
32896,12.5,False,12.5
32897,12.5,False,12.5
32898,12.5,False,12.5
32899,12.5,False,12.5
32900,12.5,False,12.5
32901,12.5,False,12.5
32902,12.5,False,12.5
32903,12.5,False,12.5
32904,12.5,False,12.5
32905,12.5,False,12.5
32906,12.5,False,12.5
32907,12.5,False,12.5
32908,12.5,False,12.5
32909,12.5,False,12.5
32910,12.5,False,12.5
32911,12.5,False,12.5
32912,12.5,False,12.5
32913,12.5,False,12.5
32914,12.5,False,12.5
32915,12.5,False,12.5
32916,12.5,False,12.5
32917,12.5,False,12.5
32918,12.5,False,12.5
32919,12.5,False,12.5
32920,12.5,False,12.5
32921,12.5,False,12.5
32922,12.5,False,12.5
32923,12.5,False,12.5
32924,12.5,False,12.5
32925,12.5,False,12.5
32926,12.5,False,12.5
32927,12.5,False,12.5
32928,12.5,False,12.5
32929,12.5,False,12.5
32930,12.5,False,12.5
32931,12.5,False,12.5
32932,12.5,False,12.5
32933,12.5,False,12.5
32934,12.5,False,12.5
32935,12.5,False,12.5
32936,12.5,False,12.5
32937,12.5,False,12.5
32938,12.5,False,12.5
32939,12.5,False,12.5
32940,12.5,False,12.5
32941,12.5,False,12.5
32942,12.5,False,12.5
32943,12.5,False,12.5
32944,12.5,False,12.5
32945,12.5,False,12.5
32946,12.5,False,12.5
32947,12.5,False,12.5
32948,12.5,False,12.5
32949,12.5,False,12.5
32950,12.5,False,12.5
32951,12.5,False,12.5
32952,12.5,False,12.5
32953,12.5,False,12.5
32954,12.5,False,12.5
32955,12.5,False,12.5
32956,12.5,False,12.5
32957,12.5,False,12.5
32958,12.5,False,12.5
32959,12.5,False,12.5
32960,12.5,False,12.5
32961,12.5,False,12.5
32962,12.5,False,12.5
32963,12.5,False,12.5
32964,12.5,False,12.5
32965,12.5,False,12.5
32966,12.5,False,12.5
32967,12.5,False,12.5
32968,12.5,False,12.5
32969,12.5,False,12.5
32970,12.5,False,12.5
32971,12.5,False,12.5
32972,12.5,False,12.5
32973,12.5,False,12.5
32974,12.5,False,12.5
32975,12.5,False,12.5
32976,12.5,False,12.5
32977,12.5,False,12.5
32978,12.5,False,12.5
32979,12.5,False,12.5
32980,12.5,False,12.5
32981,12.5,False,12.5
32982,12.5,False,12.5
32983,12.5,False,12.5
32984,12.5,False,12.5
32985,12.5,False,12.5
32986,12.5,False,12.5
32987,12.5,False,12.5
32988,12.5,False,12.5
32989,12.5,False,12.5
32990,12.5,False,12.5
32991,12.5,False,12.5
32992,12.5,False,12.5
32993,12.5,False,12.5
32994,12.5,False,12.5
32995,12.5,False,12.5
32996,12.5,False,12.5
32997,12.5,False,12.5
32998,12.5,False,12.5
32999,12.5,False,12.5
33000,12.5,False,12.5
33001,12.5,False,12.5
33002,12.5,False,12.5
33003,12.5,False,12.5
33004,12.5,False,12.5
33005,12.5,False,12.5
33006,12.5,False,12.5
33007,12.5,False,12.5
33008,12.5,False,12.5
33009,12.5,False,12.5
33010,12.5,False,12.5
33011,12.5,False,12.5
33012,12.5,False,12.5
33013,12.5,False,12.5
33014,12.5,False,12.5
33015,12.5,False,12.5
33016,12.5,False,12.5
33017,12.5,False,12.5
33018,12.5,False,12.5
33019,12.5,False,12.5
33020,12.5,False,12.5
33021,12.5,False,12.5
33022,12.5,False,12.5
33023,12.5,False,12.5
33024,12.5,False,12.5
33025,12.5,False,12.5
33026,12.5,False,12.5
33027,12.5,False,12.5
33028,12.5,False,12.5
33029,12.5,False,12.5
33030,12.5,False,12.5
33031,12.5,False,12.5
33032,12.5,False,12.5
33033,12.5,False,12.5
33034,12.5,False,12.5
33035,12.5,False,12.5
33036,12.5,False,12.5
33037,12.5,False,12.5
33038,12.5,False,12.5
33039,12.5,False,12.5
33040,12.5,False,12.5
33041,12.5,False,12.5
33042,12.5,False,12.5
33043,12.5,False,12.5
33044,12.5,False,12.5
33045,12.5,False,12.5
33046,12.5,False,12.5
33047,12.5,False,12.5
33048,12.5,False,12.5
33049,12.5,False,12.5
33050,12.5,False,12.5
33051,12.5,False,12.5
33052,12.5,False,12.5
33053,12.5,False,12.5
33054,12.5,False,12.5
33055,12.5,False,12.5
33056,12.5,False,12.5
33057,12.5,False,12.5
33058,12.5,False,12.5
33059,12.5,False,12.5
33060,12.5,False,12.5
33061,12.5,False,12.5
33062,11.67,False,12.334
33063,11.67,False,12.168
33064,11.67,False,12.001999999999999
33065,11.67,False,11.836
33066,11.67,False,11.67
33067,11.67,False,11.67
33068,11.67,False,11.67
33069,11.67,False,11.67
33070,11.67,False,11.67
33071,11.67,False,11.67
33072,11.67,False,11.67
33073,11.67,False,11.67
33074,11.67,False,11.67
33075,11.67,False,11.67
33076,11.67,False,11.67
33077,11.67,False,11.67
33078,11.67,False,11.67
33079,11.67,False,11.67
33080,11.67,False,11.67
33081,11.67,False,11.67
33082,11.67,False,11.67
33083,11.67,False,11.67
33084,11.67,False,11.67
33085,11.67,False,11.67
33086,11.67,False,11.67
33087,11.67,False,11.67
33088,11.67,False,11.67
33089,11.67,False,11.67
33090,11.67,False,11.67
33091,11.67,False,11.67
33092,11.67,False,11.67
33093,11.67,False,11.67
33094,11.67,False,11.67
33095,11.67,False,11.67
33096,11.67,False,11.67
33097,11.67,False,11.67
33098,11.67,False,11.67
33099,11.67,False,11.67
33100,11.67,False,11.67
33101,11.67,False,11.67
33102,11.67,False,11.67
33103,11.67,False,11.67
33104,11.67,False,11.67
33105,11.67,False,11.67
33106,11.67,False,11.67
33107,11.67,False,11.67
33108,11.67,False,11.67
33109,11.67,False,11.67
33110,11.67,False,11.67
33111,11.67,False,11.67
33112,11.67,False,11.67
33113,11.67,False,11.67
33114,11.67,False,11.67
33115,11.67,False,11.67
33116,11.67,False,11.67
33117,11.67,False,11.67
33118,11.67,False,11.67
33119,11.67,False,11.67
33120,11.67,False,11.67
33121,11.67,False,11.67
33122,11.67,False,11.67
33123,11.67,False,11.67
33124,11.67,False,11.67
33125,11.67,False,11.67
33126,11.67,False,11.67
33127,11.67,False,11.67
33128,11.67,False,11.67
33129,11.67,False,11.67
33130,11.67,False,11.67
33131,11.67,False,11.67
33132,11.67,False,11.67
33133,11.67,False,11.67
33134,11.67,False,11.67
33135,11.67,False,11.67
33136,11.67,False,11.67
33137,11.67,False,11.67
33138,11.67,False,11.67
33139,11.67,False,11.67
33140,11.67,False,11.67
33141,11.67,False,11.67
33142,11.67,False,11.67
33143,11.67,False,11.67
33144,11.67,False,11.67
33145,11.67,False,11.67
33146,11.67,False,11.67
33147,11.67,False,11.67
33148,11.67,False,11.67
33149,11.67,False,11.67
33150,11.67,False,11.67
33151,11.67,False,11.67
33152,11.67,False,11.67
33153,11.67,False,11.67
33154,11.67,False,11.67
33155,11.67,False,11.67
33156,11.67,False,11.67
33157,11.67,False,11.67
33158,11.67,False,11.67
33159,11.67,False,11.67
33160,11.67,False,11.67
33161,11.67,False,11.67
33162,11.67,False,11.67
33163,11.67,False,11.67
33164,11.67,False,11.67
33165,11.67,False,11.67
33166,11.67,False,11.67
33167,11.67,False,11.67
33168,11.67,False,11.67
33169,11.67,False,11.67
33170,11.67,False,11.67
33171,11.67,False,11.67
33172,11.67,False,11.67
33173,11.67,False,11.67
33174,11.67,False,11.67
33175,11.67,False,11.67
33176,11.67,False,11.67
33177,11.67,False,11.67
33178,11.67,False,11.67
33179,11.67,False,11.67
33180,11.67,False,11.67
33181,11.67,False,11.67
33182,11.67,False,11.67
33183,11.67,False,11.67
33184,11.67,False,11.67
33185,11.67,False,11.67
33186,11.67,False,11.67
33187,11.67,False,11.67
33188,11.67,False,11.67
33189,11.67,False,11.67
33190,11.67,False,11.67
33191,11.67,False,11.67
33192,11.67,False,11.67
33193,11.67,False,11.67
33194,11.67,False,11.67
33195,11.67,False,11.67
33196,11.67,False,11.67
33197,11.67,False,11.67
33198,11.67,False,11.67
33199,11.67,False,11.67
33200,11.67,False,11.67
33201,11.67,False,11.67
33202,11.67,False,11.67
33203,11.67,False,11.67
33204,11.67,False,11.67
33205,11.67,False,11.67
33206,11.67,False,11.67
33207,11.67,False,11.67
33208,11.67,False,11.67
33209,11.67,False,11.67
33210,11.67,False,11.67
33211,11.67,False,11.67
33212,11.67,False,11.67
33213,11.67,False,11.67
33214,11.67,False,11.67
33215,11.67,False,11.67
33216,11.67,False,11.67
33217,11.67,False,11.67
33218,11.67,False,11.67
33219,11.67,False,11.67
33220,11.67,False,11.67
33221,11.67,False,11.67
33222,11.67,False,11.67
33223,11.67,False,11.67
33224,11.67,False,11.67
33225,11.67,False,11.67
33226,11.67,False,11.67
33227,11.67,False,11.67
33228,11.67,False,11.67
33229,11.67,False,11.67
33230,11.67,False,11.67
33231,11.67,False,11.67
33232,11.67,False,11.67
33233,11.67,False,11.67
33234,11.67,False,11.67
33235,11.67,False,11.67
33236,11.67,False,11.67
33237,11.67,False,11.67
33238,11.67,False,11.67
33239,11.67,False,11.67
33240,11.67,False,11.67
33241,11.67,False,11.67
33242,11.67,False,11.67
33243,11.67,False,11.67
33244,11.67,False,11.67
33245,11.67,False,11.67
33246,11.67,False,11.67
33247,11.67,False,11.67
33248,11.67,False,11.67
33249,11.67,False,11.67
33250,11.67,False,11.67
33251,11.67,False,11.67
33252,11.67,False,11.67
33253,11.67,False,11.67
33254,11.67,False,11.67
33255,11.67,False,11.67
33256,11.67,False,11.67
33257,11.67,False,11.67
33258,11.67,False,11.67
33259,11.67,False,11.67
33260,11.67,False,11.67
33261,11.67,False,11.67
33262,11.67,False,11.67
33263,11.67,False,11.67
33264,11.67,False,11.67
33265,11.67,False,11.67
33266,11.67,False,11.67
33267,11.67,False,11.67
33268,11.67,False,11.67
33269,11.67,False,11.67
33270,11.67,False,11.67
33271,11.67,False,11.67
33272,11.67,False,11.67
33273,11.67,False,11.67
33274,11.67,False,11.67
33275,11.67,False,11.67
33276,11.67,False,11.67
33277,11.67,False,11.67
33278,11.67,False,11.67
33279,11.67,False,11.67
33280,11.67,False,11.67
33281,11.67,False,11.67
33282,11.67,False,11.67
33283,11.67,False,11.67
33284,11.67,False,11.67
33285,11.67,False,11.67
33286,11.67,False,11.67
33287,11.67,False,11.67
33288,11.67,False,11.67
33289,11.67,False,11.67
33290,11.67,False,11.67
33291,11.67,False,11.67
33292,11.67,False,11.67
33293,11.67,False,11.67
33294,11.67,False,11.67
33295,11.67,False,11.67
33296,11.67,False,11.67
33297,11.67,False,11.67
33298,11.67,False,11.67
33299,11.67,False,11.67
33300,11.67,False,11.67
33301,11.67,False,11.67
33302,11.67,False,11.67
33303,11.67,False,11.67
33304,11.67,False,11.67
33305,11.67,False,11.67
33306,11.67,False,11.67
33307,11.67,False,11.67
33308,11.67,False,11.67
33309,11.67,False,11.67
33310,11.67,False,11.67
33311,11.67,False,11.67
33312,11.67,False,11.67
33313,11.67,False,11.67
33314,11.67,False,11.67
33315,11.67,False,11.67
33316,11.67,False,11.67
33317,11.67,False,11.67
33318,11.67,False,11.67
33319,11.67,False,11.67
33320,11.67,False,11.67
33321,11.67,False,11.67
33322,11.67,False,11.67
33323,11.67,False,11.67
33324,11.67,False,11.67
33325,11.67,False,11.67
33326,10.83,False,11.501999999999999
33327,10.83,False,11.334
33328,10.83,False,11.166
33329,10.83,False,10.998000000000001
33330,10.83,False,10.83
33331,10.83,False,10.83
33332,10.83,False,10.83
33333,10.83,False,10.83
33334,10.83,False,10.83
33335,10.83,False,10.83
33336,10.83,False,10.83
33337,10.83,False,10.83
33338,10.83,False,10.83
33339,10.83,False,10.83
33340,10.83,False,10.83
33341,10.83,False,10.83
33342,10.83,False,10.83
33343,10.83,False,10.83
33344,10.83,False,10.83
33345,10.83,False,10.83
33346,10.83,False,10.83
33347,10.83,False,10.83
33348,10.83,False,10.83
33349,10.83,False,10.83
33350,10.83,False,10.83
33351,10.83,False,10.83
33352,10.83,False,10.83
33353,10.83,False,10.83
33354,10.83,False,10.83
33355,10.83,False,10.83
33356,10.83,False,10.83
33357,10.83,False,10.83
33358,10.83,False,10.83
33359,10.83,False,10.83
33360,10.83,False,10.83
33361,10.83,False,10.83
33362,10.83,False,10.83
33363,10.83,False,10.83
33364,10.83,False,10.83
33365,10.83,False,10.83
33366,10.83,False,10.83
33367,10.83,False,10.83
33368,10.83,False,10.83
33369,10.83,False,10.83
33370,10.83,False,10.83
33371,10.83,False,10.83
33372,10.83,False,10.83
33373,10.83,False,10.83
33374,10.83,False,10.83
33375,10.83,False,10.83
33376,10.83,False,10.83
33377,10.83,False,10.83
33378,10.83,False,10.83
33379,10.83,False,10.83
33380,10.83,False,10.83
33381,10.83,False,10.83
33382,10.83,False,10.83
33383,10.83,False,10.83
33384,10.83,False,10.83
33385,10.83,False,10.83
33386,10.83,False,10.83
33387,10.83,False,10.83
33388,10.83,False,10.83
33389,10.83,False,10.83
33390,10.83,False,10.83
33391,10.83,False,10.83
33392,10.83,False,10.83
33393,10.83,False,10.83
33394,10.83,False,10.83
33395,10.83,False,10.83
33396,10.83,False,10.83
33397,10.83,False,10.83
33398,10.83,False,10.83
33399,10.83,False,10.83
33400,10.83,False,10.83
33401,10.83,False,10.83
33402,10.83,False,10.83
33403,10.83,False,10.83
33404,10.83,False,10.83
33405,10.83,False,10.83
33406,10.83,False,10.83
33407,10.83,False,10.83
33408,10.83,False,10.83
33409,10.83,False,10.83
33410,10.83,False,10.83
33411,10.83,False,10.83
33412,10.83,False,10.83
33413,10.83,False,10.83
33414,10.83,False,10.83
33415,10.83,False,10.83
33416,10.83,False,10.83
33417,10.83,False,10.83
33418,10.83,False,10.83
33419,10.83,False,10.83
33420,10.83,False,10.83
33421,10.83,False,10.83
33422,10.83,False,10.83
33423,10.83,False,10.83
33424,10.83,False,10.83
33425,10.83,False,10.83
33426,10.83,False,10.83
33427,10.83,False,10.83
33428,10.83,False,10.83
33429,10.83,False,10.83
33430,10.83,False,10.83
33431,10.83,False,10.83
33432,10.83,False,10.83
33433,10.83,False,10.83
33434,10.83,False,10.83
33435,10.83,False,10.83
33436,10.83,False,10.83
33437,10.83,False,10.83
33438,10.83,False,10.83
33439,10.83,False,10.83
33440,10.83,False,10.83
33441,10.83,False,10.83
33442,10.83,False,10.83
33443,10.83,False,10.83
33444,10.83,False,10.83
33445,10.83,False,10.83
33446,10.83,False,10.83
33447,10.83,False,10.83
33448,10.83,False,10.83
33449,10.83,False,10.83
33450,10.83,False,10.83
33451,10.83,False,10.83
33452,10.83,False,10.83
33453,10.83,False,10.83
33454,10.83,False,10.83
33455,10.83,False,10.83
33456,10.83,False,10.83
33457,10.83,False,10.83
33458,10.83,False,10.83
33459,10.83,False,10.83
33460,10.83,False,10.83
33461,10.83,False,10.83
33462,10.83,False,10.83
33463,10.83,False,10.83
33464,10.83,False,10.83
33465,10.83,False,10.83
33466,10.83,False,10.83
33467,10.83,False,10.83
33468,10.83,False,10.83
33469,10.83,False,10.83
33470,10.83,False,10.83
33471,10.83,False,10.83
33472,10.83,False,10.83
33473,10.83,False,10.83
33474,10.83,False,10.83
33475,10.83,False,10.83
33476,10.83,False,10.83
33477,10.83,False,10.83
33478,10.83,False,10.83
33479,10.83,False,10.83
33480,10.83,False,10.83
33481,10.83,False,10.83
33482,10.83,False,10.83
33483,10.83,False,10.83
33484,10.83,False,10.83
33485,10.83,False,10.83
33486,10.83,False,10.83
33487,10.83,False,10.83
33488,10.83,False,10.83
33489,10.83,False,10.83
33490,10.83,False,10.83
33491,10.83,False,10.83
33492,10.83,False,10.83
33493,10.83,False,10.83
33494,10.83,False,10.83
33495,10.83,False,10.83
33496,10.83,False,10.83
33497,10.83,False,10.83
33498,10.83,False,10.83
33499,10.83,False,10.83
33500,10.83,False,10.83
33501,10.83,False,10.83
33502,10.83,False,10.83
33503,10.83,False,10.83
33504,10.83,False,10.83
33505,10.83,False,10.83
33506,10.83,False,10.83
33507,10.83,False,10.83
33508,10.83,False,10.83
33509,11.67,False,10.998000000000001
33510,11.67,False,11.166
33511,11.67,False,11.334
33512,11.67,False,11.502
33513,11.67,False,11.67
33514,11.67,False,11.67
33515,11.67,False,11.67
33516,11.67,False,11.67
33517,11.67,False,11.67
33518,11.67,False,11.67
33519,11.67,False,11.67
33520,11.67,False,11.67
33521,11.67,False,11.67
33522,11.67,False,11.67
33523,11.67,False,11.67
33524,11.67,False,11.67
33525,11.67,False,11.67
33526,11.67,False,11.67
33527,11.67,False,11.67
33528,11.67,False,11.67
33529,11.67,False,11.67
33530,11.67,False,11.67
33531,11.67,False,11.67
33532,11.67,False,11.67
33533,11.67,False,11.67
33534,11.67,False,11.67
33535,11.67,False,11.67
33536,11.67,False,11.67
33537,11.67,False,11.67
33538,11.67,False,11.67
33539,11.67,False,11.67
33540,11.67,False,11.67
33541,11.67,False,11.67
33542,11.67,False,11.67
33543,11.67,False,11.67
33544,11.67,False,11.67
33545,11.67,False,11.67
33546,11.67,False,11.67
33547,11.67,False,11.67
33548,11.67,False,11.67
33549,11.67,False,11.67
33550,11.67,False,11.67
33551,11.67,False,11.67
33552,11.67,False,11.67
33553,11.67,False,11.67
33554,11.67,False,11.67
33555,11.67,False,11.67
33556,11.67,False,11.67
33557,11.67,False,11.67
33558,11.67,False,11.67
33559,11.67,False,11.67
33560,11.67,False,11.67
33561,11.67,False,11.67
33562,11.67,False,11.67
33563,11.67,False,11.67
33564,11.67,False,11.67
33565,11.67,False,11.67
33566,11.67,False,11.67
33567,11.67,False,11.67
33568,11.67,False,11.67
33569,11.67,False,11.67
33570,11.67,False,11.67
33571,11.67,False,11.67
33572,11.67,False,11.67
33573,11.67,False,11.67
33574,11.67,False,11.67
33575,11.67,False,11.67
33576,11.67,False,11.67
33577,11.67,False,11.67
33578,11.67,False,11.67
33579,11.67,False,11.67
33580,11.67,False,11.67
33581,11.67,False,11.67
33582,11.67,False,11.67
33583,11.67,False,11.67
33584,11.67,False,11.67
33585,11.67,False,11.67
33586,11.67,False,11.67
33587,11.67,False,11.67
33588,11.67,False,11.67
33589,11.67,False,11.67
33590,10.83,False,11.502
33591,10.83,False,11.334
33592,10.83,False,11.166
33593,10.83,False,10.998
33594,10.83,False,10.83
33595,10.83,False,10.83
33596,10.83,False,10.83
33597,10.83,False,10.83
33598,10.83,False,10.83
33599,10.83,False,10.83
33600,10.83,False,10.83
33601,10.83,False,10.83
33602,10.83,False,10.83
33603,10.83,False,10.83
33604,10.83,False,10.83
33605,10.83,False,10.83
33606,10.83,False,10.83
33607,10.83,False,10.83
33608,10.83,False,10.83
33609,10.83,False,10.83
33610,10.83,False,10.83
33611,10.83,False,10.83
33612,10.83,False,10.83
33613,10.83,False,10.83
33614,10.83,False,10.83
33615,10.83,False,10.83
33616,10.83,False,10.83
33617,10.83,False,10.83
33618,10.83,False,10.83
33619,10.83,False,10.83
33620,11.67,False,10.998
33621,11.67,False,11.166
33622,11.67,False,11.334
33623,11.67,False,11.502
33624,11.67,False,11.67
33625,11.67,False,11.67
33626,11.67,False,11.67
33627,11.67,False,11.67
33628,11.67,False,11.67
33629,11.67,False,11.67
33630,11.67,False,11.67
33631,11.67,False,11.67
33632,11.67,False,11.67
33633,11.67,False,11.67
33634,11.67,False,11.67
33635,11.67,False,11.67
33636,11.67,False,11.67
33637,11.67,False,11.67
33638,11.67,False,11.67
33639,11.67,False,11.67
33640,11.67,False,11.67
33641,11.67,False,11.67
33642,11.67,False,11.67
33643,11.67,False,11.67
33644,11.67,False,11.67
33645,11.67,False,11.67
33646,11.67,False,11.67
33647,11.67,False,11.67
33648,11.67,False,11.67
33649,11.67,False,11.67
33650,11.67,False,11.67
33651,10.83,False,11.501999999999999
33652,10.83,False,11.334
33653,10.83,False,11.166
33654,10.83,False,10.998000000000001
33655,10.83,False,10.83
33656,10.83,False,10.83
33657,10.83,False,10.83
33658,10.83,False,10.83
33659,10.83,False,10.83
33660,10.83,False,10.83
33661,10.83,False,10.83
33662,10.83,False,10.83
33663,10.83,False,10.83
33664,10.83,False,10.83
33665,10.83,False,10.83
33666,10.83,False,10.83
33667,10.83,False,10.83
33668,10.83,False,10.83
33669,10.83,False,10.83
33670,10.83,False,10.83
33671,10.83,False,10.83
33672,10.83,False,10.83
33673,10.83,False,10.83
33674,10.83,False,10.83
33675,10.83,False,10.83
33676,10.83,False,10.83
33677,10.83,False,10.83
33678,10.83,False,10.83
33679,10.83,False,10.83
33680,10.83,False,10.83
33681,11.67,False,10.998000000000001
33682,11.67,False,11.166
33683,11.67,False,11.334
33684,11.67,False,11.502
33685,11.67,False,11.67
33686,11.67,False,11.67
33687,11.67,False,11.67
33688,11.67,False,11.67
33689,11.67,False,11.67
33690,11.67,False,11.67
33691,11.67,False,11.67
33692,11.67,False,11.67
33693,11.67,False,11.67
33694,11.67,False,11.67
33695,11.67,False,11.67
33696,11.67,False,11.67
33697,11.67,False,11.67
33698,11.67,False,11.67
33699,11.67,False,11.67
33700,11.67,False,11.67
33701,11.67,False,11.67
33702,11.67,False,11.67
33703,11.67,False,11.67
33704,11.67,False,11.67
33705,11.67,False,11.67
33706,11.67,False,11.67
33707,11.67,False,11.67
33708,11.67,False,11.67
33709,11.67,False,11.67
33710,11.67,False,11.67
33711,11.67,False,11.67
33712,11.67,False,11.67
33713,11.67,False,11.67
33714,11.67,False,11.67
33715,11.67,False,11.67
33716,11.67,False,11.67
33717,11.67,False,11.67
33718,11.67,False,11.67
33719,11.67,False,11.67
33720,11.67,False,11.67
33721,11.67,False,11.67
33722,11.67,False,11.67
33723,11.67,False,11.67
33724,11.67,False,11.67
33725,11.67,False,11.67
33726,11.67,False,11.67
33727,11.67,False,11.67
33728,11.67,False,11.67
33729,11.67,False,11.67
33730,11.67,False,11.67
33731,11.67,False,11.67
33732,11.67,False,11.67
33733,11.67,False,11.67
33734,11.67,False,11.67
33735,11.67,False,11.67
33736,11.67,False,11.67
33737,11.67,False,11.67
33738,11.67,False,11.67
33739,11.67,False,11.67
33740,11.67,False,11.67
33741,11.67,False,11.67
33742,11.67,False,11.67
33743,11.67,False,11.67
33744,11.67,False,11.67
33745,11.67,False,11.67
33746,11.67,False,11.67
33747,11.67,False,11.67
33748,11.67,False,11.67
33749,11.67,False,11.67
33750,11.67,False,11.67
33751,11.67,False,11.67
33752,11.67,False,11.67
33753,11.67,False,11.67
33754,11.67,False,11.67
33755,11.67,False,11.67
33756,11.67,False,11.67
33757,11.67,False,11.67
33758,11.67,False,11.67
33759,11.67,False,11.67
33760,11.67,False,11.67
33761,11.67,False,11.67
33762,11.67,False,11.67
33763,11.67,False,11.67
33764,11.67,False,11.67
33765,11.67,False,11.67
33766,11.67,False,11.67
33767,11.67,False,11.67
33768,11.67,False,11.67
33769,11.67,False,11.67
33770,11.67,False,11.67
33771,11.67,False,11.67
33772,11.67,False,11.67
33773,10.83,False,11.501999999999999
33774,10.83,False,11.334
33775,10.83,False,11.166
33776,10.83,False,10.998
33777,10.83,False,10.83
33778,10.83,False,10.83
33779,10.83,False,10.83
33780,10.83,False,10.83
33781,10.83,False,10.83
33782,10.83,False,10.83
33783,10.83,False,10.83
33784,10.83,False,10.83
33785,10.83,False,10.83
33786,10.83,False,10.83
33787,10.83,False,10.83
33788,10.83,False,10.83
33789,10.83,False,10.83
33790,10.83,False,10.83
33791,10.83,False,10.83
33792,10.83,False,10.83
33793,10.83,False,10.83
33794,10.83,False,10.83
33795,10.83,False,10.83
33796,10.83,False,10.83
33797,10.83,False,10.83
33798,10.83,False,10.83
33799,10.83,False,10.83
33800,10.83,False,10.83
33801,10.83,False,10.83
33802,10.83,False,10.83
33803,10.83,False,10.83
33804,10.83,False,10.83
33805,10.83,False,10.83
33806,10.83,False,10.83
33807,10.83,False,10.83
33808,10.83,False,10.83
33809,10.83,False,10.83
33810,10.83,False,10.83
33811,10.83,False,10.83
33812,10.83,False,10.83
33813,10.83,False,10.83
33814,10.83,False,10.83
33815,10.83,False,10.83
33816,10.83,False,10.83
33817,10.83,False,10.83
33818,10.83,False,10.83
33819,10.83,False,10.83
33820,10.83,False,10.83
33821,10.83,False,10.83
33822,10.83,False,10.83
33823,10.83,False,10.83
33824,10.0,False,10.664
33825,10.0,False,10.498
33826,10.0,False,10.331999999999999
33827,10.0,False,10.166
33828,10.0,False,10.0
33829,10.0,False,10.0
33830,10.0,False,10.0
33831,10.0,False,10.0
33832,10.0,False,10.0
33833,10.0,False,10.0
33834,10.0,False,10.0
33835,10.0,False,10.0
33836,10.0,False,10.0
33837,10.0,False,10.0
33838,10.0,False,10.0
33839,10.0,False,10.0
33840,10.0,False,10.0
33841,10.0,False,10.0
33842,10.0,False,10.0
33843,10.0,False,10.0
33844,10.0,False,10.0
33845,10.0,False,10.0
33846,10.0,False,10.0
33847,10.0,False,10.0
33848,10.0,False,10.0
33849,10.0,False,10.0
33850,10.0,False,10.0
33851,10.0,False,10.0
33852,10.0,False,10.0
33853,10.0,False,10.0
33854,10.0,False,10.0
33855,10.0,False,10.0
33856,10.0,False,10.0
33857,10.0,False,10.0
33858,10.0,False,10.0
33859,10.0,False,10.0
33860,10.0,False,10.0
33861,10.0,False,10.0
33862,10.0,False,10.0
33863,10.0,False,10.0
33864,10.0,False,10.0
33865,10.0,False,10.0
33866,10.0,False,10.0
33867,10.0,False,10.0
33868,10.0,False,10.0
33869,10.0,False,10.0
33870,10.0,False,10.0
33871,10.0,False,10.0
33872,10.0,False,10.0
33873,10.0,False,10.0
33874,10.0,False,10.0
33875,10.0,False,10.0
33876,10.0,False,10.0
33877,10.0,False,10.0
33878,10.0,False,10.0
33879,10.0,False,10.0
33880,10.0,False,10.0
33881,10.0,False,10.0
33882,10.0,False,10.0
33883,10.0,False,10.0
33884,10.0,False,10.0
33885,10.0,False,10.0
33886,10.0,False,10.0
33887,10.0,False,10.0
33888,10.0,False,10.0
33889,10.0,False,10.0
33890,10.0,False,10.0
33891,10.0,False,10.0
33892,10.0,False,10.0
33893,10.0,False,10.0
33894,10.0,False,10.0
33895,10.0,False,10.0
33896,10.0,False,10.0
33897,10.0,False,10.0
33898,10.0,False,10.0
33899,10.0,False,10.0
33900,10.0,False,10.0
33901,10.0,False,10.0
33902,10.0,False,10.0
33903,10.0,False,10.0
33904,10.0,False,10.0
33905,10.0,False,10.0
33906,10.0,False,10.0
33907,10.0,False,10.0
33908,10.0,False,10.0
33909,10.0,False,10.0
33910,10.0,False,10.0
33911,10.0,False,10.0
33912,10.0,False,10.0
33913,10.0,False,10.0
33914,10.0,False,10.0
33915,10.0,False,10.0
33916,10.0,False,10.0
33917,10.0,False,10.0
33918,10.0,False,10.0
33919,10.0,False,10.0
33920,10.0,False,10.0
33921,10.0,False,10.0
33922,10.0,False,10.0
33923,10.0,False,10.0
33924,10.0,False,10.0
33925,10.0,False,10.0
33926,10.0,False,10.0
33927,10.0,False,10.0
33928,10.0,False,10.0
33929,10.0,False,10.0
33930,10.0,False,10.0
33931,10.0,False,10.0
33932,10.0,False,10.0
33933,10.0,False,10.0
33934,10.0,False,10.0
33935,10.0,False,10.0
33936,10.0,False,10.0
33937,10.0,False,10.0
33938,10.0,False,10.0
33939,10.0,False,10.0
33940,10.0,False,10.0
33941,10.0,False,10.0
33942,10.0,False,10.0
33943,10.0,False,10.0
33944,10.0,False,10.0
33945,10.0,False,10.0
33946,10.0,False,10.0
33947,10.0,False,10.0
33948,10.0,False,10.0
33949,10.0,False,10.0
33950,10.0,False,10.0
33951,10.0,False,10.0
33952,10.0,False,10.0
33953,10.0,False,10.0
33954,10.0,False,10.0
33955,10.0,False,10.0
33956,10.0,False,10.0
33957,10.0,False,10.0
33958,10.0,False,10.0
33959,10.0,False,10.0
33960,10.0,False,10.0
33961,10.0,False,10.0
33962,10.0,False,10.0
33963,10.0,False,10.0
33964,10.0,False,10.0
33965,10.0,False,10.0
33966,10.0,False,10.0
33967,10.0,False,10.0
33968,10.0,False,10.0
33969,10.0,False,10.0
33970,10.0,False,10.0
33971,10.0,False,10.0
33972,10.0,False,10.0
33973,10.0,False,10.0
33974,10.0,False,10.0
33975,10.0,False,10.0
33976,10.83,False,10.166
33977,10.83,False,10.332
33978,10.83,False,10.498000000000001
33979,10.83,False,10.664
33980,10.83,False,10.83
33981,10.83,False,10.83
33982,10.83,False,10.83
33983,10.83,False,10.83
33984,10.83,False,10.83
33985,10.83,False,10.83
33986,10.83,False,10.83
33987,10.83,False,10.83
33988,10.83,False,10.83
33989,10.83,False,10.83
33990,10.83,False,10.83
33991,10.83,False,10.83
33992,10.83,False,10.83
33993,10.83,False,10.83
33994,10.83,False,10.83
33995,10.83,False,10.83
33996,10.83,False,10.83
33997,10.83,False,10.83
33998,10.83,False,10.83
33999,10.83,False,10.83
34000,10.83,False,10.83
34001,10.83,False,10.83
34002,10.83,False,10.83
34003,10.83,False,10.83
34004,10.83,False,10.83
34005,10.83,False,10.83
34006,10.83,False,10.83
34007,10.83,False,10.83
34008,10.83,False,10.83
34009,10.83,False,10.83
34010,10.83,False,10.83
34011,10.83,False,10.83
34012,10.83,False,10.83
34013,10.83,False,10.83
34014,10.83,False,10.83
34015,10.83,False,10.83
34016,10.83,False,10.83
34017,10.83,False,10.83
34018,10.83,False,10.83
34019,10.83,False,10.83
34020,10.83,False,10.83
34021,10.83,False,10.83
34022,10.83,False,10.83
34023,10.83,False,10.83
34024,10.83,False,10.83
34025,10.83,False,10.83
34026,10.83,False,10.83
34027,10.83,False,10.83
34028,10.83,False,10.83
34029,10.83,False,10.83
34030,10.83,False,10.83
34031,10.83,False,10.83
34032,10.83,False,10.83
34033,10.83,False,10.83
34034,10.83,False,10.83
34035,10.83,False,10.83
34036,10.83,False,10.83
34037,10.83,False,10.83
34038,10.83,False,10.83
34039,10.83,False,10.83
34040,10.83,False,10.83
34041,10.83,False,10.83
34042,10.83,False,10.83
34043,10.83,False,10.83
34044,10.83,False,10.83
34045,10.83,False,10.83
34046,10.83,False,10.83
34047,10.83,False,10.83
34048,10.83,False,10.83
34049,11.67,False,10.998000000000001
34050,11.67,False,11.166
34051,11.67,False,11.334
34052,11.67,False,11.502
34053,11.67,False,11.67
34054,11.67,False,11.67
34055,11.67,False,11.67
34056,11.67,False,11.67
34057,11.67,False,11.67
34058,11.67,False,11.67
34059,11.67,False,11.67
34060,11.67,False,11.67
34061,11.67,False,11.67
34062,11.67,False,11.67
34063,11.67,False,11.67
34064,11.67,False,11.67
34065,11.67,False,11.67
34066,11.67,False,11.67
34067,11.67,False,11.67
34068,11.67,False,11.67
34069,11.67,False,11.67
34070,11.67,False,11.67
34071,11.67,False,11.67
34072,11.67,False,11.67
34073,11.67,False,11.67
34074,11.67,False,11.67
34075,11.67,False,11.67
34076,11.67,False,11.67
34077,11.67,False,11.67
34078,11.67,False,11.67
34079,11.67,False,11.67
34080,11.67,False,11.67
34081,11.67,False,11.67
34082,11.67,False,11.67
34083,11.67,False,11.67
34084,11.67,False,11.67
34085,11.67,False,11.67
34086,11.67,False,11.67
34087,11.67,False,11.67
34088,11.67,False,11.67
34089,11.67,False,11.67
34090,11.67,False,11.67
34091,11.67,False,11.67
34092,11.67,False,11.67
34093,11.67,False,11.67
34094,11.67,False,11.67
34095,11.67,False,11.67
34096,11.67,False,11.67
34097,11.67,False,11.67
34098,11.67,False,11.67
34099,11.67,False,11.67
34100,11.67,False,11.67
34101,11.67,False,11.67
34102,11.67,False,11.67
34103,11.67,False,11.67
34104,11.67,False,11.67
34105,11.67,False,11.67
34106,11.67,False,11.67
34107,11.67,False,11.67
34108,11.67,False,11.67
34109,11.67,False,11.67
34110,11.67,False,11.67
34111,11.67,False,11.67
34112,11.67,False,11.67
34113,11.67,False,11.67
34114,11.67,False,11.67
34115,11.67,False,11.67
34116,11.67,False,11.67
34117,11.67,False,11.67
34118,11.67,False,11.67
34119,11.67,False,11.67
34120,11.67,False,11.67
34121,11.67,False,11.67
34122,11.67,False,11.67
34123,11.67,False,11.67
34124,11.67,False,11.67
34125,11.67,False,11.67
34126,11.67,False,11.67
34127,11.67,False,11.67
34128,11.67,False,11.67
34129,11.67,False,11.67
34130,11.67,False,11.67
34131,11.67,False,11.67
34132,11.67,False,11.67
34133,11.67,False,11.67
34134,11.67,False,11.67
34135,11.67,False,11.67
34136,11.67,False,11.67
34137,11.67,False,11.67
34138,11.67,False,11.67
34139,11.67,False,11.67
34140,11.67,False,11.67
34141,11.67,False,11.67
34142,11.67,False,11.67
34143,11.67,False,11.67
34144,11.67,False,11.67
34145,11.67,False,11.67
34146,11.67,False,11.67
34147,11.67,False,11.67
34148,11.67,False,11.67
34149,11.67,False,11.67
34150,11.67,False,11.67
34151,11.67,False,11.67
34152,11.67,False,11.67
34153,11.67,False,11.67
34154,11.67,False,11.67
34155,11.67,False,11.67
34156,11.67,False,11.67
34157,11.67,False,11.67
34158,11.67,False,11.67
34159,11.67,False,11.67
34160,11.67,False,11.67
34161,11.67,False,11.67
34162,11.67,False,11.67
34163,11.67,False,11.67
34164,11.67,False,11.67
34165,11.67,False,11.67
34166,11.67,False,11.67
34167,11.67,False,11.67
34168,11.67,False,11.67
34169,11.67,False,11.67
34170,11.67,False,11.67
34171,11.67,False,11.67
34172,11.67,False,11.67
34173,11.67,False,11.67
34174,11.67,False,11.67
34175,11.67,False,11.67
34176,11.67,False,11.67
34177,11.67,False,11.67
34178,11.67,False,11.67
34179,11.67,False,11.67
34180,11.67,False,11.67
34181,11.67,False,11.67
34182,11.67,False,11.67
34183,11.67,False,11.67
34184,11.67,False,11.67
34185,11.67,False,11.67
34186,11.67,False,11.67
34187,11.67,False,11.67
34188,11.67,False,11.67
34189,11.67,False,11.67
34190,11.67,False,11.67
34191,11.67,False,11.67
34192,11.67,False,11.67
34193,11.67,False,11.67
34194,11.67,False,11.67
34195,11.67,False,11.67
34196,11.67,False,11.67
34197,11.67,False,11.67
34198,11.67,False,11.67
34199,11.67,False,11.67
34200,11.67,False,11.67
34201,11.67,False,11.67
34202,11.67,False,11.67
34203,11.67,False,11.67
34204,11.67,False,11.67
34205,11.67,False,11.67
34206,11.67,False,11.67
34207,11.67,False,11.67
34208,11.67,False,11.67
34209,11.67,False,11.67
34210,11.67,False,11.67
34211,11.67,False,11.67
34212,11.67,False,11.67
34213,11.67,False,11.67
34214,11.67,False,11.67
34215,11.67,False,11.67
34216,11.67,False,11.67
34217,11.67,False,11.67
34218,11.67,False,11.67
34219,11.67,False,11.67
34220,11.67,False,11.67
34221,11.67,False,11.67
34222,11.67,False,11.67
34223,11.67,False,11.67
34224,11.67,False,11.67
34225,11.67,False,11.67
34226,11.67,False,11.67
34227,11.67,False,11.67
34228,11.67,False,11.67
34229,11.67,False,11.67
34230,11.67,False,11.67
34231,11.67,False,11.67
34232,11.67,False,11.67
34233,11.67,False,11.67
34234,11.67,False,11.67
34235,11.67,False,11.67
34236,11.67,False,11.67
34237,11.67,False,11.67
34238,11.67,False,11.67
34239,11.67,False,11.67
34240,11.67,False,11.67
34241,11.67,False,11.67
34242,11.67,False,11.67
34243,11.67,False,11.67
34244,11.67,False,11.67
34245,11.67,False,11.67
34246,11.67,False,11.67
34247,11.67,False,11.67
34248,11.67,False,11.67
34249,11.67,False,11.67
34250,11.67,False,11.67
34251,11.67,False,11.67
34252,11.67,False,11.67
34253,11.67,False,11.67
34254,11.67,False,11.67
34255,11.67,False,11.67
34256,11.67,False,11.67
34257,11.67,False,11.67
34258,11.67,False,11.67
34259,11.67,False,11.67
34260,11.67,False,11.67
34261,11.67,False,11.67
34262,11.67,False,11.67
34263,11.67,False,11.67
34264,11.67,False,11.67
34265,11.67,False,11.67
34266,11.67,False,11.67
34267,11.67,False,11.67
34268,11.67,False,11.67
34269,11.67,False,11.67
34270,11.67,False,11.67
34271,11.67,False,11.67
34272,11.67,False,11.67
34273,11.67,False,11.67
34274,11.67,False,11.67
34275,11.67,False,11.67
34276,11.67,False,11.67
34277,11.67,False,11.67
34278,11.67,False,11.67
34279,11.67,False,11.67
34280,11.67,False,11.67
34281,11.67,False,11.67
34282,11.67,False,11.67
34283,11.67,False,11.67
34284,11.67,False,11.67
34285,11.67,False,11.67
34286,11.67,False,11.67
34287,11.67,False,11.67
34288,11.67,False,11.67
34289,11.67,False,11.67
34290,11.67,False,11.67
34291,11.67,False,11.67
34292,11.67,False,11.67
34293,11.67,False,11.67
34294,11.67,False,11.67
34295,11.67,False,11.67
34296,11.67,False,11.67
34297,11.67,False,11.67
34298,11.67,False,11.67
34299,11.67,False,11.67
34300,11.67,False,11.67
34301,10.83,False,11.501999999999999
34302,10.83,False,11.334
34303,10.83,False,11.166
34304,10.83,False,10.998
34305,11.67,False,10.998
34306,11.67,False,11.166
34307,11.67,False,11.334
34308,11.67,False,11.502
34309,11.67,False,11.67
34310,11.67,False,11.67
34311,11.67,False,11.67
34312,11.67,False,11.67
34313,11.67,False,11.67
34314,11.67,False,11.67
34315,11.67,False,11.67
34316,11.67,False,11.67
34317,11.67,False,11.67
34318,11.67,False,11.67
34319,11.67,False,11.67
34320,11.67,False,11.67
34321,11.67,False,11.67
34322,11.67,False,11.67
34323,11.67,False,11.67
34324,11.67,False,11.67
34325,11.67,False,11.67
34326,11.67,False,11.67
34327,11.67,False,11.67
34328,11.67,False,11.67
34329,11.67,False,11.67
34330,11.67,False,11.67
34331,11.67,False,11.67
34332,11.67,False,11.67
34333,11.67,False,11.67
34334,11.67,False,11.67
34335,11.67,False,11.67
34336,11.67,False,11.67
34337,11.67,False,11.67
34338,11.67,False,11.67
34339,11.67,False,11.67
34340,11.67,False,11.67
34341,11.67,False,11.67
34342,11.67,False,11.67
34343,11.67,False,11.67
34344,11.67,False,11.67
34345,11.67,False,11.67
34346,11.67,False,11.67
34347,11.67,False,11.67
34348,11.67,False,11.67
34349,11.67,False,11.67
34350,11.67,False,11.67
34351,10.83,False,11.501999999999999
34352,10.83,False,11.334
34353,10.83,False,11.166
34354,10.83,False,10.998000000000001
34355,10.83,False,10.83
34356,10.83,False,10.83
34357,10.83,False,10.83
34358,10.83,False,10.83
34359,10.83,False,10.83
34360,10.83,False,10.83
34361,10.83,False,10.83
34362,10.83,False,10.83
34363,10.83,False,10.83
34364,10.83,False,10.83
34365,10.83,False,10.83
34366,10.83,False,10.83
34367,10.83,False,10.83
34368,10.83,False,10.83
34369,10.83,False,10.83
34370,10.83,False,10.83
34371,10.83,False,10.83
34372,10.83,False,10.83
34373,10.83,False,10.83
34374,10.83,False,10.83
34375,10.83,False,10.83
34376,10.83,False,10.83
34377,10.83,False,10.83
34378,10.83,False,10.83
34379,10.83,False,10.83
34380,10.83,False,10.83
34381,10.83,False,10.83
34382,10.83,False,10.83
34383,10.83,False,10.83
34384,10.83,False,10.83
34385,10.83,False,10.83
34386,10.83,False,10.83
34387,10.83,False,10.83
34388,10.83,False,10.83
34389,10.83,False,10.83
34390,10.83,False,10.83
34391,10.83,False,10.83
34392,10.83,False,10.83
34393,10.83,False,10.83
34394,10.83,False,10.83
34395,10.83,False,10.83
34396,10.83,False,10.83
34397,10.83,False,10.83
34398,10.83,False,10.83
34399,10.83,False,10.83
34400,10.83,False,10.83
34401,10.83,False,10.83
34402,10.83,False,10.83
34403,10.83,False,10.83
34404,10.83,False,10.83
34405,10.83,False,10.83
34406,10.83,False,10.83
34407,10.83,False,10.83
34408,10.83,False,10.83
34409,10.83,False,10.83
34410,10.83,False,10.83
34411,10.83,False,10.83
34412,10.83,False,10.83
34413,10.83,False,10.83
34414,10.83,False,10.83
34415,10.83,False,10.83
34416,10.83,False,10.83
34417,10.83,False,10.83
34418,10.83,False,10.83
34419,10.83,False,10.83
34420,10.83,False,10.83
34421,10.83,False,10.83
34422,10.83,False,10.83
34423,10.83,False,10.83
34424,10.83,False,10.83
34425,10.83,False,10.83
34426,10.83,False,10.83
34427,10.83,False,10.83
34428,10.83,False,10.83
34429,10.83,False,10.83
34430,10.83,False,10.83
34431,10.83,False,10.83
34432,10.83,False,10.83
34433,10.83,False,10.83
34434,10.83,False,10.83
34435,10.83,False,10.83
34436,10.83,False,10.83
34437,10.83,False,10.83
34438,10.83,False,10.83
34439,10.83,False,10.83
34440,10.83,False,10.83
34441,10.83,False,10.83
34442,10.83,False,10.83
34443,11.67,False,10.998000000000001
34444,11.67,False,11.166
34445,11.67,False,11.334
34446,11.67,False,11.501999999999999
34447,11.67,False,11.67
34448,11.67,False,11.67
34449,11.67,False,11.67
34450,11.67,False,11.67
34451,11.67,False,11.67
34452,11.67,False,11.67
34453,11.67,False,11.67
34454,11.67,False,11.67
34455,11.67,False,11.67
34456,11.67,False,11.67
34457,11.67,False,11.67
34458,11.67,False,11.67
34459,11.67,False,11.67
34460,11.67,False,11.67
34461,11.67,False,11.67
34462,11.67,False,11.67
34463,11.67,False,11.67
34464,11.67,False,11.67
34465,11.67,False,11.67
34466,11.67,False,11.67
34467,11.67,False,11.67
34468,11.67,False,11.67
34469,11.67,False,11.67
34470,11.67,False,11.67
34471,11.67,False,11.67
34472,11.67,False,11.67
34473,11.67,False,11.67
34474,11.67,False,11.67
34475,11.67,False,11.67
34476,11.67,False,11.67
34477,11.67,False,11.67
34478,11.67,False,11.67
34479,11.67,False,11.67
34480,11.67,False,11.67
34481,11.67,False,11.67
34482,11.67,False,11.67
34483,11.67,False,11.67
34484,11.67,False,11.67
34485,11.67,False,11.67
34486,11.67,False,11.67
34487,11.67,False,11.67
34488,11.67,False,11.67
34489,11.67,False,11.67
34490,11.67,False,11.67
34491,11.67,False,11.67
34492,11.67,False,11.67
34493,11.67,False,11.67
34494,11.67,False,11.67
34495,11.67,False,11.67
34496,11.67,False,11.67
34497,11.67,False,11.67
34498,11.67,False,11.67
34499,11.67,False,11.67
34500,11.67,False,11.67
34501,11.67,False,11.67
34502,11.67,False,11.67
34503,11.67,False,11.67
34504,11.67,False,11.67
34505,11.67,False,11.67
34506,11.67,False,11.67
34507,11.67,False,11.67
34508,11.67,False,11.67
34509,11.67,False,11.67
34510,11.67,False,11.67
34511,11.67,False,11.67
34512,11.67,False,11.67
34513,11.67,False,11.67
34514,11.67,False,11.67
34515,11.67,False,11.67
34516,11.67,False,11.67
34517,11.67,False,11.67
34518,11.67,False,11.67
34519,11.67,False,11.67
34520,11.67,False,11.67
34521,11.67,False,11.67
34522,11.67,False,11.67
34523,11.67,False,11.67
34524,11.67,False,11.67
34525,11.67,False,11.67
34526,11.67,False,11.67
34527,11.67,False,11.67
34528,11.67,False,11.67
34529,11.67,False,11.67
34530,11.67,False,11.67
34531,11.67,False,11.67
34532,11.67,False,11.67
34533,11.67,False,11.67
34534,11.67,False,11.67
34535,11.67,False,11.67
34536,11.67,False,11.67
34537,11.67,False,11.67
34538,11.67,False,11.67
34539,11.67,False,11.67
34540,11.67,False,11.67
34541,11.67,False,11.67
34542,11.67,False,11.67
34543,11.67,False,11.67
34544,11.67,False,11.67
34545,11.67,False,11.67
34546,11.67,False,11.67
34547,11.67,False,11.67
34548,11.67,False,11.67
34549,11.67,False,11.67
34550,11.67,False,11.67
34551,11.67,False,11.67
34552,11.67,False,11.67
34553,11.67,False,11.67
34554,11.67,False,11.67
34555,11.67,False,11.67
34556,11.67,False,11.67
34557,11.67,False,11.67
34558,11.67,False,11.67
34559,11.67,False,11.67
34560,11.67,False,11.67
34561,13.33,False,12.001999999999999
34562,13.33,False,12.334
34563,13.33,False,12.666
34564,13.33,False,12.998
34565,13.33,False,13.33
34566,13.33,False,13.33
34567,13.33,False,13.33
34568,13.33,False,13.33
34569,13.33,False,13.33
34570,13.33,False,13.33
34571,13.33,False,13.33
34572,13.33,False,13.33
34573,13.33,False,13.33
34574,13.33,False,13.33
34575,13.33,False,13.33
34576,13.33,False,13.33
34577,13.33,False,13.33
34578,13.33,False,13.33
34579,13.33,False,13.33
34580,13.33,False,13.33
34581,13.33,False,13.33
34582,13.33,False,13.33
34583,13.33,False,13.33
34584,13.33,False,13.33
34585,12.5,False,13.164000000000001
34586,12.5,False,12.998
34587,12.5,False,12.831999999999999
34588,12.5,False,12.666
34589,12.5,False,12.5
34590,12.5,False,12.5
34591,12.5,False,12.5
34592,12.5,False,12.5
34593,12.5,False,12.5
34594,12.5,False,12.5
34595,12.5,False,12.5
34596,12.5,False,12.5
34597,12.5,False,12.5
34598,12.5,False,12.5
34599,12.5,False,12.5
34600,12.5,False,12.5
34601,12.5,False,12.5
34602,12.5,False,12.5
34603,12.5,False,12.5
34604,12.5,False,12.5
34605,12.5,False,12.5
34606,12.5,False,12.5
34607,12.5,False,12.5
34608,12.5,False,12.5
34609,12.5,False,12.5
34610,12.5,False,12.5
34611,12.5,False,12.5
34612,12.5,False,12.5
34613,12.5,False,12.5
34614,12.5,False,12.5
34615,13.33,False,12.666
34616,13.33,False,12.831999999999999
34617,13.33,False,12.998
34618,13.33,False,13.163999999999998
34619,13.33,False,13.33
34620,13.33,False,13.33
34621,13.33,False,13.33
34622,13.33,False,13.33
34623,13.33,False,13.33
34624,13.33,False,13.33
34625,13.33,False,13.33
34626,13.33,False,13.33
34627,13.33,False,13.33
34628,13.33,False,13.33
34629,13.33,False,13.33
34630,13.33,False,13.33
34631,13.33,False,13.33
34632,13.33,False,13.33
34633,13.33,False,13.33
34634,13.33,False,13.33
34635,13.33,False,13.33
34636,13.33,False,13.33
34637,13.33,False,13.33
34638,13.33,False,13.33
34639,13.33,False,13.33
34640,13.33,False,13.33
34641,13.33,False,13.33
34642,13.33,False,13.33
34643,13.33,False,13.33
34644,13.33,False,13.33
34645,13.33,False,13.33
34646,13.33,False,13.33
34647,13.33,False,13.33
34648,13.33,False,13.33
34649,13.33,False,13.33
34650,13.33,False,13.33
34651,13.33,False,13.33
34652,13.33,False,13.33
34653,13.33,False,13.33
34654,13.33,False,13.33
34655,13.33,False,13.33
34656,13.33,False,13.33
34657,13.33,False,13.33
34658,13.33,False,13.33
34659,13.33,False,13.33
34660,13.33,False,13.33
34661,13.33,False,13.33
34662,13.33,False,13.33
34663,13.33,False,13.33
34664,13.33,False,13.33
34665,13.33,False,13.33
34666,13.33,False,13.33
34667,13.33,False,13.33
34668,13.33,False,13.33
34669,13.33,False,13.33
34670,13.33,False,13.33
34671,13.33,False,13.33
34672,13.33,False,13.33
34673,13.33,False,13.33
34674,13.33,False,13.33
34675,13.33,False,13.33
34676,13.33,False,13.33
34677,13.33,False,13.33
34678,13.33,False,13.33
34679,13.33,False,13.33
34680,13.33,False,13.33
34681,13.33,False,13.33
34682,13.33,False,13.33
34683,13.33,False,13.33
34684,13.33,False,13.33
34685,13.33,False,13.33
34686,13.33,False,13.33
34687,13.33,False,13.33
34688,13.33,False,13.33
34689,13.33,False,13.33
34690,13.33,False,13.33
34691,13.33,False,13.33
34692,13.33,False,13.33
34693,13.33,False,13.33
34694,13.33,False,13.33
34695,13.33,False,13.33
34696,13.33,False,13.33
34697,13.33,False,13.33
34698,13.33,False,13.33
34699,13.33,False,13.33
34700,13.33,False,13.33
34701,13.33,False,13.33
34702,13.33,False,13.33
34703,13.33,False,13.33
34704,13.33,False,13.33
34705,13.33,False,13.33
34706,13.33,False,13.33
34707,13.33,False,13.33
34708,13.33,False,13.33
34709,13.33,False,13.33
34710,13.33,False,13.33
34711,13.33,False,13.33
34712,13.33,False,13.33
34713,13.33,False,13.33
34714,13.33,False,13.33
34715,13.33,False,13.33
34716,13.33,False,13.33
34717,13.33,False,13.33
34718,13.33,False,13.33
34719,13.33,False,13.33
34720,13.33,False,13.33
34721,13.33,False,13.33
34722,13.33,False,13.33
34723,13.33,False,13.33
34724,13.33,False,13.33
34725,13.33,False,13.33
34726,13.33,False,13.33
34727,13.33,False,13.33
34728,13.33,False,13.33
34729,13.33,False,13.33
34730,13.33,False,13.33
34731,13.33,False,13.33
34732,13.33,False,13.33
34733,13.33,False,13.33
34734,13.33,False,13.33
34735,13.33,False,13.33
34736,13.33,False,13.33
34737,13.33,False,13.33
34738,13.33,False,13.33
34739,13.33,False,13.33
34740,13.33,False,13.33
34741,13.33,False,13.33
34742,13.33,False,13.33
34743,13.33,False,13.33
34744,13.33,False,13.33
34745,13.33,False,13.33
34746,13.33,False,13.33
34747,13.33,False,13.33
34748,13.33,False,13.33
34749,13.33,False,13.33
34750,13.33,False,13.33
34751,13.33,False,13.33
34752,13.33,False,13.33
34753,13.33,False,13.33
34754,13.33,False,13.33
34755,13.33,False,13.33
34756,13.33,False,13.33
34757,13.33,False,13.33
34758,13.33,False,13.33
34759,13.33,False,13.33
34760,13.33,False,13.33
34761,13.33,False,13.33
34762,13.33,False,13.33
34763,13.33,False,13.33
34764,13.33,False,13.33
34765,13.33,False,13.33
34766,13.33,False,13.33
34767,13.33,False,13.33
34768,13.33,False,13.33
34769,13.33,False,13.33
34770,13.33,False,13.33
34771,13.33,False,13.33
34772,13.33,False,13.33
34773,13.33,False,13.33
34774,13.33,False,13.33
34775,13.33,False,13.33
34776,13.33,False,13.33
34777,13.33,False,13.33
34778,13.33,False,13.33
34779,13.33,False,13.33
34780,13.33,False,13.33
34781,13.33,False,13.33
34782,13.33,False,13.33
34783,13.33,False,13.33
34784,13.33,False,13.33
34785,13.33,False,13.33
34786,13.33,False,13.33
34787,13.33,False,13.33
34788,13.33,False,13.33
34789,13.33,False,13.33
34790,13.33,False,13.33
34791,13.33,False,13.33
34792,13.33,False,13.33
34793,13.33,False,13.33
34794,13.33,False,13.33
34795,13.33,False,13.33
34796,13.33,False,13.33
34797,13.33,False,13.33
34798,13.33,False,13.33
34799,13.33,False,13.33
34800,13.33,False,13.33
34801,13.33,False,13.33
34802,13.33,False,13.33
34803,13.33,False,13.33
34804,13.33,False,13.33
34805,13.33,False,13.33
34806,13.33,False,13.33
34807,13.33,False,13.33
34808,13.33,False,13.33
34809,13.33,False,13.33
34810,13.33,False,13.33
34811,13.33,False,13.33
34812,13.33,False,13.33
34813,13.33,False,13.33
34814,13.33,False,13.33
34815,13.33,False,13.33
34816,13.33,False,13.33
34817,14.17,False,13.498
34818,14.17,False,13.666
34819,14.17,False,13.834
34820,14.17,False,14.001999999999999
34821,14.17,False,14.17
34822,14.17,False,14.17
34823,14.17,False,14.17
34824,14.17,False,14.17
34825,14.17,False,14.17
34826,14.17,False,14.17
34827,14.17,False,14.17
34828,14.17,False,14.17
34829,14.17,False,14.17
34830,14.17,False,14.17
34831,14.17,False,14.17
34832,14.17,False,14.17
34833,14.17,False,14.17
34834,14.17,False,14.17
34835,14.17,False,14.17
34836,14.17,False,14.17
34837,14.17,False,14.17
34838,14.17,False,14.17
34839,14.17,False,14.17
34840,14.17,False,14.17
34841,14.17,False,14.17
34842,14.17,False,14.17
34843,14.17,False,14.17
34844,14.17,False,14.17
34845,14.17,False,14.17
34846,14.17,False,14.17
34847,14.17,False,14.17
34848,14.17,False,14.17
34849,13.33,False,14.002
34850,13.33,False,13.834
34851,13.33,False,13.666
34852,13.33,False,13.498000000000001
34853,13.33,False,13.33
34854,13.33,False,13.33
34855,13.33,False,13.33
34856,13.33,False,13.33
34857,13.33,False,13.33
34858,13.33,False,13.33
34859,13.33,False,13.33
34860,13.33,False,13.33
34861,13.33,False,13.33
34862,13.33,False,13.33
34863,13.33,False,13.33
34864,13.33,False,13.33
34865,13.33,False,13.33
34866,13.33,False,13.33
34867,13.33,False,13.33
34868,13.33,False,13.33
34869,13.33,False,13.33
34870,13.33,False,13.33
34871,13.33,False,13.33
34872,13.33,False,13.33
34873,13.33,False,13.33
34874,13.33,False,13.33
34875,13.33,False,13.33
34876,13.33,False,13.33
34877,13.33,False,13.33
34878,13.33,False,13.33
34879,13.33,False,13.33
34880,13.33,False,13.33
34881,13.33,False,13.33
34882,13.33,False,13.33
34883,13.33,False,13.33
34884,13.33,False,13.33
34885,13.33,False,13.33
34886,13.33,False,13.33
34887,13.33,False,13.33
34888,13.33,False,13.33
34889,13.33,False,13.33
34890,13.33,False,13.33
34891,13.33,False,13.33
34892,13.33,False,13.33
34893,13.33,False,13.33
34894,13.33,False,13.33
34895,13.33,False,13.33
34896,13.33,False,13.33
34897,13.33,False,13.33
34898,13.33,False,13.33
34899,13.33,False,13.33
34900,13.33,False,13.33
34901,13.33,False,13.33
34902,13.33,False,13.33
34903,13.33,False,13.33
34904,13.33,False,13.33
34905,13.33,False,13.33
34906,13.33,False,13.33
34907,13.33,False,13.33
34908,13.33,False,13.33
34909,13.33,False,13.33
34910,13.33,False,13.33
34911,13.33,False,13.33
34912,13.33,False,13.33
34913,13.33,False,13.33
34914,13.33,False,13.33
34915,13.33,False,13.33
34916,13.33,False,13.33
34917,13.33,False,13.33
34918,13.33,False,13.33
34919,13.33,False,13.33
34920,13.33,False,13.33
34921,13.33,False,13.33
34922,13.33,False,13.33
34923,13.33,False,13.33
34924,13.33,False,13.33
34925,13.33,False,13.33
34926,13.33,False,13.33
34927,13.33,False,13.33
34928,13.33,False,13.33
34929,13.33,False,13.33
34930,13.33,False,13.33
34931,13.33,False,13.33
34932,13.33,False,13.33
34933,13.33,False,13.33
34934,13.33,False,13.33
34935,13.33,False,13.33
34936,13.33,False,13.33
34937,13.33,False,13.33
34938,13.33,False,13.33
34939,13.33,False,13.33
34940,12.5,False,13.163999999999998
34941,12.5,False,12.998
34942,12.5,False,12.831999999999999
34943,12.5,False,12.666
34944,12.5,False,12.5
34945,12.5,False,12.5
34946,12.5,False,12.5
34947,12.5,False,12.5
34948,12.5,False,12.5
34949,12.5,False,12.5
34950,12.5,False,12.5
34951,12.5,False,12.5
34952,12.5,False,12.5
34953,12.5,False,12.5
34954,12.5,False,12.5
34955,12.5,False,12.5
34956,12.5,False,12.5
34957,12.5,False,12.5
34958,12.5,False,12.5
34959,12.5,False,12.5
34960,12.5,False,12.5
34961,12.5,False,12.5
34962,12.5,False,12.5
34963,12.5,False,12.5
34964,12.5,False,12.5
34965,12.5,False,12.5
34966,12.5,False,12.5
34967,12.5,False,12.5
34968,12.5,False,12.5
34969,12.5,False,12.5
34970,12.5,False,12.5
34971,12.5,False,12.5
34972,12.5,False,12.5
34973,12.5,False,12.5
34974,12.5,False,12.5
34975,12.5,False,12.5
34976,12.5,False,12.5
34977,12.5,False,12.5
34978,12.5,False,12.5
34979,12.5,False,12.5
34980,12.5,False,12.5
34981,12.5,False,12.5
34982,12.5,False,12.5
34983,12.5,False,12.5
34984,12.5,False,12.5
34985,12.5,False,12.5
34986,12.5,False,12.5
34987,12.5,False,12.5
34988,12.5,False,12.5
34989,12.5,False,12.5
34990,12.5,False,12.5
34991,12.5,False,12.5
34992,12.5,False,12.5
34993,12.5,False,12.5
34994,12.5,False,12.5
34995,12.5,False,12.5
34996,12.5,False,12.5
34997,12.5,False,12.5
34998,12.5,False,12.5
34999,12.5,False,12.5
35000,12.5,False,12.5
35001,12.5,False,12.5
35002,12.5,False,12.5
35003,12.5,False,12.5
35004,12.5,False,12.5
35005,12.5,False,12.5
35006,12.5,False,12.5
35007,12.5,False,12.5
35008,12.5,False,12.5
35009,12.5,False,12.5
35010,12.5,False,12.5
35011,12.5,False,12.5
35012,12.5,False,12.5
35013,12.5,False,12.5
35014,12.5,False,12.5
35015,12.5,False,12.5
35016,12.5,False,12.5
35017,12.5,False,12.5
35018,12.5,False,12.5
35019,12.5,False,12.5
35020,12.5,False,12.5
35021,12.5,False,12.5
35022,12.5,False,12.5
35023,12.5,False,12.5
35024,12.5,False,12.5
35025,12.5,False,12.5
35026,12.5,False,12.5
35027,12.5,False,12.5
35028,12.5,False,12.5
35029,12.5,False,12.5
35030,12.5,False,12.5
35031,12.5,False,12.5
35032,12.5,False,12.5
35033,12.5,False,12.5
35034,12.5,False,12.5
35035,12.5,False,12.5
35036,12.5,False,12.5
35037,12.5,False,12.5
35038,12.5,False,12.5
35039,12.5,False,12.5
35040,12.5,False,12.5
35041,12.5,False,12.5
35042,12.5,False,12.5
35043,12.5,False,12.5
35044,12.5,False,12.5
35045,12.5,False,12.5
35046,12.5,False,12.5
35047,12.5,False,12.5
35048,12.5,False,12.5
35049,12.5,False,12.5
35050,12.5,False,12.5
35051,12.5,False,12.5
35052,12.5,False,12.5
35053,12.5,False,12.5
35054,12.5,False,12.5
35055,12.5,False,12.5
35056,12.5,False,12.5
35057,12.5,False,12.5
35058,12.5,False,12.5
35059,12.5,False,12.5
35060,12.5,False,12.5
35061,12.5,False,12.5
35062,12.5,False,12.5
35063,12.5,False,12.5
35064,12.5,False,12.5
35065,12.5,False,12.5
35066,12.5,False,12.5
35067,12.5,False,12.5
35068,12.5,False,12.5
35069,12.5,False,12.5
35070,12.5,False,12.5
35071,12.5,False,12.5
35072,12.5,False,12.5
35073,13.33,False,12.666
35074,13.33,False,12.831999999999999
35075,13.33,False,12.998
35076,13.33,False,13.163999999999998
35077,13.33,False,13.33
35078,13.33,False,13.33
35079,13.33,False,13.33
35080,13.33,False,13.33
35081,13.33,False,13.33
35082,13.33,False,13.33
35083,13.33,False,13.33
35084,13.33,False,13.33
35085,13.33,False,13.33
35086,13.33,False,13.33
35087,13.33,False,13.33
35088,13.33,False,13.33
35089,13.33,False,13.33
35090,13.33,False,13.33
35091,13.33,False,13.33
35092,13.33,False,13.33
35093,13.33,False,13.33
35094,13.33,False,13.33
35095,13.33,False,13.33
35096,13.33,False,13.33
35097,13.33,False,13.33
35098,13.33,False,13.33
35099,13.33,False,13.33
35100,13.33,False,13.33
35101,13.33,False,13.33
35102,13.33,False,13.33
35103,13.33,False,13.33
35104,13.33,False,13.33
35105,13.33,False,13.33
35106,13.33,False,13.33
35107,13.33,False,13.33
35108,13.33,False,13.33
35109,13.33,False,13.33
35110,13.33,False,13.33
35111,13.33,False,13.33
35112,13.33,False,13.33
35113,13.33,False,13.33
35114,13.33,False,13.33
35115,13.33,False,13.33
35116,13.33,False,13.33
35117,13.33,False,13.33
35118,13.33,False,13.33
35119,13.33,False,13.33
35120,13.33,False,13.33
35121,13.33,False,13.33
35122,13.33,False,13.33
35123,13.33,False,13.33
35124,13.33,False,13.33
35125,13.33,False,13.33
35126,13.33,False,13.33
35127,13.33,False,13.33
35128,13.33,False,13.33
35129,13.33,False,13.33
35130,13.33,False,13.33
35131,13.33,False,13.33
35132,13.33,False,13.33
35133,13.33,False,13.33
35134,13.33,False,13.33
35135,13.33,False,13.33
35136,13.33,False,13.33
35137,13.33,False,13.33
35138,13.33,False,13.33
35139,13.33,False,13.33
35140,13.33,False,13.33
35141,13.33,False,13.33
35142,13.33,False,13.33
35143,13.33,False,13.33
35144,13.33,False,13.33
35145,13.33,False,13.33
35146,13.33,False,13.33
35147,13.33,False,13.33
35148,13.33,False,13.33
35149,13.33,False,13.33
35150,13.33,False,13.33
35151,13.33,False,13.33
35152,13.33,False,13.33
35153,13.33,False,13.33
35154,13.33,False,13.33
35155,13.33,False,13.33
35156,13.33,False,13.33
35157,13.33,False,13.33
35158,13.33,False,13.33
35159,13.33,False,13.33
35160,13.33,False,13.33
35161,13.33,False,13.33
35162,13.33,False,13.33
35163,13.33,False,13.33
35164,13.33,False,13.33
35165,13.33,False,13.33
35166,13.33,False,13.33
35167,13.33,False,13.33
35168,13.33,False,13.33
35169,13.33,False,13.33
35170,13.33,False,13.33
35171,13.33,False,13.33
35172,13.33,False,13.33
35173,13.33,False,13.33
35174,13.33,False,13.33
35175,13.33,False,13.33
35176,13.33,False,13.33
35177,13.33,False,13.33
35178,13.33,False,13.33
35179,13.33,False,13.33
35180,13.33,False,13.33
35181,13.33,False,13.33
35182,13.33,False,13.33
35183,13.33,False,13.33
35184,13.33,False,13.33
35185,13.33,False,13.33
35186,13.33,False,13.33
35187,13.33,False,13.33
35188,13.33,False,13.33
35189,13.33,False,13.33
35190,13.33,False,13.33
35191,13.33,False,13.33
35192,13.33,False,13.33
35193,13.33,False,13.33
35194,13.33,False,13.33
35195,13.33,False,13.33
35196,13.33,False,13.33
35197,13.33,False,13.33
35198,13.33,False,13.33
35199,13.33,False,13.33
35200,13.33,False,13.33
35201,13.33,False,13.33
35202,13.33,False,13.33
35203,13.33,False,13.33
35204,14.17,False,13.498000000000001
35205,14.17,False,13.666
35206,14.17,False,13.834
35207,14.17,False,14.002
35208,14.17,False,14.17
35209,14.17,False,14.17
35210,14.17,False,14.17
35211,14.17,False,14.17
35212,14.17,False,14.17
35213,14.17,False,14.17
35214,14.17,False,14.17
35215,14.17,False,14.17
35216,14.17,False,14.17
35217,14.17,False,14.17
35218,14.17,False,14.17
35219,14.17,False,14.17
35220,14.17,False,14.17
35221,14.17,False,14.17
35222,14.17,False,14.17
35223,14.17,False,14.17
35224,14.17,False,14.17
35225,14.17,False,14.17
35226,14.17,False,14.17
35227,14.17,False,14.17
35228,14.17,False,14.17
35229,14.17,False,14.17
35230,14.17,False,14.17
35231,14.17,False,14.17
35232,14.17,False,14.17
35233,14.17,False,14.17
35234,14.17,False,14.17
35235,14.17,False,14.17
35236,14.17,False,14.17
35237,14.17,False,14.17
35238,14.17,False,14.17
35239,14.17,False,14.17
35240,14.17,False,14.17
35241,14.17,False,14.17
35242,14.17,False,14.17
35243,14.17,False,14.17
35244,14.17,False,14.17
35245,14.17,False,14.17
35246,14.17,False,14.17
35247,14.17,False,14.17
35248,14.17,False,14.17
35249,14.17,False,14.17
35250,14.17,False,14.17
35251,14.17,False,14.17
35252,14.17,False,14.17
35253,14.17,False,14.17
35254,14.17,False,14.17
35255,14.17,False,14.17
35256,14.17,False,14.17
35257,14.17,False,14.17
35258,14.17,False,14.17
35259,14.17,False,14.17
35260,14.17,False,14.17
35261,14.17,False,14.17
35262,14.17,False,14.17
35263,14.17,False,14.17
35264,14.17,False,14.17
35265,15.0,False,14.336000000000002
35266,15.0,False,14.502
35267,15.0,False,14.668000000000001
35268,15.0,False,14.834
35269,15.0,False,15.0
35270,15.0,False,15.0
35271,15.0,False,15.0
35272,15.0,False,15.0
35273,15.0,False,15.0
35274,15.0,False,15.0
35275,15.0,False,15.0
35276,15.0,False,15.0
35277,15.0,False,15.0
35278,15.0,False,15.0
35279,15.0,False,15.0
35280,15.0,False,15.0
35281,15.0,False,15.0
35282,15.0,False,15.0
35283,15.0,False,15.0
35284,15.0,False,15.0
35285,15.0,False,15.0
35286,15.0,False,15.0
35287,15.0,False,15.0
35288,15.0,False,15.0
35289,15.0,False,15.0
35290,15.0,False,15.0
35291,15.0,False,15.0
35292,15.0,False,15.0
35293,15.0,False,15.0
35294,15.0,False,15.0
35295,15.0,False,15.0
35296,15.0,False,15.0
35297,15.0,False,15.0
35298,15.0,False,15.0
35299,15.0,False,15.0
35300,15.0,False,15.0
35301,15.0,False,15.0
35302,15.0,False,15.0
35303,15.0,False,15.0
35304,15.0,False,15.0
35305,15.0,False,15.0
35306,15.0,False,15.0
35307,15.0,False,15.0
35308,15.0,False,15.0
35309,15.0,False,15.0
35310,15.0,False,15.0
35311,15.0,False,15.0
35312,15.0,False,15.0
35313,15.0,False,15.0
35314,15.0,False,15.0
35315,15.0,False,15.0
35316,15.0,False,15.0
35317,15.0,False,15.0
35318,15.0,False,15.0
35319,15.0,False,15.0
35320,15.0,False,15.0
35321,15.0,False,15.0
35322,15.0,False,15.0
35323,15.0,False,15.0
35324,15.0,False,15.0
35325,15.0,False,15.0
35326,15.0,False,15.0
35327,15.0,False,15.0
35328,15.0,False,15.0
35329,15.0,False,15.0
35330,15.0,False,15.0
35331,15.0,False,15.0
35332,15.0,False,15.0
35333,15.0,False,15.0
35334,15.0,False,15.0
35335,15.0,False,15.0
35336,15.0,False,15.0
35337,15.0,False,15.0
35338,15.0,False,15.0
35339,15.0,False,15.0
35340,15.0,False,15.0
35341,15.0,False,15.0
35342,15.0,False,15.0
35343,15.0,False,15.0
35344,15.0,False,15.0
35345,15.0,False,15.0
35346,15.0,False,15.0
35347,15.0,False,15.0
35348,15.0,False,15.0
35349,15.0,False,15.0
35350,15.0,False,15.0
35351,15.0,False,15.0
35352,15.0,False,15.0
35353,15.0,False,15.0
35354,15.0,False,15.0
35355,15.0,False,15.0
35356,15.0,False,15.0
35357,15.0,False,15.0
35358,15.0,False,15.0
35359,15.0,False,15.0
35360,15.0,False,15.0
35361,15.0,False,15.0
35362,15.0,False,15.0
35363,15.0,False,15.0
35364,15.0,False,15.0
35365,15.0,False,15.0
35366,15.0,False,15.0
35367,15.0,False,15.0
35368,15.0,False,15.0
35369,15.0,False,15.0
35370,15.0,False,15.0
35371,15.0,False,15.0
35372,15.0,False,15.0
35373,15.0,False,15.0
35374,15.0,False,15.0
35375,15.0,False,15.0
35376,15.0,False,15.0
35377,15.0,False,15.0
35378,15.0,False,15.0
35379,15.0,False,15.0
35380,15.0,False,15.0
35381,15.0,False,15.0
35382,15.0,False,15.0
35383,15.0,False,15.0
35384,15.0,False,15.0
35385,15.0,False,15.0
35386,15.0,False,15.0
35387,15.0,False,15.0
35388,15.0,False,15.0
35389,15.0,False,15.0
35390,15.0,False,15.0
35391,15.0,False,15.0
35392,15.0,False,15.0
35393,15.0,False,15.0
35394,15.0,False,15.0
35395,15.0,False,15.0
35396,15.0,False,15.0
35397,15.0,False,15.0
35398,15.0,False,15.0
35399,15.0,False,15.0
35400,15.0,False,15.0
35401,15.0,False,15.0
35402,15.0,False,15.0
35403,15.0,False,15.0
35404,15.0,False,15.0
35405,15.0,False,15.0
35406,15.0,False,15.0
35407,15.83,False,15.166
35408,15.83,False,15.331999999999999
35409,15.83,False,15.498000000000001
35410,15.83,False,15.664000000000001
35411,15.83,False,15.83
35412,15.83,False,15.83
35413,15.83,False,15.83
35414,15.83,False,15.83
35415,15.83,False,15.83
35416,15.83,False,15.83
35417,15.83,False,15.83
35418,15.83,False,15.83
35419,15.83,False,15.83
35420,15.83,False,15.83
35421,15.83,False,15.83
35422,15.83,False,15.83
35423,15.83,False,15.83
35424,15.83,False,15.83
35425,15.83,False,15.83
35426,15.83,False,15.83
35427,15.83,False,15.83
35428,15.83,False,15.83
35429,15.83,False,15.83
35430,15.83,False,15.83
35431,15.83,False,15.83
35432,15.83,False,15.83
35433,15.83,False,15.83
35434,15.83,False,15.83
35435,15.83,False,15.83
35436,15.83,False,15.83
35437,15.83,False,15.83
35438,16.67,False,15.998000000000001
35439,16.67,False,16.166000000000004
35440,16.67,False,16.334000000000003
35441,16.67,False,16.502000000000002
35442,16.67,False,16.67
35443,16.67,False,16.67
35444,16.67,False,16.67
35445,16.67,False,16.67
35446,16.67,False,16.67
35447,16.67,False,16.67
35448,16.67,False,16.67
35449,16.67,False,16.67
35450,16.67,False,16.67
35451,16.67,False,16.67
35452,16.67,False,16.67
35453,16.67,False,16.67
35454,16.67,False,16.67
35455,16.67,False,16.67
35456,16.67,False,16.67
35457,16.67,False,16.67
35458,16.67,False,16.67
35459,16.67,False,16.67
35460,16.67,False,16.67
35461,16.67,False,16.67
35462,16.67,False,16.67
35463,16.67,False,16.67
35464,16.67,False,16.67
35465,16.67,False,16.67
35466,16.67,False,16.67
35467,16.67,False,16.67
35468,18.33,False,17.002
35469,18.33,False,17.334000000000003
35470,18.33,False,17.665999999999997
35471,18.33,False,17.998
35472,18.33,False,18.33
35473,18.33,False,18.33
35474,18.33,False,18.33
35475,18.33,False,18.33
35476,18.33,False,18.33
35477,18.33,False,18.33
35478,18.33,False,18.33
35479,18.33,False,18.33
35480,18.33,False,18.33
35481,18.33,False,18.33
35482,18.33,False,18.33
35483,18.33,False,18.33
35484,18.33,False,18.33
35485,18.33,False,18.33
35486,18.33,False,18.33
35487,18.33,False,18.33
35488,18.33,False,18.33
35489,18.33,False,18.33
35490,18.33,False,18.33
35491,18.33,False,18.33
35492,18.33,False,18.33
35493,18.33,False,18.33
35494,18.33,False,18.33
35495,18.33,False,18.33
35496,18.33,False,18.33
35497,18.33,False,18.33
35498,18.33,False,18.33
35499,18.33,False,18.33
35500,18.33,False,18.33
35501,18.33,False,18.33
35502,18.33,False,18.33
35503,18.33,False,18.33
35504,18.33,False,18.33
35505,18.33,False,18.33
35506,18.33,False,18.33
35507,18.33,False,18.33
35508,18.33,False,18.33
35509,18.33,False,18.33
35510,18.33,False,18.33
35511,18.33,False,18.33
35512,18.33,False,18.33
35513,18.33,False,18.33
35514,18.33,False,18.33
35515,18.33,False,18.33
35516,18.33,False,18.33
35517,18.33,False,18.33
35518,18.33,False,18.33
35519,18.33,False,18.33
35520,18.33,False,18.33
35521,18.33,False,18.33
35522,18.33,False,18.33
35523,18.33,False,18.33
35524,18.33,False,18.33
35525,18.33,False,18.33
35526,18.33,False,18.33
35527,18.33,False,18.33
35528,18.33,False,18.33
35529,19.17,False,18.498
35530,19.17,False,18.665999999999997
35531,19.17,False,18.834000000000003
35532,19.17,False,19.002
35533,19.17,False,19.17
35534,19.17,False,19.17
35535,19.17,False,19.17
35536,19.17,False,19.17
35537,19.17,False,19.17
35538,19.17,False,19.17
35539,19.17,False,19.17
35540,19.17,False,19.17
35541,19.17,False,19.17
35542,19.17,False,19.17
35543,19.17,False,19.17
35544,19.17,False,19.17
35545,19.17,False,19.17
35546,19.17,False,19.17
35547,19.17,False,19.17
35548,19.17,False,19.17
35549,19.17,False,19.17
35550,19.17,False,19.17
35551,19.17,False,19.17
35552,19.17,False,19.17
35553,19.17,False,19.17
35554,19.17,False,19.17
35555,19.17,False,19.17
35556,19.17,False,19.17
35557,19.17,False,19.17
35558,19.17,False,19.17
35559,20.0,False,19.336000000000002
35560,20.0,False,19.502
35561,20.0,False,19.668
35562,20.0,False,19.833999999999996
35563,20.0,False,20.0
35564,20.0,False,20.0
35565,20.0,False,20.0
35566,20.0,False,20.0
35567,20.0,False,20.0
35568,20.0,False,20.0
35569,20.0,False,20.0
35570,20.0,False,20.0
35571,20.0,False,20.0
35572,20.0,False,20.0
35573,20.0,False,20.0
35574,20.0,False,20.0
35575,20.0,False,20.0
35576,20.0,False,20.0
35577,20.0,False,20.0
35578,20.0,False,20.0
35579,20.0,False,20.0
35580,20.0,False,20.0
35581,20.0,False,20.0
35582,20.0,False,20.0
35583,20.0,False,20.0
35584,20.0,False,20.0
35585,20.83,False,20.166000000000004
35586,20.83,False,20.332
35587,20.83,False,20.498
35588,20.83,False,20.663999999999998
35589,20.83,False,20.83
35590,20.83,False,20.83
35591,20.83,False,20.83
35592,20.83,False,20.83
35593,20.83,False,20.83
35594,20.83,False,20.83
35595,20.83,False,20.83
35596,20.83,False,20.83
35597,20.83,False,20.83
35598,20.83,False,20.83
35599,20.83,False,20.83
35600,20.83,False,20.83
35601,20.83,False,20.83
35602,20.83,False,20.83
35603,20.83,False,20.83
35604,20.83,False,20.83
35605,20.83,False,20.83
35606,20.83,False,20.83
35607,20.83,False,20.83
35608,20.83,False,20.83
35609,20.83,False,20.83
35610,20.83,False,20.83
35611,20.83,False,20.83
35612,20.83,False,20.83
35613,20.83,False,20.83
35614,20.83,False,20.83
35615,20.83,False,20.83
35616,20.83,False,20.83
35617,20.83,False,20.83
35618,20.83,False,20.83
35619,20.83,False,20.83
35620,20.83,False,20.83
35621,20.83,False,20.83
35622,20.83,False,20.83
35623,20.83,False,20.83
35624,20.83,False,20.83
35625,20.83,False,20.83
35626,20.83,False,20.83
35627,20.83,False,20.83
35628,20.83,False,20.83
35629,20.83,False,20.83
35630,20.83,False,20.83
35631,20.83,False,20.83
35632,20.83,False,20.83
35633,20.83,False,20.83
35634,20.83,False,20.83
35635,20.83,False,20.83
35636,20.83,False,20.83
35637,20.83,False,20.83
35638,20.83,False,20.83
35639,20.83,False,20.83
35640,20.83,False,20.83
35641,20.83,False,20.83
35642,20.83,False,20.83
35643,20.83,False,20.83
35644,20.83,False,20.83
35645,20.83,False,20.83
35646,20.83,False,20.83
35647,20.83,False,20.83
35648,20.83,False,20.83
35649,20.83,False,20.83
35650,20.83,False,20.83
35651,20.83,False,20.83
35652,20.83,False,20.83
35653,20.83,False,20.83
35654,20.83,False,20.83
35655,20.83,False,20.83
35656,20.83,False,20.83
35657,20.83,False,20.83
35658,20.83,False,20.83
35659,20.83,False,20.83
35660,20.83,False,20.83
35661,20.83,False,20.83
35662,20.83,False,20.83
35663,20.83,False,20.83
35664,20.83,False,20.83
35665,20.83,False,20.83
35666,20.83,False,20.83
35667,20.83,False,20.83
35668,20.83,False,20.83
35669,20.83,False,20.83
35670,20.83,False,20.83
35671,20.83,False,20.83
35672,20.83,False,20.83
35673,20.83,False,20.83
35674,20.83,False,20.83
35675,20.83,False,20.83
35676,20.83,False,20.83
35677,20.83,False,20.83
35678,20.83,False,20.83
35679,20.83,False,20.83
35680,20.83,False,20.83
35681,20.83,False,20.83
35682,20.83,False,20.83
35683,20.83,False,20.83
35684,20.83,False,20.83
35685,20.83,False,20.83
35686,20.83,False,20.83
35687,20.83,False,20.83
35688,20.83,False,20.83
35689,20.83,False,20.83
35690,20.83,False,20.83
35691,20.83,False,20.83
35692,20.83,False,20.83
35693,20.83,False,20.83
35694,20.83,False,20.83
35695,20.83,False,20.83
35696,20.83,False,20.83
35697,20.83,False,20.83
35698,20.83,False,20.83
35699,20.83,False,20.83
35700,20.83,False,20.83
35701,20.83,False,20.83
35702,20.83,False,20.83
35703,20.83,False,20.83
35704,20.83,False,20.83
35705,20.83,False,20.83
35706,20.83,False,20.83
35707,20.83,False,20.83
35708,20.83,False,20.83
35709,20.83,False,20.83
35710,20.83,False,20.83
35711,20.83,False,20.83
35712,20.83,False,20.83
35713,20.83,False,20.83
35714,20.83,False,20.83
35715,20.83,False,20.83
35716,20.83,False,20.83
35717,20.83,False,20.83
35718,20.83,False,20.83
35719,20.83,False,20.83
35720,20.83,False,20.83
35721,20.83,False,20.83
35722,20.83,False,20.83
35723,20.83,False,20.83
35724,20.83,False,20.83
35725,20.83,False,20.83
35726,20.83,False,20.83
35727,20.83,False,20.83
35728,20.83,False,20.83
35729,20.83,False,20.83
35730,20.83,False,20.83
35731,20.83,False,20.83
35732,20.83,False,20.83
35733,20.83,False,20.83
35734,20.83,False,20.83
35735,20.83,False,20.83
35736,20.83,False,20.83
35737,20.83,False,20.83
35738,20.83,False,20.83
35739,20.83,False,20.83
35740,20.83,False,20.83
35741,20.83,False,20.83
35742,20.83,False,20.83
35743,20.83,False,20.83
35744,20.83,False,20.83
35745,20.83,False,20.83
35746,20.83,False,20.83
35747,20.83,False,20.83
35748,20.83,False,20.83
35749,20.83,False,20.83
35750,20.83,False,20.83
35751,20.83,False,20.83
35752,20.83,False,20.83
35753,20.83,False,20.83
35754,20.83,False,20.83
35755,20.83,False,20.83
35756,20.83,False,20.83
35757,20.83,False,20.83
35758,20.83,False,20.83
35759,20.83,False,20.83
35760,20.83,False,20.83
35761,20.83,False,20.83
35762,20.83,False,20.83
35763,20.83,False,20.83
35764,20.83,False,20.83
35765,20.83,False,20.83
35766,20.83,False,20.83
35767,20.83,False,20.83
35768,20.83,False,20.83
35769,20.83,False,20.83
35770,20.83,False,20.83
35771,20.83,False,20.83
35772,20.83,False,20.83
35773,20.83,False,20.83
35774,20.83,False,20.83
35775,20.83,False,20.83
35776,20.83,False,20.83
35777,20.83,False,20.83
35778,20.83,False,20.83
35779,20.83,False,20.83
35780,20.83,False,20.83
35781,20.83,False,20.83
35782,20.83,False,20.83
35783,20.83,False,20.83
35784,20.83,False,20.83
35785,20.83,False,20.83
35786,20.83,False,20.83
35787,20.83,False,20.83
35788,20.83,False,20.83
35789,20.83,False,20.83
35790,20.83,False,20.83
35791,20.83,False,20.83
35792,20.83,False,20.83
35793,20.83,False,20.83
35794,20.83,False,20.83
35795,20.83,False,20.83
35796,20.83,False,20.83
35797,20.83,False,20.83
35798,20.83,False,20.83
35799,20.83,False,20.83
35800,20.83,False,20.83
35801,20.83,False,20.83
35802,20.83,False,20.83
35803,20.83,False,20.83
35804,20.83,False,20.83
35805,20.83,False,20.83
35806,20.83,False,20.83
35807,20.83,False,20.83
35808,20.83,False,20.83
35809,20.83,False,20.83
35810,20.83,False,20.83
35811,20.83,False,20.83
35812,20.83,False,20.83
35813,20.83,False,20.83
35814,20.83,False,20.83
35815,20.83,False,20.83
35816,20.83,False,20.83
35817,20.83,False,20.83
35818,20.83,False,20.83
35819,20.83,False,20.83
35820,20.83,False,20.83
35821,20.83,False,20.83
35822,20.83,False,20.83
35823,20.83,False,20.83
35824,20.83,False,20.83
35825,20.83,False,20.83
35826,20.83,False,20.83
35827,20.83,False,20.83
35828,20.83,False,20.83
35829,20.83,False,20.83
35830,20.83,False,20.83
35831,20.83,False,20.83
35832,20.83,False,20.83
35833,20.83,False,20.83
35834,20.83,False,20.83
35835,20.83,False,20.83
35836,20.83,False,20.83
35837,20.83,False,20.83
35838,20.83,False,20.83
35839,20.83,False,20.83
35840,20.83,False,20.83
35841,20.83,False,20.83
35842,20.83,False,20.83
35843,20.83,False,20.83
35844,20.83,False,20.83
35845,21.67,False,20.998
35846,21.67,False,21.165999999999997
35847,21.67,False,21.334000000000003
35848,21.67,False,21.502
35849,21.67,False,21.67
35850,21.67,False,21.67
35851,21.67,False,21.67
35852,21.67,False,21.67
35853,21.67,False,21.67
35854,21.67,False,21.67
35855,21.67,False,21.67
35856,21.67,False,21.67
35857,21.67,False,21.67
35858,21.67,False,21.67
35859,21.67,False,21.67
35860,21.67,False,21.67
35861,21.67,False,21.67
35862,21.67,False,21.67
35863,21.67,False,21.67
35864,21.67,False,21.67
35865,21.67,False,21.67
35866,21.67,False,21.67
35867,21.67,False,21.67
35868,21.67,False,21.67
35869,21.67,False,21.67
35870,21.67,False,21.67
35871,21.67,False,21.67
35872,21.67,False,21.67
35873,21.67,False,21.67
35874,21.67,False,21.67
35875,20.83,False,21.502000000000002
35876,20.83,False,21.333999999999996
35877,20.83,False,21.166000000000004
35878,20.83,False,20.997999999999998
35879,20.83,False,20.83
35880,20.83,False,20.83
35881,20.83,False,20.83
35882,20.83,False,20.83
35883,20.83,False,20.83
35884,20.83,False,20.83
35885,20.83,False,20.83
35886,20.83,False,20.83
35887,20.83,False,20.83
35888,20.83,False,20.83
35889,20.83,False,20.83
35890,20.83,False,20.83
35891,20.83,False,20.83
35892,20.83,False,20.83
35893,20.83,False,20.83
35894,20.83,False,20.83
35895,20.83,False,20.83
35896,20.83,False,20.83
35897,20.83,False,20.83
35898,20.83,False,20.83
35899,20.83,False,20.83
35900,20.83,False,20.83
35901,20.83,False,20.83
35902,20.83,False,20.83
35903,20.83,False,20.83
35904,20.83,False,20.83
35905,20.83,False,20.83
35906,20.83,False,20.83
35907,20.83,False,20.83
35908,20.83,False,20.83
35909,20.83,False,20.83
35910,20.83,False,20.83
35911,20.83,False,20.83
35912,20.83,False,20.83
35913,20.83,False,20.83
35914,20.83,False,20.83
35915,20.83,False,20.83
35916,20.83,False,20.83
35917,20.83,False,20.83
35918,20.83,False,20.83
35919,20.83,False,20.83
35920,20.83,False,20.83
35921,20.83,False,20.83
35922,20.83,False,20.83
35923,20.83,False,20.83
35924,20.83,False,20.83
35925,20.83,False,20.83
35926,20.83,False,20.83
35927,20.83,False,20.83
35928,20.83,False,20.83
35929,20.83,False,20.83
35930,20.83,False,20.83
35931,20.83,False,20.83
35932,20.83,False,20.83
35933,20.83,False,20.83
35934,20.83,False,20.83
35935,20.83,False,20.83
35936,20.83,False,20.83
35937,20.83,False,20.83
35938,20.83,False,20.83
35939,20.83,False,20.83
35940,20.83,False,20.83
35941,20.83,False,20.83
35942,20.83,False,20.83
35943,20.83,False,20.83
35944,20.83,False,20.83
35945,20.83,False,20.83
35946,20.83,False,20.83
35947,20.83,False,20.83
35948,20.83,False,20.83
35949,20.83,False,20.83
35950,20.83,False,20.83
35951,20.83,False,20.83
35952,20.83,False,20.83
35953,20.83,False,20.83
35954,20.83,False,20.83
35955,20.83,False,20.83
35956,20.83,False,20.83
35957,20.83,False,20.83
35958,20.83,False,20.83
35959,20.83,False,20.83
35960,20.83,False,20.83
35961,20.83,False,20.83
35962,20.83,False,20.83
35963,20.83,False,20.83
35964,20.83,False,20.83
35965,20.83,False,20.83
35966,20.83,False,20.83
35967,20.83,False,20.83
35968,20.83,False,20.83
35969,20.83,False,20.83
35970,20.83,False,20.83
35971,20.83,False,20.83
35972,20.83,False,20.83
35973,20.83,False,20.83
35974,20.83,False,20.83
35975,20.83,False,20.83
35976,20.83,False,20.83
35977,20.83,False,20.83
35978,20.83,False,20.83
35979,20.83,False,20.83
35980,20.83,False,20.83
35981,20.83,False,20.83
35982,20.83,False,20.83
35983,20.83,False,20.83
35984,20.83,False,20.83
35985,20.83,False,20.83
35986,20.83,False,20.83
35987,20.83,False,20.83
35988,20.83,False,20.83
35989,20.83,False,20.83
35990,20.83,False,20.83
35991,20.83,False,20.83
35992,20.83,False,20.83
35993,20.83,False,20.83
35994,20.83,False,20.83
35995,20.83,False,20.83
35996,20.83,False,20.83
35997,20.83,False,20.83
35998,20.83,False,20.83
35999,20.83,False,20.83
36000,20.83,False,20.83
36001,20.83,False,20.83
36002,20.83,False,20.83
36003,20.83,False,20.83
36004,20.83,False,20.83
36005,20.83,False,20.83
36006,20.83,False,20.83
36007,20.83,False,20.83
36008,20.83,False,20.83
36009,20.83,False,20.83
36010,20.83,False,20.83
36011,20.83,False,20.83
36012,20.83,False,20.83
36013,20.83,False,20.83
36014,20.83,False,20.83
36015,20.83,False,20.83
36016,20.83,False,20.83
36017,20.83,False,20.83
36018,20.83,False,20.83
36019,20.83,False,20.83
36020,20.83,False,20.83
36021,20.83,False,20.83
36022,20.83,False,20.83
36023,20.83,False,20.83
36024,20.83,False,20.83
36025,20.83,False,20.83
36026,20.83,False,20.83
36027,20.83,False,20.83
36028,20.83,False,20.83
36029,20.83,False,20.83
36030,20.83,False,20.83
36031,20.83,False,20.83
36032,20.83,False,20.83
36033,20.83,False,20.83
36034,20.83,False,20.83
36035,20.83,False,20.83
36036,20.83,False,20.83
36037,20.83,False,20.83
36038,20.83,False,20.83
36039,20.83,False,20.83
36040,20.83,False,20.83
36041,20.83,False,20.83
36042,20.83,False,20.83
36043,20.83,False,20.83
36044,20.83,False,20.83
36045,20.83,False,20.83
36046,20.83,False,20.83
36047,20.83,False,20.83
36048,20.83,False,20.83
36049,20.83,False,20.83
36050,20.83,False,20.83
36051,20.83,False,20.83
36052,20.83,False,20.83
36053,20.83,False,20.83
36054,20.83,False,20.83
36055,20.83,False,20.83
36056,20.83,False,20.83
36057,20.83,False,20.83
36058,20.0,False,20.663999999999998
36059,20.0,False,20.498
36060,20.0,False,20.332
36061,20.0,False,20.166000000000004
36062,20.0,False,20.0
36063,20.0,False,20.0
36064,20.0,False,20.0
36065,20.0,False,20.0
36066,20.0,False,20.0
36067,20.0,False,20.0
36068,20.0,False,20.0
36069,20.0,False,20.0
36070,20.0,False,20.0
36071,20.0,False,20.0
36072,20.0,False,20.0
36073,20.0,False,20.0
36074,20.0,False,20.0
36075,20.0,False,20.0
36076,20.0,False,20.0
36077,20.0,False,20.0
36078,20.0,False,20.0
36079,20.0,False,20.0
36080,20.0,False,20.0
36081,20.0,False,20.0
36082,20.0,False,20.0
36083,20.0,False,20.0
36084,20.0,False,20.0
36085,20.0,False,20.0
36086,20.0,False,20.0
36087,20.0,False,20.0
36088,20.0,False,20.0
36089,20.83,False,20.165999999999997
36090,20.83,False,20.332
36091,20.83,False,20.497999999999998
36092,20.83,False,20.663999999999998
36093,20.83,False,20.83
36094,20.83,False,20.83
36095,20.83,False,20.83
36096,20.83,False,20.83
36097,20.83,False,20.83
36098,20.83,False,20.83
36099,20.83,False,20.83
36100,20.83,False,20.83
36101,20.83,False,20.83
36102,20.83,False,20.83
36103,20.83,False,20.83
36104,20.83,False,20.83
36105,20.83,False,20.83
36106,20.83,False,20.83
36107,20.83,False,20.83
36108,20.83,False,20.83
36109,20.83,False,20.83
36110,20.83,False,20.83
36111,20.83,False,20.83
36112,20.83,False,20.83
36113,20.83,False,20.83
36114,20.83,False,20.83
36115,20.83,False,20.83
36116,20.83,False,20.83
36117,20.83,False,20.83
36118,20.83,False,20.83
36119,20.83,False,20.83
36120,20.83,False,20.83
36121,20.83,False,20.83
36122,20.83,False,20.83
36123,20.83,False,20.83
36124,20.83,False,20.83
36125,20.83,False,20.83
36126,20.83,False,20.83
36127,20.83,False,20.83
36128,20.83,False,20.83
36129,20.83,False,20.83
36130,20.83,False,20.83
36131,20.83,False,20.83
36132,20.83,False,20.83
36133,20.83,False,20.83
36134,20.83,False,20.83
36135,20.83,False,20.83
36136,20.83,False,20.83
36137,20.83,False,20.83
36138,20.83,False,20.83
36139,20.83,False,20.83
36140,20.83,False,20.83
36141,20.83,False,20.83
36142,20.83,False,20.83
36143,20.83,False,20.83
36144,20.83,False,20.83
36145,20.83,False,20.83
36146,20.83,False,20.83
36147,20.83,False,20.83
36148,20.83,False,20.83
36149,20.83,False,20.83
36150,20.83,False,20.83
36151,20.83,False,20.83
36152,20.83,False,20.83
36153,20.83,False,20.83
36154,20.83,False,20.83
36155,20.83,False,20.83
36156,20.83,False,20.83
36157,20.83,False,20.83
36158,20.83,False,20.83
36159,20.83,False,20.83
36160,20.83,False,20.83
36161,20.83,False,20.83
36162,20.83,False,20.83
36163,20.83,False,20.83
36164,20.83,False,20.83
36165,20.83,False,20.83
36166,20.83,False,20.83
36167,20.83,False,20.83
36168,20.83,False,20.83
36169,20.83,False,20.83
36170,20.0,False,20.663999999999998
36171,20.0,False,20.497999999999998
36172,20.0,False,20.332
36173,20.0,False,20.165999999999997
36174,20.0,False,20.0
36175,20.0,False,20.0
36176,20.0,False,20.0
36177,20.0,False,20.0
36178,20.0,False,20.0
36179,20.0,False,20.0
36180,20.0,False,20.0
36181,20.0,False,20.0
36182,20.0,False,20.0
36183,20.0,False,20.0
36184,20.0,False,20.0
36185,20.0,False,20.0
36186,20.0,False,20.0
36187,20.0,False,20.0
36188,20.0,False,20.0
36189,20.0,False,20.0
36190,20.0,False,20.0
36191,20.0,False,20.0
36192,20.0,False,20.0
36193,20.0,False,20.0
36194,20.0,False,20.0
36195,20.0,False,20.0
36196,20.0,False,20.0
36197,20.0,False,20.0
36198,20.0,False,20.0
36199,20.0,False,20.0
36200,19.17,False,19.834000000000003
36201,19.17,False,19.668
36202,19.17,False,19.502000000000002
36203,19.17,False,19.336000000000002
36204,19.17,False,19.17
36205,19.17,False,19.17
36206,19.17,False,19.17
36207,19.17,False,19.17
36208,19.17,False,19.17
36209,19.17,False,19.17
36210,19.17,False,19.17
36211,19.17,False,19.17
36212,19.17,False,19.17
36213,19.17,False,19.17
36214,19.17,False,19.17
36215,19.17,False,19.17
36216,19.17,False,19.17
36217,19.17,False,19.17
36218,19.17,False,19.17
36219,19.17,False,19.17
36220,19.17,False,19.17
36221,19.17,False,19.17
36222,19.17,False,19.17
36223,19.17,False,19.17
36224,19.17,False,19.17
36225,19.17,False,19.17
36226,19.17,False,19.17
36227,19.17,False,19.17
36228,19.17,False,19.17
36229,19.17,False,19.17
36230,19.17,False,19.17
36231,16.67,False,18.669999999999998
36232,16.67,False,18.170000000000005
36233,16.67,False,17.669999999999998
36234,16.67,False,17.170000000000005
36235,16.67,False,16.67
36236,16.67,False,16.67
36237,16.67,False,16.67
36238,16.67,False,16.67
36239,16.67,False,16.67
36240,16.67,False,16.67
36241,16.67,False,16.67
36242,16.67,False,16.67
36243,16.67,False,16.67
36244,16.67,False,16.67
36245,16.67,False,16.67
36246,16.67,False,16.67
36247,16.67,False,16.67
36248,16.67,False,16.67
36249,16.67,False,16.67
36250,16.67,False,16.67
36251,16.67,False,16.67
36252,16.67,False,16.67
36253,16.67,False,16.67
36254,16.67,False,16.67
36255,16.67,False,16.67
36256,16.67,False,16.67
36257,16.67,False,16.67
36258,16.67,False,16.67
36259,16.67,False,16.67
36260,16.67,False,16.67
36261,15.83,False,16.502000000000002
36262,15.83,False,16.334
36263,15.83,False,16.166
36264,15.83,False,15.998
36265,15.83,False,15.83
36266,15.83,False,15.83
36267,15.83,False,15.83
36268,15.83,False,15.83
36269,15.83,False,15.83
36270,15.83,False,15.83
36271,15.83,False,15.83
36272,15.83,False,15.83
36273,15.83,False,15.83
36274,15.83,False,15.83
36275,15.83,False,15.83
36276,15.83,False,15.83
36277,15.83,False,15.83
36278,15.83,False,15.83
36279,15.83,False,15.83
36280,15.83,False,15.83
36281,15.83,False,15.83
36282,15.83,False,15.83
36283,15.83,False,15.83
36284,15.83,False,15.83
36285,15.83,False,15.83
36286,15.83,False,15.83
36287,15.83,False,15.83
36288,15.83,False,15.83
36289,15.83,False,15.83
36290,15.83,False,15.83
36291,15.83,False,15.83
36292,15.83,False,15.83
36293,15.83,False,15.83
36294,15.83,False,15.83
36295,15.83,False,15.83
36296,15.83,False,15.83
36297,15.83,False,15.83
36298,15.83,False,15.83
36299,15.83,False,15.83
36300,15.83,False,15.83
36301,15.83,False,15.83
36302,15.83,False,15.83
36303,15.83,False,15.83
36304,15.83,False,15.83
36305,15.83,False,15.83
36306,15.83,False,15.83
36307,15.83,False,15.83
36308,15.83,False,15.83
36309,15.83,False,15.83
36310,15.83,False,15.83
36311,15.83,False,15.83
36312,15.83,False,15.83
36313,15.83,False,15.83
36314,15.83,False,15.83
36315,15.83,False,15.83
36316,15.83,False,15.83
36317,15.83,False,15.83
36318,15.83,False,15.83
36319,15.83,False,15.83
36320,15.83,False,15.83
36321,15.83,False,15.83
36322,15.83,False,15.83
36323,15.83,False,15.83
36324,15.83,False,15.83
36325,15.83,False,15.83
36326,15.83,False,15.83
36327,15.83,False,15.83
36328,15.83,False,15.83
36329,15.83,False,15.83
36330,15.83,False,15.83
36331,15.83,False,15.83
36332,15.83,False,15.83
36333,15.83,False,15.83
36334,15.83,False,15.83
36335,15.83,False,15.83
36336,15.83,False,15.83
36337,15.83,False,15.83
36338,15.83,False,15.83
36339,15.83,False,15.83
36340,15.83,False,15.83
36341,15.83,False,15.83
36342,15.83,False,15.83
36343,15.83,False,15.83
36344,15.83,False,15.83
36345,15.83,False,15.83
36346,15.83,False,15.83
36347,15.83,False,15.83
36348,15.83,False,15.83
36349,15.83,False,15.83
36350,15.83,False,15.83
36351,15.83,False,15.83
36352,15.83,False,15.83
36353,18.33,False,16.330000000000002
36354,18.33,False,16.830000000000002
36355,18.33,False,17.330000000000002
36356,18.33,False,17.830000000000002
36357,18.33,False,18.33
36358,18.33,False,18.33
36359,18.33,False,18.33
36360,18.33,False,18.33
36361,18.33,False,18.33
36362,18.33,False,18.33
36363,18.33,False,18.33
36364,18.33,False,18.33
36365,18.33,False,18.33
36366,18.33,False,18.33
36367,18.33,False,18.33
36368,18.33,False,18.33
36369,18.33,False,18.33
36370,18.33,False,18.33
36371,18.33,False,18.33
36372,18.33,False,18.33
36373,19.17,False,18.497999999999998
36374,19.17,False,18.666000000000004
36375,19.17,False,18.833999999999996
36376,19.17,False,19.002000000000002
36377,19.17,False,19.17
36378,19.17,False,19.17
36379,19.17,False,19.17
36380,19.17,False,19.17
36381,19.17,False,19.17
36382,19.17,False,19.17
36383,19.17,False,19.17
36384,19.17,False,19.17
36385,19.17,False,19.17
36386,19.17,False,19.17
36387,19.17,False,19.17
36388,19.17,False,19.17
36389,19.17,False,19.17
36390,19.17,False,19.17
36391,19.17,False,19.17
36392,19.17,False,19.17
36393,19.17,False,19.17
36394,19.17,False,19.17
36395,19.17,False,19.17
36396,19.17,False,19.17
36397,19.17,False,19.17
36398,19.17,False,19.17
36399,19.17,False,19.17
36400,19.17,False,19.17
36401,19.17,False,19.17
36402,19.17,False,19.17
36403,19.17,False,19.17
36404,20.83,False,19.502000000000002
36405,20.83,False,19.833999999999996
36406,20.83,False,20.166000000000004
36407,20.83,False,20.497999999999998
36408,20.83,False,20.83
36409,20.83,False,20.83
36410,20.83,False,20.83
36411,20.83,False,20.83
36412,20.83,False,20.83
36413,20.83,False,20.83
36414,20.83,False,20.83
36415,20.83,False,20.83
36416,20.83,False,20.83
36417,20.83,False,20.83
36418,20.83,False,20.83
36419,20.83,False,20.83
36420,20.83,False,20.83
36421,20.83,False,20.83
36422,20.83,False,20.83
36423,20.83,False,20.83
36424,20.83,False,20.83
36425,20.83,False,20.83
36426,20.83,False,20.83
36427,20.83,False,20.83
36428,20.83,False,20.83
36429,20.83,False,20.83
36430,20.83,False,20.83
36431,20.83,False,20.83
36432,20.83,False,20.83
36433,20.83,False,20.83
36434,21.67,False,20.998
36435,21.67,False,21.165999999999997
36436,21.67,False,21.334000000000003
36437,21.67,False,21.502
36438,21.67,False,21.67
36439,21.67,False,21.67
36440,21.67,False,21.67
36441,21.67,False,21.67
36442,21.67,False,21.67
36443,21.67,False,21.67
36444,21.67,False,21.67
36445,21.67,False,21.67
36446,21.67,False,21.67
36447,21.67,False,21.67
36448,21.67,False,21.67
36449,21.67,False,21.67
36450,21.67,False,21.67
36451,21.67,False,21.67
36452,21.67,False,21.67
36453,21.67,False,21.67
36454,21.67,False,21.67
36455,21.67,False,21.67
36456,21.67,False,21.67
36457,21.67,False,21.67
36458,21.67,False,21.67
36459,21.67,False,21.67
36460,21.67,False,21.67
36461,21.67,False,21.67
36462,21.67,False,21.67
36463,21.67,False,21.67
36464,21.67,False,21.67
36465,21.67,False,21.67
36466,21.67,False,21.67
36467,21.67,False,21.67
36468,21.67,False,21.67
36469,21.67,False,21.67
36470,21.67,False,21.67
36471,21.67,False,21.67
36472,21.67,False,21.67
36473,21.67,False,21.67
36474,21.67,False,21.67
36475,21.67,False,21.67
36476,21.67,False,21.67
36477,21.67,False,21.67
36478,21.67,False,21.67
36479,21.67,False,21.67
36480,21.67,False,21.67
36481,21.67,False,21.67
36482,21.67,False,21.67
36483,21.67,False,21.67
36484,21.67,False,21.67
36485,21.67,False,21.67
36486,21.67,False,21.67
36487,21.67,False,21.67
36488,21.67,False,21.67
36489,21.67,False,21.67
36490,21.67,False,21.67
36491,21.67,False,21.67
36492,21.67,False,21.67
36493,21.67,False,21.67
36494,21.67,False,21.67
36495,21.67,False,21.67
36496,21.67,False,21.67
36497,21.67,False,21.67
36498,21.67,False,21.67
36499,21.67,False,21.67
36500,21.67,False,21.67
36501,21.67,False,21.67
36502,21.67,False,21.67
36503,21.67,False,21.67
36504,21.67,False,21.67
36505,21.67,False,21.67
36506,21.67,False,21.67
36507,21.67,False,21.67
36508,21.67,False,21.67
36509,21.67,False,21.67
36510,21.67,False,21.67
36511,21.67,False,21.67
36512,21.67,False,21.67
36513,21.67,False,21.67
36514,21.67,False,21.67
36515,21.67,False,21.67
36516,21.67,False,21.67
36517,21.67,False,21.67
36518,21.67,False,21.67
36519,21.67,False,21.67
36520,21.67,False,21.67
36521,21.67,False,21.67
36522,21.67,False,21.67
36523,21.67,False,21.67
36524,21.67,False,21.67
36525,21.67,False,21.67
36526,20.83,False,21.502000000000002
36527,20.83,False,21.333999999999996
36528,20.83,False,21.166000000000004
36529,20.83,False,20.997999999999998
36530,20.83,False,20.83
36531,20.83,False,20.83
36532,20.83,False,20.83
36533,20.83,False,20.83
36534,20.83,False,20.83
36535,20.83,False,20.83
36536,20.83,False,20.83
36537,20.83,False,20.83
36538,20.83,False,20.83
36539,20.83,False,20.83
36540,20.83,False,20.83
36541,20.83,False,20.83
36542,20.83,False,20.83
36543,20.83,False,20.83
36544,20.83,False,20.83
36545,20.83,False,20.83
36546,20.83,False,20.83
36547,20.83,False,20.83
36548,20.83,False,20.83
36549,20.83,False,20.83
36550,20.83,False,20.83
36551,20.83,False,20.83
36552,20.83,False,20.83
36553,20.83,False,20.83
36554,20.83,False,20.83
36555,20.83,False,20.83
36556,20.0,False,20.663999999999998
36557,20.0,False,20.497999999999998
36558,20.0,False,20.332
36559,20.0,False,20.165999999999997
36560,20.0,False,20.0
36561,20.0,False,20.0
36562,20.0,False,20.0
36563,20.0,False,20.0
36564,20.0,False,20.0
36565,20.0,False,20.0
36566,20.0,False,20.0
36567,20.0,False,20.0
36568,20.0,False,20.0
36569,20.0,False,20.0
36570,20.0,False,20.0
36571,20.0,False,20.0
36572,20.0,False,20.0
36573,20.0,False,20.0
36574,20.0,False,20.0
36575,20.0,False,20.0
36576,20.0,False,20.0
36577,20.0,False,20.0
36578,20.0,False,20.0
36579,20.0,False,20.0
36580,20.0,False,20.0
36581,20.0,False,20.0
36582,20.0,False,20.0
36583,20.0,False,20.0
36584,20.0,False,20.0
36585,20.0,False,20.0
36586,20.0,False,20.0
36587,19.17,False,19.834000000000003
36588,19.17,False,19.668
36589,19.17,False,19.502000000000002
36590,19.17,False,19.336000000000002
36591,19.17,False,19.17
36592,19.17,False,19.17
36593,19.17,False,19.17
36594,19.17,False,19.17
36595,19.17,False,19.17
36596,19.17,False,19.17
36597,19.17,False,19.17
36598,19.17,False,19.17
36599,19.17,False,19.17
36600,19.17,False,19.17
36601,19.17,False,19.17
36602,19.17,False,19.17
36603,19.17,False,19.17
36604,19.17,False,19.17
36605,19.17,False,19.17
36606,19.17,False,19.17
36607,19.17,False,19.17
36608,19.17,False,19.17
36609,22.5,False,19.836000000000002
36610,22.5,False,20.502
36611,22.5,False,21.168
36612,22.5,False,21.833999999999996
36613,22.5,False,22.5
36614,22.5,False,22.5
36615,22.5,False,22.5
36616,22.5,False,22.5
36617,22.5,False,22.5
36618,22.5,False,22.5
36619,22.5,False,22.5
36620,22.5,False,22.5
36621,22.5,False,22.5
36622,22.5,False,22.5
36623,22.5,False,22.5
36624,22.5,False,22.5
36625,22.5,False,22.5
36626,22.5,False,22.5
36627,22.5,False,22.5
36628,22.5,False,22.5
36629,22.5,False,22.5
36630,22.5,False,22.5
36631,22.5,False,22.5
36632,22.5,False,22.5
36633,22.5,False,22.5
36634,22.5,False,22.5
36635,22.5,False,22.5
36636,22.5,False,22.5
36637,22.5,False,22.5
36638,26.67,False,23.334000000000003
36639,26.67,False,24.168
36640,26.67,False,25.002000000000002
36641,26.67,False,25.836000000000002
36642,26.67,False,26.67
36643,26.67,False,26.67
36644,26.67,False,26.67
36645,26.67,False,26.67
36646,26.67,False,26.67
36647,26.67,False,26.67
36648,26.67,False,26.67
36649,26.67,False,26.67
36650,26.67,False,26.67
36651,26.67,False,26.67
36652,26.67,False,26.67
36653,26.67,False,26.67
36654,26.67,False,26.67
36655,26.67,False,26.67
36656,26.67,False,26.67
36657,26.67,False,26.67
36658,26.67,False,26.67
36659,26.67,False,26.67
36660,26.67,False,26.67
36661,26.67,False,26.67
36662,26.67,False,26.67
36663,26.67,False,26.67
36664,26.67,False,26.67
36665,26.67,False,26.67
36666,26.67,False,26.67
36667,26.67,False,26.67
36668,26.67,False,26.67
36669,29.17,False,27.169999999999998
36670,29.17,False,27.670000000000005
36671,29.17,False,28.169999999999998
36672,29.17,False,28.670000000000005
36673,29.17,False,29.17
36674,29.17,False,29.17
36675,29.17,False,29.17
36676,29.17,False,29.17
36677,29.17,False,29.17
36678,29.17,False,29.17
36679,29.17,False,29.17
36680,29.17,False,29.17
36681,29.17,False,29.17
36682,29.17,False,29.17
36683,29.17,False,29.17
36684,29.17,False,29.17
36685,29.17,False,29.17
36686,29.17,False,29.17
36687,29.17,False,29.17
36688,29.17,False,29.17
36689,29.17,False,29.17
36690,29.17,False,29.17
36691,29.17,False,29.17
36692,29.17,False,29.17
36693,29.17,False,29.17
36694,29.17,False,29.17
36695,29.17,False,29.17
36696,29.17,False,29.17
36697,29.17,False,29.17
36698,29.17,False,29.17
36699,29.17,False,29.17
36700,29.17,False,29.17
36701,29.17,False,29.17
36702,29.17,False,29.17
36703,29.17,False,29.17
36704,29.17,False,29.17
36705,29.17,False,29.17
36706,29.17,False,29.17
36707,29.17,False,29.17
36708,29.17,False,29.17
36709,29.17,False,29.17
36710,29.17,False,29.17
36711,29.17,False,29.17
36712,29.17,False,29.17
36713,29.17,False,29.17
36714,29.17,False,29.17
36715,29.17,False,29.17
36716,29.17,False,29.17
36717,29.17,False,29.17
36718,29.17,False,29.17
36719,29.17,False,29.17
36720,29.17,False,29.17
36721,29.17,False,29.17
36722,29.17,False,29.17
36723,29.17,False,29.17
36724,29.17,False,29.17
36725,29.17,False,29.17
36726,29.17,False,29.17
36727,29.17,False,29.17
36728,29.17,False,29.17
36729,29.17,False,29.17
36730,27.5,False,28.836000000000002
36731,27.5,False,28.502
36732,27.5,False,28.168
36733,27.5,False,27.833999999999996
36734,27.5,False,27.5
36735,27.5,False,27.5
36736,27.5,False,27.5
36737,27.5,False,27.5
36738,27.5,False,27.5
36739,27.5,False,27.5
36740,27.5,False,27.5
36741,27.5,False,27.5
36742,27.5,False,27.5
36743,27.5,False,27.5
36744,27.5,False,27.5
36745,27.5,False,27.5
36746,27.5,False,27.5
36747,27.5,False,27.5
36748,27.5,False,27.5
36749,27.5,False,27.5
36750,27.5,False,27.5
36751,27.5,False,27.5
36752,27.5,False,27.5
36753,27.5,False,27.5
36754,27.5,False,27.5
36755,27.5,False,27.5
36756,27.5,False,27.5
36757,27.5,False,27.5
36758,27.5,False,27.5
36759,27.5,False,27.5
36760,26.67,False,27.334000000000003
36761,26.67,False,27.168
36762,26.67,False,27.002000000000002
36763,26.67,False,26.836000000000002
36764,26.67,False,26.67
36765,26.67,False,26.67
36766,26.67,False,26.67
36767,26.67,False,26.67
36768,26.67,False,26.67
36769,26.67,False,26.67
36770,26.67,False,26.67
36771,26.67,False,26.67
36772,26.67,False,26.67
36773,26.67,False,26.67
36774,26.67,False,26.67
36775,26.67,False,26.67
36776,26.67,False,26.67
36777,26.67,False,26.67
36778,26.67,False,26.67
36779,26.67,False,26.67
36780,26.67,False,26.67
36781,26.67,False,26.67
36782,26.67,False,26.67
36783,26.67,False,26.67
36784,26.67,False,26.67
36785,26.67,False,26.67
36786,26.67,False,26.67
36787,26.67,False,26.67
36788,26.67,False,26.67
36789,26.67,False,26.67
36790,26.67,False,26.67
36791,25.83,False,26.502
36792,25.83,False,26.334000000000003
36793,25.83,False,26.165999999999997
36794,25.83,False,25.998
36795,25.83,False,25.83
36796,25.83,False,25.83
36797,25.83,False,25.83
36798,25.83,False,25.83
36799,25.83,False,25.83
36800,25.83,False,25.83
36801,25.83,False,25.83
36802,25.83,False,25.83
36803,25.83,False,25.83
36804,25.83,False,25.83
36805,25.83,False,25.83
36806,25.83,False,25.83
36807,25.83,False,25.83
36808,25.83,False,25.83
36809,25.83,False,25.83
36810,25.83,False,25.83
36811,25.83,False,25.83
36812,25.83,False,25.83
36813,25.83,False,25.83
36814,25.83,False,25.83
36815,25.83,False,25.83
36816,25.83,False,25.83
36817,25.83,False,25.83
36818,25.83,False,25.83
36819,25.83,False,25.83
36820,25.83,False,25.83
36821,25.83,False,25.83
36822,25.83,False,25.83
36823,25.83,False,25.83
36824,25.83,False,25.83
36825,25.83,False,25.83
36826,25.83,False,25.83
36827,25.83,False,25.83
36828,25.83,False,25.83
36829,25.83,False,25.83
36830,25.83,False,25.83
36831,25.83,False,25.83
36832,25.83,False,25.83
36833,25.83,False,25.83
36834,25.83,False,25.83
36835,25.83,False,25.83
36836,25.83,False,25.83
36837,25.83,False,25.83
36838,25.83,False,25.83
36839,25.83,False,25.83
36840,25.83,False,25.83
36841,25.83,False,25.83
36842,25.83,False,25.83
36843,25.83,False,25.83
36844,25.83,False,25.83
36845,25.83,False,25.83
36846,25.83,False,25.83
36847,25.83,False,25.83
36848,25.83,False,25.83
36849,25.83,False,25.83
36850,25.83,False,25.83
36851,25.83,False,25.83
36852,25.83,False,25.83
36853,25.83,False,25.83
36854,25.83,False,25.83
36855,25.83,False,25.83
36856,25.83,False,25.83
36857,25.83,False,25.83
36858,25.83,False,25.83
36859,25.83,False,25.83
36860,25.83,False,25.83
36861,25.83,False,25.83
36862,25.83,False,25.83
36863,25.83,False,25.83
36864,25.83,False,25.83
36865,26.67,False,25.997999999999998
36866,26.67,False,26.166000000000004
36867,26.67,False,26.333999999999996
36868,26.67,False,26.502000000000002
36869,26.67,False,26.67
36870,26.67,False,26.67
36871,26.67,False,26.67
36872,26.67,False,26.67
36873,26.67,False,26.67
36874,26.67,False,26.67
36875,26.67,False,26.67
36876,26.67,False,26.67
36877,26.67,False,26.67
36878,26.67,False,26.67
36879,26.67,False,26.67
36880,26.67,False,26.67
36881,26.67,False,26.67
36882,26.67,False,26.67
36883,26.67,False,26.67
36884,26.67,False,26.67
36885,26.67,False,26.67
36886,26.67,False,26.67
36887,26.67,False,26.67
36888,26.67,False,26.67
36889,26.67,False,26.67
36890,26.67,False,26.67
36891,26.67,False,26.67
36892,26.67,False,26.67
36893,26.67,False,26.67
36894,26.67,False,26.67
36895,26.67,False,26.67
36896,26.67,False,26.67
36897,26.67,False,26.67
36898,26.67,False,26.67
36899,26.67,False,26.67
36900,26.67,False,26.67
36901,26.67,False,26.67
36902,26.67,False,26.67
36903,25.83,False,26.502
36904,25.83,False,26.334000000000003
36905,25.83,False,26.165999999999997
36906,25.83,False,25.998
36907,25.83,False,25.83
36908,25.83,False,25.83
36909,25.83,False,25.83
36910,25.83,False,25.83
36911,25.83,False,25.83
36912,25.83,False,25.83
36913,25.83,False,25.83
36914,25.83,False,25.83
36915,25.83,False,25.83
36916,25.83,False,25.83
36917,25.83,False,25.83
36918,25.83,False,25.83
36919,25.83,False,25.83
36920,25.83,False,25.83
36921,25.83,False,25.83
36922,25.83,False,25.83
36923,25.83,False,25.83
36924,25.83,False,25.83
36925,25.83,False,25.83
36926,25.83,False,25.83
36927,25.83,False,25.83
36928,25.83,False,25.83
36929,25.83,False,25.83
36930,25.83,False,25.83
36931,25.83,False,25.83
36932,25.83,False,25.83
36933,25.83,False,25.83
36934,25.83,False,25.83
36935,25.83,False,25.83
36936,25.83,False,25.83
36937,25.83,False,25.83
36938,25.83,False,25.83
36939,25.83,False,25.83
36940,25.83,False,25.83
36941,25.83,False,25.83
36942,25.83,False,25.83
36943,25.83,False,25.83
36944,25.83,False,25.83
36945,25.83,False,25.83
36946,25.83,False,25.83
36947,25.83,False,25.83
36948,25.83,False,25.83
36949,25.83,False,25.83
36950,25.83,False,25.83
36951,25.83,False,25.83
36952,25.83,False,25.83
36953,25.83,False,25.83
36954,25.83,False,25.83
36955,25.83,False,25.83
36956,25.83,False,25.83
36957,25.83,False,25.83
36958,25.83,False,25.83
36959,25.83,False,25.83
36960,25.83,False,25.83
36961,25.83,False,25.83
36962,25.83,False,25.83
36963,25.83,False,25.83
36964,25.0,False,25.663999999999998
36965,25.0,False,25.497999999999998
36966,25.0,False,25.332
36967,25.0,False,25.165999999999997
36968,25.0,False,25.0
36969,25.0,False,25.0
36970,25.0,False,25.0
36971,25.0,False,25.0
36972,25.0,False,25.0
36973,25.0,False,25.0
36974,25.0,False,25.0
36975,25.0,False,25.0
36976,25.0,False,25.0
36977,25.0,False,25.0
36978,25.0,False,25.0
36979,25.0,False,25.0
36980,25.0,False,25.0
36981,25.0,False,25.0
36982,25.0,False,25.0
36983,25.0,False,25.0
36984,25.0,False,25.0
36985,25.0,False,25.0
36986,25.0,False,25.0
36987,25.0,False,25.0
36988,25.0,False,25.0
36989,25.0,False,25.0
36990,25.0,False,25.0
36991,25.0,False,25.0
36992,25.0,False,25.0
36993,25.0,False,25.0
36994,25.0,False,25.0
36995,25.0,False,25.0
36996,25.0,False,25.0
36997,25.0,False,25.0
36998,25.0,False,25.0
36999,25.0,False,25.0
37000,25.0,False,25.0
37001,25.0,False,25.0
37002,25.0,False,25.0
37003,25.0,False,25.0
37004,25.0,False,25.0
37005,25.0,False,25.0
37006,25.0,False,25.0
37007,25.0,False,25.0
37008,25.0,False,25.0
37009,25.0,False,25.0
37010,25.0,False,25.0
37011,25.0,False,25.0
37012,25.0,False,25.0
37013,25.0,False,25.0
37014,25.0,False,25.0
37015,25.0,False,25.0
37016,25.0,False,25.0
37017,25.0,False,25.0
37018,25.0,False,25.0
37019,25.0,False,25.0
37020,25.0,False,25.0
37021,25.0,False,25.0
37022,25.0,False,25.0
37023,25.0,False,25.0
37024,25.0,False,25.0
37025,25.83,False,25.166000000000004
37026,25.83,False,25.332
37027,25.83,False,25.498
37028,25.83,False,25.663999999999998
37029,25.83,False,25.83
37030,25.83,False,25.83
37031,25.83,False,25.83
37032,25.83,False,25.83
37033,25.83,False,25.83
37034,25.83,False,25.83
37035,25.83,False,25.83
37036,25.83,False,25.83
37037,25.83,False,25.83
37038,25.83,False,25.83
37039,25.83,False,25.83
37040,25.83,False,25.83
37041,25.83,False,25.83
37042,25.83,False,25.83
37043,25.83,False,25.83
37044,25.83,False,25.83
37045,25.83,False,25.83
37046,25.83,False,25.83
37047,25.83,False,25.83
37048,25.83,False,25.83
37049,25.83,False,25.83
37050,25.83,False,25.83
37051,25.83,False,25.83
37052,25.83,False,25.83
37053,25.83,False,25.83
37054,25.83,False,25.83
37055,25.83,False,25.83
37056,26.67,False,25.997999999999998
37057,26.67,False,26.166000000000004
37058,26.67,False,26.333999999999996
37059,26.67,False,26.502000000000002
37060,26.67,False,26.67
37061,26.67,False,26.67
37062,26.67,False,26.67
37063,26.67,False,26.67
37064,26.67,False,26.67
37065,26.67,False,26.67
37066,26.67,False,26.67
37067,26.67,False,26.67
37068,26.67,False,26.67
37069,26.67,False,26.67
37070,26.67,False,26.67
37071,26.67,False,26.67
37072,26.67,False,26.67
37073,26.67,False,26.67
37074,26.67,False,26.67
37075,26.67,False,26.67
37076,26.67,False,26.67
37077,26.67,False,26.67
37078,26.67,False,26.67
37079,26.67,False,26.67
37080,26.67,False,26.67
37081,26.67,False,26.67
37082,26.67,False,26.67
37083,26.67,False,26.67
37084,26.67,False,26.67
37085,26.67,False,26.67
37086,26.67,False,26.67
37087,26.67,False,26.67
37088,26.67,False,26.67
37089,26.67,False,26.67
37090,26.67,False,26.67
37091,26.67,False,26.67
37092,26.67,False,26.67
37093,26.67,False,26.67
37094,26.67,False,26.67
37095,26.67,False,26.67
37096,26.67,False,26.67
37097,26.67,False,26.67
37098,26.67,False,26.67
37099,26.67,False,26.67
37100,26.67,False,26.67
37101,26.67,False,26.67
37102,26.67,False,26.67
37103,26.67,False,26.67
37104,26.67,False,26.67
37105,26.67,False,26.67
37106,26.67,False,26.67
37107,26.67,False,26.67
37108,26.67,False,26.67
37109,26.67,False,26.67
37110,26.67,False,26.67
37111,26.67,False,26.67
37112,26.67,False,26.67
37113,26.67,False,26.67
37114,26.67,False,26.67
37115,26.67,False,26.67
37116,26.67,False,26.67
37117,26.67,False,26.67
37118,26.67,False,26.67
37119,26.67,False,26.67
37120,26.67,False,26.67
37121,27.5,False,26.836000000000002
37122,27.5,False,27.002
37123,27.5,False,27.168
37124,27.5,False,27.333999999999996
37125,27.5,False,27.5
37126,27.5,False,27.5
37127,27.5,False,27.5
37128,27.5,False,27.5
37129,27.5,False,27.5
37130,27.5,False,27.5
37131,27.5,False,27.5
37132,27.5,False,27.5
37133,27.5,False,27.5
37134,27.5,False,27.5
37135,27.5,False,27.5
37136,27.5,False,27.5
37137,27.5,False,27.5
37138,27.5,False,27.5
37139,27.5,False,27.5
37140,27.5,False,27.5
37141,27.5,False,27.5
37142,27.5,False,27.5
37143,27.5,False,27.5
37144,27.5,False,27.5
37145,27.5,False,27.5
37146,27.5,False,27.5
37147,27.5,False,27.5
37148,27.5,False,27.5
37149,27.5,False,27.5
37150,27.5,False,27.5
37151,27.5,False,27.5
37152,27.5,False,27.5
37153,27.5,False,27.5
37154,27.5,False,27.5
37155,27.5,False,27.5
37156,27.5,False,27.5
37157,27.5,False,27.5
37158,27.5,False,27.5
37159,27.5,False,27.5
37160,27.5,False,27.5
37161,27.5,False,27.5
37162,27.5,False,27.5
37163,27.5,False,27.5
37164,27.5,False,27.5
37165,27.5,False,27.5
37166,27.5,False,27.5
37167,27.5,False,27.5
37168,26.67,False,27.334000000000003
37169,26.67,False,27.168
37170,26.67,False,27.002000000000002
37171,26.67,False,26.836000000000002
37172,26.67,False,26.67
37173,26.67,False,26.67
37174,26.67,False,26.67
37175,26.67,False,26.67
37176,26.67,False,26.67
37177,26.67,False,26.67
37178,26.67,False,26.67
37179,26.67,False,26.67
37180,26.67,False,26.67
37181,26.67,False,26.67
37182,26.67,False,26.67
37183,26.67,False,26.67
37184,26.67,False,26.67
37185,26.67,False,26.67
37186,26.67,False,26.67
37187,26.67,False,26.67
37188,26.67,False,26.67
37189,26.67,False,26.67
37190,26.67,False,26.67
37191,26.67,False,26.67
37192,26.67,False,26.67
37193,26.67,False,26.67
37194,26.67,False,26.67
37195,26.67,False,26.67
37196,26.67,False,26.67
37197,26.67,False,26.67
37198,26.67,False,26.67
37199,26.67,False,26.67
37200,26.67,False,26.67
37201,26.67,False,26.67
37202,26.67,False,26.67
37203,26.67,False,26.67
37204,26.67,False,26.67
37205,26.67,False,26.67
37206,26.67,False,26.67
37207,26.67,False,26.67
37208,26.67,False,26.67
37209,26.67,False,26.67
37210,26.67,False,26.67
37211,26.67,False,26.67
37212,26.67,False,26.67
37213,26.67,False,26.67
37214,26.67,False,26.67
37215,26.67,False,26.67
37216,26.67,False,26.67
37217,26.67,False,26.67
37218,26.67,False,26.67
37219,26.67,False,26.67
37220,26.67,False,26.67
37221,26.67,False,26.67
37222,26.67,False,26.67
37223,26.67,False,26.67
37224,26.67,False,26.67
37225,26.67,False,26.67
37226,26.67,False,26.67
37227,26.67,False,26.67
37228,26.67,False,26.67
37229,26.67,False,26.67
37230,26.67,False,26.67
37231,26.67,False,26.67
37232,26.67,False,26.67
37233,26.67,False,26.67
37234,26.67,False,26.67
37235,26.67,False,26.67
37236,26.67,False,26.67
37237,26.67,False,26.67
37238,26.67,False,26.67
37239,26.67,False,26.67
37240,26.67,False,26.67
37241,26.67,False,26.67
37242,26.67,False,26.67
37243,26.67,False,26.67
37244,26.67,False,26.67
37245,26.67,False,26.67
37246,26.67,False,26.67
37247,26.67,False,26.67
37248,26.67,False,26.67
37249,26.67,False,26.67
37250,26.67,False,26.67
37251,26.67,False,26.67
37252,26.67,False,26.67
37253,26.67,False,26.67
37254,26.67,False,26.67
37255,26.67,False,26.67
37256,26.67,False,26.67
37257,26.67,False,26.67
37258,26.67,False,26.67
37259,26.67,False,26.67
37260,26.67,False,26.67
37261,26.67,False,26.67
37262,26.67,False,26.67
37263,26.67,False,26.67
37264,26.67,False,26.67
37265,26.67,False,26.67
37266,26.67,False,26.67
37267,26.67,False,26.67
37268,26.67,False,26.67
37269,26.67,False,26.67
37270,26.67,False,26.67
37271,26.67,False,26.67
37272,26.67,False,26.67
37273,26.67,False,26.67
37274,26.67,False,26.67
37275,26.67,False,26.67
37276,26.67,False,26.67
37277,26.67,False,26.67
37278,26.67,False,26.67
37279,26.67,False,26.67
37280,26.67,False,26.67
37281,26.67,False,26.67
37282,26.67,False,26.67
37283,26.67,False,26.67
37284,26.67,False,26.67
37285,26.67,False,26.67
37286,26.67,False,26.67
37287,26.67,False,26.67
37288,26.67,False,26.67
37289,26.67,False,26.67
37290,26.67,False,26.67
37291,26.67,False,26.67
37292,26.67,False,26.67
37293,26.67,False,26.67
37294,26.67,False,26.67
37295,26.67,False,26.67
37296,26.67,False,26.67
37297,26.67,False,26.67
37298,26.67,False,26.67
37299,26.67,False,26.67
37300,26.67,False,26.67
37301,26.67,False,26.67
37302,26.67,False,26.67
37303,26.67,False,26.67
37304,26.67,False,26.67
37305,26.67,False,26.67
37306,26.67,False,26.67
37307,26.67,False,26.67
37308,26.67,False,26.67
37309,26.67,False,26.67
37310,26.67,False,26.67
37311,26.67,False,26.67
37312,26.67,False,26.67
37313,26.67,False,26.67
37314,26.67,False,26.67
37315,26.67,False,26.67
37316,26.67,False,26.67
37317,26.67,False,26.67
37318,26.67,False,26.67
37319,26.67,False,26.67
37320,26.67,False,26.67
37321,26.67,False,26.67
37322,26.67,False,26.67
37323,26.67,False,26.67
37324,26.67,False,26.67
37325,26.67,False,26.67
37326,26.67,False,26.67
37327,26.67,False,26.67
37328,26.67,False,26.67
37329,26.67,False,26.67
37330,26.67,False,26.67
37331,26.67,False,26.67
37332,26.67,False,26.67
37333,26.67,False,26.67
37334,26.67,False,26.67
37335,26.67,False,26.67
37336,26.67,False,26.67
37337,26.67,False,26.67
37338,26.67,False,26.67
37339,26.67,False,26.67
37340,26.67,False,26.67
37341,26.67,False,26.67
37342,26.67,False,26.67
37343,26.67,False,26.67
37344,26.67,False,26.67
37345,26.67,False,26.67
37346,26.67,False,26.67
37347,26.67,False,26.67
37348,26.67,False,26.67
37349,26.67,False,26.67
37350,26.67,False,26.67
37351,26.67,False,26.67
37352,26.67,False,26.67
37353,26.67,False,26.67
37354,26.67,False,26.67
37355,26.67,False,26.67
37356,26.67,False,26.67
37357,26.67,False,26.67
37358,26.67,False,26.67
37359,26.67,False,26.67
37360,26.67,False,26.67
37361,26.67,False,26.67
37362,26.67,False,26.67
37363,26.67,False,26.67
37364,26.67,False,26.67
37365,26.67,False,26.67
37366,26.67,False,26.67
37367,26.67,False,26.67
37368,26.67,False,26.67
37369,26.67,False,26.67
37370,26.67,False,26.67
37371,26.67,False,26.67
37372,26.67,False,26.67
37373,26.67,False,26.67
37374,26.67,False,26.67
37375,26.67,False,26.67
37376,26.67,False,26.67
37377,27.5,False,26.836000000000002
37378,27.5,False,27.002000000000002
37379,27.5,False,27.168
37380,27.5,False,27.334000000000003
37381,27.5,False,27.5
37382,27.5,False,27.5
37383,27.5,False,27.5
37384,27.5,False,27.5
37385,27.5,False,27.5
37386,27.5,False,27.5
37387,27.5,False,27.5
37388,27.5,False,27.5
37389,27.5,False,27.5
37390,27.5,False,27.5
37391,27.5,False,27.5
37392,27.5,False,27.5
37393,27.5,False,27.5
37394,27.5,False,27.5
37395,27.5,False,27.5
37396,27.5,False,27.5
37397,27.5,False,27.5
37398,27.5,False,27.5
37399,27.5,False,27.5
37400,27.5,False,27.5
37401,27.5,False,27.5
37402,27.5,False,27.5
37403,26.67,False,27.333999999999996
37404,26.67,False,27.168
37405,26.67,False,27.002
37406,26.67,False,26.836000000000002
37407,26.67,False,26.67
37408,26.67,False,26.67
37409,26.67,False,26.67
37410,26.67,False,26.67
37411,26.67,False,26.67
37412,26.67,False,26.67
37413,26.67,False,26.67
37414,26.67,False,26.67
37415,26.67,False,26.67
37416,26.67,False,26.67
37417,26.67,False,26.67
37418,26.67,False,26.67
37419,26.67,False,26.67
37420,26.67,False,26.67
37421,26.67,False,26.67
37422,26.67,False,26.67
37423,26.67,False,26.67
37424,26.67,False,26.67
37425,26.67,False,26.67
37426,26.67,False,26.67
37427,26.67,False,26.67
37428,26.67,False,26.67
37429,26.67,False,26.67
37430,26.67,False,26.67
37431,26.67,False,26.67
37432,26.67,False,26.67
37433,26.67,False,26.67
37434,26.67,False,26.67
37435,26.67,False,26.67
37436,26.67,False,26.67
37437,26.67,False,26.67
37438,26.67,False,26.67
37439,26.67,False,26.67
37440,26.67,False,26.67
37441,26.67,False,26.67
37442,26.67,False,26.67
37443,26.67,False,26.67
37444,26.67,False,26.67
37445,26.67,False,26.67
37446,26.67,False,26.67
37447,26.67,False,26.67
37448,26.67,False,26.67
37449,26.67,False,26.67
37450,26.67,False,26.67
37451,26.67,False,26.67
37452,26.67,False,26.67
37453,26.67,False,26.67
37454,26.67,False,26.67
37455,26.67,False,26.67
37456,26.67,False,26.67
37457,26.67,False,26.67
37458,26.67,False,26.67
37459,26.67,False,26.67
37460,26.67,False,26.67
37461,26.67,False,26.67
37462,26.67,False,26.67
37463,26.67,False,26.67
37464,26.67,False,26.67
37465,26.67,False,26.67
37466,26.67,False,26.67
37467,26.67,False,26.67
37468,26.67,False,26.67
37469,26.67,False,26.67
37470,26.67,False,26.67
37471,26.67,False,26.67
37472,26.67,False,26.67
37473,26.67,False,26.67
37474,26.67,False,26.67
37475,26.67,False,26.67
37476,26.67,False,26.67
37477,26.67,False,26.67
37478,26.67,False,26.67
37479,26.67,False,26.67
37480,26.67,False,26.67
37481,26.67,False,26.67
37482,26.67,False,26.67
37483,26.67,False,26.67
37484,26.67,False,26.67
37485,26.67,False,26.67
37486,26.67,False,26.67
37487,26.67,False,26.67
37488,26.67,False,26.67
37489,26.67,False,26.67
37490,26.67,False,26.67
37491,26.67,False,26.67
37492,26.67,False,26.67
37493,26.67,False,26.67
37494,26.67,False,26.67
37495,26.67,False,26.67
37496,26.67,False,26.67
37497,26.67,False,26.67
37498,26.67,False,26.67
37499,26.67,False,26.67
37500,26.67,False,26.67
37501,26.67,False,26.67
37502,26.67,False,26.67
37503,26.67,False,26.67
37504,26.67,False,26.67
37505,26.67,False,26.67
37506,26.67,False,26.67
37507,26.67,False,26.67
37508,26.67,False,26.67
37509,26.67,False,26.67
37510,26.67,False,26.67
37511,26.67,False,26.67
37512,26.67,False,26.67
37513,26.67,False,26.67
37514,26.67,False,26.67
37515,26.67,False,26.67
37516,26.67,False,26.67
37517,26.67,False,26.67
37518,26.67,False,26.67
37519,26.67,False,26.67
37520,26.67,False,26.67
37521,26.67,False,26.67
37522,26.67,False,26.67
37523,26.67,False,26.67
37524,26.67,False,26.67
37525,27.5,False,26.836000000000002
37526,27.5,False,27.002000000000002
37527,27.5,False,27.168
37528,27.5,False,27.334000000000003
37529,27.5,False,27.5
37530,27.5,False,27.5
37531,27.5,False,27.5
37532,27.5,False,27.5
37533,27.5,False,27.5
37534,27.5,False,27.5
37535,27.5,False,27.5
37536,27.5,False,27.5
37537,27.5,False,27.5
37538,27.5,False,27.5
37539,27.5,False,27.5
37540,27.5,False,27.5
37541,27.5,False,27.5
37542,27.5,False,27.5
37543,27.5,False,27.5
37544,27.5,False,27.5
37545,27.5,False,27.5
37546,27.5,False,27.5
37547,27.5,False,27.5
37548,27.5,False,27.5
37549,27.5,False,27.5
37550,27.5,False,27.5
37551,27.5,False,27.5
37552,27.5,False,27.5
37553,27.5,False,27.5
37554,27.5,False,27.5
37555,27.5,False,27.5
37556,27.5,False,27.5
37557,27.5,False,27.5
37558,27.5,False,27.5
37559,27.5,False,27.5
37560,27.5,False,27.5
37561,27.5,False,27.5
37562,27.5,False,27.5
37563,27.5,False,27.5
37564,27.5,False,27.5
37565,27.5,False,27.5
37566,27.5,False,27.5
37567,27.5,False,27.5
37568,27.5,False,27.5
37569,27.5,False,27.5
37570,27.5,False,27.5
37571,27.5,False,27.5
37572,27.5,False,27.5
37573,27.5,False,27.5
37574,27.5,False,27.5
37575,27.5,False,27.5
37576,27.5,False,27.5
37577,27.5,False,27.5
37578,27.5,False,27.5
37579,27.5,False,27.5
37580,27.5,False,27.5
37581,27.5,False,27.5
37582,27.5,False,27.5
37583,27.5,False,27.5
37584,27.5,False,27.5
37585,27.5,False,27.5
37586,28.33,False,27.665999999999997
37587,28.33,False,27.832
37588,28.33,False,27.997999999999998
37589,28.33,False,28.163999999999998
37590,28.33,False,28.33
37591,28.33,False,28.33
37592,28.33,False,28.33
37593,28.33,False,28.33
37594,28.33,False,28.33
37595,28.33,False,28.33
37596,28.33,False,28.33
37597,28.33,False,28.33
37598,28.33,False,28.33
37599,28.33,False,28.33
37600,28.33,False,28.33
37601,28.33,False,28.33
37602,28.33,False,28.33
37603,28.33,False,28.33
37604,28.33,False,28.33
37605,28.33,False,28.33
37606,28.33,False,28.33
37607,28.33,False,28.33
37608,28.33,False,28.33
37609,28.33,False,28.33
37610,28.33,False,28.33
37611,28.33,False,28.33
37612,28.33,False,28.33
37613,28.33,False,28.33
37614,28.33,False,28.33
37615,28.33,False,28.33
37616,29.17,False,28.497999999999998
37617,29.17,False,28.666000000000004
37618,29.17,False,28.833999999999996
37619,29.17,False,29.002000000000002
37620,29.17,False,29.17
37621,29.17,False,29.17
37622,29.17,False,29.17
37623,29.17,False,29.17
37624,29.17,False,29.17
37625,29.17,False,29.17
37626,29.17,False,29.17
37627,29.17,False,29.17
37628,29.17,False,29.17
37629,29.17,False,29.17
37630,29.17,False,29.17
37631,29.17,False,29.17
37632,29.17,False,29.17
37633,30.0,False,29.336000000000002
37634,30.0,False,29.502
37635,30.0,False,29.668
37636,30.0,False,29.833999999999996
37637,30.0,False,30.0
37638,30.0,False,30.0
37639,30.0,False,30.0
37640,30.0,False,30.0
37641,30.0,False,30.0
37642,30.0,False,30.0
37643,30.0,False,30.0
37644,30.0,False,30.0
37645,30.0,False,30.0
37646,30.0,False,30.0
37647,30.0,False,30.0
37648,30.0,False,30.0
37649,30.0,False,30.0
37650,30.0,False,30.0
37651,30.0,False,30.0
37652,30.0,False,30.0
37653,30.0,False,30.0
37654,30.0,False,30.0
37655,30.0,False,30.0
37656,30.0,False,30.0
37657,30.0,False,30.0
37658,30.0,False,30.0
37659,30.0,False,30.0
37660,30.0,False,30.0
37661,30.0,False,30.0
37662,30.0,False,30.0
37663,30.0,False,30.0
37664,30.0,False,30.0
37665,30.0,False,30.0
37666,30.0,False,30.0
37667,30.0,False,30.0
37668,27.5,False,29.5
37669,27.5,False,29.0
37670,27.5,False,28.5
37671,27.5,False,28.0
37672,27.5,False,27.5
37673,27.5,False,27.5
37674,27.5,False,27.5
37675,27.5,False,27.5
37676,27.5,False,27.5
37677,27.5,False,27.5
37678,27.5,False,27.5
37679,27.5,False,27.5
37680,27.5,False,27.5
37681,27.5,False,27.5
37682,27.5,False,27.5
37683,27.5,False,27.5
37684,27.5,False,27.5
37685,27.5,False,27.5
37686,27.5,False,27.5
37687,27.5,False,27.5
37688,27.5,False,27.5
37689,27.5,False,27.5
37690,27.5,False,27.5
37691,27.5,False,27.5
37692,27.5,False,27.5
37693,27.5,False,27.5
37694,27.5,False,27.5
37695,27.5,False,27.5
37696,27.5,False,27.5
37697,27.5,False,27.5
37698,26.67,False,27.334000000000003
37699,26.67,False,27.168
37700,26.67,False,27.002000000000002
37701,26.67,False,26.836000000000002
37702,26.67,False,26.67
37703,26.67,False,26.67
37704,26.67,False,26.67
37705,26.67,False,26.67
37706,26.67,False,26.67
37707,26.67,False,26.67
37708,26.67,False,26.67
37709,26.67,False,26.67
37710,26.67,False,26.67
37711,26.67,False,26.67
37712,26.67,False,26.67
37713,26.67,False,26.67
37714,26.67,False,26.67
37715,26.67,False,26.67
37716,26.67,False,26.67
37717,26.67,False,26.67
37718,26.67,False,26.67
37719,26.67,False,26.67
37720,26.67,False,26.67
37721,26.67,False,26.67
37722,26.67,False,26.67
37723,26.67,False,26.67
37724,26.67,False,26.67
37725,26.67,False,26.67
37726,26.67,False,26.67
37727,26.67,False,26.67
37728,26.67,False,26.67
37729,28.33,False,27.002
37730,28.33,False,27.334000000000003
37731,28.33,False,27.665999999999997
37732,28.33,False,27.998
37733,28.33,False,28.33
37734,28.33,False,28.33
37735,28.33,False,28.33
37736,28.33,False,28.33
37737,28.33,False,28.33
37738,28.33,False,28.33
37739,28.33,False,28.33
37740,28.33,False,28.33
37741,28.33,False,28.33
37742,28.33,False,28.33
37743,28.33,False,28.33
37744,28.33,False,28.33
37745,28.33,False,28.33
37746,28.33,False,28.33
37747,28.33,False,28.33
37748,28.33,False,28.33
37749,28.33,False,28.33
37750,28.33,False,28.33
37751,28.33,False,28.33
37752,28.33,False,28.33
37753,28.33,False,28.33
37754,28.33,False,28.33
37755,28.33,False,28.33
37756,28.33,False,28.33
37757,28.33,False,28.33
37758,28.33,False,28.33
37759,28.33,False,28.33
37760,28.33,False,28.33
37761,28.33,False,28.33
37762,28.33,False,28.33
37763,28.33,False,28.33
37764,28.33,False,28.33
37765,28.33,False,28.33
37766,28.33,False,28.33
37767,28.33,False,28.33
37768,28.33,False,28.33
37769,28.33,False,28.33
37770,28.33,False,28.33
37771,28.33,False,28.33
37772,28.33,False,28.33
37773,28.33,False,28.33
37774,28.33,False,28.33
37775,28.33,False,28.33
37776,28.33,False,28.33
37777,28.33,False,28.33
37778,28.33,False,28.33
37779,28.33,False,28.33
37780,28.33,False,28.33
37781,28.33,False,28.33
37782,28.33,False,28.33
37783,28.33,False,28.33
37784,28.33,False,28.33
37785,28.33,False,28.33
37786,28.33,False,28.33
37787,28.33,False,28.33
37788,28.33,False,28.33
37789,28.33,False,28.33
37790,27.5,False,28.163999999999998
37791,27.5,False,27.997999999999998
37792,27.5,False,27.832
37793,27.5,False,27.665999999999997
37794,27.5,False,27.5
37795,27.5,False,27.5
37796,27.5,False,27.5
37797,27.5,False,27.5
37798,27.5,False,27.5
37799,27.5,False,27.5
37800,27.5,False,27.5
37801,27.5,False,27.5
37802,27.5,False,27.5
37803,27.5,False,27.5
37804,27.5,False,27.5
37805,27.5,False,27.5
37806,27.5,False,27.5
37807,27.5,False,27.5
37808,27.5,False,27.5
37809,27.5,False,27.5
37810,27.5,False,27.5
37811,27.5,False,27.5
37812,27.5,False,27.5
37813,27.5,False,27.5
37814,27.5,False,27.5
37815,27.5,False,27.5
37816,27.5,False,27.5
37817,27.5,False,27.5
37818,27.5,False,27.5
37819,27.5,False,27.5
37820,27.5,False,27.5
37821,23.33,False,26.666000000000004
37822,23.33,False,25.832
37823,23.33,False,24.998
37824,23.33,False,24.163999999999998
37825,23.33,False,23.33
37826,23.33,False,23.33
37827,23.33,False,23.33
37828,23.33,False,23.33
37829,23.33,False,23.33
37830,23.33,False,23.33
37831,23.33,False,23.33
37832,23.33,False,23.33
37833,23.33,False,23.33
37834,23.33,False,23.33
37835,23.33,False,23.33
37836,23.33,False,23.33
37837,23.33,False,23.33
37838,23.33,False,23.33
37839,23.33,False,23.33
37840,23.33,False,23.33
37841,23.33,False,23.33
37842,23.33,False,23.33
37843,23.33,False,23.33
37844,23.33,False,23.33
37845,23.33,False,23.33
37846,23.33,False,23.33
37847,23.33,False,23.33
37848,23.33,False,23.33
37849,23.33,False,23.33
37850,23.33,False,23.33
37851,20.0,False,22.663999999999998
37852,20.0,False,21.997999999999998
37853,20.0,False,21.332
37854,20.0,False,20.665999999999997
37855,20.0,False,20.0
37856,20.0,False,20.0
37857,20.0,False,20.0
37858,20.0,False,20.0
37859,20.0,False,20.0
37860,20.0,False,20.0
37861,20.0,False,20.0
37862,20.0,False,20.0
37863,20.0,False,20.0
37864,20.0,False,20.0
37865,20.0,False,20.0
37866,20.0,False,20.0
37867,20.0,False,20.0
37868,20.0,False,20.0
37869,20.0,False,20.0
37870,20.0,False,20.0
37871,20.0,False,20.0
37872,20.0,False,20.0
37873,20.0,False,20.0
37874,20.0,False,20.0
37875,20.0,False,20.0
37876,20.0,False,20.0
37877,20.0,False,20.0
37878,20.0,False,20.0
37879,20.0,False,20.0
37880,20.0,False,20.0
37881,20.0,False,20.0
37882,18.33,False,19.666000000000004
37883,18.33,False,19.332
37884,18.33,False,18.998
37885,18.33,False,18.663999999999998
37886,18.33,False,18.33
37887,18.33,False,18.33
37888,18.33,False,18.33
37889,18.33,False,18.33
37890,18.33,False,18.33
37891,18.33,False,18.33
37892,18.33,False,18.33
37893,18.33,False,18.33
37894,18.33,False,18.33
37895,18.33,False,18.33
37896,18.33,False,18.33
37897,18.33,False,18.33
37898,18.33,False,18.33
37899,18.33,False,18.33
37900,18.33,False,18.33
37901,18.33,False,18.33
37902,17.5,False,18.163999999999998
37903,17.5,False,17.997999999999998
37904,17.5,False,17.832
37905,17.5,False,17.665999999999997
37906,17.5,False,17.5
37907,17.5,False,17.5
37908,17.5,False,17.5
37909,17.5,False,17.5
37910,17.5,False,17.5
37911,17.5,False,17.5
37912,17.5,False,17.5
37913,17.5,False,17.5
37914,17.5,False,17.5
37915,17.5,False,17.5
37916,17.5,False,17.5
37917,17.5,False,17.5
37918,17.5,False,17.5
37919,17.5,False,17.5
37920,17.5,False,17.5
37921,17.5,False,17.5
37922,17.5,False,17.5
37923,17.5,False,17.5
37924,17.5,False,17.5
37925,17.5,False,17.5
37926,17.5,False,17.5
37927,17.5,False,17.5
37928,17.5,False,17.5
37929,17.5,False,17.5
37930,17.5,False,17.5
37931,17.5,False,17.5
37932,17.5,False,17.5
37933,17.5,False,17.5
37934,17.5,False,17.5
37935,17.5,False,17.5
37936,17.5,False,17.5
37937,17.5,False,17.5
37938,17.5,False,17.5
37939,17.5,False,17.5
37940,17.5,False,17.5
37941,17.5,False,17.5
37942,17.5,False,17.5
37943,17.5,False,17.5
37944,17.5,False,17.5
37945,17.5,False,17.5
37946,17.5,False,17.5
37947,17.5,False,17.5
37948,17.5,False,17.5
37949,17.5,False,17.5
37950,17.5,False,17.5
37951,17.5,False,17.5
37952,17.5,False,17.5
37953,17.5,False,17.5
37954,17.5,False,17.5
37955,17.5,False,17.5
37956,17.5,False,17.5
37957,17.5,False,17.5
37958,17.5,False,17.5
37959,17.5,False,17.5
37960,17.5,False,17.5
37961,17.5,False,17.5
37962,17.5,False,17.5
37963,17.5,False,17.5
37964,17.5,False,17.5
37965,17.5,False,17.5
37966,17.5,False,17.5
37967,17.5,False,17.5
37968,17.5,False,17.5
37969,17.5,False,17.5
37970,17.5,False,17.5
37971,17.5,False,17.5
37972,17.5,False,17.5
37973,17.5,False,17.5
37974,17.5,False,17.5
37975,17.5,False,17.5
37976,17.5,False,17.5
37977,17.5,False,17.5
37978,17.5,False,17.5
37979,17.5,False,17.5
37980,17.5,False,17.5
37981,17.5,False,17.5
37982,17.5,False,17.5
37983,17.5,False,17.5
37984,17.5,False,17.5
37985,17.5,False,17.5
37986,17.5,False,17.5
37987,17.5,False,17.5
37988,17.5,False,17.5
37989,17.5,False,17.5
37990,17.5,False,17.5
37991,17.5,False,17.5
37992,17.5,False,17.5
37993,17.5,False,17.5
37994,17.5,False,17.5
37995,17.5,False,17.5
37996,17.5,False,17.5
37997,17.5,False,17.5
37998,17.5,False,17.5
37999,17.5,False,17.5
38000,17.5,False,17.5
38001,17.5,False,17.5
38002,17.5,False,17.5
38003,17.5,False,17.5
38004,17.5,False,17.5
38005,17.5,False,17.5
38006,17.5,False,17.5
38007,17.5,False,17.5
38008,17.5,False,17.5
38009,17.5,False,17.5
38010,17.5,False,17.5
38011,17.5,False,17.5
38012,17.5,False,17.5
38013,17.5,False,17.5
38014,17.5,False,17.5
38015,17.5,False,17.5
38016,17.5,False,17.5
38017,17.5,False,17.5
38018,17.5,False,17.5
38019,17.5,False,17.5
38020,17.5,False,17.5
38021,17.5,False,17.5
38022,17.5,False,17.5
38023,17.5,False,17.5
38024,18.33,False,17.666000000000004
38025,18.33,False,17.832
38026,18.33,False,17.998
38027,18.33,False,18.163999999999998
38028,18.33,False,18.33
38029,18.33,False,18.33
38030,18.33,False,18.33
38031,18.33,False,18.33
38032,18.33,False,18.33
38033,18.33,False,18.33
38034,18.33,False,18.33
38035,18.33,False,18.33
38036,18.33,False,18.33
38037,18.33,False,18.33
38038,18.33,False,18.33
38039,18.33,False,18.33
38040,18.33,False,18.33
38041,18.33,False,18.33
38042,18.33,False,18.33
38043,18.33,False,18.33
38044,18.33,False,18.33
38045,18.33,False,18.33
38046,18.33,False,18.33
38047,18.33,False,18.33
38048,18.33,False,18.33
38049,18.33,False,18.33
38050,18.33,False,18.33
38051,18.33,False,18.33
38052,18.33,False,18.33
38053,18.33,False,18.33
38054,18.33,False,18.33
38055,19.17,False,18.497999999999998
38056,19.17,False,18.666000000000004
38057,19.17,False,18.833999999999996
38058,19.17,False,19.002000000000002
38059,19.17,False,19.17
38060,19.17,False,19.17
38061,19.17,False,19.17
38062,19.17,False,19.17
38063,19.17,False,19.17
38064,19.17,False,19.17
38065,19.17,False,19.17
38066,19.17,False,19.17
38067,19.17,False,19.17
38068,19.17,False,19.17
38069,19.17,False,19.17
38070,19.17,False,19.17
38071,19.17,False,19.17
38072,19.17,False,19.17
38073,19.17,False,19.17
38074,19.17,False,19.17
38075,19.17,False,19.17
38076,19.17,False,19.17
38077,19.17,False,19.17
38078,19.17,False,19.17
38079,19.17,False,19.17
38080,19.17,False,19.17
38081,19.17,False,19.17
38082,19.17,False,19.17
38083,19.17,False,19.17
38084,19.17,False,19.17
38085,19.17,False,19.17
38086,19.17,False,19.17
38087,19.17,False,19.17
38088,19.17,False,19.17
38089,19.17,False,19.17
38090,19.17,False,19.17
38091,19.17,False,19.17
38092,19.17,False,19.17
38093,19.17,False,19.17
38094,19.17,False,19.17
38095,19.17,False,19.17
38096,19.17,False,19.17
38097,19.17,False,19.17
38098,19.17,False,19.17
38099,19.17,False,19.17
38100,19.17,False,19.17
38101,19.17,False,19.17
38102,19.17,False,19.17
38103,19.17,False,19.17
38104,19.17,False,19.17
38105,19.17,False,19.17
38106,19.17,False,19.17
38107,19.17,False,19.17
38108,19.17,False,19.17
38109,19.17,False,19.17
38110,19.17,False,19.17
38111,19.17,False,19.17
38112,19.17,False,19.17
38113,19.17,False,19.17
38114,19.17,False,19.17
38115,19.17,False,19.17
38116,19.17,False,19.17
38117,19.17,False,19.17
38118,19.17,False,19.17
38119,19.17,False,19.17
38120,19.17,False,19.17
38121,19.17,False,19.17
38122,19.17,False,19.17
38123,19.17,False,19.17
38124,19.17,False,19.17
38125,19.17,False,19.17
38126,19.17,False,19.17
38127,19.17,False,19.17
38128,19.17,False,19.17
38129,19.17,False,19.17
38130,19.17,False,19.17
38131,19.17,False,19.17
38132,19.17,False,19.17
38133,19.17,False,19.17
38134,19.17,False,19.17
38135,19.17,False,19.17
38136,19.17,False,19.17
38137,19.17,False,19.17
38138,19.17,False,19.17
38139,19.17,False,19.17
38140,19.17,False,19.17
38141,19.17,False,19.17
38142,19.17,False,19.17
38143,19.17,False,19.17
38144,19.17,False,19.17
